﻿ImageFile,Condition,CorrAns,Practice_loop.thisRepN,Practice_loop.thisTrialN,Practice_loop.thisN,Practice_loop.thisIndex,initialinstr.started,initialinstr.stopped,Space1.keys,Space1.rt,Space1.started,Space1.stopped,Space2.keys,Space2.rt,Space2.started,Space2.stopped,imageFix.started,imageFix.stopped,imagePractice.started,imagePractice.stopped,response.keys,response.corr,response.rt,response.started,response.stopped,TheEnd.started,TheEnd.stopped,participant,date,expName,psychopyVersion,frameRate,
,,,,,,,11.88202830310911,None,space,0.6306532057933509,11.88202830310911,None,,,,,,,,,,,,,,,,9999,2021_Sep_26_1428,Simon,2021.2.3,60.14017110133583,
,,,,,,,,,,,,,space,1.1329350229352713,12.53784248419106,None,,,,,,,,,,,,9999,2021_Sep_26_1428,Simon,2021.2.3,60.14017110133583,
Images/CongruentLeft.jpeg,Congruent Left,z,0,0,0,1,,,,,,,,,,,14.484888983191922,None,14.957264041993767,None,z,1,0.5015291778836399,14.957264041993767,None,,,9999,2021_Sep_26_1428,Simon,2021.2.3,60.14017110133583,
Images/CongruentRight.jpeg,Congruent Right,m,0,1,1,3,,,,,,,,,,,16.22173467418179,None,16.73287416016683,None,z,0,0.4607092901133001,16.73287416016683,None,,,9999,2021_Sep_26_1428,Simon,2021.2.3,60.14017110133583,
Images/NeutralLeft.jpeg,Neutral Left,z,0,2,2,9,,,,,,,,,,,17.972363410051912,None,18.477492729201913,None,z,1,0.6861307008657604,18.477492729201913,None,,,9999,2021_Sep_26_1428,Simon,2021.2.3,60.14017110133583,
Images/IncongruentLeft.jpeg,Incongruent Left,z,0,3,3,5,,,,,,,,,,,19.922857106197625,None,20.42840168904513,None,z,1,0.8320642409380525,20.42840168904513,None,,,9999,2021_Sep_26_1428,Simon,2021.2.3,60.14017110133583,
Images/IncongruentRight.jpeg,Incongruent Right,m,0,4,4,6,,,,,,,,,,,22.02276037214324,None,22.529401540057734,None,z,0,0.8560540138278157,22.529401540057734,None,,,9999,2021_Sep_26_1428,Simon,2021.2.3,60.14017110133583,
Images/NeurtalRight.jpeg,Neutral Right,m,0,5,5,10,,,,,,,,,,,24.13967898208648,None,24.645601553143933,None,z,0,0.9767486611381173,24.645601553143933,None,,,9999,2021_Sep_26_1428,Simon,2021.2.3,60.14017110133583,
Images/IncongruentLeft.jpeg,Incongruent Left,z,0,6,6,4,,,,,,,,,,,26.37249026913196,None,26.877194717060775,None,z,1,1.0061876920517534,26.877194717060775,None,,,9999,2021_Sep_26_1428,Simon,2021.2.3,60.14017110133583,
Images/IncongruentRight.jpeg,Incongruent Right,m,0,7,7,7,,,,,,,,,,,28.63889072998427,None,29.142208454199135,None,z,0,1.798201819183305,29.142208454199135,None,,,9999,2021_Sep_26_1428,Simon,2021.2.3,60.14017110133583,
Images/CongruentRight.jpeg,Congruent Right,m,0,8,8,2,,,,,,,,,,,31.70589561900124,None,32.21020607720129,None,z,0,1.892001000000164,32.21020607720129,None,,,9999,2021_Sep_26_1428,Simon,2021.2.3,60.14017110133583,
Images/NeurtalRight.jpeg,Neutral Right,m,0,9,9,11,,,,,,,,,,,34.85584783903323,None,35.360395584022626,None,z,0,1.5346234608441591,35.360395584022626,None,,,9999,2021_Sep_26_1428,Simon,2021.2.3,60.14017110133583,
Images/NeutralLeft.jpeg,Neutral Left,z,0,10,10,8,,,,,,,,,,,37.67268023616634,None,38.193235675105825,None,z,1,1.2538360471371561,38.193235675105825,None,,,9999,2021_Sep_26_1428,Simon,2021.2.3,60.14017110133583,
Images/CongruentLeft.jpeg,Congruent Left,z,0,11,11,0,,,,,,,,,,,40.20576391299255,None,40.726482602069154,None,z,1,2.4414933510124683,40.726482602069154,None,,,9999,2021_Sep_26_1428,Simon,2021.2.3,60.14017110133583,
Images/CongruentLeft.jpeg,Congruent Left,z,1,0,12,1,,,,,,,,,,,43.9226781190373,None,44.4270758011844,None,z,1,2.1378743099048734,44.4270758011844,None,,,9999,2021_Sep_26_1428,Simon,2021.2.3,60.14017110133583,
Images/IncongruentRight.jpeg,Incongruent Right,m,1,1,13,7,,,,,,,,,,,47.33922918117605,None,47.843428139109164,None,z,0,1.5353259299881756,47.843428139109164,None,,,9999,2021_Sep_26_1428,Simon,2021.2.3,60.14017110133583,
Images/NeurtalRight.jpeg,Neutral Right,m,1,2,14,10,,,,,,,,,,,50.13902855105698,None,50.64257699321024,None,z,0,0.7530419391114265,50.64257699321024,None,,,9999,2021_Sep_26_1428,Simon,2021.2.3,60.14017110133583,
Images/NeutralLeft.jpeg,Neutral Left,z,1,3,15,8,,,,,,,,,,,52.15554736019112,None,52.65830363612622,None,z,1,1.8755939230322838,52.65830363612622,None,,,9999,2021_Sep_26_1428,Simon,2021.2.3,60.14017110133583,
Images/CongruentLeft.jpeg,Congruent Left,z,1,4,16,0,,,,,,,,,,,55.28847329504788,None,55.79166689910926,None,z,1,2.314865648979321,55.79166689910926,None,,,9999,2021_Sep_26_1428,Simon,2021.2.3,60.14017110133583,
Images/NeurtalRight.jpeg,Neutral Right,m,1,5,17,11,,,,,,,,,,,58.87227032613009,None,59.3765320640523,None,z,0,2.2610339550301433,59.3765320640523,None,,,9999,2021_Sep_26_1428,Simon,2021.2.3,60.14017110133583,
Images/IncongruentLeft.jpeg,Incongruent Left,z,1,6,18,4,,,,,,,,,,,62.38853236217983,None,62.89324739505537,None,z,1,2.461178480880335,62.89324739505537,None,,,9999,2021_Sep_26_1428,Simon,2021.2.3,60.14017110133583,
Images/IncongruentLeft.jpeg,Incongruent Left,z,1,7,19,5,,,,,,,,,,,66.10549351316877,None,66.61058986908756,None,z,1,1.9847480850294232,66.61058986908756,None,,,9999,2021_Sep_26_1428,Simon,2021.2.3,60.14017110133583,
Images/NeutralLeft.jpeg,Neutral Left,z,1,8,20,9,,,,,,,,,,,69.35499061900191,None,69.8751810581889,None,z,1,0.9261881068814546,69.8751810581889,None,,,9999,2021_Sep_26_1428,Simon,2021.2.3,60.14017110133583,
Images/IncongruentRight.jpeg,Incongruent Right,m,1,9,21,6,,,,,,,,,,,71.55546102509834,None,72.05962194316089,None,z,0,1.4845808350946754,72.05962194316089,None,,,9999,2021_Sep_26_1428,Simon,2021.2.3,60.14017110133583,
Images/CongruentRight.jpeg,Congruent Right,m,1,10,22,2,,,,,,,,,,,74.3053746081423,None,74.80758167011663,None,None,0,,74.80758167011663,None,,,9999,2021_Sep_26_1428,Simon,2021.2.3,60.14017110133583,
Images/CongruentRight.jpeg,Congruent Right,m,1,11,23,3,,,,,,,,,,,79.57184417801909,None,80.07605541101657,None,z,0,2.7164163540583104,80.07605541101657,None,,,9999,2021_Sep_26_1428,Simon,2021.2.3,60.14017110133583,
Images/IncongruentLeft.jpeg,Incongruent Left,z,2,0,24,4,,,,,,,,,,,83.5553690250963,None,84.07645468902774,None,z,1,2.2701158390846103,84.07645468902774,None,,,9999,2021_Sep_26_1428,Simon,2021.2.3,60.14017110133583,
Images/IncongruentLeft.jpeg,Incongruent Left,z,2,1,25,5,,,,,,,,,,,87.10519028198905,None,87.62142472411506,None,z,1,2.203909842064604,87.62142472411506,None,,,9999,2021_Sep_26_1428,Simon,2021.2.3,60.14017110133583,
Images/IncongruentRight.jpeg,Incongruent Right,m,2,2,26,6,,,,,,,,,,,90.60523897013627,None,91.10984346899204,None,z,0,1.036567488219589,91.10984346899204,None,,,9999,2021_Sep_26_1428,Simon,2021.2.3,60.14017110133583,
Images/CongruentLeft.jpeg,Congruent Left,z,2,3,27,1,,,,,,,,,,,92.90450233104639,None,93.40855806600302,None,z,1,0.9836615978274494,93.40855806600302,None,,,9999,2021_Sep_26_1428,Simon,2021.2.3,60.14017110133583,
Images/IncongruentRight.jpeg,Incongruent Right,m,2,4,28,7,,,,,,,,,,,95.171692666132,None,95.67606467520818,None,z,0,1.0981587311252952,95.67606467520818,None,,,9999,2021_Sep_26_1428,Simon,2021.2.3,60.14017110133583,
Images/CongruentRight.jpeg,Congruent Right,m,2,5,29,2,,,,,,,,,,,97.5385464981664,None,98.04285843903199,None,z,0,1.9603559081442654,98.04285843903199,None,,,9999,2021_Sep_26_1428,Simon,2021.2.3,60.14017110133583,
Images/CongruentRight.jpeg,Congruent Right,m,2,6,30,3,,,,,,,,,,,100.75508511718363,None,101.25921276002191,None,z,0,1.8759168370161206,101.25921276002191,None,,,9999,2021_Sep_26_1428,Simon,2021.2.3,60.14017110133583,
Images/CongruentLeft.jpeg,Congruent Left,z,2,7,31,0,,,,,,,,,,,103.8905136550311,None,104.40949906711467,None,z,1,2.3474620720371604,104.40949906711467,None,,,9999,2021_Sep_26_1428,Simon,2021.2.3,60.14017110133583,
Images/NeurtalRight.jpeg,Neutral Right,m,2,8,32,10,,,,,,,,,,,107.52141517214477,None,108.02613981813192,None,z,0,0.7658253770787269,108.02613981813192,None,,,9999,2021_Sep_26_1428,Simon,2021.2.3,60.14017110133583,
Images/NeutralLeft.jpeg,Neutral Left,z,2,9,33,8,,,,,,,,,,,109.57147826603614,None,110.07452932209708,None,z,1,1.661507098004222,110.07452932209708,None,,,9999,2021_Sep_26_1428,Simon,2021.2.3,60.14017110133583,
Images/NeutralLeft.jpeg,Neutral Left,z,2,10,34,9,,,,,,,,,,,112.50457851402462,None,113.0070667359978,None,z,1,1.5277322300244123,113.0070667359978,None,,,9999,2021_Sep_26_1428,Simon,2021.2.3,60.14017110133583,
Images/NeurtalRight.jpeg,Neutral Right,m,2,11,35,11,,,,,,,,,,,115.28787938016467,None,115.79122878005728,None,z,0,1.232422067783773,115.79122878005728,None,,,9999,2021_Sep_26_1428,Simon,2021.2.3,60.14017110133583,
Images/CongruentRight.jpeg,Congruent Right,m,3,0,36,2,,,,,,,,,,,117.8047581592109,None,118.30868258001283,None,z,0,1.5228057981003076,118.30868258001283,None,,,9999,2021_Sep_26_1428,Simon,2021.2.3,60.14017110133583,
Images/NeutralLeft.jpeg,Neutral Left,z,3,1,37,9,,,,,,,,,,,120.60431708116084,None,121.10827574017458,None,z,1,1.30440963502042,121.10827574017458,None,,,9999,2021_Sep_26_1428,Simon,2021.2.3,60.14017110133583,
Images/IncongruentLeft.jpeg,Incongruent Left,z,3,2,38,5,,,,,,,,,,,123.17042220616713,None,123.67628262611106,None,z,1,1.0481426510959864,123.67628262611106,None,,,9999,2021_Sep_26_1428,Simon,2021.2.3,60.14017110133583,
Images/CongruentLeft.jpeg,Congruent Left,z,3,3,39,1,,,,,,,,,,,125.48836906510405,None,125.99314032308757,None,z,1,1.2272007120773196,125.99314032308757,None,,,9999,2021_Sep_26_1428,Simon,2021.2.3,60.14017110133583,
Images/NeurtalRight.jpeg,Neutral Right,m,3,4,40,11,,,,,,,,,,,127.97096077119932,None,128.47618093411438,None,z,0,0.9671996349934489,128.47618093411438,None,,,9999,2021_Sep_26_1428,Simon,2021.2.3,60.14017110133583,
Images/NeutralLeft.jpeg,Neutral Left,z,3,5,41,8,,,,,,,,,,,130.2213536160998,None,130.72616626904346,None,z,1,1.4413920079823583,130.72616626904346,None,,,9999,2021_Sep_26_1428,Simon,2021.2.3,60.14017110133583,
Images/CongruentLeft.jpeg,Congruent Left,z,3,6,42,0,,,,,,,,,,,132.92098173010163,None,133.4246456529945,None,z,1,0.8087837598286569,133.4246456529945,None,,,9999,2021_Sep_26_1428,Simon,2021.2.3,60.14017110133583,
Images/NeurtalRight.jpeg,Neutral Right,m,3,7,43,10,,,,,,,,,,,134.98810084513389,None,135.49191834800877,None,z,0,1.0924307929817587,135.49191834800877,None,,,9999,2021_Sep_26_1428,Simon,2021.2.3,60.14017110133583,
Images/IncongruentLeft.jpeg,Incongruent Left,z,3,8,44,4,,,,,,,,,,,137.33802247000858,None,137.84204336511903,None,z,1,0.9941627581138164,137.84204336511903,None,,,9999,2021_Sep_26_1428,Simon,2021.2.3,60.14017110133583,
Images/IncongruentRight.jpeg,Incongruent Right,m,3,9,45,6,,,,,,,,,,,139.58702489198186,None,140.09090167214163,None,z,0,1.2981751430779696,140.09090167214163,None,,,9999,2021_Sep_26_1428,Simon,2021.2.3,60.14017110133583,
Images/IncongruentRight.jpeg,Incongruent Right,m,3,10,46,7,,,,,,,,,,,142.17017640010454,None,142.67586080520414,None,z,0,1.3083517299965024,142.67586080520414,None,,,9999,2021_Sep_26_1428,Simon,2021.2.3,60.14017110133583,
Images/CongruentRight.jpeg,Congruent Right,m,3,11,47,3,,,,,,,,,,,144.73828659113497,None,145.25795936817303,None,z,0,1.4479463670868427,145.25795936817303,None,,,9999,2021_Sep_26_1428,Simon,2021.2.3,60.14017110133583,
Images/NeurtalRight.jpeg,Neutral Right,m,4,0,48,11,,,,,,,,,,,147.47087042219937,None,147.98969323607162,None,z,0,0.7064008340239525,147.98969323607162,None,,,9999,2021_Sep_26_1428,Simon,2021.2.3,60.14017110133583,
Images/NeurtalRight.jpeg,Neutral Right,m,4,1,49,10,,,,,,,,,,,149.4543325069826,None,149.9576025211718,None,z,0,1.9891488619614393,149.9576025211718,None,,,9999,2021_Sep_26_1428,Simon,2021.2.3,60.14017110133583,
Images/IncongruentLeft.jpeg,Incongruent Left,z,4,2,50,5,,,,,,,,,,,152.7043444670271,None,153.20871407608502,None,z,1,1.2649332829751074,153.20871407608502,None,,,9999,2021_Sep_26_1428,Simon,2021.2.3,60.14017110133583,
Images/IncongruentRight.jpeg,Incongruent Right,m,4,3,51,6,,,,,,,,,,,155.23700968897901,None,155.74119862401858,None,z,0,1.2536707629915327,155.74119862401858,None,,,9999,2021_Sep_26_1428,Simon,2021.2.3,60.14017110133583,
Images/CongruentLeft.jpeg,Congruent Left,z,4,4,52,1,,,,,,,,,,,157.78795607201755,None,158.29134771204554,None,z,1,1.2913985420018435,158.29134771204554,None,,,9999,2021_Sep_26_1428,Simon,2021.2.3,60.14017110133583,
Images/CongruentRight.jpeg,Congruent Right,m,4,5,53,3,,,,,,,,,,,160.33778336504474,None,160.8403565371409,None,z,0,0.9522733909543604,160.8403565371409,None,,,9999,2021_Sep_26_1428,Simon,2021.2.3,60.14017110133583,
Images/CongruentLeft.jpeg,Congruent Left,z,4,6,54,0,,,,,,,,,,,162.5539108722005,None,163.05734008317813,None,z,1,0.754243278875947,163.05734008317813,None,,,9999,2021_Sep_26_1428,Simon,2021.2.3,60.14017110133583,
Images/NeutralLeft.jpeg,Neutral Left,z,4,7,55,8,,,,,,,,,,,164.58739354507998,None,165.09158984408714,None,z,1,0.6068153809756041,165.09158984408714,None,,,9999,2021_Sep_26_1428,Simon,2021.2.3,60.14017110133583,
Images/IncongruentLeft.jpeg,Incongruent Left,z,4,8,56,4,,,,,,,,,,,166.4534425002057,None,166.95758132310584,None,z,1,1.7439877649303526,166.95758132310584,None,,,9999,2021_Sep_26_1428,Simon,2021.2.3,60.14017110133583,
Images/IncongruentRight.jpeg,Incongruent Right,m,4,9,57,7,,,,,,,,,,,169.45406989916228,None,169.95731596206315,None,z,0,0.5942206538747996,169.95731596206315,None,,,9999,2021_Sep_26_1428,Simon,2021.2.3,60.14017110133583,
Images/NeutralLeft.jpeg,Neutral Left,z,4,10,58,9,,,,,,,,,,,171.30427014199086,None,171.80933996010572,None,z,1,0.4859728349838406,171.80933996010572,None,,,9999,2021_Sep_26_1428,Simon,2021.2.3,60.14017110133583,
Images/CongruentRight.jpeg,Congruent Right,m,4,11,59,2,,,,,,,,,,,173.07071840413846,None,173.5898955250159,None,z,0,0.3584176099393517,173.5898955250159,None,,,9999,2021_Sep_26_1428,Simon,2021.2.3,60.14017110133583,
,,,,,,,,,,,,,,,,,,,,,,,,,,174.12648533517495,None,,,,,,
