Space1.keys,Space1.rt,Space2.keys,Space2.rt,key_resp.keys,key_resp.corr,key_resp.rt,Practice_loop.thisRepN,Practice_loop.thisTrialN,Practice_loop.thisN,Practice_loop.thisIndex,Practice_loop.ran,Practice_loop.order,ImageFile,Condition,CorrAns,session,participant,date,expName,psychopyVersion,OS,frameRate,Space3.keys,Space3.rt,key_resp_2.keys,key_resp_2.corr,key_resp_2.rt,trials.thisRepN,trials.thisTrialN,trials.thisN,trials.thisIndex,trials.ran,trials.order
space,5.245999813,space,5.434999943,z,1,2.102999926,1,0,12,9,1,11,Images/NeutralLeft.jpeg,Neutral Left,z,Liory - test,%SURVEY_CODE%,2021-02-08_10h19.37.794,Tse_Altarriba_Simon,3.2.4,MacIntel,60,,,,,,,,,,,
,,,,z,1,1.11899972,1,0,12,4,1,11,Images/IncongruentLeft.jpeg,Incongruent Left,z,Liory - test,%SURVEY_CODE%,2021-02-08_10h19.37.794,Tse_Altarriba_Simon,3.2.4,MacIntel,60,,,,,,,,,,,
,,,,z,1,0.580999851,1,0,12,5,1,11,Images/IncongruentLeft.jpeg,Incongruent Left,z,Liory - test,%SURVEY_CODE%,2021-02-08_10h19.37.794,Tse_Altarriba_Simon,3.2.4,MacIntel,60,,,,,,,,,,,
,,,,m,1,0.603999853,1,0,12,7,1,11,Images/IncongruentRight.jpeg,Incongruent Right,m,Liory - test,%SURVEY_CODE%,2021-02-08_10h19.37.794,Tse_Altarriba_Simon,3.2.4,MacIntel,60,,,,,,,,,,,
,,,,m,1,0.625,1,0,12,6,1,11,Images/IncongruentRight.jpeg,Incongruent Right,m,Liory - test,%SURVEY_CODE%,2021-02-08_10h19.37.794,Tse_Altarriba_Simon,3.2.4,MacIntel,60,,,,,,,,,,,
,,,,m,1,0.605999947,1,0,12,3,1,11,Images/CongruentRight.jpeg,Congruent Right,m,Liory - test,%SURVEY_CODE%,2021-02-08_10h19.37.794,Tse_Altarriba_Simon,3.2.4,MacIntel,60,,,,,,,,,,,
,,,,m,1,0.485999823,1,0,12,11,1,11,Images/NeurtalRight.jpeg,Neutral Right,m,Liory - test,%SURVEY_CODE%,2021-02-08_10h19.37.794,Tse_Altarriba_Simon,3.2.4,MacIntel,60,,,,,,,,,,,
,,,,z,1,0.434999943,1,0,12,0,1,11,Images/CongruentLeft.jpeg,Congruent Left,z,Liory - test,%SURVEY_CODE%,2021-02-08_10h19.37.794,Tse_Altarriba_Simon,3.2.4,MacIntel,60,,,,,,,,,,,
,,,,z,1,0.419999838,1,0,12,8,1,11,Images/NeutralLeft.jpeg,Neutral Left,z,Liory - test,%SURVEY_CODE%,2021-02-08_10h19.37.794,Tse_Altarriba_Simon,3.2.4,MacIntel,60,,,,,,,,,,,
,,,,m,1,0.493999958,1,0,12,2,1,11,Images/CongruentRight.jpeg,Congruent Right,m,Liory - test,%SURVEY_CODE%,2021-02-08_10h19.37.794,Tse_Altarriba_Simon,3.2.4,MacIntel,60,,,,,,,,,,,
,,,,z,1,0.428999901,1,0,12,1,1,11,Images/CongruentLeft.jpeg,Congruent Left,z,Liory - test,%SURVEY_CODE%,2021-02-08_10h19.37.794,Tse_Altarriba_Simon,3.2.4,MacIntel,60,,,,,,,,,,,
,,,,m,1,0.438999891,1,0,12,10,1,11,Images/NeurtalRight.jpeg,Neutral Right,m,Liory - test,%SURVEY_CODE%,2021-02-08_10h19.37.794,Tse_Altarriba_Simon,3.2.4,MacIntel,60,,,,,,,,,,,
,,,,,,,,,,,,,Images/CongruentRight.jpeg,Congruent Right,m,Liory - test,%SURVEY_CODE%,2021-02-08_10h19.37.794,Tse_Altarriba_Simon,3.2.4,MacIntel,60,space,3.750999928,m,1,0.468999863,1,0,60,18,1,59
,,,,,,,,,,,,,Images/NeutralLeft.jpeg,Neutral Left,z,Liory - test,%SURVEY_CODE%,2021-02-08_10h19.37.794,Tse_Altarriba_Simon,3.2.4,MacIntel,60,,,z,1,0.564999819,1,0,60,40,1,59
,,,,,,,,,,,,,Images/IncongruentLeft.jpeg,Incongruent Left,z,Liory - test,%SURVEY_CODE%,2021-02-08_10h19.37.794,Tse_Altarriba_Simon,3.2.4,MacIntel,60,,,z,1,0.48699975,1,0,60,25,1,59
,,,,,,,,,,,,,Images/NeutralLeft.jpeg,Neutral Left,z,Liory - test,%SURVEY_CODE%,2021-02-08_10h19.37.794,Tse_Altarriba_Simon,3.2.4,MacIntel,60,,,z,1,0.428999901,1,0,60,48,1,59
,,,,,,,,,,,,,Images/IncongruentLeft.jpeg,Incongruent Left,z,Liory - test,%SURVEY_CODE%,2021-02-08_10h19.37.794,Tse_Altarriba_Simon,3.2.4,MacIntel,60,,,m,0,0.371999979,1,0,60,24,1,59
,,,,,,,,,,,,,Images/IncongruentRight.jpeg,Incongruent Right,m,Liory - test,%SURVEY_CODE%,2021-02-08_10h19.37.794,Tse_Altarriba_Simon,3.2.4,MacIntel,60,,,m,1,0.456999779,1,0,60,33,1,59
,,,,,,,,,,,,,Images/IncongruentLeft.jpeg,Incongruent Left,z,Liory - test,%SURVEY_CODE%,2021-02-08_10h19.37.794,Tse_Altarriba_Simon,3.2.4,MacIntel,60,,,z,1,0.471999884,1,0,60,23,1,59
,,,,,,,,,,,,,Images/IncongruentLeft.jpeg,Incongruent Left,z,Liory - test,%SURVEY_CODE%,2021-02-08_10h19.37.794,Tse_Altarriba_Simon,3.2.4,MacIntel,60,,,z,1,0.437000036,1,0,60,20,1,59
,,,,,,,,,,,,,Images/IncongruentRight.jpeg,Incongruent Right,m,Liory - test,%SURVEY_CODE%,2021-02-08_10h19.37.794,Tse_Altarriba_Simon,3.2.4,MacIntel,60,,,m,1,0.404999971,1,0,60,38,1,59
,,,,,,,,,,,,,Images/NeurtalRight.jpeg,Neutral Right,m,Liory - test,%SURVEY_CODE%,2021-02-08_10h19.37.794,Tse_Altarriba_Simon,3.2.4,MacIntel,60,,,m,1,0.404999971,1,0,60,52,1,59
,,,,,,,,,,,,,Images/NeutralLeft.jpeg,Neutral Left,z,Liory - test,%SURVEY_CODE%,2021-02-08_10h19.37.794,Tse_Altarriba_Simon,3.2.4,MacIntel,60,,,z,1,0.421999931,1,0,60,41,1,59
,,,,,,,,,,,,,Images/NeurtalRight.jpeg,Neutral Right,m,Liory - test,%SURVEY_CODE%,2021-02-08_10h19.37.794,Tse_Altarriba_Simon,3.2.4,MacIntel,60,,,m,1,0.370000124,1,0,60,58,1,59
,,,,,,,,,,,,,Images/IncongruentRight.jpeg,Incongruent Right,m,Liory - test,%SURVEY_CODE%,2021-02-08_10h19.37.794,Tse_Altarriba_Simon,3.2.4,MacIntel,60,,,z,0,0.370999813,1,0,60,34,1,59
,,,,,,,,,,,,,Images/CongruentRight.jpeg,Congruent Right,m,Liory - test,%SURVEY_CODE%,2021-02-08_10h19.37.794,Tse_Altarriba_Simon,3.2.4,MacIntel,60,,,m,1,0.299999952,1,0,60,19,1,59
,,,,,,,,,,,,,Images/NeurtalRight.jpeg,Neutral Right,m,Liory - test,%SURVEY_CODE%,2021-02-08_10h19.37.794,Tse_Altarriba_Simon,3.2.4,MacIntel,60,,,m,1,0.421000004,1,0,60,54,1,59
,,,,,,,,,,,,,Images/NeurtalRight.jpeg,Neutral Right,m,Liory - test,%SURVEY_CODE%,2021-02-08_10h19.37.794,Tse_Altarriba_Simon,3.2.4,MacIntel,60,,,m,1,0.370999813,1,0,60,56,1,59
,,,,,,,,,,,,,Images/NeurtalRight.jpeg,Neutral Right,m,Liory - test,%SURVEY_CODE%,2021-02-08_10h19.37.794,Tse_Altarriba_Simon,3.2.4,MacIntel,60,,,m,1,0.354000092,1,0,60,59,1,59
,,,,,,,,,,,,,Images/CongruentLeft.jpeg,Congruent Left,z,Liory - test,%SURVEY_CODE%,2021-02-08_10h19.37.794,Tse_Altarriba_Simon,3.2.4,MacIntel,60,,,m,0,0.371000051,1,0,60,2,1,59
,,,,,,,,,,,,,Images/IncongruentRight.jpeg,Incongruent Right,m,Liory - test,%SURVEY_CODE%,2021-02-08_10h19.37.794,Tse_Altarriba_Simon,3.2.4,MacIntel,60,,,z,0,0.335999966,1,0,60,35,1,59
,,,,,,,,,,,,,Images/CongruentLeft.jpeg,Congruent Left,z,Liory - test,%SURVEY_CODE%,2021-02-08_10h19.37.794,Tse_Altarriba_Simon,3.2.4,MacIntel,60,,,m,0,0.371999979,1,0,60,5,1,59
,,,,,,,,,,,,,Images/CongruentLeft.jpeg,Congruent Left,z,Liory - test,%SURVEY_CODE%,2021-02-08_10h19.37.794,Tse_Altarriba_Simon,3.2.4,MacIntel,60,,,z,1,0.337999821,1,0,60,4,1,59
,,,,,,,,,,,,,Images/CongruentRight.jpeg,Congruent Right,m,Liory - test,%SURVEY_CODE%,2021-02-08_10h19.37.794,Tse_Altarriba_Simon,3.2.4,MacIntel,60,,,,0,,1,0,60,13,1,59
