﻿targetx,targety,targetcolour,corrAns,Condition,practice_trials.thisRepN,practice_trials.thisTrialN,practice_trials.thisN,practice_trials.thisIndex,Instr.started,Instr.stopped,begin_response.keys,begin_response.rt,begin_response.started,begin_response.stopped,blank.started,blank.stopped,Fixation1.started,Fixation1.stopped,Response.keys,Response.corr,Response.rt,Response.started,Response.stopped,Target.started,Target.stopped,session,participant,date,expName,psychopyVersion,frameRate,
,,,,,,,,,10.991526699974202,None,space,3.641873700078577,10.991526699974202,None,,,,,,,,,,,,001,1,2019_Nov_13_1550,SimonTask,3.2.3,59.103820604295755,
-6,0,red,z,congruent,0,0,0,0,,,,,,,14.71765649993904,None,15.883481799974106,None,z,1,12.205539199989289,15.883481799974106,None,15.883481799974106,None,001,1,2019_Nov_13_1550,SimonTask,3.2.3,59.103820604295755,
6,0,green,m,congruent,0,1,1,1,,,,,,,28.121146099991165,None,29.308463599998504,None,m,1,0.38862510002218187,29.308463599998504,None,29.308463599998504,None,001,1,2019_Nov_13_1550,SimonTask,3.2.3,59.103820604295755,
-6,0,green,m,incongruent,0,2,2,2,,,,,,,29.7169890999794,None,30.91229039989412,None,z,0,0.2659364999271929,30.91229039989412,None,30.91229039989412,None,001,1,2019_Nov_13_1550,SimonTask,3.2.3,59.103820604295755,
,,,,,,,,,,,,,,,31.210491999983788,None,,,,,,,,,,,,,,,,
