﻿targetx,targety,targetcolour,corrAns,Condition,practice_trials.thisRepN,practice_trials.thisTrialN,practice_trials.thisN,practice_trials.thisIndex,Instr.started,Instr.stopped,begin_response.keys,begin_response.rt,begin_response.started,begin_response.stopped,blank.started,blank.stopped,Fixation1.started,Fixation1.stopped,Response.keys,Response.corr,Response.rt,Response.started,Response.stopped,Target.started,Target.stopped,session,participant,date,expName,psychopyVersion,frameRate,
,,,,,,,,,9.78311137901619,None,space,9.272055495996028,9.78311137901619,None,,,,,,,,,,,,001,Liory,2019_Dec_11_1335,SimonTask,3.2.4,60.81731228400344,
-6,0,red,z,congruent,0,0,0,0,,,,,,,19.11761042312719,None,20.28360517998226,None,m,0,6.2340722100343555,20.28360517998226,None,20.28360517998226,None,001,Liory,2019_Dec_11_1335,SimonTask,3.2.4,60.81731228400344,
6,0,green,m,congruent,0,1,1,1,,,,,,,26.53447855520062,None,27.717713579069823,None,z,0,0.4885737760923803,27.717713579069823,None,27.717713579069823,None,001,Liory,2019_Dec_11_1335,SimonTask,3.2.4,60.81731228400344,
,,,,,,,,,,,,,,,28.23388242116198,None,,,,,,,,,,,,,,,,
