﻿targetx,targety,targetcolour,corrAns,Condition,practice_trials.thisRepN,practice_trials.thisTrialN,practice_trials.thisN,practice_trials.thisIndex,Instr.started,Instr.stopped,begin_response.keys,begin_response.rt,begin_response.started,begin_response.stopped,blank.started,blank.stopped,Fixation1.started,Fixation1.stopped,Response.keys,Response.corr,Response.rt,Response.started,Response.stopped,Target.started,Target.stopped,session,participant,date,expName,psychopyVersion,frameRate,
,,,,,,,,,9.093487987993285,None,space,2.8679521209560335,9.093487987993285,None,,,,,,,,,,,,001,liory,2019_Dec_11_1340,SimonTask,3.2.4,60.099079327007594,
-0.6,0,red,z,congruent,0,0,0,0,,,,,,,12.010622391011566,None,13.195199827896431,None,z,1,5.926849126117304,13.195199827896431,None,13.195199827896431,None,001,liory,2019_Dec_11_1340,SimonTask,3.2.4,60.099079327007594,
0.6,0,green,m,congruent,0,1,1,1,,,,,,,19.144493144005537,None,20.32699012896046,None,m,1,0.4541313399095088,20.32699012896046,None,20.32699012896046,None,001,liory,2019_Dec_11_1340,SimonTask,3.2.4,60.099079327007594,
,,,,,,,,,,,,,,,20.81011645705439,None,,,,,,,,,,,,,,,,
