targetx,targety,corrAns,Condition,targetcolour,blocks.thisRepN,blocks.thisTrialN,blocks.thisN,blocks.thisIndex,Simon_trials.thisRepN,Simon_trials.thisTrialN,Simon_trials.thisN,Simon_trials.thisIndex,Response.keys,Response.corr,Response.rt,Continue.keys,Continue.rt,date,frameRate,expName,session,participant,
10,0,m,congruent,green,0,0,0,0,0,0,0,3,m,1,1.12406492233,,,2017_Dec_08_1311,59.9628297431,SimonTask,001,lioryttttt,
-10,0,m,incongruent,green,0,0,0,0,0,1,1,1,m,1,1.0034570694,,,2017_Dec_08_1311,59.9628297431,SimonTask,001,lioryttttt,
-10,0,z,congruent,red,0,0,0,0,0,2,2,0,z,1,0.903776168823,,,2017_Dec_08_1311,59.9628297431,SimonTask,001,lioryttttt,
10,0,z,incongruent,red,0,0,0,0,0,3,3,2,z,1,0.654172182083,,,2017_Dec_08_1311,59.9628297431,SimonTask,001,lioryttttt,
,,,,,0,0,0,0,,,,,,,,space,2.2375690937,2017_Dec_08_1311,59.9628297431,SimonTask,001,lioryttttt,
10,0,z,incongruent,red,1,0,1,0,0,0,0,2,z,1,0.586978912354,,,2017_Dec_08_1311,59.9628297431,SimonTask,001,lioryttttt,
-10,0,z,congruent,red,1,0,1,0,0,1,1,0,z,1,0.603853225708,,,2017_Dec_08_1311,59.9628297431,SimonTask,001,lioryttttt,
10,0,m,congruent,green,1,0,1,0,0,2,2,3,m,1,0.520487070084,,,2017_Dec_08_1311,59.9628297431,SimonTask,001,lioryttttt,
-10,0,m,incongruent,green,1,0,1,0,0,3,3,1,m,1,0.470402002335,,,2017_Dec_08_1311,59.9628297431,SimonTask,001,lioryttttt,
,,,,,1,0,1,0,,,,,,,,space,1.51223897934,2017_Dec_08_1311,59.9628297431,SimonTask,001,lioryttttt,
