targetx,targety,corrAns,Condition,targetcolour,Simon_trials.thisRepN,Simon_trials.thisTrialN,Simon_trials.thisN,Simon_trials.thisIndex,Response.keys,Response.corr,Response.rt,date,frameRate,expName,session,participant,
-10,0,z,congruent,red,0,0,0,0,z,1,0.573419094086,2017_Dec_08_1306,60.0106162732,SimonTask,001,lioryeeee,
10,0,m,congruent,green,0,1,1,3,m,1,0.63721704483,2017_Dec_08_1306,60.0106162732,SimonTask,001,lioryeeee,
10,0,z,incongruent,red,0,2,2,2,z,1,0.887340068817,2017_Dec_08_1306,60.0106162732,SimonTask,001,lioryeeee,
-10,0,m,incongruent,green,0,3,3,1,m,1,0.687493085861,2017_Dec_08_1306,60.0106162732,SimonTask,001,lioryeeee,
