targetx,targety,corrAns,Condition,targetcolour,Simon_trials.thisRepN,Simon_trials.thisTrialN,Simon_trials.thisN,Simon_trials.thisIndex,Response.keys,Response.corr,Response.rt,date,frameRate,expName,session,participant,
-10,0,z,incongruent,red,0,0,0,0,z,1,3.34065294266,2017_Dec_08_1256,59.9603438392,SimonTask,001,liory,
-10,0,m,congruent,green,0,1,1,1,m,1,1.6199400425,2017_Dec_08_1256,59.9603438392,SimonTask,001,liory,
10,0,m,incongruent,green,0,2,2,3,m,1,0.85347700119,2017_Dec_08_1256,59.9603438392,SimonTask,001,liory,
10,0,z,congruent,red,0,3,3,2,z,1,0.720457077026,2017_Dec_08_1256,59.9603438392,SimonTask,001,liory,
