Space1.keys,Space1.rt,Space2.keys,Space2.rt,key_resp.keys,key_resp.corr,key_resp.rt,Practice_loop.thisRepN,Practice_loop.thisTrialN,Practice_loop.thisN,Practice_loop.thisIndex,Practice_loop.ran,Practice_loop.order,ImageFile,Condition,CorrAns,session,participant,date,expName,psychopyVersion,OS,frameRate,Space3.keys,Space3.rt,key_resp_2.keys,key_resp_2.corr,key_resp_2.rt,trials.thisRepN,trials.thisTrialN,trials.thisN,trials.thisIndex,trials.ran,trials.order
space,2.15199995,space,7.25999999,z,1,0.615999937,1,0,12,4,1,11,Images/IncongruentLeft.jpeg,Incongruent Left,z,001,1,2021-01-13_19h17.02.140,Tse_Altarriba_Simon,3.2.4,MacIntel,60,,,,,,,,,,,
,,,,m,1,0.663000107,1,0,12,11,1,11,Images/NeurtalRight.jpeg,Neutral Right,m,001,1,2021-01-13_19h17.02.140,Tse_Altarriba_Simon,3.2.4,MacIntel,60,,,,,,,,,,,
,,,,z,1,0.31099987,1,0,12,1,1,11,Images/CongruentLeft.jpeg,Congruent Left,z,001,1,2021-01-13_19h17.02.140,Tse_Altarriba_Simon,3.2.4,MacIntel,60,,,,,,,,,,,
,,,,z,1,0.493000031,1,0,12,8,1,11,Images/NeutralLeft.jpeg,Neutral Left,z,001,1,2021-01-13_19h17.02.140,Tse_Altarriba_Simon,3.2.4,MacIntel,60,,,,,,,,,,,
,,,,z,1,0.333999872,1,0,12,9,1,11,Images/NeutralLeft.jpeg,Neutral Left,z,001,1,2021-01-13_19h17.02.140,Tse_Altarriba_Simon,3.2.4,MacIntel,60,,,,,,,,,,,
,,,,z,1,0.312000036,1,0,12,0,1,11,Images/CongruentLeft.jpeg,Congruent Left,z,001,1,2021-01-13_19h17.02.140,Tse_Altarriba_Simon,3.2.4,MacIntel,60,,,,,,,,,,,
,,,,m,1,0.290999889,1,0,12,2,1,11,Images/CongruentRight.jpeg,Congruent Right,m,001,1,2021-01-13_19h17.02.140,Tse_Altarriba_Simon,3.2.4,MacIntel,60,,,,,,,,,,,
,,,,m,1,0.26699996,1,0,12,3,1,11,Images/CongruentRight.jpeg,Congruent Right,m,001,1,2021-01-13_19h17.02.140,Tse_Altarriba_Simon,3.2.4,MacIntel,60,,,,,,,,,,,
,,,,z,0,0.273000002,1,0,12,7,1,11,Images/IncongruentRight.jpeg,Incongruent Right,m,001,1,2021-01-13_19h17.02.140,Tse_Altarriba_Simon,3.2.4,MacIntel,60,,,,,,,,,,,
,,,,z,0,0.340999842,1,0,12,6,1,11,Images/IncongruentRight.jpeg,Incongruent Right,m,001,1,2021-01-13_19h17.02.140,Tse_Altarriba_Simon,3.2.4,MacIntel,60,,,,,,,,,,,
,,,,m,1,0.315000057,1,0,12,10,1,11,Images/NeurtalRight.jpeg,Neutral Right,m,001,1,2021-01-13_19h17.02.140,Tse_Altarriba_Simon,3.2.4,MacIntel,60,,,,,,,,,,,
,,,,z,1,0.427999973,1,0,12,5,1,11,Images/IncongruentLeft.jpeg,Incongruent Left,z,001,1,2021-01-13_19h17.02.140,Tse_Altarriba_Simon,3.2.4,MacIntel,60,,,,,,,,,,,
,,,,,,,,,,,,,Images/CongruentRight.jpeg,Congruent Right,m,001,1,2021-01-13_19h17.02.140,Tse_Altarriba_Simon,3.2.4,MacIntel,60,space,5.787000179,m,1,0.332000017,1,0,60,15,1,59
,,,,,,,,,,,,,Images/IncongruentRight.jpeg,Incongruent Right,m,001,1,2021-01-13_19h17.02.140,Tse_Altarriba_Simon,3.2.4,MacIntel,60,,,z,0,0.26699996,1,0,60,34,1,59
