Space1.keys,Space1.rt,Space2.keys,Space2.rt,key_resp.keys,key_resp.corr,key_resp.rt,Practice_loop.thisRepN,Practice_loop.thisTrialN,Practice_loop.thisN,Practice_loop.thisIndex,Practice_loop.ran,Practice_loop.order,ImageFile,Condition,CorrAns,session,participant,date,expName,psychopyVersion,OS,frameRate,Space3.keys,Space3.rt,key_resp_2.keys,key_resp_2.corr,key_resp_2.rt,trials.thisRepN,trials.thisTrialN,trials.thisN,trials.thisIndex,trials.ran,trials.order
space,1.440000057,space,8.855999947,z,1,0.77699995,1,0,12,8,1,11,Images/NeutralLeft.jpeg,Neutral Left,z,001,1,2020-11-26_14h02.32.463,Tse_Altarriba_Simon,3.2.4,MacIntel,60,,,,,,,,,,,
,,,,z,1,0.380000114,1,0,12,9,1,11,Images/NeutralLeft.jpeg,Neutral Left,z,001,1,2020-11-26_14h02.32.463,Tse_Altarriba_Simon,3.2.4,MacIntel,60,,,,,,,,,,,
,,,,z,1,0.447000027,1,0,12,1,1,11,Images/CongruentLeft.jpeg,Congruent Left,z,001,1,2020-11-26_14h02.32.463,Tse_Altarriba_Simon,3.2.4,MacIntel,60,,,,,,,,,,,
,,,,z,1,0.299000025,1,0,12,0,1,11,Images/CongruentLeft.jpeg,Congruent Left,z,001,1,2020-11-26_14h02.32.463,Tse_Altarriba_Simon,3.2.4,MacIntel,60,,,,,,,,,,,
,,,,z,0,0.277999878,1,0,12,7,1,11,Images/IncongruentRight.jpeg,Incongruent Right,m,001,1,2020-11-26_14h02.32.463,Tse_Altarriba_Simon,3.2.4,MacIntel,60,,,,,,,,,,,
,,,,m,1,0.318000078,1,0,12,3,1,11,Images/CongruentRight.jpeg,Congruent Right,m,001,1,2020-11-26_14h02.32.463,Tse_Altarriba_Simon,3.2.4,MacIntel,60,,,,,,,,,,,
,,,,m,1,0.289999962,1,0,12,2,1,11,Images/CongruentRight.jpeg,Congruent Right,m,001,1,2020-11-26_14h02.32.463,Tse_Altarriba_Simon,3.2.4,MacIntel,60,,,,,,,,,,,
,,,,m,1,0.32400012,1,0,12,11,1,11,Images/NeurtalRight.jpeg,Neutral Right,m,001,1,2020-11-26_14h02.32.463,Tse_Altarriba_Simon,3.2.4,MacIntel,60,,,,,,,,,,,
,,,,m,0,0.273000002,1,0,12,5,1,11,Images/IncongruentLeft.jpeg,Incongruent Left,z,001,1,2020-11-26_14h02.32.463,Tse_Altarriba_Simon,3.2.4,MacIntel,60,,,,,,,,,,,
,,,,z,1,0.410000086,1,0,12,4,1,11,Images/IncongruentLeft.jpeg,Incongruent Left,z,001,1,2020-11-26_14h02.32.463,Tse_Altarriba_Simon,3.2.4,MacIntel,60,,,,,,,,,,,
,,,,m,1,0.392999887,1,0,12,6,1,11,Images/IncongruentRight.jpeg,Incongruent Right,m,001,1,2020-11-26_14h02.32.463,Tse_Altarriba_Simon,3.2.4,MacIntel,60,,,,,,,,,,,
,,,,m,1,0.460000038,1,0,12,10,1,11,Images/NeurtalRight.jpeg,Neutral Right,m,001,1,2020-11-26_14h02.32.463,Tse_Altarriba_Simon,3.2.4,MacIntel,60,,,,,,,,,,,
,,,,,,,,,,,,,Images/NeurtalRight.jpeg,Neutral Right,m,001,1,2020-11-26_14h02.32.463,Tse_Altarriba_Simon,3.2.4,MacIntel,60,space,5.363999844,m,1,0.38499999,1,0,60,58,1,59
,,,,,,,,,,,,,Images/CongruentLeft.jpeg,Congruent Left,z,001,1,2020-11-26_14h02.32.463,Tse_Altarriba_Simon,3.2.4,MacIntel,60,,,z,1,0.280999899,1,0,60,0,1,59
,,,,,,,,,,,,,Images/NeutralLeft.jpeg,Neutral Left,z,001,1,2020-11-26_14h02.32.463,Tse_Altarriba_Simon,3.2.4,MacIntel,60,,,z,1,0.332000017,1,0,60,47,1,59
,,,,,,,,,,,,,Images/IncongruentLeft.jpeg,Incongruent Left,z,001,1,2020-11-26_14h02.32.463,Tse_Altarriba_Simon,3.2.4,MacIntel,60,,,z,1,0.430999994,1,0,60,29,1,59
,,,,,,,,,,,,,Images/NeutralLeft.jpeg,Neutral Left,z,001,1,2020-11-26_14h02.32.463,Tse_Altarriba_Simon,3.2.4,MacIntel,60,,,z,1,0.29399991,1,0,60,41,1,59
,,,,,,,,,,,,,Images/NeurtalRight.jpeg,Neutral Right,m,001,1,2020-11-26_14h02.32.463,Tse_Altarriba_Simon,3.2.4,MacIntel,60,,,m,1,0.358999968,1,0,60,51,1,59
,,,,,,,,,,,,,Images/CongruentRight.jpeg,Congruent Right,m,001,1,2020-11-26_14h02.32.463,Tse_Altarriba_Simon,3.2.4,MacIntel,60,,,m,1,0.309999943,1,0,60,19,1,59
,,,,,,,,,,,,,Images/CongruentRight.jpeg,Congruent Right,m,001,1,2020-11-26_14h02.32.463,Tse_Altarriba_Simon,3.2.4,MacIntel,60,,,m,1,0.309999943,1,0,60,12,1,59
,,,,,,,,,,,,,Images/IncongruentLeft.jpeg,Incongruent Left,z,001,1,2020-11-26_14h02.32.463,Tse_Altarriba_Simon,3.2.4,MacIntel,60,,,z,1,0.393000126,1,0,60,21,1,59
,,,,,,,,,,,,,Images/NeutralLeft.jpeg,Neutral Left,z,001,1,2020-11-26_14h02.32.463,Tse_Altarriba_Simon,3.2.4,MacIntel,60,,,z,1,0.31099987,1,0,60,49,1,59
,,,,,,,,,,,,,Images/CongruentRight.jpeg,Congruent Right,m,001,1,2020-11-26_14h02.32.463,Tse_Altarriba_Simon,3.2.4,MacIntel,60,,,m,1,0.285000086,1,0,60,14,1,59
,,,,,,,,,,,,,Images/NeutralLeft.jpeg,Neutral Left,z,001,1,2020-11-26_14h02.32.463,Tse_Altarriba_Simon,3.2.4,MacIntel,60,,,z,1,0.279999971,1,0,60,46,1,59
,,,,,,,,,,,,,Images/IncongruentRight.jpeg,Incongruent Right,m,001,1,2020-11-26_14h02.32.463,Tse_Altarriba_Simon,3.2.4,MacIntel,60,,,z,0,0.28399992,1,0,60,35,1,59
,,,,,,,,,,,,,Images/IncongruentRight.jpeg,Incongruent Right,m,001,1,2020-11-26_14h02.32.463,Tse_Altarriba_Simon,3.2.4,MacIntel,60,,,z,0,0.286999941,1,0,60,38,1,59
,,,,,,,,,,,,,Images/CongruentRight.jpeg,Congruent Right,m,001,1,2020-11-26_14h02.32.463,Tse_Altarriba_Simon,3.2.4,MacIntel,60,,,m,1,0.311000109,1,0,60,10,1,59
,,,,,,,,,,,,,Images/NeurtalRight.jpeg,Neutral Right,m,001,1,2020-11-26_14h02.32.463,Tse_Altarriba_Simon,3.2.4,MacIntel,60,,,m,1,0.296999931,1,0,60,54,1,59
,,,,,,,,,,,,,Images/IncongruentRight.jpeg,Incongruent Right,m,001,1,2020-11-26_14h02.32.463,Tse_Altarriba_Simon,3.2.4,MacIntel,60,,,m,1,0.477999926,1,0,60,34,1,59
,,,,,,,,,,,,,Images/CongruentLeft.jpeg,Congruent Left,z,001,1,2020-11-26_14h02.32.463,Tse_Altarriba_Simon,3.2.4,MacIntel,60,,,z,1,0.329999924,1,0,60,9,1,59
,,,,,,,,,,,,,Images/CongruentLeft.jpeg,Congruent Left,z,001,1,2020-11-26_14h02.32.463,Tse_Altarriba_Simon,3.2.4,MacIntel,60,,,z,1,0.269999981,1,0,60,1,1,59
,,,,,,,,,,,,,Images/CongruentLeft.jpeg,Congruent Left,z,001,1,2020-11-26_14h02.32.463,Tse_Altarriba_Simon,3.2.4,MacIntel,60,,,z,1,0.294000149,1,0,60,2,1,59
