Space1.keys,Space1.rt,Space2.keys,Space2.rt,key_resp.keys,key_resp.corr,key_resp.rt,Practice_loop.thisRepN,Practice_loop.thisTrialN,Practice_loop.thisN,Practice_loop.thisIndex,Practice_loop.ran,Practice_loop.order,ImageFile,Condition,CorrAns,session,participant,date,expName,psychopyVersion,OS,frameRate,Space3.keys,Space3.rt,key_resp_2.keys,key_resp_2.corr,key_resp_2.rt,trials.thisRepN,trials.thisTrialN,trials.thisN,trials.thisIndex,trials.ran,trials.order,Space4.keys,Space4.rt,trials_2.thisRepN,trials_2.thisTrialN,trials_2.thisN,trials_2.thisIndex,trials_2.ran,trials_2.order
space,3.046000004,space,14.28200006,m,1,0.471999884,1,0,12,10,1,11,Images/NeurtalRight.jpeg,Neutral Right,m,001,1,2020-09-20_20h11.09.648,Tse_Altarriba_Simon,3.2.4,Win32,60,,,,,,,,,,,,,,,,,,,
,,,,z,1,0.618999958,1,0,12,4,1,11,Images/IncongruentLeft.jpeg,Incongruent Left,z,001,1,2020-09-20_20h11.09.648,Tse_Altarriba_Simon,3.2.4,Win32,60,,,,,,,,,,,,,,,,,,,
,,,,z,1,0.417999983,1,0,12,5,1,11,Images/IncongruentLeft.jpeg,Incongruent Left,z,001,1,2020-09-20_20h11.09.648,Tse_Altarriba_Simon,3.2.4,Win32,60,,,,,,,,,,,,,,,,,,,
,,,,m,1,0.434000015,1,0,12,11,1,11,Images/NeurtalRight.jpeg,Neutral Right,m,001,1,2020-09-20_20h11.09.648,Tse_Altarriba_Simon,3.2.4,Win32,60,,,,,,,,,,,,,,,,,,,
,,,,z,1,0.417000055,1,0,12,8,1,11,Images/NeutralLeft.jpeg,Neutral Left,z,001,1,2020-09-20_20h11.09.648,Tse_Altarriba_Simon,3.2.4,Win32,60,,,,,,,,,,,,,,,,,,,
,,,,z,1,0.40199995,1,0,12,9,1,11,Images/NeutralLeft.jpeg,Neutral Left,z,001,1,2020-09-20_20h11.09.648,Tse_Altarriba_Simon,3.2.4,Win32,60,,,,,,,,,,,,,,,,,,,
,,,,m,1,0.357000113,1,0,12,3,1,11,Images/CongruentRight.jpeg,Congruent Right,m,001,1,2020-09-20_20h11.09.648,Tse_Altarriba_Simon,3.2.4,Win32,60,,,,,,,,,,,,,,,,,,,
,,,,z,0,0.338999987,1,0,12,6,1,11,Images/IncongruentRight.jpeg,Incongruent Right,m,001,1,2020-09-20_20h11.09.648,Tse_Altarriba_Simon,3.2.4,Win32,60,,,,,,,,,,,,,,,,,,,
,,,,z,0,0.551000118,1,0,12,7,1,11,Images/IncongruentRight.jpeg,Incongruent Right,m,001,1,2020-09-20_20h11.09.648,Tse_Altarriba_Simon,3.2.4,Win32,60,,,,,,,,,,,,,,,,,,,
,,,,z,1,0.77699995,1,0,12,0,1,11,Images/CongruentLeft.jpeg,Congruent Left,z,001,1,2020-09-20_20h11.09.648,Tse_Altarriba_Simon,3.2.4,Win32,60,,,,,,,,,,,,,,,,,,,
,,,,m,1,0.434000015,1,0,12,2,1,11,Images/CongruentRight.jpeg,Congruent Right,m,001,1,2020-09-20_20h11.09.648,Tse_Altarriba_Simon,3.2.4,Win32,60,,,,,,,,,,,,,,,,,,,
,,,,z,1,0.538000107,1,0,12,1,1,11,Images/CongruentLeft.jpeg,Congruent Left,z,001,1,2020-09-20_20h11.09.648,Tse_Altarriba_Simon,3.2.4,Win32,60,,,,,,,,,,,,,,,,,,,
,,,,,,,,,,,,,Images/CongruentRight.jpeg,Congruent Right,m,001,1,2020-09-20_20h11.09.648,Tse_Altarriba_Simon,3.2.4,Win32,60,space,9.772000074,m,1,0.532999992,1,0,60,17,1,59,,,,,,,,
,,,,,,,,,,,,,Images/IncongruentRight.jpeg,Incongruent Right,m,001,1,2020-09-20_20h11.09.648,Tse_Altarriba_Simon,3.2.4,Win32,60,,,m,1,0.672999859,1,0,60,33,1,59,,,,,,,,
,,,,,,,,,,,,,Images/NeutralLeft.jpeg,Neutral Left,z,001,1,2020-09-20_20h11.09.648,Tse_Altarriba_Simon,3.2.4,Win32,60,,,z,1,0.437000036,1,0,60,40,1,59,,,,,,,,
,,,,,,,,,,,,,Images/CongruentLeft.jpeg,Congruent Left,z,001,1,2020-09-20_20h11.09.648,Tse_Altarriba_Simon,3.2.4,Win32,60,,,z,1,0.431999922,1,0,60,6,1,59,,,,,,,,
,,,,,,,,,,,,,Images/CongruentRight.jpeg,Congruent Right,m,001,1,2020-09-20_20h11.09.648,Tse_Altarriba_Simon,3.2.4,Win32,60,,,m,1,0.394999981,1,0,60,16,1,59,,,,,,,,
,,,,,,,,,,,,,Images/CongruentLeft.jpeg,Congruent Left,z,001,1,2020-09-20_20h11.09.648,Tse_Altarriba_Simon,3.2.4,Win32,60,,,z,1,0.375,1,0,60,9,1,59,,,,,,,,
,,,,,,,,,,,,,Images/NeutralLeft.jpeg,Neutral Left,z,001,1,2020-09-20_20h11.09.648,Tse_Altarriba_Simon,3.2.4,Win32,60,,,z,1,0.445000172,1,0,60,41,1,59,,,,,,,,
,,,,,,,,,,,,,Images/IncongruentRight.jpeg,Incongruent Right,m,001,1,2020-09-20_20h11.09.648,Tse_Altarriba_Simon,3.2.4,Win32,60,,,m,1,0.51699996,1,0,60,37,1,59,,,,,,,,
,,,,,,,,,,,,,Images/CongruentRight.jpeg,Congruent Right,m,001,1,2020-09-20_20h11.09.648,Tse_Altarriba_Simon,3.2.4,Win32,60,,,m,1,0.421999931,1,0,60,19,1,59,,,,,,,,
,,,,,,,,,,,,,Images/IncongruentLeft.jpeg,Incongruent Left,z,001,1,2020-09-20_20h11.09.648,Tse_Altarriba_Simon,3.2.4,Win32,60,,,z,1,0.493000031,1,0,60,23,1,59,,,,,,,,
,,,,,,,,,,,,,Images/CongruentRight.jpeg,Congruent Right,m,001,1,2020-09-20_20h11.09.648,Tse_Altarriba_Simon,3.2.4,Win32,60,,,m,1,0.435000181,1,0,60,14,1,59,,,,,,,,
,,,,,,,,,,,,,Images/NeutralLeft.jpeg,Neutral Left,z,001,1,2020-09-20_20h11.09.648,Tse_Altarriba_Simon,3.2.4,Win32,60,,,z,1,0.411999941,1,0,60,48,1,59,,,,,,,,
,,,,,,,,,,,,,Images/CongruentRight.jpeg,Congruent Right,m,001,1,2020-09-20_20h11.09.648,Tse_Altarriba_Simon,3.2.4,Win32,60,,,m,1,0.393000126,1,0,60,10,1,59,,,,,,,,
,,,,,,,,,,,,,Images/NeutralLeft.jpeg,Neutral Left,z,001,1,2020-09-20_20h11.09.648,Tse_Altarriba_Simon,3.2.4,Win32,60,,,z,1,0.411000013,1,0,60,42,1,59,,,,,,,,
,,,,,,,,,,,,,Images/IncongruentRight.jpeg,Incongruent Right,m,001,1,2020-09-20_20h11.09.648,Tse_Altarriba_Simon,3.2.4,Win32,60,,,m,1,0.450999975,1,0,60,34,1,59,,,,,,,,
,,,,,,,,,,,,,Images/IncongruentRight.jpeg,Incongruent Right,m,001,1,2020-09-20_20h11.09.648,Tse_Altarriba_Simon,3.2.4,Win32,60,,,z,0,0.361999989,1,0,60,35,1,59,,,,,,,,
,,,,,,,,,,,,,Images/NeutralLeft.jpeg,Neutral Left,z,001,1,2020-09-20_20h11.09.648,Tse_Altarriba_Simon,3.2.4,Win32,60,,,z,1,0.468000174,1,0,60,47,1,59,,,,,,,,
,,,,,,,,,,,,,Images/NeurtalRight.jpeg,Neutral Right,m,001,1,2020-09-20_20h11.09.648,Tse_Altarriba_Simon,3.2.4,Win32,60,,,m,1,0.378000021,1,0,60,50,1,59,,,,,,,,
,,,,,,,,,,,,,Images/NeurtalRight.jpeg,Neutral Right,m,001,1,2020-09-20_20h11.09.648,Tse_Altarriba_Simon,3.2.4,Win32,60,,,m,1,0.410000086,1,0,60,58,1,59,,,,,,,,
,,,,,,,,,,,,,Images/CongruentLeft.jpeg,Congruent Left,z,001,1,2020-09-20_20h11.09.648,Tse_Altarriba_Simon,3.2.4,Win32,60,,,z,1,0.405999899,1,0,60,4,1,59,,,,,,,,
,,,,,,,,,,,,,Images/NeutralLeft.jpeg,Neutral Left,z,001,1,2020-09-20_20h11.09.648,Tse_Altarriba_Simon,3.2.4,Win32,60,,,z,1,0.44900012,1,0,60,49,1,59,,,,,,,,
,,,,,,,,,,,,,Images/IncongruentLeft.jpeg,Incongruent Left,z,001,1,2020-09-20_20h11.09.648,Tse_Altarriba_Simon,3.2.4,Win32,60,,,z,1,0.502000093,1,0,60,29,1,59,,,,,,,,
,,,,,,,,,,,,,Images/CongruentRight.jpeg,Congruent Right,m,001,1,2020-09-20_20h11.09.648,Tse_Altarriba_Simon,3.2.4,Win32,60,,,m,1,0.446000099,1,0,60,11,1,59,,,,,,,,
,,,,,,,,,,,,,Images/IncongruentRight.jpeg,Incongruent Right,m,001,1,2020-09-20_20h11.09.648,Tse_Altarriba_Simon,3.2.4,Win32,60,,,m,1,0.664999962,1,0,60,38,1,59,,,,,,,,
,,,,,,,,,,,,,Images/CongruentLeft.jpeg,Congruent Left,z,001,1,2020-09-20_20h11.09.648,Tse_Altarriba_Simon,3.2.4,Win32,60,,,z,1,0.458999872,1,0,60,3,1,59,,,,,,,,
,,,,,,,,,,,,,Images/IncongruentRight.jpeg,Incongruent Right,m,001,1,2020-09-20_20h11.09.648,Tse_Altarriba_Simon,3.2.4,Win32,60,,,m,1,0.394999981,1,0,60,39,1,59,,,,,,,,
,,,,,,,,,,,,,Images/CongruentLeft.jpeg,Congruent Left,z,001,1,2020-09-20_20h11.09.648,Tse_Altarriba_Simon,3.2.4,Win32,60,,,z,1,0.436000109,1,0,60,2,1,59,,,,,,,,
,,,,,,,,,,,,,Images/IncongruentLeft.jpeg,Incongruent Left,z,001,1,2020-09-20_20h11.09.648,Tse_Altarriba_Simon,3.2.4,Win32,60,,,m,0,0.366999865,1,0,60,27,1,59,,,,,,,,
,,,,,,,,,,,,,Images/IncongruentRight.jpeg,Incongruent Right,m,001,1,2020-09-20_20h11.09.648,Tse_Altarriba_Simon,3.2.4,Win32,60,,,m,1,0.578999996,1,0,60,36,1,59,,,,,,,,
,,,,,,,,,,,,,Images/NeurtalRight.jpeg,Neutral Right,m,001,1,2020-09-20_20h11.09.648,Tse_Altarriba_Simon,3.2.4,Win32,60,,,m,1,0.421000004,1,0,60,55,1,59,,,,,,,,
,,,,,,,,,,,,,Images/IncongruentLeft.jpeg,Incongruent Left,z,001,1,2020-09-20_20h11.09.648,Tse_Altarriba_Simon,3.2.4,Win32,60,,,z,1,0.379999876,1,0,60,28,1,59,,,,,,,,
,,,,,,,,,,,,,Images/CongruentLeft.jpeg,Congruent Left,z,001,1,2020-09-20_20h11.09.648,Tse_Altarriba_Simon,3.2.4,Win32,60,,,z,1,0.470999956,1,0,60,5,1,59,,,,,,,,
,,,,,,,,,,,,,Images/IncongruentLeft.jpeg,Incongruent Left,z,001,1,2020-09-20_20h11.09.648,Tse_Altarriba_Simon,3.2.4,Win32,60,,,z,1,0.427999973,1,0,60,26,1,59,,,,,,,,
,,,,,,,,,,,,,Images/CongruentLeft.jpeg,Congruent Left,z,001,1,2020-09-20_20h11.09.648,Tse_Altarriba_Simon,3.2.4,Win32,60,,,z,1,0.36500001,1,0,60,7,1,59,,,,,,,,
,,,,,,,,,,,,,Images/CongruentRight.jpeg,Congruent Right,m,001,1,2020-09-20_20h11.09.648,Tse_Altarriba_Simon,3.2.4,Win32,60,,,m,1,0.362999916,1,0,60,13,1,59,,,,,,,,
,,,,,,,,,,,,,Images/NeurtalRight.jpeg,Neutral Right,m,001,1,2020-09-20_20h11.09.648,Tse_Altarriba_Simon,3.2.4,Win32,60,,,m,1,0.398999929,1,0,60,54,1,59,,,,,,,,
,,,,,,,,,,,,,Images/IncongruentRight.jpeg,Incongruent Right,m,001,1,2020-09-20_20h11.09.648,Tse_Altarriba_Simon,3.2.4,Win32,60,,,z,0,0.388999939,1,0,60,31,1,59,,,,,,,,
,,,,,,,,,,,,,Images/CongruentLeft.jpeg,Congruent Left,z,001,1,2020-09-20_20h11.09.648,Tse_Altarriba_Simon,3.2.4,Win32,60,,,z,1,0.462999821,1,0,60,0,1,59,,,,,,,,
,,,,,,,,,,,,,Images/CongruentRight.jpeg,Congruent Right,m,001,1,2020-09-20_20h11.09.648,Tse_Altarriba_Simon,3.2.4,Win32,60,,,m,1,0.352999926,1,0,60,18,1,59,,,,,,,,
,,,,,,,,,,,,,Images/IncongruentLeft.jpeg,Incongruent Left,z,001,1,2020-09-20_20h11.09.648,Tse_Altarriba_Simon,3.2.4,Win32,60,,,z,1,0.568000078,1,0,60,21,1,59,,,,,,,,
,,,,,,,,,,,,,Images/NeurtalRight.jpeg,Neutral Right,m,001,1,2020-09-20_20h11.09.648,Tse_Altarriba_Simon,3.2.4,Win32,60,,,m,1,0.446999788,1,0,60,56,1,59,,,,,,,,
,,,,,,,,,,,,,Images/NeurtalRight.jpeg,Neutral Right,m,001,1,2020-09-20_20h11.09.648,Tse_Altarriba_Simon,3.2.4,Win32,60,,,m,1,0.414999962,1,0,60,57,1,59,,,,,,,,
,,,,,,,,,,,,,Images/IncongruentLeft.jpeg,Incongruent Left,z,001,1,2020-09-20_20h11.09.648,Tse_Altarriba_Simon,3.2.4,Win32,60,,,z,1,0.484999895,1,0,60,22,1,59,,,,,,,,
,,,,,,,,,,,,,Images/IncongruentLeft.jpeg,Incongruent Left,z,001,1,2020-09-20_20h11.09.648,Tse_Altarriba_Simon,3.2.4,Win32,60,,,z,1,0.486000061,1,0,60,25,1,59,,,,,,,,
,,,,,,,,,,,,,Images/CongruentRight.jpeg,Congruent Right,m,001,1,2020-09-20_20h11.09.648,Tse_Altarriba_Simon,3.2.4,Win32,60,,,m,1,0.522000074,1,0,60,15,1,59,,,,,,,,
,,,,,,,,,,,,,Images/NeutralLeft.jpeg,Neutral Left,z,001,1,2020-09-20_20h11.09.648,Tse_Altarriba_Simon,3.2.4,Win32,60,,,z,1,0.432999849,1,0,60,45,1,59,,,,,,,,
,,,,,,,,,,,,,Images/IncongruentRight.jpeg,Incongruent Right,m,001,1,2020-09-20_20h11.09.648,Tse_Altarriba_Simon,3.2.4,Win32,60,,,m,1,0.467999935,1,0,60,30,1,59,,,,,,,,
,,,,,,,,,,,,,Images/NeurtalRight.jpeg,Neutral Right,m,001,1,2020-09-20_20h11.09.648,Tse_Altarriba_Simon,3.2.4,Win32,60,,,m,1,0.426000118,1,0,60,51,1,59,,,,,,,,
,,,,,,,,,,,,,Images/CongruentRight.jpeg,Congruent Right,m,001,1,2020-09-20_20h11.09.648,Tse_Altarriba_Simon,3.2.4,Win32,60,,,m,1,0.391000032,1,0,60,12,1,59,,,,,,,,
,,,,,,,,,,,,,Images/IncongruentLeft.jpeg,Incongruent Left,z,001,1,2020-09-20_20h11.09.648,Tse_Altarriba_Simon,3.2.4,Win32,60,,,z,1,0.46600008,1,0,60,24,1,59,,,,,,,,
,,,,,,,,,,,,,Images/NeurtalRight.jpeg,Neutral Right,m,001,1,2020-09-20_20h11.09.648,Tse_Altarriba_Simon,3.2.4,Win32,60,,,m,1,0.404999971,1,0,60,52,1,59,,,,,,,,
,,,,,,,,,,,,,Images/CongruentLeft.jpeg,Congruent Left,z,001,1,2020-09-20_20h11.09.648,Tse_Altarriba_Simon,3.2.4,Win32,60,,,z,1,0.403000116,1,0,60,1,1,59,,,,,,,,
,,,,,,,,,,,,,Images/NeutralLeft.jpeg,Neutral Left,z,001,1,2020-09-20_20h11.09.648,Tse_Altarriba_Simon,3.2.4,Win32,60,,,z,1,0.378999949,1,0,60,44,1,59,,,,,,,,
,,,,,,,,,,,,,Images/IncongruentRight.jpeg,Incongruent Right,m,001,1,2020-09-20_20h11.09.648,Tse_Altarriba_Simon,3.2.4,Win32,60,,,m,1,0.389999866,1,0,60,32,1,59,,,,,,,,
,,,,,,,,,,,,,Images/NeutralLeft.jpeg,Neutral Left,z,001,1,2020-09-20_20h11.09.648,Tse_Altarriba_Simon,3.2.4,Win32,60,,,z,1,0.467000008,1,0,60,46,1,59,,,,,,,,
,,,,,,,,,,,,,Images/IncongruentLeft.jpeg,Incongruent Left,z,001,1,2020-09-20_20h11.09.648,Tse_Altarriba_Simon,3.2.4,Win32,60,,,z,1,0.523999929,1,0,60,20,1,59,,,,,,,,
,,,,,,,,,,,,,Images/CongruentLeft.jpeg,Congruent Left,z,001,1,2020-09-20_20h11.09.648,Tse_Altarriba_Simon,3.2.4,Win32,60,,,z,1,0.459000111,1,0,60,8,1,59,,,,,,,,
,,,,,,,,,,,,,Images/NeutralLeft.jpeg,Neutral Left,z,001,1,2020-09-20_20h11.09.648,Tse_Altarriba_Simon,3.2.4,Win32,60,,,z,1,0.431999922,1,0,60,43,1,59,,,,,,,,
,,,,,,,,,,,,,Images/NeurtalRight.jpeg,Neutral Right,m,001,1,2020-09-20_20h11.09.648,Tse_Altarriba_Simon,3.2.4,Win32,60,,,m,1,0.426999807,1,0,60,59,1,59,,,,,,,,
,,,,,,,,,,,,,Images/NeurtalRight.jpeg,Neutral Right,m,001,1,2020-09-20_20h11.09.648,Tse_Altarriba_Simon,3.2.4,Win32,60,,,m,1,0.395999908,1,0,60,53,1,59,,,,,,,,
,,,,,,,,,,,,,Images/IncongruentRight.jpeg,Incongruent Right,m,001,1,2020-09-20_20h11.09.648,Tse_Altarriba_Simon,3.2.4,Win32,60,,,m,1,0.47300005,,,,,,,space,2.59800005,1,0,60,38,1,59
,,,,,,,,,,,,,Images/IncongruentLeft.jpeg,Incongruent Left,z,001,1,2020-09-20_20h11.09.648,Tse_Altarriba_Simon,3.2.4,Win32,60,,,z,1,0.384000063,,,,,,,,,1,0,60,25,1,59
,,,,,,,,,,,,,Images/CongruentLeft.jpeg,Congruent Left,z,001,1,2020-09-20_20h11.09.648,Tse_Altarriba_Simon,3.2.4,Win32,60,,,z,1,0.434000015,,,,,,,,,1,0,60,3,1,59
,,,,,,,,,,,,,Images/IncongruentRight.jpeg,Incongruent Right,m,001,1,2020-09-20_20h11.09.648,Tse_Altarriba_Simon,3.2.4,Win32,60,,,m,1,0.448000193,,,,,,,,,1,0,60,32,1,59
,,,,,,,,,,,,,Images/NeutralLeft.jpeg,Neutral Left,z,001,1,2020-09-20_20h11.09.648,Tse_Altarriba_Simon,3.2.4,Win32,60,,,z,1,0.420000076,,,,,,,,,1,0,60,49,1,59
,,,,,,,,,,,,,Images/NeurtalRight.jpeg,Neutral Right,m,001,1,2020-09-20_20h11.09.648,Tse_Altarriba_Simon,3.2.4,Win32,60,,,m,1,0.493999958,,,,,,,,,1,0,60,57,1,59
,,,,,,,,,,,,,Images/CongruentRight.jpeg,Congruent Right,m,001,1,2020-09-20_20h11.09.648,Tse_Altarriba_Simon,3.2.4,Win32,60,,,m,1,0.48300004,,,,,,,,,1,0,60,18,1,59
,,,,,,,,,,,,,Images/NeurtalRight.jpeg,Neutral Right,m,001,1,2020-09-20_20h11.09.648,Tse_Altarriba_Simon,3.2.4,Win32,60,,,m,1,0.38499999,,,,,,,,,1,0,60,59,1,59
,,,,,,,,,,,,,Images/IncongruentRight.jpeg,Incongruent Right,m,001,1,2020-09-20_20h11.09.648,Tse_Altarriba_Simon,3.2.4,Win32,60,,,z,0,0.351999998,,,,,,,,,1,0,60,36,1,59
,,,,,,,,,,,,,Images/NeurtalRight.jpeg,Neutral Right,m,001,1,2020-09-20_20h11.09.648,Tse_Altarriba_Simon,3.2.4,Win32,60,,,m,1,0.370000124,,,,,,,,,1,0,60,52,1,59
,,,,,,,,,,,,,Images/NeutralLeft.jpeg,Neutral Left,z,001,1,2020-09-20_20h11.09.648,Tse_Altarriba_Simon,3.2.4,Win32,60,,,z,1,0.447999954,,,,,,,,,1,0,60,41,1,59
,,,,,,,,,,,,,Images/IncongruentLeft.jpeg,Incongruent Left,z,001,1,2020-09-20_20h11.09.648,Tse_Altarriba_Simon,3.2.4,Win32,60,,,m,0,0.368999958,,,,,,,,,1,0,60,20,1,59
,,,,,,,,,,,,,Images/CongruentLeft.jpeg,Congruent Left,z,001,1,2020-09-20_20h11.09.648,Tse_Altarriba_Simon,3.2.4,Win32,60,,,z,1,0.525999784,,,,,,,,,1,0,60,6,1,59
,,,,,,,,,,,,,Images/NeurtalRight.jpeg,Neutral Right,m,001,1,2020-09-20_20h11.09.648,Tse_Altarriba_Simon,3.2.4,Win32,60,,,m,1,0.403000116,,,,,,,,,1,0,60,50,1,59
,,,,,,,,,,,,,Images/IncongruentRight.jpeg,Incongruent Right,m,001,1,2020-09-20_20h11.09.648,Tse_Altarriba_Simon,3.2.4,Win32,60,,,m,1,0.481000185,,,,,,,,,1,0,60,39,1,59
,,,,,,,,,,,,,Images/NeutralLeft.jpeg,Neutral Left,z,001,1,2020-09-20_20h11.09.648,Tse_Altarriba_Simon,3.2.4,Win32,60,,,z,1,0.495000124,,,,,,,,,1,0,60,48,1,59
,,,,,,,,,,,,,Images/NeutralLeft.jpeg,Neutral Left,z,001,1,2020-09-20_20h11.09.648,Tse_Altarriba_Simon,3.2.4,Win32,60,,,z,1,0.484000206,,,,,,,,,1,0,60,40,1,59
,,,,,,,,,,,,,Images/CongruentLeft.jpeg,Congruent Left,z,001,1,2020-09-20_20h11.09.648,Tse_Altarriba_Simon,3.2.4,Win32,60,,,z,1,0.545000076,,,,,,,,,1,0,60,5,1,59
,,,,,,,,,,,,,Images/NeutralLeft.jpeg,Neutral Left,z,001,1,2020-09-20_20h11.09.648,Tse_Altarriba_Simon,3.2.4,Win32,60,,,z,1,0.429000139,,,,,,,,,1,0,60,43,1,59
,,,,,,,,,,,,,Images/IncongruentLeft.jpeg,Incongruent Left,z,001,1,2020-09-20_20h11.09.648,Tse_Altarriba_Simon,3.2.4,Win32,60,,,z,1,0.486000061,,,,,,,,,1,0,60,22,1,59
,,,,,,,,,,,,,Images/CongruentLeft.jpeg,Congruent Left,z,001,1,2020-09-20_20h11.09.648,Tse_Altarriba_Simon,3.2.4,Win32,60,,,z,1,0.50999999,,,,,,,,,1,0,60,1,1,59
,,,,,,,,,,,,,Images/IncongruentLeft.jpeg,Incongruent Left,z,001,1,2020-09-20_20h11.09.648,Tse_Altarriba_Simon,3.2.4,Win32,60,,,m,0,0.338999987,,,,,,,,,1,0,60,21,1,59
,,,,,,,,,,,,,Images/IncongruentRight.jpeg,Incongruent Right,m,001,1,2020-09-20_20h11.09.648,Tse_Altarriba_Simon,3.2.4,Win32,60,,,m,1,0.575000048,,,,,,,,,1,0,60,34,1,59
,,,,,,,,,,,,,Images/CongruentRight.jpeg,Congruent Right,m,001,1,2020-09-20_20h11.09.648,Tse_Altarriba_Simon,3.2.4,Win32,60,,,m,1,0.48300004,,,,,,,,,1,0,60,13,1,59
,,,,,,,,,,,,,Images/CongruentRight.jpeg,Congruent Right,m,001,1,2020-09-20_20h11.09.648,Tse_Altarriba_Simon,3.2.4,Win32,60,,,m,1,0.428000212,,,,,,,,,1,0,60,11,1,59
,,,,,,,,,,,,,Images/CongruentRight.jpeg,Congruent Right,m,001,1,2020-09-20_20h11.09.648,Tse_Altarriba_Simon,3.2.4,Win32,60,,,m,1,0.492000103,,,,,,,,,1,0,60,10,1,59
,,,,,,,,,,,,,Images/CongruentLeft.jpeg,Congruent Left,z,001,1,2020-09-20_20h11.09.648,Tse_Altarriba_Simon,3.2.4,Win32,60,,,z,1,0.453999996,,,,,,,,,1,0,60,7,1,59
,,,,,,,,,,,,,Images/IncongruentLeft.jpeg,Incongruent Left,z,001,1,2020-09-20_20h11.09.648,Tse_Altarriba_Simon,3.2.4,Win32,60,,,z,1,0.411000013,,,,,,,,,1,0,60,27,1,59
,,,,,,,,,,,,,Images/IncongruentRight.jpeg,Incongruent Right,m,001,1,2020-09-20_20h11.09.648,Tse_Altarriba_Simon,3.2.4,Win32,60,,,m,1,0.5,,,,,,,,,1,0,60,31,1,59
,,,,,,,,,,,,,Images/NeurtalRight.jpeg,Neutral Right,m,001,1,2020-09-20_20h11.09.648,Tse_Altarriba_Simon,3.2.4,Win32,60,,,m,1,0.460999966,,,,,,,,,1,0,60,58,1,59
,,,,,,,,,,,,,Images/NeurtalRight.jpeg,Neutral Right,m,001,1,2020-09-20_20h11.09.648,Tse_Altarriba_Simon,3.2.4,Win32,60,,,m,1,0.398000002,,,,,,,,,1,0,60,55,1,59
,,,,,,,,,,,,,Images/CongruentLeft.jpeg,Congruent Left,z,001,1,2020-09-20_20h11.09.648,Tse_Altarriba_Simon,3.2.4,Win32,60,,,z,1,0.494999886,,,,,,,,,1,0,60,9,1,59
,,,,,,,,,,,,,Images/IncongruentLeft.jpeg,Incongruent Left,z,001,1,2020-09-20_20h11.09.648,Tse_Altarriba_Simon,3.2.4,Win32,60,,,z,1,0.495000124,,,,,,,,,1,0,60,23,1,59
,,,,,,,,,,,,,Images/NeurtalRight.jpeg,Neutral Right,m,001,1,2020-09-20_20h11.09.648,Tse_Altarriba_Simon,3.2.4,Win32,60,,,m,1,0.387999773,,,,,,,,,1,0,60,54,1,59
,,,,,,,,,,,,,Images/CongruentLeft.jpeg,Congruent Left,z,001,1,2020-09-20_20h11.09.648,Tse_Altarriba_Simon,3.2.4,Win32,60,,,z,1,0.379999876,,,,,,,,,1,0,60,0,1,59
,,,,,,,,,,,,,Images/IncongruentRight.jpeg,Incongruent Right,m,001,1,2020-09-20_20h11.09.648,Tse_Altarriba_Simon,3.2.4,Win32,60,,,m,1,0.453000069,,,,,,,,,1,0,60,33,1,59
,,,,,,,,,,,,,Images/CongruentRight.jpeg,Congruent Right,m,001,1,2020-09-20_20h11.09.648,Tse_Altarriba_Simon,3.2.4,Win32,60,,,m,1,0.379000187,,,,,,,,,1,0,60,12,1,59
,,,,,,,,,,,,,Images/CongruentRight.jpeg,Congruent Right,m,001,1,2020-09-20_20h11.09.648,Tse_Altarriba_Simon,3.2.4,Win32,60,,,m,1,0.373999834,,,,,,,,,1,0,60,16,1,59
,,,,,,,,,,,,,Images/IncongruentLeft.jpeg,Incongruent Left,z,001,1,2020-09-20_20h11.09.648,Tse_Altarriba_Simon,3.2.4,Win32,60,,,m,0,0.398999929,,,,,,,,,1,0,60,29,1,59
,,,,,,,,,,,,,Images/IncongruentRight.jpeg,Incongruent Right,m,001,1,2020-09-20_20h11.09.648,Tse_Altarriba_Simon,3.2.4,Win32,60,,,m,1,0.490999937,,,,,,,,,1,0,60,35,1,59
,,,,,,,,,,,,,Images/NeurtalRight.jpeg,Neutral Right,m,001,1,2020-09-20_20h11.09.648,Tse_Altarriba_Simon,3.2.4,Win32,60,,,m,1,0.403999805,,,,,,,,,1,0,60,51,1,59
,,,,,,,,,,,,,Images/IncongruentRight.jpeg,Incongruent Right,m,001,1,2020-09-20_20h11.09.648,Tse_Altarriba_Simon,3.2.4,Win32,60,,,m,1,0.437999964,,,,,,,,,1,0,60,37,1,59
,,,,,,,,,,,,,Images/NeurtalRight.jpeg,Neutral Right,m,001,1,2020-09-20_20h11.09.648,Tse_Altarriba_Simon,3.2.4,Win32,60,,,m,1,0.38499999,,,,,,,,,1,0,60,53,1,59
,,,,,,,,,,,,,Images/IncongruentRight.jpeg,Incongruent Right,m,001,1,2020-09-20_20h11.09.648,Tse_Altarriba_Simon,3.2.4,Win32,60,,,m,1,0.463000059,,,,,,,,,1,0,60,30,1,59
,,,,,,,,,,,,,Images/NeurtalRight.jpeg,Neutral Right,m,001,1,2020-09-20_20h11.09.648,Tse_Altarriba_Simon,3.2.4,Win32,60,,,m,1,0.401000023,,,,,,,,,1,0,60,56,1,59
,,,,,,,,,,,,,Images/IncongruentLeft.jpeg,Incongruent Left,z,001,1,2020-09-20_20h11.09.648,Tse_Altarriba_Simon,3.2.4,Win32,60,,,z,1,0.460999966,,,,,,,,,1,0,60,28,1,59
,,,,,,,,,,,,,Images/NeutralLeft.jpeg,Neutral Left,z,001,1,2020-09-20_20h11.09.648,Tse_Altarriba_Simon,3.2.4,Win32,60,,,z,1,0.453999996,,,,,,,,,1,0,60,46,1,59
,,,,,,,,,,,,,Images/CongruentRight.jpeg,Congruent Right,m,001,1,2020-09-20_20h11.09.648,Tse_Altarriba_Simon,3.2.4,Win32,60,,,m,1,0.417000055,,,,,,,,,1,0,60,17,1,59
,,,,,,,,,,,,,Images/CongruentLeft.jpeg,Congruent Left,z,001,1,2020-09-20_20h11.09.648,Tse_Altarriba_Simon,3.2.4,Win32,60,,,z,1,0.462000132,,,,,,,,,1,0,60,2,1,59
,,,,,,,,,,,,,Images/NeutralLeft.jpeg,Neutral Left,z,001,1,2020-09-20_20h11.09.648,Tse_Altarriba_Simon,3.2.4,Win32,60,,,z,1,0.417000055,,,,,,,,,1,0,60,47,1,59
,,,,,,,,,,,,,Images/CongruentRight.jpeg,Congruent Right,m,001,1,2020-09-20_20h11.09.648,Tse_Altarriba_Simon,3.2.4,Win32,60,,,m,1,0.397000074,,,,,,,,,1,0,60,14,1,59
,,,,,,,,,,,,,Images/CongruentRight.jpeg,Congruent Right,m,001,1,2020-09-20_20h11.09.648,Tse_Altarriba_Simon,3.2.4,Win32,60,,,m,1,3.516000032,,,,,,,,,1,0,60,15,1,59
,,,,,,,,,,,,,Images/CongruentLeft.jpeg,Congruent Left,z,001,1,2020-09-20_20h11.09.648,Tse_Altarriba_Simon,3.2.4,Win32,60,,,z,1,1.26699996,,,,,,,,,1,0,60,4,1,59
,,,,,,,,,,,,,Images/IncongruentLeft.jpeg,Incongruent Left,z,001,1,2020-09-20_20h11.09.648,Tse_Altarriba_Simon,3.2.4,Win32,60,,,z,1,0.419999838,,,,,,,,,1,0,60,24,1,59
,,,,,,,,,,,,,Images/IncongruentLeft.jpeg,Incongruent Left,z,001,1,2020-09-20_20h11.09.648,Tse_Altarriba_Simon,3.2.4,Win32,60,,,z,1,0.569000006,,,,,,,,,1,0,60,26,1,59
,,,,,,,,,,,,,Images/CongruentLeft.jpeg,Congruent Left,z,001,1,2020-09-20_20h11.09.648,Tse_Altarriba_Simon,3.2.4,Win32,60,,,z,1,0.438999891,,,,,,,,,1,0,60,8,1,59
,,,,,,,,,,,,,Images/NeutralLeft.jpeg,Neutral Left,z,001,1,2020-09-20_20h11.09.648,Tse_Altarriba_Simon,3.2.4,Win32,60,,,z,1,0.393999815,,,,,,,,,1,0,60,44,1,59
,,,,,,,,,,,,,Images/NeutralLeft.jpeg,Neutral Left,z,001,1,2020-09-20_20h11.09.648,Tse_Altarriba_Simon,3.2.4,Win32,60,,,z,1,0.372999907,,,,,,,,,1,0,60,45,1,59
,,,,,,,,,,,,,Images/CongruentRight.jpeg,Congruent Right,m,001,1,2020-09-20_20h11.09.648,Tse_Altarriba_Simon,3.2.4,Win32,60,,,m,1,0.421000004,,,,,,,,,1,0,60,19,1,59
,,,,,,,,,,,,,Images/NeutralLeft.jpeg,Neutral Left,z,001,1,2020-09-20_20h11.09.648,Tse_Altarriba_Simon,3.2.4,Win32,60,,,z,1,0.424999952,,,,,,,,,1,0,60,42,1,59
