Space1.keys,Space1.rt,Space2.keys,Space2.rt,key_resp.keys,key_resp.corr,key_resp.rt,Practice_loop.thisRepN,Practice_loop.thisTrialN,Practice_loop.thisN,Practice_loop.thisIndex,Practice_loop.ran,Practice_loop.order,ImageFile,Condition,CorrAns,session,participant,date,expName,psychopyVersion,OS,frameRate,Space3.keys,Space3.rt,key_resp_2.keys,key_resp_2.corr,key_resp_2.rt,trials.thisRepN,trials.thisTrialN,trials.thisN,trials.thisIndex,trials.ran,trials.order,Space4.keys,Space4.rt,trials_2.thisRepN,trials_2.thisTrialN,trials_2.thisN,trials_2.thisIndex,trials_2.ran,trials_2.order
space,3.056999922,space,32.2420001,,0,,1,0,12,5,1,11,Images/IncongruentLeft.jpeg,Incongruent Left,z,001,1,2020-10-07_10h59.29.953,Tse_Altarriba_Simon,3.2.4,MacIntel,60,,,,,,,,,,,,,,,,,,,
,,,,,0,,1,0,12,0,1,11,Images/CongruentLeft.jpeg,Congruent Left,z,001,1,2020-10-07_10h59.29.953,Tse_Altarriba_Simon,3.2.4,MacIntel,60,,,,,,,,,,,,,,,,,,,
,,,,z,1,0.694000006,1,0,12,4,1,11,Images/IncongruentLeft.jpeg,Incongruent Left,z,001,1,2020-10-07_10h59.29.953,Tse_Altarriba_Simon,3.2.4,MacIntel,60,,,,,,,,,,,,,,,,,,,
,,,,z,1,0.542999983,1,0,12,9,1,11,Images/NeutralLeft.jpeg,Neutral Left,z,001,1,2020-10-07_10h59.29.953,Tse_Altarriba_Simon,3.2.4,MacIntel,60,,,,,,,,,,,,,,,,,,,
,,,,m,1,0.549000025,1,0,12,10,1,11,Images/NeurtalRight.jpeg,Neutral Right,m,001,1,2020-10-07_10h59.29.953,Tse_Altarriba_Simon,3.2.4,MacIntel,60,,,,,,,,,,,,,,,,,,,
,,,,m,1,0.572999954,1,0,12,3,1,11,Images/CongruentRight.jpeg,Congruent Right,m,001,1,2020-10-07_10h59.29.953,Tse_Altarriba_Simon,3.2.4,MacIntel,60,,,,,,,,,,,,,,,,,,,
,,,,m,1,0.462000132,1,0,12,11,1,11,Images/NeurtalRight.jpeg,Neutral Right,m,001,1,2020-10-07_10h59.29.953,Tse_Altarriba_Simon,3.2.4,MacIntel,60,,,,,,,,,,,,,,,,,,,
,,,,z,1,0.485999823,1,0,12,8,1,11,Images/NeutralLeft.jpeg,Neutral Left,z,001,1,2020-10-07_10h59.29.953,Tse_Altarriba_Simon,3.2.4,MacIntel,60,,,,,,,,,,,,,,,,,,,
,,,,m,1,0.548000097,1,0,12,6,1,11,Images/IncongruentRight.jpeg,Incongruent Right,m,001,1,2020-10-07_10h59.29.953,Tse_Altarriba_Simon,3.2.4,MacIntel,60,,,,,,,,,,,,,,,,,,,
,,,,m,1,0.620999813,1,0,12,7,1,11,Images/IncongruentRight.jpeg,Incongruent Right,m,001,1,2020-10-07_10h59.29.953,Tse_Altarriba_Simon,3.2.4,MacIntel,60,,,,,,,,,,,,,,,,,,,
,,,,m,1,0.554000139,1,0,12,2,1,11,Images/CongruentRight.jpeg,Congruent Right,m,001,1,2020-10-07_10h59.29.953,Tse_Altarriba_Simon,3.2.4,MacIntel,60,,,,,,,,,,,,,,,,,,,
,,,,z,1,0.548000097,1,0,12,1,1,11,Images/CongruentLeft.jpeg,Congruent Left,z,001,1,2020-10-07_10h59.29.953,Tse_Altarriba_Simon,3.2.4,MacIntel,60,,,,,,,,,,,,,,,,,,,
,,,,,,,,,,,,,Images/CongruentLeft.jpeg,Congruent Left,z,001,1,2020-10-07_10h59.29.953,Tse_Altarriba_Simon,3.2.4,MacIntel,60,space,4.796999931,z,1,0.582000017,1,0,60,8,1,59,,,,,,,,
,,,,,,,,,,,,,Images/NeurtalRight.jpeg,Neutral Right,m,001,1,2020-10-07_10h59.29.953,Tse_Altarriba_Simon,3.2.4,MacIntel,60,,,m,1,0.490999937,1,0,60,50,1,59,,,,,,,,
,,,,,,,,,,,,,Images/NeutralLeft.jpeg,Neutral Left,z,001,1,2020-10-07_10h59.29.953,Tse_Altarriba_Simon,3.2.4,MacIntel,60,,,z,1,0.421000004,1,0,60,48,1,59,,,,,,,,
,,,,,,,,,,,,,Images/CongruentRight.jpeg,Congruent Right,m,001,1,2020-10-07_10h59.29.953,Tse_Altarriba_Simon,3.2.4,MacIntel,60,,,m,1,0.480999947,1,0,60,12,1,59,,,,,,,,
,,,,,,,,,,,,,Images/CongruentRight.jpeg,Congruent Right,m,001,1,2020-10-07_10h59.29.953,Tse_Altarriba_Simon,3.2.4,MacIntel,60,,,m,1,0.477999926,1,0,60,19,1,59,,,,,,,,
,,,,,,,,,,,,,Images/NeutralLeft.jpeg,Neutral Left,z,001,1,2020-10-07_10h59.29.953,Tse_Altarriba_Simon,3.2.4,MacIntel,60,,,z,1,0.426000118,1,0,60,46,1,59,,,,,,,,
,,,,,,,,,,,,,Images/NeurtalRight.jpeg,Neutral Right,m,001,1,2020-10-07_10h59.29.953,Tse_Altarriba_Simon,3.2.4,MacIntel,60,,,m,1,0.427999973,1,0,60,56,1,59,,,,,,,,
,,,,,,,,,,,,,Images/CongruentRight.jpeg,Congruent Right,m,001,1,2020-10-07_10h59.29.953,Tse_Altarriba_Simon,3.2.4,MacIntel,60,,,m,1,0.462000132,1,0,60,11,1,59,,,,,,,,
,,,,,,,,,,,,,Images/IncongruentLeft.jpeg,Incongruent Left,z,001,1,2020-10-07_10h59.29.953,Tse_Altarriba_Simon,3.2.4,MacIntel,60,,,z,1,0.643000126,1,0,60,27,1,59,,,,,,,,
,,,,,,,,,,,,,Images/NeutralLeft.jpeg,Neutral Left,z,001,1,2020-10-07_10h59.29.953,Tse_Altarriba_Simon,3.2.4,MacIntel,60,,,z,1,0.519999981,1,0,60,49,1,59,,,,,,,,
,,,,,,,,,,,,,Images/IncongruentRight.jpeg,Incongruent Right,m,001,1,2020-10-07_10h59.29.953,Tse_Altarriba_Simon,3.2.4,MacIntel,60,,,m,1,0.542999983,1,0,60,35,1,59,,,,,,,,
,,,,,,,,,,,,,Images/IncongruentRight.jpeg,Incongruent Right,m,001,1,2020-10-07_10h59.29.953,Tse_Altarriba_Simon,3.2.4,MacIntel,60,,,m,1,0.499000072,1,0,60,30,1,59,,,,,,,,
,,,,,,,,,,,,,Images/IncongruentLeft.jpeg,Incongruent Left,z,001,1,2020-10-07_10h59.29.953,Tse_Altarriba_Simon,3.2.4,MacIntel,60,,,z,1,0.407999992,1,0,60,22,1,59,,,,,,,,
,,,,,,,,,,,,,Images/CongruentLeft.jpeg,Congruent Left,z,001,1,2020-10-07_10h59.29.953,Tse_Altarriba_Simon,3.2.4,MacIntel,60,,,m,0,0.404999971,1,0,60,9,1,59,,,,,,,,
,,,,,,,,,,,,,Images/NeutralLeft.jpeg,Neutral Left,z,001,1,2020-10-07_10h59.29.953,Tse_Altarriba_Simon,3.2.4,MacIntel,60,,,z,1,0.592999935,1,0,60,45,1,59,,,,,,,,
,,,,,,,,,,,,,Images/NeurtalRight.jpeg,Neutral Right,m,001,1,2020-10-07_10h59.29.953,Tse_Altarriba_Simon,3.2.4,MacIntel,60,,,m,1,0.48300004,1,0,60,52,1,59,,,,,,,,
,,,,,,,,,,,,,Images/NeurtalRight.jpeg,Neutral Right,m,001,1,2020-10-07_10h59.29.953,Tse_Altarriba_Simon,3.2.4,MacIntel,60,,,m,1,0.469000101,1,0,60,59,1,59,,,,,,,,
,,,,,,,,,,,,,Images/CongruentRight.jpeg,Congruent Right,m,001,1,2020-10-07_10h59.29.953,Tse_Altarriba_Simon,3.2.4,MacIntel,60,,,m,1,0.571000099,1,0,60,15,1,59,,,,,,,,
,,,,,,,,,,,,,Images/IncongruentRight.jpeg,Incongruent Right,m,001,1,2020-10-07_10h59.29.953,Tse_Altarriba_Simon,3.2.4,MacIntel,60,,,m,1,0.638000011,1,0,60,36,1,59,,,,,,,,
,,,,,,,,,,,,,Images/NeutralLeft.jpeg,Neutral Left,z,001,1,2020-10-07_10h59.29.953,Tse_Altarriba_Simon,3.2.4,MacIntel,60,,,z,1,0.462000132,1,0,60,44,1,59,,,,,,,,
,,,,,,,,,,,,,Images/CongruentLeft.jpeg,Congruent Left,z,001,1,2020-10-07_10h59.29.953,Tse_Altarriba_Simon,3.2.4,MacIntel,60,,,z,1,0.467000008,1,0,60,3,1,59,,,,,,,,
,,,,,,,,,,,,,Images/NeutralLeft.jpeg,Neutral Left,z,001,1,2020-10-07_10h59.29.953,Tse_Altarriba_Simon,3.2.4,MacIntel,60,,,z,1,0.407999992,1,0,60,42,1,59,,,,,,,,
,,,,,,,,,,,,,Images/CongruentLeft.jpeg,Congruent Left,z,001,1,2020-10-07_10h59.29.953,Tse_Altarriba_Simon,3.2.4,MacIntel,60,,,z,1,0.459000111,1,0,60,7,1,59,,,,,,,,
,,,,,,,,,,,,,Images/IncongruentRight.jpeg,Incongruent Right,m,001,1,2020-10-07_10h59.29.953,Tse_Altarriba_Simon,3.2.4,MacIntel,60,,,m,1,0.5,1,0,60,39,1,59,,,,,,,,
,,,,,,,,,,,,,Images/IncongruentLeft.jpeg,Incongruent Left,z,001,1,2020-10-07_10h59.29.953,Tse_Altarriba_Simon,3.2.4,MacIntel,60,,,z,1,0.532000065,1,0,60,20,1,59,,,,,,,,
,,,,,,,,,,,,,Images/CongruentLeft.jpeg,Congruent Left,z,001,1,2020-10-07_10h59.29.953,Tse_Altarriba_Simon,3.2.4,MacIntel,60,,,z,1,0.424999952,1,0,60,0,1,59,,,,,,,,
,,,,,,,,,,,,,Images/CongruentRight.jpeg,Congruent Right,m,001,1,2020-10-07_10h59.29.953,Tse_Altarriba_Simon,3.2.4,MacIntel,60,,,m,1,0.479000092,1,0,60,13,1,59,,,,,,,,
,,,,,,,,,,,,,Images/CongruentRight.jpeg,Congruent Right,m,001,1,2020-10-07_10h59.29.953,Tse_Altarriba_Simon,3.2.4,MacIntel,60,,,m,1,0.47300005,1,0,60,16,1,59,,,,,,,,
,,,,,,,,,,,,,Images/IncongruentLeft.jpeg,Incongruent Left,z,001,1,2020-10-07_10h59.29.953,Tse_Altarriba_Simon,3.2.4,MacIntel,60,,,m,0,0.463999987,1,0,60,25,1,59,,,,,,,,
,,,,,,,,,,,,,Images/NeutralLeft.jpeg,Neutral Left,z,001,1,2020-10-07_10h59.29.953,Tse_Altarriba_Simon,3.2.4,MacIntel,60,,,z,1,0.427999973,1,0,60,41,1,59,,,,,,,,
,,,,,,,,,,,,,Images/NeurtalRight.jpeg,Neutral Right,m,001,1,2020-10-07_10h59.29.953,Tse_Altarriba_Simon,3.2.4,MacIntel,60,,,m,1,0.451999903,1,0,60,54,1,59,,,,,,,,
,,,,,,,,,,,,,Images/CongruentRight.jpeg,Congruent Right,m,001,1,2020-10-07_10h59.29.953,Tse_Altarriba_Simon,3.2.4,MacIntel,60,,,m,1,0.601000071,1,0,60,10,1,59,,,,,,,,
,,,,,,,,,,,,,Images/CongruentLeft.jpeg,Congruent Left,z,001,1,2020-10-07_10h59.29.953,Tse_Altarriba_Simon,3.2.4,MacIntel,60,,,z,1,0.391000032,1,0,60,1,1,59,,,,,,,,
,,,,,,,,,,,,,Images/NeutralLeft.jpeg,Neutral Left,z,001,1,2020-10-07_10h59.29.953,Tse_Altarriba_Simon,3.2.4,MacIntel,60,,,z,1,0.437999964,1,0,60,40,1,59,,,,,,,,
,,,,,,,,,,,,,Images/IncongruentRight.jpeg,Incongruent Right,m,001,1,2020-10-07_10h59.29.953,Tse_Altarriba_Simon,3.2.4,MacIntel,60,,,m,1,0.523000002,1,0,60,32,1,59,,,,,,,,
,,,,,,,,,,,,,Images/CongruentLeft.jpeg,Congruent Left,z,001,1,2020-10-07_10h59.29.953,Tse_Altarriba_Simon,3.2.4,MacIntel,60,,,z,1,0.44900012,1,0,60,6,1,59,,,,,,,,
,,,,,,,,,,,,,Images/IncongruentLeft.jpeg,Incongruent Left,z,001,1,2020-10-07_10h59.29.953,Tse_Altarriba_Simon,3.2.4,MacIntel,60,,,z,1,0.799000025,1,0,60,26,1,59,,,,,,,,
,,,,,,,,,,,,,Images/IncongruentLeft.jpeg,Incongruent Left,z,001,1,2020-10-07_10h59.29.953,Tse_Altarriba_Simon,3.2.4,MacIntel,60,,,z,1,0.52699995,1,0,60,23,1,59,,,,,,,,
,,,,,,,,,,,,,Images/NeutralLeft.jpeg,Neutral Left,z,001,1,2020-10-07_10h59.29.953,Tse_Altarriba_Simon,3.2.4,MacIntel,60,,,z,1,0.579000235,1,0,60,47,1,59,,,,,,,,
,,,,,,,,,,,,,Images/IncongruentRight.jpeg,Incongruent Right,m,001,1,2020-10-07_10h59.29.953,Tse_Altarriba_Simon,3.2.4,MacIntel,60,,,m,1,0.54399991,1,0,60,38,1,59,,,,,,,,
,,,,,,,,,,,,,Images/CongruentLeft.jpeg,Congruent Left,z,001,1,2020-10-07_10h59.29.953,Tse_Altarriba_Simon,3.2.4,MacIntel,60,,,z,1,0.55700016,1,0,60,5,1,59,,,,,,,,
,,,,,,,,,,,,,Images/IncongruentLeft.jpeg,Incongruent Left,z,001,1,2020-10-07_10h59.29.953,Tse_Altarriba_Simon,3.2.4,MacIntel,60,,,z,1,0.657000065,1,0,60,28,1,59,,,,,,,,
,,,,,,,,,,,,,Images/NeutralLeft.jpeg,Neutral Left,z,001,1,2020-10-07_10h59.29.953,Tse_Altarriba_Simon,3.2.4,MacIntel,60,,,,0,,1,0,60,43,1,59,,,,,,,,
,,,,,,,,,,,,,Images/IncongruentRight.jpeg,Incongruent Right,m,001,1,2020-10-07_10h59.29.953,Tse_Altarriba_Simon,3.2.4,MacIntel,60,,,m,1,0.875999928,1,0,60,31,1,59,,,,,,,,
,,,,,,,,,,,,,Images/NeurtalRight.jpeg,Neutral Right,m,001,1,2020-10-07_10h59.29.953,Tse_Altarriba_Simon,3.2.4,MacIntel,60,,,m,1,0.61500001,1,0,60,57,1,59,,,,,,,,
,,,,,,,,,,,,,Images/NeurtalRight.jpeg,Neutral Right,m,001,1,2020-10-07_10h59.29.953,Tse_Altarriba_Simon,3.2.4,MacIntel,60,,,m,1,0.650000095,1,0,60,53,1,59,,,,,,,,
,,,,,,,,,,,,,Images/IncongruentRight.jpeg,Incongruent Right,m,001,1,2020-10-07_10h59.29.953,Tse_Altarriba_Simon,3.2.4,MacIntel,60,,,m,1,0.647000074,1,0,60,34,1,59,,,,,,,,
,,,,,,,,,,,,,Images/IncongruentLeft.jpeg,Incongruent Left,z,001,1,2020-10-07_10h59.29.953,Tse_Altarriba_Simon,3.2.4,MacIntel,60,,,z,1,0.562999964,1,0,60,24,1,59,,,,,,,,
,,,,,,,,,,,,,Images/IncongruentRight.jpeg,Incongruent Right,m,001,1,2020-10-07_10h59.29.953,Tse_Altarriba_Simon,3.2.4,MacIntel,60,,,m,1,0.611000061,1,0,60,37,1,59,,,,,,,,
,,,,,,,,,,,,,Images/NeurtalRight.jpeg,Neutral Right,m,001,1,2020-10-07_10h59.29.953,Tse_Altarriba_Simon,3.2.4,MacIntel,60,,,m,1,0.77699995,1,0,60,58,1,59,,,,,,,,
,,,,,,,,,,,,,Images/CongruentLeft.jpeg,Congruent Left,z,001,1,2020-10-07_10h59.29.953,Tse_Altarriba_Simon,3.2.4,MacIntel,60,,,z,1,0.534000158,1,0,60,2,1,59,,,,,,,,
,,,,,,,,,,,,,Images/NeurtalRight.jpeg,Neutral Right,m,001,1,2020-10-07_10h59.29.953,Tse_Altarriba_Simon,3.2.4,MacIntel,60,,,m,1,0.561000109,1,0,60,51,1,59,,,,,,,,
,,,,,,,,,,,,,Images/IncongruentRight.jpeg,Incongruent Right,m,001,1,2020-10-07_10h59.29.953,Tse_Altarriba_Simon,3.2.4,MacIntel,60,,,m,1,0.63499999,1,0,60,33,1,59,,,,,,,,
,,,,,,,,,,,,,Images/IncongruentLeft.jpeg,Incongruent Left,z,001,1,2020-10-07_10h59.29.953,Tse_Altarriba_Simon,3.2.4,MacIntel,60,,,z,1,0.63499999,1,0,60,29,1,59,,,,,,,,
,,,,,,,,,,,,,Images/IncongruentLeft.jpeg,Incongruent Left,z,001,1,2020-10-07_10h59.29.953,Tse_Altarriba_Simon,3.2.4,MacIntel,60,,,z,1,0.580000162,1,0,60,21,1,59,,,,,,,,
,,,,,,,,,,,,,Images/NeurtalRight.jpeg,Neutral Right,m,001,1,2020-10-07_10h59.29.953,Tse_Altarriba_Simon,3.2.4,MacIntel,60,,,m,1,0.629999876,1,0,60,55,1,59,,,,,,,,
,,,,,,,,,,,,,Images/CongruentRight.jpeg,Congruent Right,m,001,1,2020-10-07_10h59.29.953,Tse_Altarriba_Simon,3.2.4,MacIntel,60,,,m,1,0.612999916,1,0,60,14,1,59,,,,,,,,
,,,,,,,,,,,,,Images/CongruentRight.jpeg,Congruent Right,m,001,1,2020-10-07_10h59.29.953,Tse_Altarriba_Simon,3.2.4,MacIntel,60,,,m,1,0.51699996,1,0,60,17,1,59,,,,,,,,
,,,,,,,,,,,,,Images/CongruentRight.jpeg,Congruent Right,m,001,1,2020-10-07_10h59.29.953,Tse_Altarriba_Simon,3.2.4,MacIntel,60,,,m,1,0.467999935,1,0,60,18,1,59,,,,,,,,
,,,,,,,,,,,,,Images/CongruentLeft.jpeg,Congruent Left,z,001,1,2020-10-07_10h59.29.953,Tse_Altarriba_Simon,3.2.4,MacIntel,60,,,z,1,0.52300024,1,0,60,4,1,59,,,,,,,,
,,,,,,,,,,,,,Images/IncongruentLeft.jpeg,Incongruent Left,z,001,1,2020-10-07_10h59.29.953,Tse_Altarriba_Simon,3.2.4,MacIntel,60,,,z,1,0.799000025,,,,,,,space,21.87299991,1,0,60,29,1,59
,,,,,,,,,,,,,Images/NeurtalRight.jpeg,Neutral Right,m,001,1,2020-10-07_10h59.29.953,Tse_Altarriba_Simon,3.2.4,MacIntel,60,,,m,1,0.483999968,,,,,,,,,1,0,60,59,1,59
,,,,,,,,,,,,,Images/CongruentRight.jpeg,Congruent Right,m,001,1,2020-10-07_10h59.29.953,Tse_Altarriba_Simon,3.2.4,MacIntel,60,,,m,1,0.508999825,,,,,,,,,1,0,60,15,1,59
,,,,,,,,,,,,,Images/NeurtalRight.jpeg,Neutral Right,m,001,1,2020-10-07_10h59.29.953,Tse_Altarriba_Simon,3.2.4,MacIntel,60,,,m,1,0.383000135,,,,,,,,,1,0,60,55,1,59
,,,,,,,,,,,,,Images/IncongruentLeft.jpeg,Incongruent Left,z,001,1,2020-10-07_10h59.29.953,Tse_Altarriba_Simon,3.2.4,MacIntel,60,,,z,1,0.465999842,,,,,,,,,1,0,60,28,1,59
,,,,,,,,,,,,,Images/NeurtalRight.jpeg,Neutral Right,m,001,1,2020-10-07_10h59.29.953,Tse_Altarriba_Simon,3.2.4,MacIntel,60,,,m,1,0.441999912,,,,,,,,,1,0,60,58,1,59
,,,,,,,,,,,,,Images/IncongruentRight.jpeg,Incongruent Right,m,001,1,2020-10-07_10h59.29.953,Tse_Altarriba_Simon,3.2.4,MacIntel,60,,,m,1,0.526000023,,,,,,,,,1,0,60,37,1,59
,,,,,,,,,,,,,Images/NeutralLeft.jpeg,Neutral Left,z,001,1,2020-10-07_10h59.29.953,Tse_Altarriba_Simon,3.2.4,MacIntel,60,,,z,1,0.421999931,,,,,,,,,1,0,60,41,1,59
,,,,,,,,,,,,,Images/IncongruentRight.jpeg,Incongruent Right,m,001,1,2020-10-07_10h59.29.953,Tse_Altarriba_Simon,3.2.4,MacIntel,60,,,m,1,0.517999887,,,,,,,,,1,0,60,32,1,59
,,,,,,,,,,,,,Images/IncongruentRight.jpeg,Incongruent Right,m,001,1,2020-10-07_10h59.29.953,Tse_Altarriba_Simon,3.2.4,MacIntel,60,,,m,1,0.490999937,,,,,,,,,1,0,60,34,1,59
,,,,,,,,,,,,,Images/IncongruentLeft.jpeg,Incongruent Left,z,001,1,2020-10-07_10h59.29.953,Tse_Altarriba_Simon,3.2.4,MacIntel,60,,,z,1,0.427999973,,,,,,,,,1,0,60,26,1,59
,,,,,,,,,,,,,Images/CongruentLeft.jpeg,Congruent Left,z,001,1,2020-10-07_10h59.29.953,Tse_Altarriba_Simon,3.2.4,MacIntel,60,,,z,1,0.621999979,,,,,,,,,1,0,60,0,1,59
,,,,,,,,,,,,,Images/CongruentLeft.jpeg,Congruent Left,z,001,1,2020-10-07_10h59.29.953,Tse_Altarriba_Simon,3.2.4,MacIntel,60,,,z,1,0.450000048,,,,,,,,,1,0,60,7,1,59
,,,,,,,,,,,,,Images/NeutralLeft.jpeg,Neutral Left,z,001,1,2020-10-07_10h59.29.953,Tse_Altarriba_Simon,3.2.4,MacIntel,60,,,z,1,0.42599988,,,,,,,,,1,0,60,43,1,59
,,,,,,,,,,,,,Images/NeurtalRight.jpeg,Neutral Right,m,001,1,2020-10-07_10h59.29.953,Tse_Altarriba_Simon,3.2.4,MacIntel,60,,,m,1,0.441000223,,,,,,,,,1,0,60,50,1,59
,,,,,,,,,,,,,Images/IncongruentLeft.jpeg,Incongruent Left,z,001,1,2020-10-07_10h59.29.953,Tse_Altarriba_Simon,3.2.4,MacIntel,60,,,z,1,0.492000103,,,,,,,,,1,0,60,21,1,59
,,,,,,,,,,,,,Images/NeutralLeft.jpeg,Neutral Left,z,001,1,2020-10-07_10h59.29.953,Tse_Altarriba_Simon,3.2.4,MacIntel,60,,,z,1,0.453999996,,,,,,,,,1,0,60,40,1,59
,,,,,,,,,,,,,Images/CongruentRight.jpeg,Congruent Right,m,001,1,2020-10-07_10h59.29.953,Tse_Altarriba_Simon,3.2.4,MacIntel,60,,,m,1,0.459000111,,,,,,,,,1,0,60,10,1,59
,,,,,,,,,,,,,Images/CongruentRight.jpeg,Congruent Right,m,001,1,2020-10-07_10h59.29.953,Tse_Altarriba_Simon,3.2.4,MacIntel,60,,,m,1,0.436000109,,,,,,,,,1,0,60,17,1,59
,,,,,,,,,,,,,Images/CongruentLeft.jpeg,Congruent Left,z,001,1,2020-10-07_10h59.29.953,Tse_Altarriba_Simon,3.2.4,MacIntel,60,,,z,1,0.39199996,,,,,,,,,1,0,60,9,1,59
,,,,,,,,,,,,,Images/IncongruentLeft.jpeg,Incongruent Left,z,001,1,2020-10-07_10h59.29.953,Tse_Altarriba_Simon,3.2.4,MacIntel,60,,,z,1,0.55700016,,,,,,,,,1,0,60,20,1,59
,,,,,,,,,,,,,Images/IncongruentRight.jpeg,Incongruent Right,m,001,1,2020-10-07_10h59.29.953,Tse_Altarriba_Simon,3.2.4,MacIntel,60,,,m,1,0.486000061,,,,,,,,,1,0,60,39,1,59
,,,,,,,,,,,,,Images/IncongruentRight.jpeg,Incongruent Right,m,001,1,2020-10-07_10h59.29.953,Tse_Altarriba_Simon,3.2.4,MacIntel,60,,,m,1,0.465999842,,,,,,,,,1,0,60,33,1,59
,,,,,,,,,,,,,Images/IncongruentRight.jpeg,Incongruent Right,m,001,1,2020-10-07_10h59.29.953,Tse_Altarriba_Simon,3.2.4,MacIntel,60,,,m,1,0.448999882,,,,,,,,,1,0,60,38,1,59
,,,,,,,,,,,,,Images/IncongruentRight.jpeg,Incongruent Right,m,001,1,2020-10-07_10h59.29.953,Tse_Altarriba_Simon,3.2.4,MacIntel,60,,,m,1,0.452000141,,,,,,,,,1,0,60,35,1,59
,,,,,,,,,,,,,Images/CongruentLeft.jpeg,Congruent Left,z,001,1,2020-10-07_10h59.29.953,Tse_Altarriba_Simon,3.2.4,MacIntel,60,,,z,1,0.571000099,,,,,,,,,1,0,60,2,1,59
,,,,,,,,,,,,,Images/CongruentRight.jpeg,Congruent Right,m,001,1,2020-10-07_10h59.29.953,Tse_Altarriba_Simon,3.2.4,MacIntel,60,,,m,1,0.596000195,,,,,,,,,1,0,60,11,1,59
,,,,,,,,,,,,,Images/NeutralLeft.jpeg,Neutral Left,z,001,1,2020-10-07_10h59.29.953,Tse_Altarriba_Simon,3.2.4,MacIntel,60,,,z,1,0.507999897,,,,,,,,,1,0,60,44,1,59
,,,,,,,,,,,,,Images/IncongruentLeft.jpeg,Incongruent Left,z,001,1,2020-10-07_10h59.29.953,Tse_Altarriba_Simon,3.2.4,MacIntel,60,,,z,1,0.519000053,,,,,,,,,1,0,60,22,1,59
,,,,,,,,,,,,,Images/IncongruentRight.jpeg,Incongruent Right,m,001,1,2020-10-07_10h59.29.953,Tse_Altarriba_Simon,3.2.4,MacIntel,60,,,m,1,0.520999908,,,,,,,,,1,0,60,36,1,59
,,,,,,,,,,,,,Images/CongruentRight.jpeg,Congruent Right,m,001,1,2020-10-07_10h59.29.953,Tse_Altarriba_Simon,3.2.4,MacIntel,60,,,m,1,0.5,,,,,,,,,1,0,60,19,1,59
,,,,,,,,,,,,,Images/CongruentRight.jpeg,Congruent Right,m,001,1,2020-10-07_10h59.29.953,Tse_Altarriba_Simon,3.2.4,MacIntel,60,,,m,1,0.47300005,,,,,,,,,1,0,60,13,1,59
,,,,,,,,,,,,,Images/IncongruentRight.jpeg,Incongruent Right,m,001,1,2020-10-07_10h59.29.953,Tse_Altarriba_Simon,3.2.4,MacIntel,60,,,m,1,0.515000105,,,,,,,,,1,0,60,30,1,59
,,,,,,,,,,,,,Images/NeurtalRight.jpeg,Neutral Right,m,001,1,2020-10-07_10h59.29.953,Tse_Altarriba_Simon,3.2.4,MacIntel,60,,,m,1,0.40899992,,,,,,,,,1,0,60,56,1,59
,,,,,,,,,,,,,Images/IncongruentLeft.jpeg,Incongruent Left,z,001,1,2020-10-07_10h59.29.953,Tse_Altarriba_Simon,3.2.4,MacIntel,60,,,z,1,0.514000177,,,,,,,,,1,0,60,23,1,59
,,,,,,,,,,,,,Images/NeutralLeft.jpeg,Neutral Left,z,001,1,2020-10-07_10h59.29.953,Tse_Altarriba_Simon,3.2.4,MacIntel,60,,,z,1,0.449999809,,,,,,,,,1,0,60,45,1,59
,,,,,,,,,,,,,Images/NeutralLeft.jpeg,Neutral Left,z,001,1,2020-10-07_10h59.29.953,Tse_Altarriba_Simon,3.2.4,MacIntel,60,,,z,1,0.435000181,,,,,,,,,1,0,60,42,1,59
,,,,,,,,,,,,,Images/NeurtalRight.jpeg,Neutral Right,m,001,1,2020-10-07_10h59.29.953,Tse_Altarriba_Simon,3.2.4,MacIntel,60,,,m,1,0.458000183,,,,,,,,,1,0,60,53,1,59
,,,,,,,,,,,,,Images/CongruentLeft.jpeg,Congruent Left,z,001,1,2020-10-07_10h59.29.953,Tse_Altarriba_Simon,3.2.4,MacIntel,60,,,z,1,0.501999855,,,,,,,,,1,0,60,4,1,59
,,,,,,,,,,,,,Images/NeurtalRight.jpeg,Neutral Right,m,001,1,2020-10-07_10h59.29.953,Tse_Altarriba_Simon,3.2.4,MacIntel,60,,,m,1,1.348999977,,,,,,,,,1,0,60,52,1,59
,,,,,,,,,,,,,Images/NeurtalRight.jpeg,Neutral Right,m,001,1,2020-10-07_10h59.29.953,Tse_Altarriba_Simon,3.2.4,MacIntel,60,,,m,1,0.807999849,,,,,,,,,1,0,60,51,1,59
,,,,,,,,,,,,,Images/CongruentRight.jpeg,Congruent Right,m,001,1,2020-10-07_10h59.29.953,Tse_Altarriba_Simon,3.2.4,MacIntel,60,,,m,1,0.417999983,,,,,,,,,1,0,60,14,1,59
,,,,,,,,,,,,,Images/CongruentLeft.jpeg,Congruent Left,z,001,1,2020-10-07_10h59.29.953,Tse_Altarriba_Simon,3.2.4,MacIntel,60,,,z,1,0.406000137,,,,,,,,,1,0,60,5,1,59
,,,,,,,,,,,,,Images/NeurtalRight.jpeg,Neutral Right,m,001,1,2020-10-07_10h59.29.953,Tse_Altarriba_Simon,3.2.4,MacIntel,60,,,m,1,0.374000072,,,,,,,,,1,0,60,54,1,59
,,,,,,,,,,,,,Images/CongruentRight.jpeg,Congruent Right,m,001,1,2020-10-07_10h59.29.953,Tse_Altarriba_Simon,3.2.4,MacIntel,60,,,m,1,0.497999907,,,,,,,,,1,0,60,18,1,59
,,,,,,,,,,,,,Images/NeutralLeft.jpeg,Neutral Left,z,001,1,2020-10-07_10h59.29.953,Tse_Altarriba_Simon,3.2.4,MacIntel,60,,,z,1,0.440000057,,,,,,,,,1,0,60,49,1,59
,,,,,,,,,,,,,Images/CongruentLeft.jpeg,Congruent Left,z,001,1,2020-10-07_10h59.29.953,Tse_Altarriba_Simon,3.2.4,MacIntel,60,,,z,1,0.482000113,,,,,,,,,1,0,60,6,1,59
,,,,,,,,,,,,,Images/IncongruentRight.jpeg,Incongruent Right,m,001,1,2020-10-07_10h59.29.953,Tse_Altarriba_Simon,3.2.4,MacIntel,60,,,m,1,0.501000166,,,,,,,,,1,0,60,31,1,59
,,,,,,,,,,,,,Images/NeurtalRight.jpeg,Neutral Right,m,001,1,2020-10-07_10h59.29.953,Tse_Altarriba_Simon,3.2.4,MacIntel,60,,,m,1,0.371000051,,,,,,,,,1,0,60,57,1,59
,,,,,,,,,,,,,Images/NeutralLeft.jpeg,Neutral Left,z,001,1,2020-10-07_10h59.29.953,Tse_Altarriba_Simon,3.2.4,MacIntel,60,,,z,1,0.458000183,,,,,,,,,1,0,60,47,1,59
,,,,,,,,,,,,,Images/CongruentLeft.jpeg,Congruent Left,z,001,1,2020-10-07_10h59.29.953,Tse_Altarriba_Simon,3.2.4,MacIntel,60,,,z,1,0.447999954,,,,,,,,,1,0,60,1,1,59
,,,,,,,,,,,,,Images/CongruentLeft.jpeg,Congruent Left,z,001,1,2020-10-07_10h59.29.953,Tse_Altarriba_Simon,3.2.4,MacIntel,60,,,z,1,0.489000082,,,,,,,,,1,0,60,8,1,59
,,,,,,,,,,,,,Images/CongruentRight.jpeg,Congruent Right,m,001,1,2020-10-07_10h59.29.953,Tse_Altarriba_Simon,3.2.4,MacIntel,60,,,m,1,0.440999985,,,,,,,,,1,0,60,12,1,59
,,,,,,,,,,,,,Images/NeutralLeft.jpeg,Neutral Left,z,001,1,2020-10-07_10h59.29.953,Tse_Altarriba_Simon,3.2.4,MacIntel,60,,,z,1,0.407999992,,,,,,,,,1,0,60,46,1,59
,,,,,,,,,,,,,Images/IncongruentLeft.jpeg,Incongruent Left,z,001,1,2020-10-07_10h59.29.953,Tse_Altarriba_Simon,3.2.4,MacIntel,60,,,m,0,0.457999945,,,,,,,,,1,0,60,24,1,59
,,,,,,,,,,,,,Images/NeutralLeft.jpeg,Neutral Left,z,001,1,2020-10-07_10h59.29.953,Tse_Altarriba_Simon,3.2.4,MacIntel,60,,,z,1,0.384000063,,,,,,,,,1,0,60,48,1,59
,,,,,,,,,,,,,Images/IncongruentLeft.jpeg,Incongruent Left,z,001,1,2020-10-07_10h59.29.953,Tse_Altarriba_Simon,3.2.4,MacIntel,60,,,m,0,0.451000214,,,,,,,,,1,0,60,25,1,59
,,,,,,,,,,,,,Images/CongruentLeft.jpeg,Congruent Left,z,001,1,2020-10-07_10h59.29.953,Tse_Altarriba_Simon,3.2.4,MacIntel,60,,,z,1,0.43599987,,,,,,,,,1,0,60,3,1,59
,,,,,,,,,,,,,Images/IncongruentLeft.jpeg,Incongruent Left,z,001,1,2020-10-07_10h59.29.953,Tse_Altarriba_Simon,3.2.4,MacIntel,60,,,z,1,0.705000162,,,,,,,,,1,0,60,27,1,59
,,,,,,,,,,,,,Images/CongruentRight.jpeg,Congruent Right,m,001,1,2020-10-07_10h59.29.953,Tse_Altarriba_Simon,3.2.4,MacIntel,60,,,m,1,0.548000097,,,,,,,,,1,0,60,16,1,59
