Space1.keys,Space1.rt,Space2.keys,Space2.rt,key_resp.keys,key_resp.corr,key_resp.rt,Practice_loop.thisRepN,Practice_loop.thisTrialN,Practice_loop.thisN,Practice_loop.thisIndex,Practice_loop.ran,Practice_loop.order,ImageFile,Condition,CorrAns,session,participant,date,expName,psychopyVersion,OS,frameRate
space,2.41899991,space,2.911000013,m,0,3.092000008,1,0,12,5,1,11,Images/IncongruentLeft.jpeg,Incongruent Left,z,001,3013,2021-02-08_14h22.49.092,Tse_Altarriba_Simon,3.2.4,MacIntel,60
,,,,z,0,0.333000183,1,0,12,11,1,11,Images/NeurtalRight.jpeg,Neutral Right,m,001,3013,2021-02-08_14h22.49.092,Tse_Altarriba_Simon,3.2.4,MacIntel,60
,,,,m,0,0.319000006,1,0,12,0,1,11,Images/CongruentLeft.jpeg,Congruent Left,z,001,3013,2021-02-08_14h22.49.092,Tse_Altarriba_Simon,3.2.4,MacIntel,60
,,,,,0,,1,0,12,10,1,11,Images/NeurtalRight.jpeg,Neutral Right,m,001,3013,2021-02-08_14h22.49.092,Tse_Altarriba_Simon,3.2.4,MacIntel,60
