Space1.keys,Space1.rt,Space2.keys,Space2.rt,response.keys,response.corr,response.rt,Practice_loop.thisRepN,Practice_loop.thisTrialN,Practice_loop.thisN,Practice_loop.thisIndex,Practice_loop.ran,ImageFile,Condition,CorrAns,Your initials,What is your age?,What is your gender?,What year are you in?,Are you Dyslexic? (Y/N),Are you bi/multilingual? (Y/N),What is your first language?,"What is your second language? (if you are monollingual, leave blank)",What other languages do you speak?,date,expName,psychopyVersion,OS,frameRate,participant,Space3.keys,Space3.rt,key_resp_2.keys,key_resp_2.corr,key_resp_2.rt,trials.thisRepN,trials.thisTrialN,trials.thisN,trials.thisIndex,trials.ran,Space4.keys,Space4.rt,trials_2.thisRepN,trials_2.thisTrialN,trials_2.thisN,trials_2.thisIndex,trials_2.ran
space,2.384,space,16.066,m,1,0.707,0,0,0,3,1,Images/CongruentRight.jpeg,Congruent Right,m,J,20,female ,second year ,N,Y,Chinese,English ,/,2021-02-27_14h04.53.885,Tse_Altarriba_Simon1,2020.1.2,MacIntel,60,3022,,,,,,,,,,,,,,,,,
,,,,z,1,0.596,0,1,1,9,1,Images/NeutralLeft.jpeg,Neutral Left,z,J,20,female ,second year ,N,Y,Chinese,English ,/,2021-02-27_14h04.53.885,Tse_Altarriba_Simon1,2020.1.2,MacIntel,60,3022,,,,,,,,,,,,,,,,,
,,,,z,1,0.417,0,2,2,8,1,Images/NeutralLeft.jpeg,Neutral Left,z,J,20,female ,second year ,N,Y,Chinese,English ,/,2021-02-27_14h04.53.885,Tse_Altarriba_Simon1,2020.1.2,MacIntel,60,3022,,,,,,,,,,,,,,,,,
,,,,z,1,0.431,0,3,3,1,1,Images/CongruentLeft.jpeg,Congruent Left,z,J,20,female ,second year ,N,Y,Chinese,English ,/,2021-02-27_14h04.53.885,Tse_Altarriba_Simon1,2020.1.2,MacIntel,60,3022,,,,,,,,,,,,,,,,,
,,,,m,1,0.321,0,4,4,2,1,Images/CongruentRight.jpeg,Congruent Right,m,J,20,female ,second year ,N,Y,Chinese,English ,/,2021-02-27_14h04.53.885,Tse_Altarriba_Simon1,2020.1.2,MacIntel,60,3022,,,,,,,,,,,,,,,,,
,,,,m,1,0.458,0,5,5,11,1,Images/NeurtalRight.jpeg,Neutral Right,m,J,20,female ,second year ,N,Y,Chinese,English ,/,2021-02-27_14h04.53.885,Tse_Altarriba_Simon1,2020.1.2,MacIntel,60,3022,,,,,,,,,,,,,,,,,
,,,,m,1,0.528,0,6,6,7,1,Images/IncongruentRight.jpeg,Incongruent Right,m,J,20,female ,second year ,N,Y,Chinese,English ,/,2021-02-27_14h04.53.885,Tse_Altarriba_Simon1,2020.1.2,MacIntel,60,3022,,,,,,,,,,,,,,,,,
,,,,m,1,0.396,0,7,7,10,1,Images/NeurtalRight.jpeg,Neutral Right,m,J,20,female ,second year ,N,Y,Chinese,English ,/,2021-02-27_14h04.53.885,Tse_Altarriba_Simon1,2020.1.2,MacIntel,60,3022,,,,,,,,,,,,,,,,,
,,,,z,1,0.334,0,8,8,0,1,Images/CongruentLeft.jpeg,Congruent Left,z,J,20,female ,second year ,N,Y,Chinese,English ,/,2021-02-27_14h04.53.885,Tse_Altarriba_Simon1,2020.1.2,MacIntel,60,3022,,,,,,,,,,,,,,,,,
,,,,z,1,0.417,0,9,9,4,1,Images/IncongruentLeft.jpeg,Incongruent Left,z,J,20,female ,second year ,N,Y,Chinese,English ,/,2021-02-27_14h04.53.885,Tse_Altarriba_Simon1,2020.1.2,MacIntel,60,3022,,,,,,,,,,,,,,,,,
,,,,z,1,0.414,0,10,10,5,1,Images/IncongruentLeft.jpeg,Incongruent Left,z,J,20,female ,second year ,N,Y,Chinese,English ,/,2021-02-27_14h04.53.885,Tse_Altarriba_Simon1,2020.1.2,MacIntel,60,3022,,,,,,,,,,,,,,,,,
,,,,m,1,0.418,0,11,11,6,1,Images/IncongruentRight.jpeg,Incongruent Right,m,J,20,female ,second year ,N,Y,Chinese,English ,/,2021-02-27_14h04.53.885,Tse_Altarriba_Simon1,2020.1.2,MacIntel,60,3022,,,,,,,,,,,,,,,,,
,,,,,,,,,,,,Images/CongruentLeft.jpeg,Congruent Left,z,J,20,female ,second year ,N,Y,Chinese,English ,/,2021-02-27_14h04.53.885,Tse_Altarriba_Simon1,2020.1.2,MacIntel,60,3022,space,8.352,z,1,0.448,0,0,0,9,1,,,,,,,
,,,,,,,,,,,,Images/NeurtalRight.jpeg,Neutral Right,m,J,20,female ,second year ,N,Y,Chinese,English ,/,2021-02-27_14h04.53.885,Tse_Altarriba_Simon1,2020.1.2,MacIntel,60,3022,,,m,1,0.379,0,1,1,56,1,,,,,,,
,,,,,,,,,,,,Images/IncongruentLeft.jpeg,Incongruent Left,z,J,20,female ,second year ,N,Y,Chinese,English ,/,2021-02-27_14h04.53.885,Tse_Altarriba_Simon1,2020.1.2,MacIntel,60,3022,,,z,1,0.42,0,2,2,24,1,,,,,,,
,,,,,,,,,,,,Images/CongruentRight.jpeg,Congruent Right,m,J,20,female ,second year ,N,Y,Chinese,English ,/,2021-02-27_14h04.53.885,Tse_Altarriba_Simon1,2020.1.2,MacIntel,60,3022,,,m,1,0.384,0,3,3,17,1,,,,,,,
,,,,,,,,,,,,Images/IncongruentRight.jpeg,Incongruent Right,m,J,20,female ,second year ,N,Y,Chinese,English ,/,2021-02-27_14h04.53.885,Tse_Altarriba_Simon1,2020.1.2,MacIntel,60,3022,,,m,1,0.43,0,4,4,31,1,,,,,,,
,,,,,,,,,,,,Images/CongruentRight.jpeg,Congruent Right,m,J,20,female ,second year ,N,Y,Chinese,English ,/,2021-02-27_14h04.53.885,Tse_Altarriba_Simon1,2020.1.2,MacIntel,60,3022,,,m,1,0.436,0,5,5,14,1,,,,,,,
,,,,,,,,,,,,Images/CongruentLeft.jpeg,Congruent Left,z,J,20,female ,second year ,N,Y,Chinese,English ,/,2021-02-27_14h04.53.885,Tse_Altarriba_Simon1,2020.1.2,MacIntel,60,3022,,,z,1,0.385,0,6,6,4,1,,,,,,,
,,,,,,,,,,,,Images/NeurtalRight.jpeg,Neutral Right,m,J,20,female ,second year ,N,Y,Chinese,English ,/,2021-02-27_14h04.53.885,Tse_Altarriba_Simon1,2020.1.2,MacIntel,60,3022,,,m,1,0.362,0,7,7,57,1,,,,,,,
,,,,,,,,,,,,Images/NeutralLeft.jpeg,Neutral Left,z,J,20,female ,second year ,N,Y,Chinese,English ,/,2021-02-27_14h04.53.885,Tse_Altarriba_Simon1,2020.1.2,MacIntel,60,3022,,,z,1,0.384,0,8,8,42,1,,,,,,,
,,,,,,,,,,,,Images/NeurtalRight.jpeg,Neutral Right,m,J,20,female ,second year ,N,Y,Chinese,English ,/,2021-02-27_14h04.53.885,Tse_Altarriba_Simon1,2020.1.2,MacIntel,60,3022,,,m,1,0.337,0,9,9,53,1,,,,,,,
,,,,,,,,,,,,Images/CongruentRight.jpeg,Congruent Right,m,J,20,female ,second year ,N,Y,Chinese,English ,/,2021-02-27_14h04.53.885,Tse_Altarriba_Simon1,2020.1.2,MacIntel,60,3022,,,m,1,0.331,0,10,10,13,1,,,,,,,
,,,,,,,,,,,,Images/IncongruentRight.jpeg,Incongruent Right,m,J,20,female ,second year ,N,Y,Chinese,English ,/,2021-02-27_14h04.53.885,Tse_Altarriba_Simon1,2020.1.2,MacIntel,60,3022,,,m,1,0.38,0,11,11,33,1,,,,,,,
,,,,,,,,,,,,Images/IncongruentRight.jpeg,Incongruent Right,m,J,20,female ,second year ,N,Y,Chinese,English ,/,2021-02-27_14h04.53.885,Tse_Altarriba_Simon1,2020.1.2,MacIntel,60,3022,,,m,1,0.403,0,12,12,35,1,,,,,,,
,,,,,,,,,,,,Images/NeurtalRight.jpeg,Neutral Right,m,J,20,female ,second year ,N,Y,Chinese,English ,/,2021-02-27_14h04.53.885,Tse_Altarriba_Simon1,2020.1.2,MacIntel,60,3022,,,m,1,0.364,0,13,13,58,1,,,,,,,
,,,,,,,,,,,,Images/CongruentLeft.jpeg,Congruent Left,z,J,20,female ,second year ,N,Y,Chinese,English ,/,2021-02-27_14h04.53.885,Tse_Altarriba_Simon1,2020.1.2,MacIntel,60,3022,,,z,1,0.437,0,14,14,1,1,,,,,,,
,,,,,,,,,,,,Images/NeurtalRight.jpeg,Neutral Right,m,J,20,female ,second year ,N,Y,Chinese,English ,/,2021-02-27_14h04.53.885,Tse_Altarriba_Simon1,2020.1.2,MacIntel,60,3022,,,m,1,0.353,0,15,15,50,1,,,,,,,
,,,,,,,,,,,,Images/IncongruentLeft.jpeg,Incongruent Left,z,J,20,female ,second year ,N,Y,Chinese,English ,/,2021-02-27_14h04.53.885,Tse_Altarriba_Simon1,2020.1.2,MacIntel,60,3022,,,z,1,0.401,0,16,16,20,1,,,,,,,
,,,,,,,,,,,,Images/NeutralLeft.jpeg,Neutral Left,z,J,20,female ,second year ,N,Y,Chinese,English ,/,2021-02-27_14h04.53.885,Tse_Altarriba_Simon1,2020.1.2,MacIntel,60,3022,,,z,1,0.367,0,17,17,49,1,,,,,,,
,,,,,,,,,,,,Images/IncongruentRight.jpeg,Incongruent Right,m,J,20,female ,second year ,N,Y,Chinese,English ,/,2021-02-27_14h04.53.885,Tse_Altarriba_Simon1,2020.1.2,MacIntel,60,3022,,,m,1,0.398,0,18,18,32,1,,,,,,,
,,,,,,,,,,,,Images/NeurtalRight.jpeg,Neutral Right,m,J,20,female ,second year ,N,Y,Chinese,English ,/,2021-02-27_14h04.53.885,Tse_Altarriba_Simon1,2020.1.2,MacIntel,60,3022,,,m,1,0.348,0,19,19,51,1,,,,,,,
,,,,,,,,,,,,Images/IncongruentLeft.jpeg,Incongruent Left,z,J,20,female ,second year ,N,Y,Chinese,English ,/,2021-02-27_14h04.53.885,Tse_Altarriba_Simon1,2020.1.2,MacIntel,60,3022,,,z,1,0.375,0,20,20,22,1,,,,,,,
,,,,,,,,,,,,Images/CongruentLeft.jpeg,Congruent Left,z,J,20,female ,second year ,N,Y,Chinese,English ,/,2021-02-27_14h04.53.885,Tse_Altarriba_Simon1,2020.1.2,MacIntel,60,3022,,,z,1,0.382,0,21,21,6,1,,,,,,,
,,,,,,,,,,,,Images/CongruentRight.jpeg,Congruent Right,m,J,20,female ,second year ,N,Y,Chinese,English ,/,2021-02-27_14h04.53.885,Tse_Altarriba_Simon1,2020.1.2,MacIntel,60,3022,,,m,1,0.327,0,22,22,15,1,,,,,,,
,,,,,,,,,,,,Images/NeutralLeft.jpeg,Neutral Left,z,J,20,female ,second year ,N,Y,Chinese,English ,/,2021-02-27_14h04.53.885,Tse_Altarriba_Simon1,2020.1.2,MacIntel,60,3022,,,z,1,0.349,0,23,23,45,1,,,,,,,
,,,,,,,,,,,,Images/CongruentRight.jpeg,Congruent Right,m,J,20,female ,second year ,N,Y,Chinese,English ,/,2021-02-27_14h04.53.885,Tse_Altarriba_Simon1,2020.1.2,MacIntel,60,3022,,,m,1,0.314,0,24,24,12,1,,,,,,,
,,,,,,,,,,,,Images/IncongruentLeft.jpeg,Incongruent Left,z,J,20,female ,second year ,N,Y,Chinese,English ,/,2021-02-27_14h04.53.885,Tse_Altarriba_Simon1,2020.1.2,MacIntel,60,3022,,,z,1,0.349,0,25,25,29,1,,,,,,,
,,,,,,,,,,,,Images/NeurtalRight.jpeg,Neutral Right,m,J,20,female ,second year ,N,Y,Chinese,English ,/,2021-02-27_14h04.53.885,Tse_Altarriba_Simon1,2020.1.2,MacIntel,60,3022,,,m,1,0.338,0,26,26,59,1,,,,,,,
,,,,,,,,,,,,Images/NeurtalRight.jpeg,Neutral Right,m,J,20,female ,second year ,N,Y,Chinese,English ,/,2021-02-27_14h04.53.885,Tse_Altarriba_Simon1,2020.1.2,MacIntel,60,3022,,,m,1,0.347,0,27,27,55,1,,,,,,,
,,,,,,,,,,,,Images/CongruentLeft.jpeg,Congruent Left,z,J,20,female ,second year ,N,Y,Chinese,English ,/,2021-02-27_14h04.53.885,Tse_Altarriba_Simon1,2020.1.2,MacIntel,60,3022,,,z,1,0.364,0,28,28,3,1,,,,,,,
,,,,,,,,,,,,Images/CongruentRight.jpeg,Congruent Right,m,J,20,female ,second year ,N,Y,Chinese,English ,/,2021-02-27_14h04.53.885,Tse_Altarriba_Simon1,2020.1.2,MacIntel,60,3022,,,m,1,0.298,0,29,29,16,1,,,,,,,
,,,,,,,,,,,,Images/NeutralLeft.jpeg,Neutral Left,z,J,20,female ,second year ,N,Y,Chinese,English ,/,2021-02-27_14h04.53.885,Tse_Altarriba_Simon1,2020.1.2,MacIntel,60,3022,,,z,1,0.331,0,30,30,43,1,,,,,,,
,,,,,,,,,,,,Images/CongruentRight.jpeg,Congruent Right,m,J,20,female ,second year ,N,Y,Chinese,English ,/,2021-02-27_14h04.53.885,Tse_Altarriba_Simon1,2020.1.2,MacIntel,60,3022,,,m,1,0.314,0,31,31,18,1,,,,,,,
,,,,,,,,,,,,Images/NeurtalRight.jpeg,Neutral Right,m,J,20,female ,second year ,N,Y,Chinese,English ,/,2021-02-27_14h04.53.885,Tse_Altarriba_Simon1,2020.1.2,MacIntel,60,3022,,,m,1,0.364,0,32,32,52,1,,,,,,,
,,,,,,,,,,,,Images/NeutralLeft.jpeg,Neutral Left,z,J,20,female ,second year ,N,Y,Chinese,English ,/,2021-02-27_14h04.53.885,Tse_Altarriba_Simon1,2020.1.2,MacIntel,60,3022,,,z,1,0.371,0,33,33,48,1,,,,,,,
,,,,,,,,,,,,Images/CongruentRight.jpeg,Congruent Right,m,J,20,female ,second year ,N,Y,Chinese,English ,/,2021-02-27_14h04.53.885,Tse_Altarriba_Simon1,2020.1.2,MacIntel,60,3022,,,m,1,0.313,0,34,34,19,1,,,,,,,
,,,,,,,,,,,,Images/IncongruentLeft.jpeg,Incongruent Left,z,J,20,female ,second year ,N,Y,Chinese,English ,/,2021-02-27_14h04.53.885,Tse_Altarriba_Simon1,2020.1.2,MacIntel,60,3022,,,z,1,0.366,0,35,35,26,1,,,,,,,
,,,,,,,,,,,,Images/IncongruentRight.jpeg,Incongruent Right,m,J,20,female ,second year ,N,Y,Chinese,English ,/,2021-02-27_14h04.53.885,Tse_Altarriba_Simon1,2020.1.2,MacIntel,60,3022,,,m,1,0.364,0,36,36,37,1,,,,,,,
,,,,,,,,,,,,Images/CongruentLeft.jpeg,Congruent Left,z,J,20,female ,second year ,N,Y,Chinese,English ,/,2021-02-27_14h04.53.885,Tse_Altarriba_Simon1,2020.1.2,MacIntel,60,3022,,,m,0,0.423,0,37,37,8,1,,,,,,,
,,,,,,,,,,,,Images/CongruentLeft.jpeg,Congruent Left,z,J,20,female ,second year ,N,Y,Chinese,English ,/,2021-02-27_14h04.53.885,Tse_Altarriba_Simon1,2020.1.2,MacIntel,60,3022,,,z,1,0.346,0,38,38,0,1,,,,,,,
,,,,,,,,,,,,Images/NeutralLeft.jpeg,Neutral Left,z,J,20,female ,second year ,N,Y,Chinese,English ,/,2021-02-27_14h04.53.885,Tse_Altarriba_Simon1,2020.1.2,MacIntel,60,3022,,,z,1,0.359,0,39,39,44,1,,,,,,,
,,,,,,,,,,,,Images/NeutralLeft.jpeg,Neutral Left,z,J,20,female ,second year ,N,Y,Chinese,English ,/,2021-02-27_14h04.53.885,Tse_Altarriba_Simon1,2020.1.2,MacIntel,60,3022,,,z,1,0.356,0,40,40,41,1,,,,,,,
,,,,,,,,,,,,Images/IncongruentLeft.jpeg,Incongruent Left,z,J,20,female ,second year ,N,Y,Chinese,English ,/,2021-02-27_14h04.53.885,Tse_Altarriba_Simon1,2020.1.2,MacIntel,60,3022,,,z,1,0.471,0,41,41,28,1,,,,,,,
,,,,,,,,,,,,Images/IncongruentLeft.jpeg,Incongruent Left,z,J,20,female ,second year ,N,Y,Chinese,English ,/,2021-02-27_14h04.53.885,Tse_Altarriba_Simon1,2020.1.2,MacIntel,60,3022,,,z,1,0.432,0,42,42,25,1,,,,,,,
,,,,,,,,,,,,Images/NeutralLeft.jpeg,Neutral Left,z,J,20,female ,second year ,N,Y,Chinese,English ,/,2021-02-27_14h04.53.885,Tse_Altarriba_Simon1,2020.1.2,MacIntel,60,3022,,,z,1,0.413,0,43,43,46,1,,,,,,,
,,,,,,,,,,,,Images/IncongruentLeft.jpeg,Incongruent Left,z,J,20,female ,second year ,N,Y,Chinese,English ,/,2021-02-27_14h04.53.885,Tse_Altarriba_Simon1,2020.1.2,MacIntel,60,3022,,,z,1,0.4,0,44,44,23,1,,,,,,,
,,,,,,,,,,,,Images/CongruentLeft.jpeg,Congruent Left,z,J,20,female ,second year ,N,Y,Chinese,English ,/,2021-02-27_14h04.53.885,Tse_Altarriba_Simon1,2020.1.2,MacIntel,60,3022,,,z,1,0.337,0,45,45,2,1,,,,,,,
,,,,,,,,,,,,Images/NeurtalRight.jpeg,Neutral Right,m,J,20,female ,second year ,N,Y,Chinese,English ,/,2021-02-27_14h04.53.885,Tse_Altarriba_Simon1,2020.1.2,MacIntel,60,3022,,,m,1,0.403,0,46,46,54,1,,,,,,,
,,,,,,,,,,,,Images/IncongruentRight.jpeg,Incongruent Right,m,J,20,female ,second year ,N,Y,Chinese,English ,/,2021-02-27_14h04.53.885,Tse_Altarriba_Simon1,2020.1.2,MacIntel,60,3022,,,m,1,0.472,0,47,47,34,1,,,,,,,
,,,,,,,,,,,,Images/NeutralLeft.jpeg,Neutral Left,z,J,20,female ,second year ,N,Y,Chinese,English ,/,2021-02-27_14h04.53.885,Tse_Altarriba_Simon1,2020.1.2,MacIntel,60,3022,,,z,1,0.496,0,48,48,40,1,,,,,,,
,,,,,,,,,,,,Images/IncongruentRight.jpeg,Incongruent Right,m,J,20,female ,second year ,N,Y,Chinese,English ,/,2021-02-27_14h04.53.885,Tse_Altarriba_Simon1,2020.1.2,MacIntel,60,3022,,,m,1,0.489,0,49,49,30,1,,,,,,,
,,,,,,,,,,,,Images/CongruentRight.jpeg,Congruent Right,m,J,20,female ,second year ,N,Y,Chinese,English ,/,2021-02-27_14h04.53.885,Tse_Altarriba_Simon1,2020.1.2,MacIntel,60,3022,,,m,1,0.718,0,50,50,11,1,,,,,,,
,,,,,,,,,,,,Images/IncongruentRight.jpeg,Incongruent Right,m,J,20,female ,second year ,N,Y,Chinese,English ,/,2021-02-27_14h04.53.885,Tse_Altarriba_Simon1,2020.1.2,MacIntel,60,3022,,,m,1,0.546,0,51,51,38,1,,,,,,,
,,,,,,,,,,,,Images/CongruentLeft.jpeg,Congruent Left,z,J,20,female ,second year ,N,Y,Chinese,English ,/,2021-02-27_14h04.53.885,Tse_Altarriba_Simon1,2020.1.2,MacIntel,60,3022,,,z,1,0.397,0,52,52,7,1,,,,,,,
,,,,,,,,,,,,Images/IncongruentLeft.jpeg,Incongruent Left,z,J,20,female ,second year ,N,Y,Chinese,English ,/,2021-02-27_14h04.53.885,Tse_Altarriba_Simon1,2020.1.2,MacIntel,60,3022,,,z,1,0.552,0,53,53,21,1,,,,,,,
,,,,,,,,,,,,Images/CongruentRight.jpeg,Congruent Right,m,J,20,female ,second year ,N,Y,Chinese,English ,/,2021-02-27_14h04.53.885,Tse_Altarriba_Simon1,2020.1.2,MacIntel,60,3022,,,m,1,0.485,0,54,54,10,1,,,,,,,
,,,,,,,,,,,,Images/NeutralLeft.jpeg,Neutral Left,z,J,20,female ,second year ,N,Y,Chinese,English ,/,2021-02-27_14h04.53.885,Tse_Altarriba_Simon1,2020.1.2,MacIntel,60,3022,,,z,1,0.389,0,55,55,47,1,,,,,,,
,,,,,,,,,,,,Images/IncongruentRight.jpeg,Incongruent Right,m,J,20,female ,second year ,N,Y,Chinese,English ,/,2021-02-27_14h04.53.885,Tse_Altarriba_Simon1,2020.1.2,MacIntel,60,3022,,,m,1,0.454,0,56,56,39,1,,,,,,,
,,,,,,,,,,,,Images/CongruentLeft.jpeg,Congruent Left,z,J,20,female ,second year ,N,Y,Chinese,English ,/,2021-02-27_14h04.53.885,Tse_Altarriba_Simon1,2020.1.2,MacIntel,60,3022,,,z,1,0.382,0,57,57,5,1,,,,,,,
,,,,,,,,,,,,Images/IncongruentLeft.jpeg,Incongruent Left,z,J,20,female ,second year ,N,Y,Chinese,English ,/,2021-02-27_14h04.53.885,Tse_Altarriba_Simon1,2020.1.2,MacIntel,60,3022,,,z,1,0.439,0,58,58,27,1,,,,,,,
,,,,,,,,,,,,Images/IncongruentRight.jpeg,Incongruent Right,m,J,20,female ,second year ,N,Y,Chinese,English ,/,2021-02-27_14h04.53.885,Tse_Altarriba_Simon1,2020.1.2,MacIntel,60,3022,,,m,1,0.447,0,59,59,36,1,,,,,,,
,,,,,,,,,,,,Images/IncongruentLeft.jpeg,Incongruent Left,z,J,20,female ,second year ,N,Y,Chinese,English ,/,2021-02-27_14h04.53.885,Tse_Altarriba_Simon1,2020.1.2,MacIntel,60,3022,,,z,1,0.422,,,,,,space,7.317,0,0,0,24,1
,,,,,,,,,,,,Images/NeurtalRight.jpeg,Neutral Right,m,J,20,female ,second year ,N,Y,Chinese,English ,/,2021-02-27_14h04.53.885,Tse_Altarriba_Simon1,2020.1.2,MacIntel,60,3022,,,m,1,0.371,,,,,,,,0,1,1,53,1
,,,,,,,,,,,,Images/IncongruentLeft.jpeg,Incongruent Left,z,J,20,female ,second year ,N,Y,Chinese,English ,/,2021-02-27_14h04.53.885,Tse_Altarriba_Simon1,2020.1.2,MacIntel,60,3022,,,z,1,0.381,,,,,,,,0,2,2,26,1
,,,,,,,,,,,,Images/CongruentLeft.jpeg,Congruent Left,z,J,20,female ,second year ,N,Y,Chinese,English ,/,2021-02-27_14h04.53.885,Tse_Altarriba_Simon1,2020.1.2,MacIntel,60,3022,,,z,1,0.382,,,,,,,,0,3,3,9,1
,,,,,,,,,,,,Images/NeutralLeft.jpeg,Neutral Left,z,J,20,female ,second year ,N,Y,Chinese,English ,/,2021-02-27_14h04.53.885,Tse_Altarriba_Simon1,2020.1.2,MacIntel,60,3022,,,z,1,0.383,,,,,,,,0,4,4,41,1
,,,,,,,,,,,,Images/IncongruentRight.jpeg,Incongruent Right,m,J,20,female ,second year ,N,Y,Chinese,English ,/,2021-02-27_14h04.53.885,Tse_Altarriba_Simon1,2020.1.2,MacIntel,60,3022,,,m,1,0.402,,,,,,,,0,5,5,31,1
,,,,,,,,,,,,Images/NeutralLeft.jpeg,Neutral Left,z,J,20,female ,second year ,N,Y,Chinese,English ,/,2021-02-27_14h04.53.885,Tse_Altarriba_Simon1,2020.1.2,MacIntel,60,3022,,,z,1,0.364,,,,,,,,0,6,6,43,1
,,,,,,,,,,,,Images/NeurtalRight.jpeg,Neutral Right,m,J,20,female ,second year ,N,Y,Chinese,English ,/,2021-02-27_14h04.53.885,Tse_Altarriba_Simon1,2020.1.2,MacIntel,60,3022,,,m,1,0.354,,,,,,,,0,7,7,52,1
,,,,,,,,,,,,Images/IncongruentRight.jpeg,Incongruent Right,m,J,20,female ,second year ,N,Y,Chinese,English ,/,2021-02-27_14h04.53.885,Tse_Altarriba_Simon1,2020.1.2,MacIntel,60,3022,,,m,1,0.405,,,,,,,,0,8,8,38,1
,,,,,,,,,,,,Images/NeutralLeft.jpeg,Neutral Left,z,J,20,female ,second year ,N,Y,Chinese,English ,/,2021-02-27_14h04.53.885,Tse_Altarriba_Simon1,2020.1.2,MacIntel,60,3022,,,z,1,0.373,,,,,,,,0,9,9,45,1
,,,,,,,,,,,,Images/NeurtalRight.jpeg,Neutral Right,m,J,20,female ,second year ,N,Y,Chinese,English ,/,2021-02-27_14h04.53.885,Tse_Altarriba_Simon1,2020.1.2,MacIntel,60,3022,,,m,1,0.355,,,,,,,,0,10,10,50,1
,,,,,,,,,,,,Images/IncongruentRight.jpeg,Incongruent Right,m,J,20,female ,second year ,N,Y,Chinese,English ,/,2021-02-27_14h04.53.885,Tse_Altarriba_Simon1,2020.1.2,MacIntel,60,3022,,,m,1,0.448,,,,,,,,0,11,11,35,1
,,,,,,,,,,,,Images/IncongruentRight.jpeg,Incongruent Right,m,J,20,female ,second year ,N,Y,Chinese,English ,/,2021-02-27_14h04.53.885,Tse_Altarriba_Simon1,2020.1.2,MacIntel,60,3022,,,m,1,0.421,,,,,,,,0,12,12,34,1
,,,,,,,,,,,,Images/NeurtalRight.jpeg,Neutral Right,m,J,20,female ,second year ,N,Y,Chinese,English ,/,2021-02-27_14h04.53.885,Tse_Altarriba_Simon1,2020.1.2,MacIntel,60,3022,,,m,1,0.366,,,,,,,,0,13,13,51,1
,,,,,,,,,,,,Images/IncongruentLeft.jpeg,Incongruent Left,z,J,20,female ,second year ,N,Y,Chinese,English ,/,2021-02-27_14h04.53.885,Tse_Altarriba_Simon1,2020.1.2,MacIntel,60,3022,,,z,1,0.348,,,,,,,,0,14,14,29,1
,,,,,,,,,,,,Images/NeurtalRight.jpeg,Neutral Right,m,J,20,female ,second year ,N,Y,Chinese,English ,/,2021-02-27_14h04.53.885,Tse_Altarriba_Simon1,2020.1.2,MacIntel,60,3022,,,m,1,0.336,,,,,,,,0,15,15,56,1
,,,,,,,,,,,,Images/IncongruentRight.jpeg,Incongruent Right,m,J,20,female ,second year ,N,Y,Chinese,English ,/,2021-02-27_14h04.53.885,Tse_Altarriba_Simon1,2020.1.2,MacIntel,60,3022,,,m,1,0.412,,,,,,,,0,16,16,33,1
,,,,,,,,,,,,Images/IncongruentRight.jpeg,Incongruent Right,m,J,20,female ,second year ,N,Y,Chinese,English ,/,2021-02-27_14h04.53.885,Tse_Altarriba_Simon1,2020.1.2,MacIntel,60,3022,,,m,1,0.371,,,,,,,,0,17,17,30,1
,,,,,,,,,,,,Images/CongruentRight.jpeg,Congruent Right,m,J,20,female ,second year ,N,Y,Chinese,English ,/,2021-02-27_14h04.53.885,Tse_Altarriba_Simon1,2020.1.2,MacIntel,60,3022,,,m,1,0.432,,,,,,,,0,18,18,14,1
,,,,,,,,,,,,Images/NeurtalRight.jpeg,Neutral Right,m,J,20,female ,second year ,N,Y,Chinese,English ,/,2021-02-27_14h04.53.885,Tse_Altarriba_Simon1,2020.1.2,MacIntel,60,3022,,,m,1,0.389,,,,,,,,0,19,19,55,1
,,,,,,,,,,,,Images/CongruentRight.jpeg,Congruent Right,m,J,20,female ,second year ,N,Y,Chinese,English ,/,2021-02-27_14h04.53.885,Tse_Altarriba_Simon1,2020.1.2,MacIntel,60,3022,,,m,1,0.429,,,,,,,,0,20,20,11,1
,,,,,,,,,,,,Images/CongruentLeft.jpeg,Congruent Left,z,J,20,female ,second year ,N,Y,Chinese,English ,/,2021-02-27_14h04.53.885,Tse_Altarriba_Simon1,2020.1.2,MacIntel,60,3022,,,z,1,0.314,,,,,,,,0,21,21,2,1
,,,,,,,,,,,,Images/CongruentRight.jpeg,Congruent Right,m,J,20,female ,second year ,N,Y,Chinese,English ,/,2021-02-27_14h04.53.885,Tse_Altarriba_Simon1,2020.1.2,MacIntel,60,3022,,,m,1,0.333,,,,,,,,0,22,22,15,1
,,,,,,,,,,,,Images/NeutralLeft.jpeg,Neutral Left,z,J,20,female ,second year ,N,Y,Chinese,English ,/,2021-02-27_14h04.53.885,Tse_Altarriba_Simon1,2020.1.2,MacIntel,60,3022,,,m,0,0.452,,,,,,,,0,23,23,44,1
,,,,,,,,,,,,Images/NeurtalRight.jpeg,Neutral Right,m,J,20,female ,second year ,N,Y,Chinese,English ,/,2021-02-27_14h04.53.885,Tse_Altarriba_Simon1,2020.1.2,MacIntel,60,3022,,,m,1,0.385,,,,,,,,0,24,24,58,1
,,,,,,,,,,,,Images/IncongruentLeft.jpeg,Incongruent Left,z,J,20,female ,second year ,N,Y,Chinese,English ,/,2021-02-27_14h04.53.885,Tse_Altarriba_Simon1,2020.1.2,MacIntel,60,3022,,,z,1,0.399,,,,,,,,0,25,25,21,1
,,,,,,,,,,,,Images/IncongruentLeft.jpeg,Incongruent Left,z,J,20,female ,second year ,N,Y,Chinese,English ,/,2021-02-27_14h04.53.885,Tse_Altarriba_Simon1,2020.1.2,MacIntel,60,3022,,,z,1,0.421,,,,,,,,0,26,26,27,1
,,,,,,,,,,,,Images/CongruentRight.jpeg,Congruent Right,m,J,20,female ,second year ,N,Y,Chinese,English ,/,2021-02-27_14h04.53.885,Tse_Altarriba_Simon1,2020.1.2,MacIntel,60,3022,,,m,1,0.405,,,,,,,,0,27,27,18,1
,,,,,,,,,,,,Images/NeurtalRight.jpeg,Neutral Right,m,J,20,female ,second year ,N,Y,Chinese,English ,/,2021-02-27_14h04.53.885,Tse_Altarriba_Simon1,2020.1.2,MacIntel,60,3022,,,m,1,0.498,,,,,,,,0,28,28,59,1
,,,,,,,,,,,,Images/CongruentRight.jpeg,Congruent Right,m,J,20,female ,second year ,N,Y,Chinese,English ,/,2021-02-27_14h04.53.885,Tse_Altarriba_Simon1,2020.1.2,MacIntel,60,3022,,,m,1,0.433,,,,,,,,0,29,29,10,1
,,,,,,,,,,,,Images/IncongruentLeft.jpeg,Incongruent Left,z,J,20,female ,second year ,N,Y,Chinese,English ,/,2021-02-27_14h04.53.885,Tse_Altarriba_Simon1,2020.1.2,MacIntel,60,3022,,,z,1,0.45,,,,,,,,0,30,30,22,1
,,,,,,,,,,,,Images/NeurtalRight.jpeg,Neutral Right,m,J,20,female ,second year ,N,Y,Chinese,English ,/,2021-02-27_14h04.53.885,Tse_Altarriba_Simon1,2020.1.2,MacIntel,60,3022,,,m,1,0.45,,,,,,,,0,31,31,57,1
,,,,,,,,,,,,Images/CongruentLeft.jpeg,Congruent Left,z,J,20,female ,second year ,N,Y,Chinese,English ,/,2021-02-27_14h04.53.885,Tse_Altarriba_Simon1,2020.1.2,MacIntel,60,3022,,,z,1,0.352,,,,,,,,0,32,32,1,1
,,,,,,,,,,,,Images/CongruentLeft.jpeg,Congruent Left,z,J,20,female ,second year ,N,Y,Chinese,English ,/,2021-02-27_14h04.53.885,Tse_Altarriba_Simon1,2020.1.2,MacIntel,60,3022,,,z,1,0.42,,,,,,,,0,33,33,8,1
,,,,,,,,,,,,Images/IncongruentLeft.jpeg,Incongruent Left,z,J,20,female ,second year ,N,Y,Chinese,English ,/,2021-02-27_14h04.53.885,Tse_Altarriba_Simon1,2020.1.2,MacIntel,60,3022,,,z,1,0.435,,,,,,,,0,34,34,28,1
,,,,,,,,,,,,Images/CongruentLeft.jpeg,Congruent Left,z,J,20,female ,second year ,N,Y,Chinese,English ,/,2021-02-27_14h04.53.885,Tse_Altarriba_Simon1,2020.1.2,MacIntel,60,3022,,,z,1,0.416,,,,,,,,0,35,35,6,1
,,,,,,,,,,,,Images/IncongruentRight.jpeg,Incongruent Right,m,J,20,female ,second year ,N,Y,Chinese,English ,/,2021-02-27_14h04.53.885,Tse_Altarriba_Simon1,2020.1.2,MacIntel,60,3022,,,m,1,0.503,,,,,,,,0,36,36,39,1
,,,,,,,,,,,,Images/IncongruentLeft.jpeg,Incongruent Left,z,J,20,female ,second year ,N,Y,Chinese,English ,/,2021-02-27_14h04.53.885,Tse_Altarriba_Simon1,2020.1.2,MacIntel,60,3022,,,z,1,0.438,,,,,,,,0,37,37,25,1
,,,,,,,,,,,,Images/CongruentRight.jpeg,Congruent Right,m,J,20,female ,second year ,N,Y,Chinese,English ,/,2021-02-27_14h04.53.885,Tse_Altarriba_Simon1,2020.1.2,MacIntel,60,3022,,,m,1,0.39,,,,,,,,0,38,38,16,1
,,,,,,,,,,,,Images/CongruentLeft.jpeg,Congruent Left,z,J,20,female ,second year ,N,Y,Chinese,English ,/,2021-02-27_14h04.53.885,Tse_Altarriba_Simon1,2020.1.2,MacIntel,60,3022,,,z,1,0.35,,,,,,,,0,39,39,5,1
,,,,,,,,,,,,Images/CongruentLeft.jpeg,Congruent Left,z,J,20,female ,second year ,N,Y,Chinese,English ,/,2021-02-27_14h04.53.885,Tse_Altarriba_Simon1,2020.1.2,MacIntel,60,3022,,,z,1,0.365,,,,,,,,0,40,40,7,1
,,,,,,,,,,,,Images/NeutralLeft.jpeg,Neutral Left,z,J,20,female ,second year ,N,Y,Chinese,English ,/,2021-02-27_14h04.53.885,Tse_Altarriba_Simon1,2020.1.2,MacIntel,60,3022,,,z,1,0.405,,,,,,,,0,41,41,47,1
,,,,,,,,,,,,Images/CongruentRight.jpeg,Congruent Right,m,J,20,female ,second year ,N,Y,Chinese,English ,/,2021-02-27_14h04.53.885,Tse_Altarriba_Simon1,2020.1.2,MacIntel,60,3022,,,m,1,0.389,,,,,,,,0,42,42,17,1
,,,,,,,,,,,,Images/NeutralLeft.jpeg,Neutral Left,z,J,20,female ,second year ,N,Y,Chinese,English ,/,2021-02-27_14h04.53.885,Tse_Altarriba_Simon1,2020.1.2,MacIntel,60,3022,,,z,1,0.382,,,,,,,,0,43,43,48,1
,,,,,,,,,,,,Images/NeutralLeft.jpeg,Neutral Left,z,J,20,female ,second year ,N,Y,Chinese,English ,/,2021-02-27_14h04.53.885,Tse_Altarriba_Simon1,2020.1.2,MacIntel,60,3022,,,z,1,0.431,,,,,,,,0,44,44,40,1
,,,,,,,,,,,,Images/CongruentLeft.jpeg,Congruent Left,z,J,20,female ,second year ,N,Y,Chinese,English ,/,2021-02-27_14h04.53.885,Tse_Altarriba_Simon1,2020.1.2,MacIntel,60,3022,,,z,1,0.387,,,,,,,,0,45,45,3,1
,,,,,,,,,,,,Images/IncongruentRight.jpeg,Incongruent Right,m,J,20,female ,second year ,N,Y,Chinese,English ,/,2021-02-27_14h04.53.885,Tse_Altarriba_Simon1,2020.1.2,MacIntel,60,3022,,,m,1,0.514,,,,,,,,0,46,46,37,1
,,,,,,,,,,,,Images/NeutralLeft.jpeg,Neutral Left,z,J,20,female ,second year ,N,Y,Chinese,English ,/,2021-02-27_14h04.53.885,Tse_Altarriba_Simon1,2020.1.2,MacIntel,60,3022,,,z,1,0.391,,,,,,,,0,47,47,46,1
,,,,,,,,,,,,Images/IncongruentLeft.jpeg,Incongruent Left,z,J,20,female ,second year ,N,Y,Chinese,English ,/,2021-02-27_14h04.53.885,Tse_Altarriba_Simon1,2020.1.2,MacIntel,60,3022,,,z,1,0.488,,,,,,,,0,48,48,23,1
,,,,,,,,,,,,Images/IncongruentRight.jpeg,Incongruent Right,m,J,20,female ,second year ,N,Y,Chinese,English ,/,2021-02-27_14h04.53.885,Tse_Altarriba_Simon1,2020.1.2,MacIntel,60,3022,,,m,1,0.422,,,,,,,,0,49,49,36,1
,,,,,,,,,,,,Images/IncongruentLeft.jpeg,Incongruent Left,z,J,20,female ,second year ,N,Y,Chinese,English ,/,2021-02-27_14h04.53.885,Tse_Altarriba_Simon1,2020.1.2,MacIntel,60,3022,,,z,1,0.438,,,,,,,,0,50,50,20,1
,,,,,,,,,,,,Images/NeutralLeft.jpeg,Neutral Left,z,J,20,female ,second year ,N,Y,Chinese,English ,/,2021-02-27_14h04.53.885,Tse_Altarriba_Simon1,2020.1.2,MacIntel,60,3022,,,z,1,0.389,,,,,,,,0,51,51,49,1
,,,,,,,,,,,,Images/CongruentRight.jpeg,Congruent Right,m,J,20,female ,second year ,N,Y,Chinese,English ,/,2021-02-27_14h04.53.885,Tse_Altarriba_Simon1,2020.1.2,MacIntel,60,3022,,,m,1,0.488,,,,,,,,0,52,52,19,1
,,,,,,,,,,,,Images/IncongruentRight.jpeg,Incongruent Right,m,J,20,female ,second year ,N,Y,Chinese,English ,/,2021-02-27_14h04.53.885,Tse_Altarriba_Simon1,2020.1.2,MacIntel,60,3022,,,m,1,0.548,,,,,,,,0,53,53,32,1
,,,,,,,,,,,,Images/CongruentRight.jpeg,Congruent Right,m,J,20,female ,second year ,N,Y,Chinese,English ,/,2021-02-27_14h04.53.885,Tse_Altarriba_Simon1,2020.1.2,MacIntel,60,3022,,,m,1,0.429,,,,,,,,0,54,54,12,1
,,,,,,,,,,,,Images/CongruentLeft.jpeg,Congruent Left,z,J,20,female ,second year ,N,Y,Chinese,English ,/,2021-02-27_14h04.53.885,Tse_Altarriba_Simon1,2020.1.2,MacIntel,60,3022,,,z,1,0.323,,,,,,,,0,55,55,0,1
,,,,,,,,,,,,Images/CongruentLeft.jpeg,Congruent Left,z,J,20,female ,second year ,N,Y,Chinese,English ,/,2021-02-27_14h04.53.885,Tse_Altarriba_Simon1,2020.1.2,MacIntel,60,3022,,,z,1,0.415,,,,,,,,0,56,56,4,1
,,,,,,,,,,,,Images/CongruentRight.jpeg,Congruent Right,m,J,20,female ,second year ,N,Y,Chinese,English ,/,2021-02-27_14h04.53.885,Tse_Altarriba_Simon1,2020.1.2,MacIntel,60,3022,,,m,1,0.37,,,,,,,,0,57,57,13,1
,,,,,,,,,,,,Images/NeutralLeft.jpeg,Neutral Left,z,J,20,female ,second year ,N,Y,Chinese,English ,/,2021-02-27_14h04.53.885,Tse_Altarriba_Simon1,2020.1.2,MacIntel,60,3022,,,z,1,0.369,,,,,,,,0,58,58,42,1
,,,,,,,,,,,,Images/NeurtalRight.jpeg,Neutral Right,m,J,20,female ,second year ,N,Y,Chinese,English ,/,2021-02-27_14h04.53.885,Tse_Altarriba_Simon1,2020.1.2,MacIntel,60,3022,,,m,1,0.382,,,,,,,,0,59,59,54,1
