Space1.keys,Space1.rt,Space2.keys,Space2.rt,response.keys,response.corr,response.rt,Practice_loop.thisRepN,Practice_loop.thisTrialN,Practice_loop.thisN,Practice_loop.thisIndex,Practice_loop.ran,ImageFile,Condition,CorrAns,Your initials,What is your age?,What is your gender?,What year are you in?,Are you Dyslexic? (Y/N),Are you bi/multilingual? (Y/N),What is your first language?,"What is your second language? (if you are monollingual, leave blank)",What other languages do you speak?,date,expName,psychopyVersion,OS,frameRate,participant,Space3.keys,Space3.rt,key_resp_2.keys,key_resp_2.corr,key_resp_2.rt,trials.thisRepN,trials.thisTrialN,trials.thisN,trials.thisIndex,trials.ran,Space4.keys,Space4.rt,trials_2.thisRepN,trials_2.thisTrialN,trials_2.thisN,trials_2.thisIndex,trials_2.ran
space,1.802,space,17.184,m,1,0.928,0,0,0,11,1,Images/NeurtalRight.jpeg,Neutral Right,m,LYH,19,female,China,N,Y,Chinese,English,Japanese,2021-02-12_21h27.01.226,Tse_Altarriba_Simon1,2020.1.2,MacIntel,60,3253,,,,,,,,,,,,,,,,,
,,,,z,1,1.119,0,1,1,9,1,Images/NeutralLeft.jpeg,Neutral Left,z,LYH,19,female,China,N,Y,Chinese,English,Japanese,2021-02-12_21h27.01.226,Tse_Altarriba_Simon1,2020.1.2,MacIntel,60,3253,,,,,,,,,,,,,,,,,
,,,,m,1,0.637,0,2,2,3,1,Images/CongruentRight.jpeg,Congruent Right,m,LYH,19,female,China,N,Y,Chinese,English,Japanese,2021-02-12_21h27.01.226,Tse_Altarriba_Simon1,2020.1.2,MacIntel,60,3253,,,,,,,,,,,,,,,,,
,,,,z,1,0.542,0,3,3,5,1,Images/IncongruentLeft.jpeg,Incongruent Left,z,LYH,19,female,China,N,Y,Chinese,English,Japanese,2021-02-12_21h27.01.226,Tse_Altarriba_Simon1,2020.1.2,MacIntel,60,3253,,,,,,,,,,,,,,,,,
,,,,z,1,0.454,0,4,4,0,1,Images/CongruentLeft.jpeg,Congruent Left,z,LYH,19,female,China,N,Y,Chinese,English,Japanese,2021-02-12_21h27.01.226,Tse_Altarriba_Simon1,2020.1.2,MacIntel,60,3253,,,,,,,,,,,,,,,,,
,,,,z,1,0.484,0,5,5,8,1,Images/NeutralLeft.jpeg,Neutral Left,z,LYH,19,female,China,N,Y,Chinese,English,Japanese,2021-02-12_21h27.01.226,Tse_Altarriba_Simon1,2020.1.2,MacIntel,60,3253,,,,,,,,,,,,,,,,,
,,,,m,1,0.502,0,6,6,6,1,Images/IncongruentRight.jpeg,Incongruent Right,m,LYH,19,female,China,N,Y,Chinese,English,Japanese,2021-02-12_21h27.01.226,Tse_Altarriba_Simon1,2020.1.2,MacIntel,60,3253,,,,,,,,,,,,,,,,,
,,,,z,1,0.506,0,7,7,4,1,Images/IncongruentLeft.jpeg,Incongruent Left,z,LYH,19,female,China,N,Y,Chinese,English,Japanese,2021-02-12_21h27.01.226,Tse_Altarriba_Simon1,2020.1.2,MacIntel,60,3253,,,,,,,,,,,,,,,,,
,,,,m,1,0.373,0,8,8,2,1,Images/CongruentRight.jpeg,Congruent Right,m,LYH,19,female,China,N,Y,Chinese,English,Japanese,2021-02-12_21h27.01.226,Tse_Altarriba_Simon1,2020.1.2,MacIntel,60,3253,,,,,,,,,,,,,,,,,
,,,,z,1,0.293,0,9,9,1,1,Images/CongruentLeft.jpeg,Congruent Left,z,LYH,19,female,China,N,Y,Chinese,English,Japanese,2021-02-12_21h27.01.226,Tse_Altarriba_Simon1,2020.1.2,MacIntel,60,3253,,,,,,,,,,,,,,,,,
,,,,z,0,0.313,0,10,10,7,1,Images/IncongruentRight.jpeg,Incongruent Right,m,LYH,19,female,China,N,Y,Chinese,English,Japanese,2021-02-12_21h27.01.226,Tse_Altarriba_Simon1,2020.1.2,MacIntel,60,3253,,,,,,,,,,,,,,,,,
,,,,m,1,0.549,0,11,11,10,1,Images/NeurtalRight.jpeg,Neutral Right,m,LYH,19,female,China,N,Y,Chinese,English,Japanese,2021-02-12_21h27.01.226,Tse_Altarriba_Simon1,2020.1.2,MacIntel,60,3253,,,,,,,,,,,,,,,,,
,,,,,,,,,,,,Images/CongruentLeft.jpeg,Congruent Left,z,LYH,19,female,China,N,Y,Chinese,English,Japanese,2021-02-12_21h27.01.226,Tse_Altarriba_Simon1,2020.1.2,MacIntel,60,3253,space,20.43,z,1,0.446,0,0,0,6,1,,,,,,,
,,,,,,,,,,,,Images/NeutralLeft.jpeg,Neutral Left,z,LYH,19,female,China,N,Y,Chinese,English,Japanese,2021-02-12_21h27.01.226,Tse_Altarriba_Simon1,2020.1.2,MacIntel,60,3253,,,z,1,0.52,0,1,1,41,1,,,,,,,
,,,,,,,,,,,,Images/CongruentRight.jpeg,Congruent Right,m,LYH,19,female,China,N,Y,Chinese,English,Japanese,2021-02-12_21h27.01.226,Tse_Altarriba_Simon1,2020.1.2,MacIntel,60,3253,,,m,1,0.371,0,2,2,19,1,,,,,,,
,,,,,,,,,,,,Images/CongruentRight.jpeg,Congruent Right,m,LYH,19,female,China,N,Y,Chinese,English,Japanese,2021-02-12_21h27.01.226,Tse_Altarriba_Simon1,2020.1.2,MacIntel,60,3253,,,m,1,0.422,0,3,3,15,1,,,,,,,
,,,,,,,,,,,,Images/IncongruentRight.jpeg,Incongruent Right,m,LYH,19,female,China,N,Y,Chinese,English,Japanese,2021-02-12_21h27.01.226,Tse_Altarriba_Simon1,2020.1.2,MacIntel,60,3253,,,m,1,0.418,0,4,4,35,1,,,,,,,
,,,,,,,,,,,,Images/CongruentRight.jpeg,Congruent Right,m,LYH,19,female,China,N,Y,Chinese,English,Japanese,2021-02-12_21h27.01.226,Tse_Altarriba_Simon1,2020.1.2,MacIntel,60,3253,,,m,1,0.359,0,5,5,13,1,,,,,,,
,,,,,,,,,,,,Images/IncongruentLeft.jpeg,Incongruent Left,z,LYH,19,female,China,N,Y,Chinese,English,Japanese,2021-02-12_21h27.01.226,Tse_Altarriba_Simon1,2020.1.2,MacIntel,60,3253,,,z,1,0.446,0,6,6,29,1,,,,,,,
,,,,,,,,,,,,Images/CongruentLeft.jpeg,Congruent Left,z,LYH,19,female,China,N,Y,Chinese,English,Japanese,2021-02-12_21h27.01.226,Tse_Altarriba_Simon1,2020.1.2,MacIntel,60,3253,,,z,1,0.367,0,7,7,1,1,,,,,,,
,,,,,,,,,,,,Images/CongruentRight.jpeg,Congruent Right,m,LYH,19,female,China,N,Y,Chinese,English,Japanese,2021-02-12_21h27.01.226,Tse_Altarriba_Simon1,2020.1.2,MacIntel,60,3253,,,m,1,0.305,0,8,8,11,1,,,,,,,
,,,,,,,,,,,,Images/NeurtalRight.jpeg,Neutral Right,m,LYH,19,female,China,N,Y,Chinese,English,Japanese,2021-02-12_21h27.01.226,Tse_Altarriba_Simon1,2020.1.2,MacIntel,60,3253,,,m,1,0.364,0,9,9,58,1,,,,,,,
,,,,,,,,,,,,Images/CongruentRight.jpeg,Congruent Right,m,LYH,19,female,China,N,Y,Chinese,English,Japanese,2021-02-12_21h27.01.226,Tse_Altarriba_Simon1,2020.1.2,MacIntel,60,3253,,,m,1,0.313,0,10,10,14,1,,,,,,,
,,,,,,,,,,,,Images/NeutralLeft.jpeg,Neutral Left,z,LYH,19,female,China,N,Y,Chinese,English,Japanese,2021-02-12_21h27.01.226,Tse_Altarriba_Simon1,2020.1.2,MacIntel,60,3253,,,z,1,0.376,0,11,11,40,1,,,,,,,
,,,,,,,,,,,,Images/IncongruentLeft.jpeg,Incongruent Left,z,LYH,19,female,China,N,Y,Chinese,English,Japanese,2021-02-12_21h27.01.226,Tse_Altarriba_Simon1,2020.1.2,MacIntel,60,3253,,,m,0,0.302,0,12,12,21,1,,,,,,,
,,,,,,,,,,,,Images/NeurtalRight.jpeg,Neutral Right,m,LYH,19,female,China,N,Y,Chinese,English,Japanese,2021-02-12_21h27.01.226,Tse_Altarriba_Simon1,2020.1.2,MacIntel,60,3253,,,m,1,0.375,0,13,13,52,1,,,,,,,
,,,,,,,,,,,,Images/IncongruentRight.jpeg,Incongruent Right,m,LYH,19,female,China,N,Y,Chinese,English,Japanese,2021-02-12_21h27.01.226,Tse_Altarriba_Simon1,2020.1.2,MacIntel,60,3253,,,m,1,0.402,0,14,14,31,1,,,,,,,
,,,,,,,,,,,,Images/IncongruentRight.jpeg,Incongruent Right,m,LYH,19,female,China,N,Y,Chinese,English,Japanese,2021-02-12_21h27.01.226,Tse_Altarriba_Simon1,2020.1.2,MacIntel,60,3253,,,m,1,0.459,0,15,15,33,1,,,,,,,
,,,,,,,,,,,,Images/IncongruentRight.jpeg,Incongruent Right,m,LYH,19,female,China,N,Y,Chinese,English,Japanese,2021-02-12_21h27.01.226,Tse_Altarriba_Simon1,2020.1.2,MacIntel,60,3253,,,m,1,0.437,0,16,16,39,1,,,,,,,
,,,,,,,,,,,,Images/CongruentRight.jpeg,Congruent Right,m,LYH,19,female,China,N,Y,Chinese,English,Japanese,2021-02-12_21h27.01.226,Tse_Altarriba_Simon1,2020.1.2,MacIntel,60,3253,,,m,1,0.417,0,17,17,16,1,,,,,,,
,,,,,,,,,,,,Images/NeurtalRight.jpeg,Neutral Right,m,LYH,19,female,China,N,Y,Chinese,English,Japanese,2021-02-12_21h27.01.226,Tse_Altarriba_Simon1,2020.1.2,MacIntel,60,3253,,,m,1,0.385,0,18,18,50,1,,,,,,,
,,,,,,,,,,,,Images/CongruentRight.jpeg,Congruent Right,m,LYH,19,female,China,N,Y,Chinese,English,Japanese,2021-02-12_21h27.01.226,Tse_Altarriba_Simon1,2020.1.2,MacIntel,60,3253,,,m,1,0.409,0,19,19,10,1,,,,,,,
,,,,,,,,,,,,Images/NeutralLeft.jpeg,Neutral Left,z,LYH,19,female,China,N,Y,Chinese,English,Japanese,2021-02-12_21h27.01.226,Tse_Altarriba_Simon1,2020.1.2,MacIntel,60,3253,,,z,1,0.391,0,20,20,48,1,,,,,,,
,,,,,,,,,,,,Images/IncongruentLeft.jpeg,Incongruent Left,z,LYH,19,female,China,N,Y,Chinese,English,Japanese,2021-02-12_21h27.01.226,Tse_Altarriba_Simon1,2020.1.2,MacIntel,60,3253,,,z,1,0.438,0,21,21,26,1,,,,,,,
,,,,,,,,,,,,Images/IncongruentLeft.jpeg,Incongruent Left,z,LYH,19,female,China,N,Y,Chinese,English,Japanese,2021-02-12_21h27.01.226,Tse_Altarriba_Simon1,2020.1.2,MacIntel,60,3253,,,z,1,0.425,0,22,22,25,1,,,,,,,
,,,,,,,,,,,,Images/CongruentLeft.jpeg,Congruent Left,z,LYH,19,female,China,N,Y,Chinese,English,Japanese,2021-02-12_21h27.01.226,Tse_Altarriba_Simon1,2020.1.2,MacIntel,60,3253,,,z,1,0.446,0,23,23,3,1,,,,,,,
,,,,,,,,,,,,Images/IncongruentLeft.jpeg,Incongruent Left,z,LYH,19,female,China,N,Y,Chinese,English,Japanese,2021-02-12_21h27.01.226,Tse_Altarriba_Simon1,2020.1.2,MacIntel,60,3253,,,z,1,0.46,0,24,24,27,1,,,,,,,
,,,,,,,,,,,,Images/NeutralLeft.jpeg,Neutral Left,z,LYH,19,female,China,N,Y,Chinese,English,Japanese,2021-02-12_21h27.01.226,Tse_Altarriba_Simon1,2020.1.2,MacIntel,60,3253,,,z,1,0.458,0,25,25,47,1,,,,,,,
,,,,,,,,,,,,Images/CongruentRight.jpeg,Congruent Right,m,LYH,19,female,China,N,Y,Chinese,English,Japanese,2021-02-12_21h27.01.226,Tse_Altarriba_Simon1,2020.1.2,MacIntel,60,3253,,,m,1,0.317,0,26,26,18,1,,,,,,,
,,,,,,,,,,,,Images/IncongruentRight.jpeg,Incongruent Right,m,LYH,19,female,China,N,Y,Chinese,English,Japanese,2021-02-12_21h27.01.226,Tse_Altarriba_Simon1,2020.1.2,MacIntel,60,3253,,,m,1,0.391,0,27,27,37,1,,,,,,,
,,,,,,,,,,,,Images/NeurtalRight.jpeg,Neutral Right,m,LYH,19,female,China,N,Y,Chinese,English,Japanese,2021-02-12_21h27.01.226,Tse_Altarriba_Simon1,2020.1.2,MacIntel,60,3253,,,m,1,0.367,0,28,28,54,1,,,,,,,
,,,,,,,,,,,,Images/NeutralLeft.jpeg,Neutral Left,z,LYH,19,female,China,N,Y,Chinese,English,Japanese,2021-02-12_21h27.01.226,Tse_Altarriba_Simon1,2020.1.2,MacIntel,60,3253,,,z,1,0.39,0,29,29,44,1,,,,,,,
,,,,,,,,,,,,Images/CongruentRight.jpeg,Congruent Right,m,LYH,19,female,China,N,Y,Chinese,English,Japanese,2021-02-12_21h27.01.226,Tse_Altarriba_Simon1,2020.1.2,MacIntel,60,3253,,,m,1,0.347,0,30,30,12,1,,,,,,,
,,,,,,,,,,,,Images/IncongruentLeft.jpeg,Incongruent Left,z,LYH,19,female,China,N,Y,Chinese,English,Japanese,2021-02-12_21h27.01.226,Tse_Altarriba_Simon1,2020.1.2,MacIntel,60,3253,,,z,1,0.418,0,31,31,28,1,,,,,,,
,,,,,,,,,,,,Images/IncongruentRight.jpeg,Incongruent Right,m,LYH,19,female,China,N,Y,Chinese,English,Japanese,2021-02-12_21h27.01.226,Tse_Altarriba_Simon1,2020.1.2,MacIntel,60,3253,,,z,0,0.316,0,32,32,32,1,,,,,,,
,,,,,,,,,,,,Images/NeutralLeft.jpeg,Neutral Left,z,LYH,19,female,China,N,Y,Chinese,English,Japanese,2021-02-12_21h27.01.226,Tse_Altarriba_Simon1,2020.1.2,MacIntel,60,3253,,,z,1,0.529,0,33,33,49,1,,,,,,,
,,,,,,,,,,,,Images/IncongruentLeft.jpeg,Incongruent Left,z,LYH,19,female,China,N,Y,Chinese,English,Japanese,2021-02-12_21h27.01.226,Tse_Altarriba_Simon1,2020.1.2,MacIntel,60,3253,,,m,0,0.773,0,34,34,22,1,,,,,,,
,,,,,,,,,,,,Images/IncongruentRight.jpeg,Incongruent Right,m,LYH,19,female,China,N,Y,Chinese,English,Japanese,2021-02-12_21h27.01.226,Tse_Altarriba_Simon1,2020.1.2,MacIntel,60,3253,,,z,0,0.43,0,35,35,38,1,,,,,,,
,,,,,,,,,,,,Images/CongruentLeft.jpeg,Congruent Left,z,LYH,19,female,China,N,Y,Chinese,English,Japanese,2021-02-12_21h27.01.226,Tse_Altarriba_Simon1,2020.1.2,MacIntel,60,3253,,,m,0,0.442,0,36,36,5,1,,,,,,,
,,,,,,,,,,,,Images/NeurtalRight.jpeg,Neutral Right,m,LYH,19,female,China,N,Y,Chinese,English,Japanese,2021-02-12_21h27.01.226,Tse_Altarriba_Simon1,2020.1.2,MacIntel,60,3253,,,z,0,0.655,0,37,37,51,1,,,,,,,
,,,,,,,,,,,,Images/IncongruentLeft.jpeg,Incongruent Left,z,LYH,19,female,China,N,Y,Chinese,English,Japanese,2021-02-12_21h27.01.226,Tse_Altarriba_Simon1,2020.1.2,MacIntel,60,3253,,,z,1,0.804,0,38,38,20,1,,,,,,,
,,,,,,,,,,,,Images/NeutralLeft.jpeg,Neutral Left,z,LYH,19,female,China,N,Y,Chinese,English,Japanese,2021-02-12_21h27.01.226,Tse_Altarriba_Simon1,2020.1.2,MacIntel,60,3253,,,z,1,0.545,0,39,39,42,1,,,,,,,
,,,,,,,,,,,,Images/IncongruentRight.jpeg,Incongruent Right,m,LYH,19,female,China,N,Y,Chinese,English,Japanese,2021-02-12_21h27.01.226,Tse_Altarriba_Simon1,2020.1.2,MacIntel,60,3253,,,z,0,0.499,0,40,40,34,1,,,,,,,
,,,,,,,,,,,,Images/IncongruentLeft.jpeg,Incongruent Left,z,LYH,19,female,China,N,Y,Chinese,English,Japanese,2021-02-12_21h27.01.226,Tse_Altarriba_Simon1,2020.1.2,MacIntel,60,3253,,,z,1,0.542,0,41,41,24,1,,,,,,,
,,,,,,,,,,,,Images/NeutralLeft.jpeg,Neutral Left,z,LYH,19,female,China,N,Y,Chinese,English,Japanese,2021-02-12_21h27.01.226,Tse_Altarriba_Simon1,2020.1.2,MacIntel,60,3253,,,m,0,0.552,0,42,42,46,1,,,,,,,
,,,,,,,,,,,,Images/IncongruentLeft.jpeg,Incongruent Left,z,LYH,19,female,China,N,Y,Chinese,English,Japanese,2021-02-12_21h27.01.226,Tse_Altarriba_Simon1,2020.1.2,MacIntel,60,3253,,,z,1,0.675,0,43,43,23,1,,,,,,,
,,,,,,,,,,,,Images/NeurtalRight.jpeg,Neutral Right,m,LYH,19,female,China,N,Y,Chinese,English,Japanese,2021-02-12_21h27.01.226,Tse_Altarriba_Simon1,2020.1.2,MacIntel,60,3253,,,m,1,0.452,0,44,44,57,1,,,,,,,
,,,,,,,,,,,,Images/NeutralLeft.jpeg,Neutral Left,z,LYH,19,female,China,N,Y,Chinese,English,Japanese,2021-02-12_21h27.01.226,Tse_Altarriba_Simon1,2020.1.2,MacIntel,60,3253,,,z,1,0.875,0,45,45,45,1,,,,,,,
,,,,,,,,,,,,Images/NeurtalRight.jpeg,Neutral Right,m,LYH,19,female,China,N,Y,Chinese,English,Japanese,2021-02-12_21h27.01.226,Tse_Altarriba_Simon1,2020.1.2,MacIntel,60,3253,,,m,1,0.4,0,46,46,53,1,,,,,,,
,,,,,,,,,,,,Images/CongruentLeft.jpeg,Congruent Left,z,LYH,19,female,China,N,Y,Chinese,English,Japanese,2021-02-12_21h27.01.226,Tse_Altarriba_Simon1,2020.1.2,MacIntel,60,3253,,,z,1,0.457,0,47,47,4,1,,,,,,,
,,,,,,,,,,,,Images/IncongruentRight.jpeg,Incongruent Right,m,LYH,19,female,China,N,Y,Chinese,English,Japanese,2021-02-12_21h27.01.226,Tse_Altarriba_Simon1,2020.1.2,MacIntel,60,3253,,,m,1,0.51,0,48,48,30,1,,,,,,,
,,,,,,,,,,,,Images/IncongruentRight.jpeg,Incongruent Right,m,LYH,19,female,China,N,Y,Chinese,English,Japanese,2021-02-12_21h27.01.226,Tse_Altarriba_Simon1,2020.1.2,MacIntel,60,3253,,,m,1,0.567,0,49,49,36,1,,,,,,,
,,,,,,,,,,,,Images/NeurtalRight.jpeg,Neutral Right,m,LYH,19,female,China,N,Y,Chinese,English,Japanese,2021-02-12_21h27.01.226,Tse_Altarriba_Simon1,2020.1.2,MacIntel,60,3253,,,m,1,0.515,0,50,50,56,1,,,,,,,
,,,,,,,,,,,,Images/NeutralLeft.jpeg,Neutral Left,z,LYH,19,female,China,N,Y,Chinese,English,Japanese,2021-02-12_21h27.01.226,Tse_Altarriba_Simon1,2020.1.2,MacIntel,60,3253,,,z,1,0.542,0,51,51,43,1,,,,,,,
,,,,,,,,,,,,Images/CongruentLeft.jpeg,Congruent Left,z,LYH,19,female,China,N,Y,Chinese,English,Japanese,2021-02-12_21h27.01.226,Tse_Altarriba_Simon1,2020.1.2,MacIntel,60,3253,,,z,1,0.656,0,52,52,2,1,,,,,,,
,,,,,,,,,,,,Images/NeurtalRight.jpeg,Neutral Right,m,LYH,19,female,China,N,Y,Chinese,English,Japanese,2021-02-12_21h27.01.226,Tse_Altarriba_Simon1,2020.1.2,MacIntel,60,3253,,,m,1,0.384,0,53,53,55,1,,,,,,,
,,,,,,,,,,,,Images/CongruentLeft.jpeg,Congruent Left,z,LYH,19,female,China,N,Y,Chinese,English,Japanese,2021-02-12_21h27.01.226,Tse_Altarriba_Simon1,2020.1.2,MacIntel,60,3253,,,z,1,0.434,0,54,54,9,1,,,,,,,
,,,,,,,,,,,,Images/CongruentRight.jpeg,Congruent Right,m,LYH,19,female,China,N,Y,Chinese,English,Japanese,2021-02-12_21h27.01.226,Tse_Altarriba_Simon1,2020.1.2,MacIntel,60,3253,,,m,1,0.451,0,55,55,17,1,,,,,,,
,,,,,,,,,,,,Images/CongruentLeft.jpeg,Congruent Left,z,LYH,19,female,China,N,Y,Chinese,English,Japanese,2021-02-12_21h27.01.226,Tse_Altarriba_Simon1,2020.1.2,MacIntel,60,3253,,,m,0,0.566,0,56,56,7,1,,,,,,,
,,,,,,,,,,,,Images/CongruentLeft.jpeg,Congruent Left,z,LYH,19,female,China,N,Y,Chinese,English,Japanese,2021-02-12_21h27.01.226,Tse_Altarriba_Simon1,2020.1.2,MacIntel,60,3253,,,z,1,1.335,0,57,57,0,1,,,,,,,
,,,,,,,,,,,,Images/NeurtalRight.jpeg,Neutral Right,m,LYH,19,female,China,N,Y,Chinese,English,Japanese,2021-02-12_21h27.01.226,Tse_Altarriba_Simon1,2020.1.2,MacIntel,60,3253,,,m,1,0.45,0,58,58,59,1,,,,,,,
,,,,,,,,,,,,Images/CongruentLeft.jpeg,Congruent Left,z,LYH,19,female,China,N,Y,Chinese,English,Japanese,2021-02-12_21h27.01.226,Tse_Altarriba_Simon1,2020.1.2,MacIntel,60,3253,,,z,1,0.523,0,59,59,8,1,,,,,,,
,,,,,,,,,,,,Images/NeurtalRight.jpeg,Neutral Right,m,LYH,19,female,China,N,Y,Chinese,English,Japanese,2021-02-12_21h27.01.226,Tse_Altarriba_Simon1,2020.1.2,MacIntel,60,3253,,,m,1,0.524,,,,,,space,3.218,0,0,0,51,1
,,,,,,,,,,,,Images/NeurtalRight.jpeg,Neutral Right,m,LYH,19,female,China,N,Y,Chinese,English,Japanese,2021-02-12_21h27.01.226,Tse_Altarriba_Simon1,2020.1.2,MacIntel,60,3253,,,m,1,0.493,,,,,,,,0,1,1,54,1
,,,,,,,,,,,,Images/IncongruentRight.jpeg,Incongruent Right,m,LYH,19,female,China,N,Y,Chinese,English,Japanese,2021-02-12_21h27.01.226,Tse_Altarriba_Simon1,2020.1.2,MacIntel,60,3253,,,m,1,0.465,,,,,,,,0,2,2,30,1
,,,,,,,,,,,,Images/NeurtalRight.jpeg,Neutral Right,m,LYH,19,female,China,N,Y,Chinese,English,Japanese,2021-02-12_21h27.01.226,Tse_Altarriba_Simon1,2020.1.2,MacIntel,60,3253,,,m,1,0.456,,,,,,,,0,3,3,50,1
,,,,,,,,,,,,Images/CongruentRight.jpeg,Congruent Right,m,LYH,19,female,China,N,Y,Chinese,English,Japanese,2021-02-12_21h27.01.226,Tse_Altarriba_Simon1,2020.1.2,MacIntel,60,3253,,,m,1,0.439,,,,,,,,0,4,4,17,1
,,,,,,,,,,,,Images/IncongruentRight.jpeg,Incongruent Right,m,LYH,19,female,China,N,Y,Chinese,English,Japanese,2021-02-12_21h27.01.226,Tse_Altarriba_Simon1,2020.1.2,MacIntel,60,3253,,,m,1,0.405,,,,,,,,0,5,5,32,1
,,,,,,,,,,,,Images/IncongruentLeft.jpeg,Incongruent Left,z,LYH,19,female,China,N,Y,Chinese,English,Japanese,2021-02-12_21h27.01.226,Tse_Altarriba_Simon1,2020.1.2,MacIntel,60,3253,,,z,1,0.518,,,,,,,,0,6,6,28,1
,,,,,,,,,,,,Images/CongruentRight.jpeg,Congruent Right,m,LYH,19,female,China,N,Y,Chinese,English,Japanese,2021-02-12_21h27.01.226,Tse_Altarriba_Simon1,2020.1.2,MacIntel,60,3253,,,m,1,0.493,,,,,,,,0,7,7,16,1
,,,,,,,,,,,,Images/IncongruentLeft.jpeg,Incongruent Left,z,LYH,19,female,China,N,Y,Chinese,English,Japanese,2021-02-12_21h27.01.226,Tse_Altarriba_Simon1,2020.1.2,MacIntel,60,3253,,,z,1,0.632,,,,,,,,0,8,8,20,1
,,,,,,,,,,,,Images/CongruentRight.jpeg,Congruent Right,m,LYH,19,female,China,N,Y,Chinese,English,Japanese,2021-02-12_21h27.01.226,Tse_Altarriba_Simon1,2020.1.2,MacIntel,60,3253,,,m,1,0.669,,,,,,,,0,9,9,18,1
,,,,,,,,,,,,Images/CongruentRight.jpeg,Congruent Right,m,LYH,19,female,China,N,Y,Chinese,English,Japanese,2021-02-12_21h27.01.226,Tse_Altarriba_Simon1,2020.1.2,MacIntel,60,3253,,,m,1,0.381,,,,,,,,0,10,10,19,1
,,,,,,,,,,,,Images/IncongruentRight.jpeg,Incongruent Right,m,LYH,19,female,China,N,Y,Chinese,English,Japanese,2021-02-12_21h27.01.226,Tse_Altarriba_Simon1,2020.1.2,MacIntel,60,3253,,,m,1,0.706,,,,,,,,0,11,11,38,1
,,,,,,,,,,,,Images/IncongruentLeft.jpeg,Incongruent Left,z,LYH,19,female,China,N,Y,Chinese,English,Japanese,2021-02-12_21h27.01.226,Tse_Altarriba_Simon1,2020.1.2,MacIntel,60,3253,,,z,1,0.49,,,,,,,,0,12,12,26,1
,,,,,,,,,,,,Images/CongruentLeft.jpeg,Congruent Left,z,LYH,19,female,China,N,Y,Chinese,English,Japanese,2021-02-12_21h27.01.226,Tse_Altarriba_Simon1,2020.1.2,MacIntel,60,3253,,,z,1,0.972,,,,,,,,0,13,13,2,1
,,,,,,,,,,,,Images/NeutralLeft.jpeg,Neutral Left,z,LYH,19,female,China,N,Y,Chinese,English,Japanese,2021-02-12_21h27.01.226,Tse_Altarriba_Simon1,2020.1.2,MacIntel,60,3253,,,m,0,0.533,,,,,,,,0,14,14,41,1
,,,,,,,,,,,,Images/CongruentRight.jpeg,Congruent Right,m,LYH,19,female,China,N,Y,Chinese,English,Japanese,2021-02-12_21h27.01.226,Tse_Altarriba_Simon1,2020.1.2,MacIntel,60,3253,,,m,1,0.451,,,,,,,,0,15,15,12,1
,,,,,,,,,,,,Images/CongruentLeft.jpeg,Congruent Left,z,LYH,19,female,China,N,Y,Chinese,English,Japanese,2021-02-12_21h27.01.226,Tse_Altarriba_Simon1,2020.1.2,MacIntel,60,3253,,,z,1,1.044,,,,,,,,0,16,16,8,1
,,,,,,,,,,,,Images/CongruentRight.jpeg,Congruent Right,m,LYH,19,female,China,N,Y,Chinese,English,Japanese,2021-02-12_21h27.01.226,Tse_Altarriba_Simon1,2020.1.2,MacIntel,60,3253,,,m,1,0.451,,,,,,,,0,17,17,10,1
,,,,,,,,,,,,Images/CongruentRight.jpeg,Congruent Right,m,LYH,19,female,China,N,Y,Chinese,English,Japanese,2021-02-12_21h27.01.226,Tse_Altarriba_Simon1,2020.1.2,MacIntel,60,3253,,,m,1,0.44,,,,,,,,0,18,18,11,1
,,,,,,,,,,,,Images/NeutralLeft.jpeg,Neutral Left,z,LYH,19,female,China,N,Y,Chinese,English,Japanese,2021-02-12_21h27.01.226,Tse_Altarriba_Simon1,2020.1.2,MacIntel,60,3253,,,z,1,0.442,,,,,,,,0,19,19,46,1
,,,,,,,,,,,,Images/IncongruentRight.jpeg,Incongruent Right,m,LYH,19,female,China,N,Y,Chinese,English,Japanese,2021-02-12_21h27.01.226,Tse_Altarriba_Simon1,2020.1.2,MacIntel,60,3253,,,m,1,0.433,,,,,,,,0,20,20,35,1
,,,,,,,,,,,,Images/IncongruentRight.jpeg,Incongruent Right,m,LYH,19,female,China,N,Y,Chinese,English,Japanese,2021-02-12_21h27.01.226,Tse_Altarriba_Simon1,2020.1.2,MacIntel,60,3253,,,m,1,0.448,,,,,,,,0,21,21,33,1
,,,,,,,,,,,,Images/IncongruentLeft.jpeg,Incongruent Left,z,LYH,19,female,China,N,Y,Chinese,English,Japanese,2021-02-12_21h27.01.226,Tse_Altarriba_Simon1,2020.1.2,MacIntel,60,3253,,,z,1,0.61,,,,,,,,0,22,22,27,1
,,,,,,,,,,,,Images/CongruentLeft.jpeg,Congruent Left,z,LYH,19,female,China,N,Y,Chinese,English,Japanese,2021-02-12_21h27.01.226,Tse_Altarriba_Simon1,2020.1.2,MacIntel,60,3253,,,m,0,0.624,,,,,,,,0,23,23,0,1
,,,,,,,,,,,,Images/NeutralLeft.jpeg,Neutral Left,z,LYH,19,female,China,N,Y,Chinese,English,Japanese,2021-02-12_21h27.01.226,Tse_Altarriba_Simon1,2020.1.2,MacIntel,60,3253,,,z,1,1.225,,,,,,,,0,24,24,47,1
,,,,,,,,,,,,Images/NeutralLeft.jpeg,Neutral Left,z,LYH,19,female,China,N,Y,Chinese,English,Japanese,2021-02-12_21h27.01.226,Tse_Altarriba_Simon1,2020.1.2,MacIntel,60,3253,,,z,1,0.565,,,,,,,,0,25,25,48,1
,,,,,,,,,,,,Images/CongruentRight.jpeg,Congruent Right,m,LYH,19,female,China,N,Y,Chinese,English,Japanese,2021-02-12_21h27.01.226,Tse_Altarriba_Simon1,2020.1.2,MacIntel,60,3253,,,m,1,0.407,,,,,,,,0,26,26,14,1
,,,,,,,,,,,,Images/CongruentLeft.jpeg,Congruent Left,z,LYH,19,female,China,N,Y,Chinese,English,Japanese,2021-02-12_21h27.01.226,Tse_Altarriba_Simon1,2020.1.2,MacIntel,60,3253,,,z,1,0.483,,,,,,,,0,27,27,9,1
,,,,,,,,,,,,Images/IncongruentRight.jpeg,Incongruent Right,m,LYH,19,female,China,N,Y,Chinese,English,Japanese,2021-02-12_21h27.01.226,Tse_Altarriba_Simon1,2020.1.2,MacIntel,60,3253,,,m,1,0.536,,,,,,,,0,28,28,34,1
,,,,,,,,,,,,Images/IncongruentLeft.jpeg,Incongruent Left,z,LYH,19,female,China,N,Y,Chinese,English,Japanese,2021-02-12_21h27.01.226,Tse_Altarriba_Simon1,2020.1.2,MacIntel,60,3253,,,z,1,0.505,,,,,,,,0,29,29,24,1
,,,,,,,,,,,,Images/NeutralLeft.jpeg,Neutral Left,z,LYH,19,female,China,N,Y,Chinese,English,Japanese,2021-02-12_21h27.01.226,Tse_Altarriba_Simon1,2020.1.2,MacIntel,60,3253,,,z,1,0.606,,,,,,,,0,30,30,42,1
,,,,,,,,,,,,Images/NeutralLeft.jpeg,Neutral Left,z,LYH,19,female,China,N,Y,Chinese,English,Japanese,2021-02-12_21h27.01.226,Tse_Altarriba_Simon1,2020.1.2,MacIntel,60,3253,,,z,1,0.574,,,,,,,,0,31,31,49,1
,,,,,,,,,,,,Images/NeurtalRight.jpeg,Neutral Right,m,LYH,19,female,China,N,Y,Chinese,English,Japanese,2021-02-12_21h27.01.226,Tse_Altarriba_Simon1,2020.1.2,MacIntel,60,3253,,,m,1,0.589,,,,,,,,0,32,32,59,1
,,,,,,,,,,,,Images/IncongruentLeft.jpeg,Incongruent Left,z,LYH,19,female,China,N,Y,Chinese,English,Japanese,2021-02-12_21h27.01.226,Tse_Altarriba_Simon1,2020.1.2,MacIntel,60,3253,,,z,1,0.492,,,,,,,,0,33,33,29,1
,,,,,,,,,,,,Images/CongruentRight.jpeg,Congruent Right,m,LYH,19,female,China,N,Y,Chinese,English,Japanese,2021-02-12_21h27.01.226,Tse_Altarriba_Simon1,2020.1.2,MacIntel,60,3253,,,m,1,0.567,,,,,,,,0,34,34,15,1
,,,,,,,,,,,,Images/IncongruentRight.jpeg,Incongruent Right,m,LYH,19,female,China,N,Y,Chinese,English,Japanese,2021-02-12_21h27.01.226,Tse_Altarriba_Simon1,2020.1.2,MacIntel,60,3253,,,m,1,0.541,,,,,,,,0,35,35,31,1
,,,,,,,,,,,,Images/IncongruentLeft.jpeg,Incongruent Left,z,LYH,19,female,China,N,Y,Chinese,English,Japanese,2021-02-12_21h27.01.226,Tse_Altarriba_Simon1,2020.1.2,MacIntel,60,3253,,,z,1,0.459,,,,,,,,0,36,36,21,1
,,,,,,,,,,,,Images/NeurtalRight.jpeg,Neutral Right,m,LYH,19,female,China,N,Y,Chinese,English,Japanese,2021-02-12_21h27.01.226,Tse_Altarriba_Simon1,2020.1.2,MacIntel,60,3253,,,m,1,0.849,,,,,,,,0,37,37,55,1
,,,,,,,,,,,,Images/NeurtalRight.jpeg,Neutral Right,m,LYH,19,female,China,N,Y,Chinese,English,Japanese,2021-02-12_21h27.01.226,Tse_Altarriba_Simon1,2020.1.2,MacIntel,60,3253,,,m,1,0.418,,,,,,,,0,38,38,53,1
,,,,,,,,,,,,Images/CongruentLeft.jpeg,Congruent Left,z,LYH,19,female,China,N,Y,Chinese,English,Japanese,2021-02-12_21h27.01.226,Tse_Altarriba_Simon1,2020.1.2,MacIntel,60,3253,,,z,1,0.548,,,,,,,,0,39,39,4,1
,,,,,,,,,,,,Images/CongruentLeft.jpeg,Congruent Left,z,LYH,19,female,China,N,Y,Chinese,English,Japanese,2021-02-12_21h27.01.226,Tse_Altarriba_Simon1,2020.1.2,MacIntel,60,3253,,,z,1,0.567,,,,,,,,0,40,40,1,1
,,,,,,,,,,,,Images/IncongruentLeft.jpeg,Incongruent Left,z,LYH,19,female,China,N,Y,Chinese,English,Japanese,2021-02-12_21h27.01.226,Tse_Altarriba_Simon1,2020.1.2,MacIntel,60,3253,,,z,1,0.531,,,,,,,,0,41,41,23,1
,,,,,,,,,,,,Images/IncongruentLeft.jpeg,Incongruent Left,z,LYH,19,female,China,N,Y,Chinese,English,Japanese,2021-02-12_21h27.01.226,Tse_Altarriba_Simon1,2020.1.2,MacIntel,60,3253,,,z,1,0.457,,,,,,,,0,42,42,22,1
,,,,,,,,,,,,Images/NeurtalRight.jpeg,Neutral Right,m,LYH,19,female,China,N,Y,Chinese,English,Japanese,2021-02-12_21h27.01.226,Tse_Altarriba_Simon1,2020.1.2,MacIntel,60,3253,,,m,1,0.474,,,,,,,,0,43,43,58,1
,,,,,,,,,,,,Images/NeurtalRight.jpeg,Neutral Right,m,LYH,19,female,China,N,Y,Chinese,English,Japanese,2021-02-12_21h27.01.226,Tse_Altarriba_Simon1,2020.1.2,MacIntel,60,3253,,,m,1,0.508,,,,,,,,0,44,44,56,1
,,,,,,,,,,,,Images/NeutralLeft.jpeg,Neutral Left,z,LYH,19,female,China,N,Y,Chinese,English,Japanese,2021-02-12_21h27.01.226,Tse_Altarriba_Simon1,2020.1.2,MacIntel,60,3253,,,z,1,0.451,,,,,,,,0,45,45,45,1
,,,,,,,,,,,,Images/NeutralLeft.jpeg,Neutral Left,z,LYH,19,female,China,N,Y,Chinese,English,Japanese,2021-02-12_21h27.01.226,Tse_Altarriba_Simon1,2020.1.2,MacIntel,60,3253,,,z,1,0.519,,,,,,,,0,46,46,40,1
,,,,,,,,,,,,Images/IncongruentRight.jpeg,Incongruent Right,m,LYH,19,female,China,N,Y,Chinese,English,Japanese,2021-02-12_21h27.01.226,Tse_Altarriba_Simon1,2020.1.2,MacIntel,60,3253,,,m,1,0.457,,,,,,,,0,47,47,39,1
,,,,,,,,,,,,Images/IncongruentLeft.jpeg,Incongruent Left,z,LYH,19,female,China,N,Y,Chinese,English,Japanese,2021-02-12_21h27.01.226,Tse_Altarriba_Simon1,2020.1.2,MacIntel,60,3253,,,z,1,0.533,,,,,,,,0,48,48,25,1
,,,,,,,,,,,,Images/NeutralLeft.jpeg,Neutral Left,z,LYH,19,female,China,N,Y,Chinese,English,Japanese,2021-02-12_21h27.01.226,Tse_Altarriba_Simon1,2020.1.2,MacIntel,60,3253,,,z,1,0.515,,,,,,,,0,49,49,44,1
,,,,,,,,,,,,Images/CongruentLeft.jpeg,Congruent Left,z,LYH,19,female,China,N,Y,Chinese,English,Japanese,2021-02-12_21h27.01.226,Tse_Altarriba_Simon1,2020.1.2,MacIntel,60,3253,,,z,1,0.424,,,,,,,,0,50,50,7,1
,,,,,,,,,,,,Images/IncongruentRight.jpeg,Incongruent Right,m,LYH,19,female,China,N,Y,Chinese,English,Japanese,2021-02-12_21h27.01.226,Tse_Altarriba_Simon1,2020.1.2,MacIntel,60,3253,,,m,1,0.48,,,,,,,,0,51,51,37,1
,,,,,,,,,,,,Images/CongruentLeft.jpeg,Congruent Left,z,LYH,19,female,China,N,Y,Chinese,English,Japanese,2021-02-12_21h27.01.226,Tse_Altarriba_Simon1,2020.1.2,MacIntel,60,3253,,,z,1,0.84,,,,,,,,0,52,52,5,1
,,,,,,,,,,,,Images/NeutralLeft.jpeg,Neutral Left,z,LYH,19,female,China,N,Y,Chinese,English,Japanese,2021-02-12_21h27.01.226,Tse_Altarriba_Simon1,2020.1.2,MacIntel,60,3253,,,z,1,0.418,,,,,,,,0,53,53,43,1
,,,,,,,,,,,,Images/IncongruentRight.jpeg,Incongruent Right,m,LYH,19,female,China,N,Y,Chinese,English,Japanese,2021-02-12_21h27.01.226,Tse_Altarriba_Simon1,2020.1.2,MacIntel,60,3253,,,m,1,0.518,,,,,,,,0,54,54,36,1
,,,,,,,,,,,,Images/CongruentRight.jpeg,Congruent Right,m,LYH,19,female,China,N,Y,Chinese,English,Japanese,2021-02-12_21h27.01.226,Tse_Altarriba_Simon1,2020.1.2,MacIntel,60,3253,,,m,1,0.426,,,,,,,,0,55,55,13,1
,,,,,,,,,,,,Images/NeurtalRight.jpeg,Neutral Right,m,LYH,19,female,China,N,Y,Chinese,English,Japanese,2021-02-12_21h27.01.226,Tse_Altarriba_Simon1,2020.1.2,MacIntel,60,3253,,,m,1,0.391,,,,,,,,0,56,56,57,1
,,,,,,,,,,,,Images/CongruentLeft.jpeg,Congruent Left,z,LYH,19,female,China,N,Y,Chinese,English,Japanese,2021-02-12_21h27.01.226,Tse_Altarriba_Simon1,2020.1.2,MacIntel,60,3253,,,z,1,0.518,,,,,,,,0,57,57,3,1
,,,,,,,,,,,,Images/NeurtalRight.jpeg,Neutral Right,m,LYH,19,female,China,N,Y,Chinese,English,Japanese,2021-02-12_21h27.01.226,Tse_Altarriba_Simon1,2020.1.2,MacIntel,60,3253,,,m,1,0.467,,,,,,,,0,58,58,52,1
,,,,,,,,,,,,Images/CongruentLeft.jpeg,Congruent Left,z,LYH,19,female,China,N,Y,Chinese,English,Japanese,2021-02-12_21h27.01.226,Tse_Altarriba_Simon1,2020.1.2,MacIntel,60,3253,,,z,1,0.36,,,,,,,,0,59,59,6,1
