Space1.keys,Space1.rt,Space2.keys,Space2.rt,response.keys,response.corr,response.rt,Practice_loop.thisRepN,Practice_loop.thisTrialN,Practice_loop.thisN,Practice_loop.thisIndex,Practice_loop.ran,ImageFile,Condition,CorrAns,Your initials,What is your age?,What is your gender?,What year are you in?,Are you Dyslexic? (Y/N),Are you bi/multilingual? (Y/N),What is your first language?,"What is your second language? (if you are monollingual, leave blank)",What other languages do you speak?,date,expName,psychopyVersion,OS,frameRate,participant,Space3.keys,Space3.rt,key_resp_2.keys,key_resp_2.corr,key_resp_2.rt,trials.thisRepN,trials.thisTrialN,trials.thisN,trials.thisIndex,trials.ran,Space4.keys,Space4.rt,trials_2.thisRepN,trials_2.thisTrialN,trials_2.thisN,trials_2.thisIndex,trials_2.ran
space,3.099,space,17.846,z,1,1.019,0,0,0,4,1,Images/IncongruentLeft.jpeg,Incongruent Left,z,Y.Z.,19,Female,2021,N,Y,Chinese,English,"Cantonese, a little bit of Japanese",2021-02-22_15h37.51.502,Tse_Altarriba_Simon1,2020.1.2,MacIntel,60,3259,,,,,,,,,,,,,,,,,
,,,,m,1,0.642,0,1,1,2,1,Images/CongruentRight.jpeg,Congruent Right,m,Y.Z.,19,Female,2021,N,Y,Chinese,English,"Cantonese, a little bit of Japanese",2021-02-22_15h37.51.502,Tse_Altarriba_Simon1,2020.1.2,MacIntel,60,3259,,,,,,,,,,,,,,,,,
,,,,z,1,0.627,0,2,2,9,1,Images/NeutralLeft.jpeg,Neutral Left,z,Y.Z.,19,Female,2021,N,Y,Chinese,English,"Cantonese, a little bit of Japanese",2021-02-22_15h37.51.502,Tse_Altarriba_Simon1,2020.1.2,MacIntel,60,3259,,,,,,,,,,,,,,,,,
,,,,m,1,0.504,0,3,3,3,1,Images/CongruentRight.jpeg,Congruent Right,m,Y.Z.,19,Female,2021,N,Y,Chinese,English,"Cantonese, a little bit of Japanese",2021-02-22_15h37.51.502,Tse_Altarriba_Simon1,2020.1.2,MacIntel,60,3259,,,,,,,,,,,,,,,,,
,,,,m,1,0.581,0,4,4,11,1,Images/NeurtalRight.jpeg,Neutral Right,m,Y.Z.,19,Female,2021,N,Y,Chinese,English,"Cantonese, a little bit of Japanese",2021-02-22_15h37.51.502,Tse_Altarriba_Simon1,2020.1.2,MacIntel,60,3259,,,,,,,,,,,,,,,,,
,,,,z,1,0.459,0,5,5,0,1,Images/CongruentLeft.jpeg,Congruent Left,z,Y.Z.,19,Female,2021,N,Y,Chinese,English,"Cantonese, a little bit of Japanese",2021-02-22_15h37.51.502,Tse_Altarriba_Simon1,2020.1.2,MacIntel,60,3259,,,,,,,,,,,,,,,,,
,,,,z,0,0.472,0,6,6,7,1,Images/IncongruentRight.jpeg,Incongruent Right,m,Y.Z.,19,Female,2021,N,Y,Chinese,English,"Cantonese, a little bit of Japanese",2021-02-22_15h37.51.502,Tse_Altarriba_Simon1,2020.1.2,MacIntel,60,3259,,,,,,,,,,,,,,,,,
,,,,z,1,0.547,0,7,7,8,1,Images/NeutralLeft.jpeg,Neutral Left,z,Y.Z.,19,Female,2021,N,Y,Chinese,English,"Cantonese, a little bit of Japanese",2021-02-22_15h37.51.502,Tse_Altarriba_Simon1,2020.1.2,MacIntel,60,3259,,,,,,,,,,,,,,,,,
,,,,m,1,0.745,0,8,8,10,1,Images/NeurtalRight.jpeg,Neutral Right,m,Y.Z.,19,Female,2021,N,Y,Chinese,English,"Cantonese, a little bit of Japanese",2021-02-22_15h37.51.502,Tse_Altarriba_Simon1,2020.1.2,MacIntel,60,3259,,,,,,,,,,,,,,,,,
,,,,z,1,0.464,0,9,9,1,1,Images/CongruentLeft.jpeg,Congruent Left,z,Y.Z.,19,Female,2021,N,Y,Chinese,English,"Cantonese, a little bit of Japanese",2021-02-22_15h37.51.502,Tse_Altarriba_Simon1,2020.1.2,MacIntel,60,3259,,,,,,,,,,,,,,,,,
,,,,m,1,0.614,0,10,10,6,1,Images/IncongruentRight.jpeg,Incongruent Right,m,Y.Z.,19,Female,2021,N,Y,Chinese,English,"Cantonese, a little bit of Japanese",2021-02-22_15h37.51.502,Tse_Altarriba_Simon1,2020.1.2,MacIntel,60,3259,,,,,,,,,,,,,,,,,
,,,,z,1,0.517,0,11,11,5,1,Images/IncongruentLeft.jpeg,Incongruent Left,z,Y.Z.,19,Female,2021,N,Y,Chinese,English,"Cantonese, a little bit of Japanese",2021-02-22_15h37.51.502,Tse_Altarriba_Simon1,2020.1.2,MacIntel,60,3259,,,,,,,,,,,,,,,,,
,,,,,,,,,,,,Images/NeurtalRight.jpeg,Neutral Right,m,Y.Z.,19,Female,2021,N,Y,Chinese,English,"Cantonese, a little bit of Japanese",2021-02-22_15h37.51.502,Tse_Altarriba_Simon1,2020.1.2,MacIntel,60,3259,space,13.424,m,1,0.552,0,0,0,58,1,,,,,,,
,,,,,,,,,,,,Images/NeutralLeft.jpeg,Neutral Left,z,Y.Z.,19,Female,2021,N,Y,Chinese,English,"Cantonese, a little bit of Japanese",2021-02-22_15h37.51.502,Tse_Altarriba_Simon1,2020.1.2,MacIntel,60,3259,,,z,1,0.537,0,1,1,48,1,,,,,,,
,,,,,,,,,,,,Images/IncongruentLeft.jpeg,Incongruent Left,z,Y.Z.,19,Female,2021,N,Y,Chinese,English,"Cantonese, a little bit of Japanese",2021-02-22_15h37.51.502,Tse_Altarriba_Simon1,2020.1.2,MacIntel,60,3259,,,z,1,0.479,0,2,2,29,1,,,,,,,
,,,,,,,,,,,,Images/NeurtalRight.jpeg,Neutral Right,m,Y.Z.,19,Female,2021,N,Y,Chinese,English,"Cantonese, a little bit of Japanese",2021-02-22_15h37.51.502,Tse_Altarriba_Simon1,2020.1.2,MacIntel,60,3259,,,m,1,0.438,0,3,3,59,1,,,,,,,
,,,,,,,,,,,,Images/CongruentRight.jpeg,Congruent Right,m,Y.Z.,19,Female,2021,N,Y,Chinese,English,"Cantonese, a little bit of Japanese",2021-02-22_15h37.51.502,Tse_Altarriba_Simon1,2020.1.2,MacIntel,60,3259,,,m,1,0.415,0,4,4,15,1,,,,,,,
,,,,,,,,,,,,Images/CongruentRight.jpeg,Congruent Right,m,Y.Z.,19,Female,2021,N,Y,Chinese,English,"Cantonese, a little bit of Japanese",2021-02-22_15h37.51.502,Tse_Altarriba_Simon1,2020.1.2,MacIntel,60,3259,,,m,1,0.37,0,5,5,12,1,,,,,,,
,,,,,,,,,,,,Images/NeutralLeft.jpeg,Neutral Left,z,Y.Z.,19,Female,2021,N,Y,Chinese,English,"Cantonese, a little bit of Japanese",2021-02-22_15h37.51.502,Tse_Altarriba_Simon1,2020.1.2,MacIntel,60,3259,,,z,1,0.592,0,6,6,43,1,,,,,,,
,,,,,,,,,,,,Images/IncongruentRight.jpeg,Incongruent Right,m,Y.Z.,19,Female,2021,N,Y,Chinese,English,"Cantonese, a little bit of Japanese",2021-02-22_15h37.51.502,Tse_Altarriba_Simon1,2020.1.2,MacIntel,60,3259,,,m,1,0.505,0,7,7,32,1,,,,,,,
,,,,,,,,,,,,Images/CongruentLeft.jpeg,Congruent Left,z,Y.Z.,19,Female,2021,N,Y,Chinese,English,"Cantonese, a little bit of Japanese",2021-02-22_15h37.51.502,Tse_Altarriba_Simon1,2020.1.2,MacIntel,60,3259,,,z,1,0.488,0,8,8,3,1,,,,,,,
,,,,,,,,,,,,Images/IncongruentLeft.jpeg,Incongruent Left,z,Y.Z.,19,Female,2021,N,Y,Chinese,English,"Cantonese, a little bit of Japanese",2021-02-22_15h37.51.502,Tse_Altarriba_Simon1,2020.1.2,MacIntel,60,3259,,,z,1,0.457,0,9,9,27,1,,,,,,,
,,,,,,,,,,,,Images/CongruentLeft.jpeg,Congruent Left,z,Y.Z.,19,Female,2021,N,Y,Chinese,English,"Cantonese, a little bit of Japanese",2021-02-22_15h37.51.502,Tse_Altarriba_Simon1,2020.1.2,MacIntel,60,3259,,,z,1,0.421,0,10,10,0,1,,,,,,,
,,,,,,,,,,,,Images/IncongruentLeft.jpeg,Incongruent Left,z,Y.Z.,19,Female,2021,N,Y,Chinese,English,"Cantonese, a little bit of Japanese",2021-02-22_15h37.51.502,Tse_Altarriba_Simon1,2020.1.2,MacIntel,60,3259,,,z,1,0.414,0,11,11,24,1,,,,,,,
,,,,,,,,,,,,Images/CongruentLeft.jpeg,Congruent Left,z,Y.Z.,19,Female,2021,N,Y,Chinese,English,"Cantonese, a little bit of Japanese",2021-02-22_15h37.51.502,Tse_Altarriba_Simon1,2020.1.2,MacIntel,60,3259,,,z,1,0.434,0,12,12,2,1,,,,,,,
,,,,,,,,,,,,Images/IncongruentLeft.jpeg,Incongruent Left,z,Y.Z.,19,Female,2021,N,Y,Chinese,English,"Cantonese, a little bit of Japanese",2021-02-22_15h37.51.502,Tse_Altarriba_Simon1,2020.1.2,MacIntel,60,3259,,,z,1,0.446,0,13,13,21,1,,,,,,,
,,,,,,,,,,,,Images/NeurtalRight.jpeg,Neutral Right,m,Y.Z.,19,Female,2021,N,Y,Chinese,English,"Cantonese, a little bit of Japanese",2021-02-22_15h37.51.502,Tse_Altarriba_Simon1,2020.1.2,MacIntel,60,3259,,,m,1,0.497,0,14,14,55,1,,,,,,,
,,,,,,,,,,,,Images/CongruentLeft.jpeg,Congruent Left,z,Y.Z.,19,Female,2021,N,Y,Chinese,English,"Cantonese, a little bit of Japanese",2021-02-22_15h37.51.502,Tse_Altarriba_Simon1,2020.1.2,MacIntel,60,3259,,,z,1,0.552,0,15,15,5,1,,,,,,,
,,,,,,,,,,,,Images/NeutralLeft.jpeg,Neutral Left,z,Y.Z.,19,Female,2021,N,Y,Chinese,English,"Cantonese, a little bit of Japanese",2021-02-22_15h37.51.502,Tse_Altarriba_Simon1,2020.1.2,MacIntel,60,3259,,,z,1,0.404,0,16,16,46,1,,,,,,,
,,,,,,,,,,,,Images/NeurtalRight.jpeg,Neutral Right,m,Y.Z.,19,Female,2021,N,Y,Chinese,English,"Cantonese, a little bit of Japanese",2021-02-22_15h37.51.502,Tse_Altarriba_Simon1,2020.1.2,MacIntel,60,3259,,,m,1,0.528,0,17,17,52,1,,,,,,,
,,,,,,,,,,,,Images/CongruentRight.jpeg,Congruent Right,m,Y.Z.,19,Female,2021,N,Y,Chinese,English,"Cantonese, a little bit of Japanese",2021-02-22_15h37.51.502,Tse_Altarriba_Simon1,2020.1.2,MacIntel,60,3259,,,m,1,0.396,0,18,18,17,1,,,,,,,
,,,,,,,,,,,,Images/NeurtalRight.jpeg,Neutral Right,m,Y.Z.,19,Female,2021,N,Y,Chinese,English,"Cantonese, a little bit of Japanese",2021-02-22_15h37.51.502,Tse_Altarriba_Simon1,2020.1.2,MacIntel,60,3259,,,m,1,0.413,0,19,19,51,1,,,,,,,
,,,,,,,,,,,,Images/CongruentRight.jpeg,Congruent Right,m,Y.Z.,19,Female,2021,N,Y,Chinese,English,"Cantonese, a little bit of Japanese",2021-02-22_15h37.51.502,Tse_Altarriba_Simon1,2020.1.2,MacIntel,60,3259,,,m,1,0.367,0,20,20,19,1,,,,,,,
,,,,,,,,,,,,Images/NeurtalRight.jpeg,Neutral Right,m,Y.Z.,19,Female,2021,N,Y,Chinese,English,"Cantonese, a little bit of Japanese",2021-02-22_15h37.51.502,Tse_Altarriba_Simon1,2020.1.2,MacIntel,60,3259,,,m,1,0.387,0,21,21,54,1,,,,,,,
,,,,,,,,,,,,Images/CongruentLeft.jpeg,Congruent Left,z,Y.Z.,19,Female,2021,N,Y,Chinese,English,"Cantonese, a little bit of Japanese",2021-02-22_15h37.51.502,Tse_Altarriba_Simon1,2020.1.2,MacIntel,60,3259,,,z,1,0.537,0,22,22,6,1,,,,,,,
,,,,,,,,,,,,Images/CongruentLeft.jpeg,Congruent Left,z,Y.Z.,19,Female,2021,N,Y,Chinese,English,"Cantonese, a little bit of Japanese",2021-02-22_15h37.51.502,Tse_Altarriba_Simon1,2020.1.2,MacIntel,60,3259,,,z,1,0.392,0,23,23,1,1,,,,,,,
,,,,,,,,,,,,Images/IncongruentRight.jpeg,Incongruent Right,m,Y.Z.,19,Female,2021,N,Y,Chinese,English,"Cantonese, a little bit of Japanese",2021-02-22_15h37.51.502,Tse_Altarriba_Simon1,2020.1.2,MacIntel,60,3259,,,m,1,0.486,0,24,24,38,1,,,,,,,
,,,,,,,,,,,,Images/CongruentLeft.jpeg,Congruent Left,z,Y.Z.,19,Female,2021,N,Y,Chinese,English,"Cantonese, a little bit of Japanese",2021-02-22_15h37.51.502,Tse_Altarriba_Simon1,2020.1.2,MacIntel,60,3259,,,z,1,0.459,0,25,25,9,1,,,,,,,
,,,,,,,,,,,,Images/IncongruentRight.jpeg,Incongruent Right,m,Y.Z.,19,Female,2021,N,Y,Chinese,English,"Cantonese, a little bit of Japanese",2021-02-22_15h37.51.502,Tse_Altarriba_Simon1,2020.1.2,MacIntel,60,3259,,,m,1,0.438,0,26,26,39,1,,,,,,,
,,,,,,,,,,,,Images/IncongruentRight.jpeg,Incongruent Right,m,Y.Z.,19,Female,2021,N,Y,Chinese,English,"Cantonese, a little bit of Japanese",2021-02-22_15h37.51.502,Tse_Altarriba_Simon1,2020.1.2,MacIntel,60,3259,,,m,1,0.447,0,27,27,30,1,,,,,,,
,,,,,,,,,,,,Images/IncongruentLeft.jpeg,Incongruent Left,z,Y.Z.,19,Female,2021,N,Y,Chinese,English,"Cantonese, a little bit of Japanese",2021-02-22_15h37.51.502,Tse_Altarriba_Simon1,2020.1.2,MacIntel,60,3259,,,z,1,0.488,0,28,28,25,1,,,,,,,
,,,,,,,,,,,,Images/NeutralLeft.jpeg,Neutral Left,z,Y.Z.,19,Female,2021,N,Y,Chinese,English,"Cantonese, a little bit of Japanese",2021-02-22_15h37.51.502,Tse_Altarriba_Simon1,2020.1.2,MacIntel,60,3259,,,z,1,0.444,0,29,29,42,1,,,,,,,
,,,,,,,,,,,,Images/IncongruentRight.jpeg,Incongruent Right,m,Y.Z.,19,Female,2021,N,Y,Chinese,English,"Cantonese, a little bit of Japanese",2021-02-22_15h37.51.502,Tse_Altarriba_Simon1,2020.1.2,MacIntel,60,3259,,,m,1,0.454,0,30,30,31,1,,,,,,,
,,,,,,,,,,,,Images/IncongruentLeft.jpeg,Incongruent Left,z,Y.Z.,19,Female,2021,N,Y,Chinese,English,"Cantonese, a little bit of Japanese",2021-02-22_15h37.51.502,Tse_Altarriba_Simon1,2020.1.2,MacIntel,60,3259,,,z,1,0.396,0,31,31,22,1,,,,,,,
,,,,,,,,,,,,Images/CongruentRight.jpeg,Congruent Right,m,Y.Z.,19,Female,2021,N,Y,Chinese,English,"Cantonese, a little bit of Japanese",2021-02-22_15h37.51.502,Tse_Altarriba_Simon1,2020.1.2,MacIntel,60,3259,,,m,1,0.386,0,32,32,13,1,,,,,,,
,,,,,,,,,,,,Images/NeutralLeft.jpeg,Neutral Left,z,Y.Z.,19,Female,2021,N,Y,Chinese,English,"Cantonese, a little bit of Japanese",2021-02-22_15h37.51.502,Tse_Altarriba_Simon1,2020.1.2,MacIntel,60,3259,,,z,1,0.396,0,33,33,44,1,,,,,,,
,,,,,,,,,,,,Images/CongruentLeft.jpeg,Congruent Left,z,Y.Z.,19,Female,2021,N,Y,Chinese,English,"Cantonese, a little bit of Japanese",2021-02-22_15h37.51.502,Tse_Altarriba_Simon1,2020.1.2,MacIntel,60,3259,,,z,1,0.362,0,34,34,4,1,,,,,,,
,,,,,,,,,,,,Images/IncongruentRight.jpeg,Incongruent Right,m,Y.Z.,19,Female,2021,N,Y,Chinese,English,"Cantonese, a little bit of Japanese",2021-02-22_15h37.51.502,Tse_Altarriba_Simon1,2020.1.2,MacIntel,60,3259,,,z,0,0.366,0,35,35,33,1,,,,,,,
,,,,,,,,,,,,Images/NeutralLeft.jpeg,Neutral Left,z,Y.Z.,19,Female,2021,N,Y,Chinese,English,"Cantonese, a little bit of Japanese",2021-02-22_15h37.51.502,Tse_Altarriba_Simon1,2020.1.2,MacIntel,60,3259,,,z,1,0.589,0,36,36,40,1,,,,,,,
,,,,,,,,,,,,Images/CongruentLeft.jpeg,Congruent Left,z,Y.Z.,19,Female,2021,N,Y,Chinese,English,"Cantonese, a little bit of Japanese",2021-02-22_15h37.51.502,Tse_Altarriba_Simon1,2020.1.2,MacIntel,60,3259,,,z,1,0.523,0,37,37,8,1,,,,,,,
,,,,,,,,,,,,Images/NeutralLeft.jpeg,Neutral Left,z,Y.Z.,19,Female,2021,N,Y,Chinese,English,"Cantonese, a little bit of Japanese",2021-02-22_15h37.51.502,Tse_Altarriba_Simon1,2020.1.2,MacIntel,60,3259,,,z,1,0.428,0,38,38,49,1,,,,,,,
,,,,,,,,,,,,Images/NeutralLeft.jpeg,Neutral Left,z,Y.Z.,19,Female,2021,N,Y,Chinese,English,"Cantonese, a little bit of Japanese",2021-02-22_15h37.51.502,Tse_Altarriba_Simon1,2020.1.2,MacIntel,60,3259,,,z,1,0.424,0,39,39,47,1,,,,,,,
,,,,,,,,,,,,Images/IncongruentRight.jpeg,Incongruent Right,m,Y.Z.,19,Female,2021,N,Y,Chinese,English,"Cantonese, a little bit of Japanese",2021-02-22_15h37.51.502,Tse_Altarriba_Simon1,2020.1.2,MacIntel,60,3259,,,m,1,0.495,0,40,40,36,1,,,,,,,
,,,,,,,,,,,,Images/CongruentRight.jpeg,Congruent Right,m,Y.Z.,19,Female,2021,N,Y,Chinese,English,"Cantonese, a little bit of Japanese",2021-02-22_15h37.51.502,Tse_Altarriba_Simon1,2020.1.2,MacIntel,60,3259,,,m,1,0.381,0,41,41,18,1,,,,,,,
,,,,,,,,,,,,Images/IncongruentRight.jpeg,Incongruent Right,m,Y.Z.,19,Female,2021,N,Y,Chinese,English,"Cantonese, a little bit of Japanese",2021-02-22_15h37.51.502,Tse_Altarriba_Simon1,2020.1.2,MacIntel,60,3259,,,m,1,0.408,0,42,42,35,1,,,,,,,
,,,,,,,,,,,,Images/IncongruentLeft.jpeg,Incongruent Left,z,Y.Z.,19,Female,2021,N,Y,Chinese,English,"Cantonese, a little bit of Japanese",2021-02-22_15h37.51.502,Tse_Altarriba_Simon1,2020.1.2,MacIntel,60,3259,,,z,1,0.498,0,43,43,23,1,,,,,,,
,,,,,,,,,,,,Images/NeutralLeft.jpeg,Neutral Left,z,Y.Z.,19,Female,2021,N,Y,Chinese,English,"Cantonese, a little bit of Japanese",2021-02-22_15h37.51.502,Tse_Altarriba_Simon1,2020.1.2,MacIntel,60,3259,,,z,1,0.42,0,44,44,41,1,,,,,,,
,,,,,,,,,,,,Images/IncongruentRight.jpeg,Incongruent Right,m,Y.Z.,19,Female,2021,N,Y,Chinese,English,"Cantonese, a little bit of Japanese",2021-02-22_15h37.51.502,Tse_Altarriba_Simon1,2020.1.2,MacIntel,60,3259,,,m,1,0.388,0,45,45,37,1,,,,,,,
,,,,,,,,,,,,Images/CongruentRight.jpeg,Congruent Right,m,Y.Z.,19,Female,2021,N,Y,Chinese,English,"Cantonese, a little bit of Japanese",2021-02-22_15h37.51.502,Tse_Altarriba_Simon1,2020.1.2,MacIntel,60,3259,,,m,1,0.408,0,46,46,14,1,,,,,,,
,,,,,,,,,,,,Images/NeurtalRight.jpeg,Neutral Right,m,Y.Z.,19,Female,2021,N,Y,Chinese,English,"Cantonese, a little bit of Japanese",2021-02-22_15h37.51.502,Tse_Altarriba_Simon1,2020.1.2,MacIntel,60,3259,,,m,1,0.371,0,47,47,50,1,,,,,,,
,,,,,,,,,,,,Images/NeurtalRight.jpeg,Neutral Right,m,Y.Z.,19,Female,2021,N,Y,Chinese,English,"Cantonese, a little bit of Japanese",2021-02-22_15h37.51.502,Tse_Altarriba_Simon1,2020.1.2,MacIntel,60,3259,,,m,1,0.355,0,48,48,57,1,,,,,,,
,,,,,,,,,,,,Images/NeurtalRight.jpeg,Neutral Right,m,Y.Z.,19,Female,2021,N,Y,Chinese,English,"Cantonese, a little bit of Japanese",2021-02-22_15h37.51.502,Tse_Altarriba_Simon1,2020.1.2,MacIntel,60,3259,,,m,1,0.339,0,49,49,56,1,,,,,,,
,,,,,,,,,,,,Images/CongruentRight.jpeg,Congruent Right,m,Y.Z.,19,Female,2021,N,Y,Chinese,English,"Cantonese, a little bit of Japanese",2021-02-22_15h37.51.502,Tse_Altarriba_Simon1,2020.1.2,MacIntel,60,3259,,,m,1,0.437,0,50,50,10,1,,,,,,,
,,,,,,,,,,,,Images/CongruentRight.jpeg,Congruent Right,m,Y.Z.,19,Female,2021,N,Y,Chinese,English,"Cantonese, a little bit of Japanese",2021-02-22_15h37.51.502,Tse_Altarriba_Simon1,2020.1.2,MacIntel,60,3259,,,m,1,0.346,0,51,51,11,1,,,,,,,
,,,,,,,,,,,,Images/IncongruentLeft.jpeg,Incongruent Left,z,Y.Z.,19,Female,2021,N,Y,Chinese,English,"Cantonese, a little bit of Japanese",2021-02-22_15h37.51.502,Tse_Altarriba_Simon1,2020.1.2,MacIntel,60,3259,,,m,0,0.342,0,52,52,20,1,,,,,,,
,,,,,,,,,,,,Images/IncongruentRight.jpeg,Incongruent Right,m,Y.Z.,19,Female,2021,N,Y,Chinese,English,"Cantonese, a little bit of Japanese",2021-02-22_15h37.51.502,Tse_Altarriba_Simon1,2020.1.2,MacIntel,60,3259,,,m,1,0.547,0,53,53,34,1,,,,,,,
,,,,,,,,,,,,Images/IncongruentLeft.jpeg,Incongruent Left,z,Y.Z.,19,Female,2021,N,Y,Chinese,English,"Cantonese, a little bit of Japanese",2021-02-22_15h37.51.502,Tse_Altarriba_Simon1,2020.1.2,MacIntel,60,3259,,,z,1,0.563,0,54,54,28,1,,,,,,,
,,,,,,,,,,,,Images/NeurtalRight.jpeg,Neutral Right,m,Y.Z.,19,Female,2021,N,Y,Chinese,English,"Cantonese, a little bit of Japanese",2021-02-22_15h37.51.502,Tse_Altarriba_Simon1,2020.1.2,MacIntel,60,3259,,,m,1,0.394,0,55,55,53,1,,,,,,,
,,,,,,,,,,,,Images/CongruentRight.jpeg,Congruent Right,m,Y.Z.,19,Female,2021,N,Y,Chinese,English,"Cantonese, a little bit of Japanese",2021-02-22_15h37.51.502,Tse_Altarriba_Simon1,2020.1.2,MacIntel,60,3259,,,m,1,0.363,0,56,56,16,1,,,,,,,
,,,,,,,,,,,,Images/CongruentLeft.jpeg,Congruent Left,z,Y.Z.,19,Female,2021,N,Y,Chinese,English,"Cantonese, a little bit of Japanese",2021-02-22_15h37.51.502,Tse_Altarriba_Simon1,2020.1.2,MacIntel,60,3259,,,z,1,0.459,0,57,57,7,1,,,,,,,
,,,,,,,,,,,,Images/IncongruentLeft.jpeg,Incongruent Left,z,Y.Z.,19,Female,2021,N,Y,Chinese,English,"Cantonese, a little bit of Japanese",2021-02-22_15h37.51.502,Tse_Altarriba_Simon1,2020.1.2,MacIntel,60,3259,,,z,1,0.446,0,58,58,26,1,,,,,,,
,,,,,,,,,,,,Images/NeutralLeft.jpeg,Neutral Left,z,Y.Z.,19,Female,2021,N,Y,Chinese,English,"Cantonese, a little bit of Japanese",2021-02-22_15h37.51.502,Tse_Altarriba_Simon1,2020.1.2,MacIntel,60,3259,,,z,1,0.421,0,59,59,45,1,,,,,,,
,,,,,,,,,,,,Images/NeutralLeft.jpeg,Neutral Left,z,Y.Z.,19,Female,2021,N,Y,Chinese,English,"Cantonese, a little bit of Japanese",2021-02-22_15h37.51.502,Tse_Altarriba_Simon1,2020.1.2,MacIntel,60,3259,,,z,1,0.439,,,,,,space,2.336,0,0,0,43,1
,,,,,,,,,,,,Images/CongruentRight.jpeg,Congruent Right,m,Y.Z.,19,Female,2021,N,Y,Chinese,English,"Cantonese, a little bit of Japanese",2021-02-22_15h37.51.502,Tse_Altarriba_Simon1,2020.1.2,MacIntel,60,3259,,,m,1,0.335,,,,,,,,0,1,1,13,1
,,,,,,,,,,,,Images/CongruentLeft.jpeg,Congruent Left,z,Y.Z.,19,Female,2021,N,Y,Chinese,English,"Cantonese, a little bit of Japanese",2021-02-22_15h37.51.502,Tse_Altarriba_Simon1,2020.1.2,MacIntel,60,3259,,,z,1,0.356,,,,,,,,0,2,2,4,1
,,,,,,,,,,,,Images/NeutralLeft.jpeg,Neutral Left,z,Y.Z.,19,Female,2021,N,Y,Chinese,English,"Cantonese, a little bit of Japanese",2021-02-22_15h37.51.502,Tse_Altarriba_Simon1,2020.1.2,MacIntel,60,3259,,,z,1,0.414,,,,,,,,0,3,3,48,1
,,,,,,,,,,,,Images/IncongruentLeft.jpeg,Incongruent Left,z,Y.Z.,19,Female,2021,N,Y,Chinese,English,"Cantonese, a little bit of Japanese",2021-02-22_15h37.51.502,Tse_Altarriba_Simon1,2020.1.2,MacIntel,60,3259,,,z,1,0.457,,,,,,,,0,4,4,20,1
,,,,,,,,,,,,Images/IncongruentRight.jpeg,Incongruent Right,m,Y.Z.,19,Female,2021,N,Y,Chinese,English,"Cantonese, a little bit of Japanese",2021-02-22_15h37.51.502,Tse_Altarriba_Simon1,2020.1.2,MacIntel,60,3259,,,m,1,0.772,,,,,,,,0,5,5,37,1
,,,,,,,,,,,,Images/IncongruentLeft.jpeg,Incongruent Left,z,Y.Z.,19,Female,2021,N,Y,Chinese,English,"Cantonese, a little bit of Japanese",2021-02-22_15h37.51.502,Tse_Altarriba_Simon1,2020.1.2,MacIntel,60,3259,,,z,1,0.488,,,,,,,,0,6,6,28,1
,,,,,,,,,,,,Images/CongruentRight.jpeg,Congruent Right,m,Y.Z.,19,Female,2021,N,Y,Chinese,English,"Cantonese, a little bit of Japanese",2021-02-22_15h37.51.502,Tse_Altarriba_Simon1,2020.1.2,MacIntel,60,3259,,,m,1,0.797,,,,,,,,0,7,7,17,1
,,,,,,,,,,,,Images/NeurtalRight.jpeg,Neutral Right,m,Y.Z.,19,Female,2021,N,Y,Chinese,English,"Cantonese, a little bit of Japanese",2021-02-22_15h37.51.502,Tse_Altarriba_Simon1,2020.1.2,MacIntel,60,3259,,,m,1,0.409,,,,,,,,0,8,8,58,1
,,,,,,,,,,,,Images/CongruentRight.jpeg,Congruent Right,m,Y.Z.,19,Female,2021,N,Y,Chinese,English,"Cantonese, a little bit of Japanese",2021-02-22_15h37.51.502,Tse_Altarriba_Simon1,2020.1.2,MacIntel,60,3259,,,m,1,0.396,,,,,,,,0,9,9,14,1
,,,,,,,,,,,,Images/NeutralLeft.jpeg,Neutral Left,z,Y.Z.,19,Female,2021,N,Y,Chinese,English,"Cantonese, a little bit of Japanese",2021-02-22_15h37.51.502,Tse_Altarriba_Simon1,2020.1.2,MacIntel,60,3259,,,z,1,0.497,,,,,,,,0,10,10,46,1
,,,,,,,,,,,,Images/IncongruentRight.jpeg,Incongruent Right,m,Y.Z.,19,Female,2021,N,Y,Chinese,English,"Cantonese, a little bit of Japanese",2021-02-22_15h37.51.502,Tse_Altarriba_Simon1,2020.1.2,MacIntel,60,3259,,,m,1,0.404,,,,,,,,0,11,11,39,1
,,,,,,,,,,,,Images/IncongruentRight.jpeg,Incongruent Right,m,Y.Z.,19,Female,2021,N,Y,Chinese,English,"Cantonese, a little bit of Japanese",2021-02-22_15h37.51.502,Tse_Altarriba_Simon1,2020.1.2,MacIntel,60,3259,,,m,1,0.412,,,,,,,,0,12,12,35,1
,,,,,,,,,,,,Images/IncongruentRight.jpeg,Incongruent Right,m,Y.Z.,19,Female,2021,N,Y,Chinese,English,"Cantonese, a little bit of Japanese",2021-02-22_15h37.51.502,Tse_Altarriba_Simon1,2020.1.2,MacIntel,60,3259,,,m,1,0.346,,,,,,,,0,13,13,31,1
,,,,,,,,,,,,Images/NeurtalRight.jpeg,Neutral Right,m,Y.Z.,19,Female,2021,N,Y,Chinese,English,"Cantonese, a little bit of Japanese",2021-02-22_15h37.51.502,Tse_Altarriba_Simon1,2020.1.2,MacIntel,60,3259,,,m,1,0.387,,,,,,,,0,14,14,59,1
,,,,,,,,,,,,Images/IncongruentRight.jpeg,Incongruent Right,m,Y.Z.,19,Female,2021,N,Y,Chinese,English,"Cantonese, a little bit of Japanese",2021-02-22_15h37.51.502,Tse_Altarriba_Simon1,2020.1.2,MacIntel,60,3259,,,m,1,0.429,,,,,,,,0,15,15,32,1
,,,,,,,,,,,,Images/IncongruentLeft.jpeg,Incongruent Left,z,Y.Z.,19,Female,2021,N,Y,Chinese,English,"Cantonese, a little bit of Japanese",2021-02-22_15h37.51.502,Tse_Altarriba_Simon1,2020.1.2,MacIntel,60,3259,,,z,1,0.421,,,,,,,,0,16,16,25,1
,,,,,,,,,,,,Images/CongruentRight.jpeg,Congruent Right,m,Y.Z.,19,Female,2021,N,Y,Chinese,English,"Cantonese, a little bit of Japanese",2021-02-22_15h37.51.502,Tse_Altarriba_Simon1,2020.1.2,MacIntel,60,3259,,,m,1,0.505,,,,,,,,0,17,17,16,1
,,,,,,,,,,,,Images/CongruentRight.jpeg,Congruent Right,m,Y.Z.,19,Female,2021,N,Y,Chinese,English,"Cantonese, a little bit of Japanese",2021-02-22_15h37.51.502,Tse_Altarriba_Simon1,2020.1.2,MacIntel,60,3259,,,m,1,0.361,,,,,,,,0,18,18,10,1
,,,,,,,,,,,,Images/NeutralLeft.jpeg,Neutral Left,z,Y.Z.,19,Female,2021,N,Y,Chinese,English,"Cantonese, a little bit of Japanese",2021-02-22_15h37.51.502,Tse_Altarriba_Simon1,2020.1.2,MacIntel,60,3259,,,z,1,0.481,,,,,,,,0,19,19,49,1
,,,,,,,,,,,,Images/IncongruentRight.jpeg,Incongruent Right,m,Y.Z.,19,Female,2021,N,Y,Chinese,English,"Cantonese, a little bit of Japanese",2021-02-22_15h37.51.502,Tse_Altarriba_Simon1,2020.1.2,MacIntel,60,3259,,,m,1,0.424,,,,,,,,0,20,20,36,1
,,,,,,,,,,,,Images/CongruentRight.jpeg,Congruent Right,m,Y.Z.,19,Female,2021,N,Y,Chinese,English,"Cantonese, a little bit of Japanese",2021-02-22_15h37.51.502,Tse_Altarriba_Simon1,2020.1.2,MacIntel,60,3259,,,m,1,0.404,,,,,,,,0,21,21,12,1
,,,,,,,,,,,,Images/CongruentRight.jpeg,Congruent Right,m,Y.Z.,19,Female,2021,N,Y,Chinese,English,"Cantonese, a little bit of Japanese",2021-02-22_15h37.51.502,Tse_Altarriba_Simon1,2020.1.2,MacIntel,60,3259,,,m,1,0.381,,,,,,,,0,22,22,15,1
,,,,,,,,,,,,Images/CongruentLeft.jpeg,Congruent Left,z,Y.Z.,19,Female,2021,N,Y,Chinese,English,"Cantonese, a little bit of Japanese",2021-02-22_15h37.51.502,Tse_Altarriba_Simon1,2020.1.2,MacIntel,60,3259,,,z,1,0.383,,,,,,,,0,23,23,5,1
,,,,,,,,,,,,Images/NeutralLeft.jpeg,Neutral Left,z,Y.Z.,19,Female,2021,N,Y,Chinese,English,"Cantonese, a little bit of Japanese",2021-02-22_15h37.51.502,Tse_Altarriba_Simon1,2020.1.2,MacIntel,60,3259,,,z,1,0.449,,,,,,,,0,24,24,47,1
,,,,,,,,,,,,Images/NeutralLeft.jpeg,Neutral Left,z,Y.Z.,19,Female,2021,N,Y,Chinese,English,"Cantonese, a little bit of Japanese",2021-02-22_15h37.51.502,Tse_Altarriba_Simon1,2020.1.2,MacIntel,60,3259,,,z,1,0.371,,,,,,,,0,25,25,45,1
,,,,,,,,,,,,Images/CongruentLeft.jpeg,Congruent Left,z,Y.Z.,19,Female,2021,N,Y,Chinese,English,"Cantonese, a little bit of Japanese",2021-02-22_15h37.51.502,Tse_Altarriba_Simon1,2020.1.2,MacIntel,60,3259,,,z,1,0.353,,,,,,,,0,26,26,3,1
,,,,,,,,,,,,Images/IncongruentRight.jpeg,Incongruent Right,m,Y.Z.,19,Female,2021,N,Y,Chinese,English,"Cantonese, a little bit of Japanese",2021-02-22_15h37.51.502,Tse_Altarriba_Simon1,2020.1.2,MacIntel,60,3259,,,z,0,0.371,,,,,,,,0,27,27,34,1
,,,,,,,,,,,,Images/CongruentRight.jpeg,Congruent Right,m,Y.Z.,19,Female,2021,N,Y,Chinese,English,"Cantonese, a little bit of Japanese",2021-02-22_15h37.51.502,Tse_Altarriba_Simon1,2020.1.2,MacIntel,60,3259,,,m,1,0.39,,,,,,,,0,28,28,11,1
,,,,,,,,,,,,Images/CongruentRight.jpeg,Congruent Right,m,Y.Z.,19,Female,2021,N,Y,Chinese,English,"Cantonese, a little bit of Japanese",2021-02-22_15h37.51.502,Tse_Altarriba_Simon1,2020.1.2,MacIntel,60,3259,,,m,1,0.366,,,,,,,,0,29,29,19,1
,,,,,,,,,,,,Images/NeurtalRight.jpeg,Neutral Right,m,Y.Z.,19,Female,2021,N,Y,Chinese,English,"Cantonese, a little bit of Japanese",2021-02-22_15h37.51.502,Tse_Altarriba_Simon1,2020.1.2,MacIntel,60,3259,,,m,1,0.374,,,,,,,,0,30,30,51,1
,,,,,,,,,,,,Images/CongruentLeft.jpeg,Congruent Left,z,Y.Z.,19,Female,2021,N,Y,Chinese,English,"Cantonese, a little bit of Japanese",2021-02-22_15h37.51.502,Tse_Altarriba_Simon1,2020.1.2,MacIntel,60,3259,,,z,1,0.399,,,,,,,,0,31,31,6,1
,,,,,,,,,,,,Images/NeurtalRight.jpeg,Neutral Right,m,Y.Z.,19,Female,2021,N,Y,Chinese,English,"Cantonese, a little bit of Japanese",2021-02-22_15h37.51.502,Tse_Altarriba_Simon1,2020.1.2,MacIntel,60,3259,,,m,1,0.388,,,,,,,,0,32,32,57,1
,,,,,,,,,,,,Images/IncongruentLeft.jpeg,Incongruent Left,z,Y.Z.,19,Female,2021,N,Y,Chinese,English,"Cantonese, a little bit of Japanese",2021-02-22_15h37.51.502,Tse_Altarriba_Simon1,2020.1.2,MacIntel,60,3259,,,z,1,0.54,,,,,,,,0,33,33,21,1
,,,,,,,,,,,,Images/IncongruentRight.jpeg,Incongruent Right,m,Y.Z.,19,Female,2021,N,Y,Chinese,English,"Cantonese, a little bit of Japanese",2021-02-22_15h37.51.502,Tse_Altarriba_Simon1,2020.1.2,MacIntel,60,3259,,,m,1,0.407,,,,,,,,0,34,34,38,1
,,,,,,,,,,,,Images/NeurtalRight.jpeg,Neutral Right,m,Y.Z.,19,Female,2021,N,Y,Chinese,English,"Cantonese, a little bit of Japanese",2021-02-22_15h37.51.502,Tse_Altarriba_Simon1,2020.1.2,MacIntel,60,3259,,,m,1,0.449,,,,,,,,0,35,35,53,1
,,,,,,,,,,,,Images/CongruentLeft.jpeg,Congruent Left,z,Y.Z.,19,Female,2021,N,Y,Chinese,English,"Cantonese, a little bit of Japanese",2021-02-22_15h37.51.502,Tse_Altarriba_Simon1,2020.1.2,MacIntel,60,3259,,,z,1,0.51,,,,,,,,0,36,36,8,1
,,,,,,,,,,,,Images/CongruentRight.jpeg,Congruent Right,m,Y.Z.,19,Female,2021,N,Y,Chinese,English,"Cantonese, a little bit of Japanese",2021-02-22_15h37.51.502,Tse_Altarriba_Simon1,2020.1.2,MacIntel,60,3259,,,m,1,0.332,,,,,,,,0,37,37,18,1
,,,,,,,,,,,,Images/IncongruentLeft.jpeg,Incongruent Left,z,Y.Z.,19,Female,2021,N,Y,Chinese,English,"Cantonese, a little bit of Japanese",2021-02-22_15h37.51.502,Tse_Altarriba_Simon1,2020.1.2,MacIntel,60,3259,,,z,1,0.546,,,,,,,,0,38,38,29,1
,,,,,,,,,,,,Images/IncongruentLeft.jpeg,Incongruent Left,z,Y.Z.,19,Female,2021,N,Y,Chinese,English,"Cantonese, a little bit of Japanese",2021-02-22_15h37.51.502,Tse_Altarriba_Simon1,2020.1.2,MacIntel,60,3259,,,z,1,0.481,,,,,,,,0,39,39,24,1
,,,,,,,,,,,,Images/NeutralLeft.jpeg,Neutral Left,z,Y.Z.,19,Female,2021,N,Y,Chinese,English,"Cantonese, a little bit of Japanese",2021-02-22_15h37.51.502,Tse_Altarriba_Simon1,2020.1.2,MacIntel,60,3259,,,z,1,0.404,,,,,,,,0,40,40,44,1
,,,,,,,,,,,,Images/IncongruentLeft.jpeg,Incongruent Left,z,Y.Z.,19,Female,2021,N,Y,Chinese,English,"Cantonese, a little bit of Japanese",2021-02-22_15h37.51.502,Tse_Altarriba_Simon1,2020.1.2,MacIntel,60,3259,,,z,1,0.485,,,,,,,,0,41,41,23,1
,,,,,,,,,,,,Images/NeutralLeft.jpeg,Neutral Left,z,Y.Z.,19,Female,2021,N,Y,Chinese,English,"Cantonese, a little bit of Japanese",2021-02-22_15h37.51.502,Tse_Altarriba_Simon1,2020.1.2,MacIntel,60,3259,,,z,1,0.392,,,,,,,,0,42,42,42,1
,,,,,,,,,,,,Images/NeutralLeft.jpeg,Neutral Left,z,Y.Z.,19,Female,2021,N,Y,Chinese,English,"Cantonese, a little bit of Japanese",2021-02-22_15h37.51.502,Tse_Altarriba_Simon1,2020.1.2,MacIntel,60,3259,,,z,1,0.364,,,,,,,,0,43,43,40,1
,,,,,,,,,,,,Images/CongruentLeft.jpeg,Congruent Left,z,Y.Z.,19,Female,2021,N,Y,Chinese,English,"Cantonese, a little bit of Japanese",2021-02-22_15h37.51.502,Tse_Altarriba_Simon1,2020.1.2,MacIntel,60,3259,,,z,1,0.499,,,,,,,,0,44,44,7,1
,,,,,,,,,,,,Images/NeurtalRight.jpeg,Neutral Right,m,Y.Z.,19,Female,2021,N,Y,Chinese,English,"Cantonese, a little bit of Japanese",2021-02-22_15h37.51.502,Tse_Altarriba_Simon1,2020.1.2,MacIntel,60,3259,,,z,0,0.331,,,,,,,,0,45,45,50,1
,,,,,,,,,,,,Images/NeutralLeft.jpeg,Neutral Left,z,Y.Z.,19,Female,2021,N,Y,Chinese,English,"Cantonese, a little bit of Japanese",2021-02-22_15h37.51.502,Tse_Altarriba_Simon1,2020.1.2,MacIntel,60,3259,,,z,1,0.43,,,,,,,,0,46,46,41,1
,,,,,,,,,,,,Images/NeurtalRight.jpeg,Neutral Right,m,Y.Z.,19,Female,2021,N,Y,Chinese,English,"Cantonese, a little bit of Japanese",2021-02-22_15h37.51.502,Tse_Altarriba_Simon1,2020.1.2,MacIntel,60,3259,,,m,1,0.628,,,,,,,,0,47,47,54,1
,,,,,,,,,,,,Images/CongruentLeft.jpeg,Congruent Left,z,Y.Z.,19,Female,2021,N,Y,Chinese,English,"Cantonese, a little bit of Japanese",2021-02-22_15h37.51.502,Tse_Altarriba_Simon1,2020.1.2,MacIntel,60,3259,,,z,1,0.431,,,,,,,,0,48,48,9,1
,,,,,,,,,,,,Images/IncongruentLeft.jpeg,Incongruent Left,z,Y.Z.,19,Female,2021,N,Y,Chinese,English,"Cantonese, a little bit of Japanese",2021-02-22_15h37.51.502,Tse_Altarriba_Simon1,2020.1.2,MacIntel,60,3259,,,z,1,0.499,,,,,,,,0,49,49,26,1
,,,,,,,,,,,,Images/NeurtalRight.jpeg,Neutral Right,m,Y.Z.,19,Female,2021,N,Y,Chinese,English,"Cantonese, a little bit of Japanese",2021-02-22_15h37.51.502,Tse_Altarriba_Simon1,2020.1.2,MacIntel,60,3259,,,m,1,0.446,,,,,,,,0,50,50,56,1
,,,,,,,,,,,,Images/CongruentLeft.jpeg,Congruent Left,z,Y.Z.,19,Female,2021,N,Y,Chinese,English,"Cantonese, a little bit of Japanese",2021-02-22_15h37.51.502,Tse_Altarriba_Simon1,2020.1.2,MacIntel,60,3259,,,z,1,0.39,,,,,,,,0,51,51,1,1
,,,,,,,,,,,,Images/IncongruentLeft.jpeg,Incongruent Left,z,Y.Z.,19,Female,2021,N,Y,Chinese,English,"Cantonese, a little bit of Japanese",2021-02-22_15h37.51.502,Tse_Altarriba_Simon1,2020.1.2,MacIntel,60,3259,,,z,1,0.425,,,,,,,,0,52,52,22,1
,,,,,,,,,,,,Images/CongruentLeft.jpeg,Congruent Left,z,Y.Z.,19,Female,2021,N,Y,Chinese,English,"Cantonese, a little bit of Japanese",2021-02-22_15h37.51.502,Tse_Altarriba_Simon1,2020.1.2,MacIntel,60,3259,,,z,1,0.458,,,,,,,,0,53,53,0,1
,,,,,,,,,,,,Images/CongruentLeft.jpeg,Congruent Left,z,Y.Z.,19,Female,2021,N,Y,Chinese,English,"Cantonese, a little bit of Japanese",2021-02-22_15h37.51.502,Tse_Altarriba_Simon1,2020.1.2,MacIntel,60,3259,,,z,1,0.416,,,,,,,,0,54,54,2,1
,,,,,,,,,,,,Images/IncongruentLeft.jpeg,Incongruent Left,z,Y.Z.,19,Female,2021,N,Y,Chinese,English,"Cantonese, a little bit of Japanese",2021-02-22_15h37.51.502,Tse_Altarriba_Simon1,2020.1.2,MacIntel,60,3259,,,z,1,0.474,,,,,,,,0,55,55,27,1
,,,,,,,,,,,,Images/IncongruentRight.jpeg,Incongruent Right,m,Y.Z.,19,Female,2021,N,Y,Chinese,English,"Cantonese, a little bit of Japanese",2021-02-22_15h37.51.502,Tse_Altarriba_Simon1,2020.1.2,MacIntel,60,3259,,,m,1,0.491,,,,,,,,0,56,56,30,1
,,,,,,,,,,,,Images/IncongruentRight.jpeg,Incongruent Right,m,Y.Z.,19,Female,2021,N,Y,Chinese,English,"Cantonese, a little bit of Japanese",2021-02-22_15h37.51.502,Tse_Altarriba_Simon1,2020.1.2,MacIntel,60,3259,,,m,1,0.451,,,,,,,,0,57,57,33,1
,,,,,,,,,,,,Images/NeurtalRight.jpeg,Neutral Right,m,Y.Z.,19,Female,2021,N,Y,Chinese,English,"Cantonese, a little bit of Japanese",2021-02-22_15h37.51.502,Tse_Altarriba_Simon1,2020.1.2,MacIntel,60,3259,,,m,1,0.424,,,,,,,,0,58,58,52,1
,,,,,,,,,,,,Images/NeurtalRight.jpeg,Neutral Right,m,Y.Z.,19,Female,2021,N,Y,Chinese,English,"Cantonese, a little bit of Japanese",2021-02-22_15h37.51.502,Tse_Altarriba_Simon1,2020.1.2,MacIntel,60,3259,,,m,1,0.405,,,,,,,,0,59,59,55,1
