Space1.keys,Space1.rt,Space2.keys,Space2.rt,response.keys,response.corr,response.rt,Practice_loop.thisRepN,Practice_loop.thisTrialN,Practice_loop.thisN,Practice_loop.thisIndex,Practice_loop.ran,ImageFile,Condition,CorrAns,Your initials,What is your age?,What is your gender?,What year are you in?,Are you Dyslexic? (Y/N),Are you bi/multilingual? (Y/N),What is your first language?,"What is your second language? (if you are monollingual, leave blank)",What other languages do you speak?,date,expName,psychopyVersion,OS,frameRate,participant,Space3.keys,Space3.rt,key_resp_2.keys,key_resp_2.corr,key_resp_2.rt,trials.thisRepN,trials.thisTrialN,trials.thisN,trials.thisIndex,trials.ran,Space4.keys,Space4.rt,trials_2.thisRepN,trials_2.thisTrialN,trials_2.thisN,trials_2.thisIndex,trials_2.ran
space,7.330495,space,12.052245,z,1,0.85453,0,0,0,9,1,Images/NeutralLeft.jpeg,Neutral Left,z,W,19,female,1,N,Y,Chinese,English,,2021-02-12_21h41.54.516,Tse_Altarriba_Simon1,2020.1.2,Win32,60,3265,,,,,,,,,,,,,,,,,
,,,,m,1,1.051115,0,1,1,6,1,Images/IncongruentRight.jpeg,Incongruent Right,m,W,19,female,1,N,Y,Chinese,English,,2021-02-12_21h41.54.516,Tse_Altarriba_Simon1,2020.1.2,Win32,60,3265,,,,,,,,,,,,,,,,,
,,,,m,1,0.426025,0,2,2,10,1,Images/NeurtalRight.jpeg,Neutral Right,m,W,19,female,1,N,Y,Chinese,English,,2021-02-12_21h41.54.516,Tse_Altarriba_Simon1,2020.1.2,Win32,60,3265,,,,,,,,,,,,,,,,,
,,,,z,1,0.50093,0,3,3,0,1,Images/CongruentLeft.jpeg,Congruent Left,z,W,19,female,1,N,Y,Chinese,English,,2021-02-12_21h41.54.516,Tse_Altarriba_Simon1,2020.1.2,Win32,60,3265,,,,,,,,,,,,,,,,,
,,,,m,1,0.403225,0,4,4,7,1,Images/IncongruentRight.jpeg,Incongruent Right,m,W,19,female,1,N,Y,Chinese,English,,2021-02-12_21h41.54.516,Tse_Altarriba_Simon1,2020.1.2,Win32,60,3265,,,,,,,,,,,,,,,,,
,,,,m,1,0.39048,0,5,5,3,1,Images/CongruentRight.jpeg,Congruent Right,m,W,19,female,1,N,Y,Chinese,English,,2021-02-12_21h41.54.516,Tse_Altarriba_Simon1,2020.1.2,Win32,60,3265,,,,,,,,,,,,,,,,,
,,,,z,1,0.32056,0,6,6,1,1,Images/CongruentLeft.jpeg,Congruent Left,z,W,19,female,1,N,Y,Chinese,English,,2021-02-12_21h41.54.516,Tse_Altarriba_Simon1,2020.1.2,Win32,60,3265,,,,,,,,,,,,,,,,,
,,,,m,1,0.31997,0,7,7,11,1,Images/NeurtalRight.jpeg,Neutral Right,m,W,19,female,1,N,Y,Chinese,English,,2021-02-12_21h41.54.516,Tse_Altarriba_Simon1,2020.1.2,Win32,60,3265,,,,,,,,,,,,,,,,,
,,,,z,1,0.539555,0,8,8,8,1,Images/NeutralLeft.jpeg,Neutral Left,z,W,19,female,1,N,Y,Chinese,English,,2021-02-12_21h41.54.516,Tse_Altarriba_Simon1,2020.1.2,Win32,60,3265,,,,,,,,,,,,,,,,,
,,,,z,1,0.56176,0,9,9,5,1,Images/IncongruentLeft.jpeg,Incongruent Left,z,W,19,female,1,N,Y,Chinese,English,,2021-02-12_21h41.54.516,Tse_Altarriba_Simon1,2020.1.2,Win32,60,3265,,,,,,,,,,,,,,,,,
,,,,z,1,0.43015,0,10,10,4,1,Images/IncongruentLeft.jpeg,Incongruent Left,z,W,19,female,1,N,Y,Chinese,English,,2021-02-12_21h41.54.516,Tse_Altarriba_Simon1,2020.1.2,Win32,60,3265,,,,,,,,,,,,,,,,,
,,,,m,1,0.31934,0,11,11,2,1,Images/CongruentRight.jpeg,Congruent Right,m,W,19,female,1,N,Y,Chinese,English,,2021-02-12_21h41.54.516,Tse_Altarriba_Simon1,2020.1.2,Win32,60,3265,,,,,,,,,,,,,,,,,
,,,,,,,,,,,,Images/IncongruentRight.jpeg,Incongruent Right,m,W,19,female,1,N,Y,Chinese,English,,2021-02-12_21h41.54.516,Tse_Altarriba_Simon1,2020.1.2,Win32,60,3265,space,11.244235,m,1,0.511255,0,0,0,36,1,,,,,,,
,,,,,,,,,,,,Images/NeurtalRight.jpeg,Neutral Right,m,W,19,female,1,N,Y,Chinese,English,,2021-02-12_21h41.54.516,Tse_Altarriba_Simon1,2020.1.2,Win32,60,3265,,,m,1,0.36953,0,1,1,58,1,,,,,,,
,,,,,,,,,,,,Images/CongruentRight.jpeg,Congruent Right,m,W,19,female,1,N,Y,Chinese,English,,2021-02-12_21h41.54.516,Tse_Altarriba_Simon1,2020.1.2,Win32,60,3265,,,m,1,0.40951,0,2,2,18,1,,,,,,,
,,,,,,,,,,,,Images/NeurtalRight.jpeg,Neutral Right,m,W,19,female,1,N,Y,Chinese,English,,2021-02-12_21h41.54.516,Tse_Altarriba_Simon1,2020.1.2,Win32,60,3265,,,m,1,0.3813,0,3,3,53,1,,,,,,,
,,,,,,,,,,,,Images/CongruentRight.jpeg,Congruent Right,m,W,19,female,1,N,Y,Chinese,English,,2021-02-12_21h41.54.516,Tse_Altarriba_Simon1,2020.1.2,Win32,60,3265,,,m,1,0.34968,0,4,4,19,1,,,,,,,
,,,,,,,,,,,,Images/NeurtalRight.jpeg,Neutral Right,m,W,19,female,1,N,Y,Chinese,English,,2021-02-12_21h41.54.516,Tse_Altarriba_Simon1,2020.1.2,Win32,60,3265,,,m,1,0.36398,0,5,5,59,1,,,,,,,
,,,,,,,,,,,,Images/NeutralLeft.jpeg,Neutral Left,z,W,19,female,1,N,Y,Chinese,English,,2021-02-12_21h41.54.516,Tse_Altarriba_Simon1,2020.1.2,Win32,60,3265,,,z,1,0.396825,0,6,6,49,1,,,,,,,
,,,,,,,,,,,,Images/NeutralLeft.jpeg,Neutral Left,z,W,19,female,1,N,Y,Chinese,English,,2021-02-12_21h41.54.516,Tse_Altarriba_Simon1,2020.1.2,Win32,60,3265,,,z,1,0.31295,0,7,7,40,1,,,,,,,
,,,,,,,,,,,,Images/IncongruentLeft.jpeg,Incongruent Left,z,W,19,female,1,N,Y,Chinese,English,,2021-02-12_21h41.54.516,Tse_Altarriba_Simon1,2020.1.2,Win32,60,3265,,,m,0,0.293925,0,8,8,28,1,,,,,,,
,,,,,,,,,,,,Images/NeutralLeft.jpeg,Neutral Left,z,W,19,female,1,N,Y,Chinese,English,,2021-02-12_21h41.54.516,Tse_Altarriba_Simon1,2020.1.2,Win32,60,3265,,,z,1,0.32896,0,9,9,41,1,,,,,,,
,,,,,,,,,,,,Images/IncongruentLeft.jpeg,Incongruent Left,z,W,19,female,1,N,Y,Chinese,English,,2021-02-12_21h41.54.516,Tse_Altarriba_Simon1,2020.1.2,Win32,60,3265,,,z,1,0.3744,0,10,10,25,1,,,,,,,
,,,,,,,,,,,,Images/IncongruentRight.jpeg,Incongruent Right,m,W,19,female,1,N,Y,Chinese,English,,2021-02-12_21h41.54.516,Tse_Altarriba_Simon1,2020.1.2,Win32,60,3265,,,m,1,0.45959,0,11,11,38,1,,,,,,,
,,,,,,,,,,,,Images/CongruentRight.jpeg,Congruent Right,m,W,19,female,1,N,Y,Chinese,English,,2021-02-12_21h41.54.516,Tse_Altarriba_Simon1,2020.1.2,Win32,60,3265,,,m,1,0.427865,0,12,12,14,1,,,,,,,
,,,,,,,,,,,,Images/IncongruentLeft.jpeg,Incongruent Left,z,W,19,female,1,N,Y,Chinese,English,,2021-02-12_21h41.54.516,Tse_Altarriba_Simon1,2020.1.2,Win32,60,3265,,,z,1,0.394995,0,13,13,24,1,,,,,,,
,,,,,,,,,,,,Images/IncongruentRight.jpeg,Incongruent Right,m,W,19,female,1,N,Y,Chinese,English,,2021-02-12_21h41.54.516,Tse_Altarriba_Simon1,2020.1.2,Win32,60,3265,,,m,1,0.432365,0,14,14,33,1,,,,,,,
,,,,,,,,,,,,Images/CongruentLeft.jpeg,Congruent Left,z,W,19,female,1,N,Y,Chinese,English,,2021-02-12_21h41.54.516,Tse_Altarriba_Simon1,2020.1.2,Win32,60,3265,,,z,1,0.55377,0,15,15,1,1,,,,,,,
,,,,,,,,,,,,Images/IncongruentLeft.jpeg,Incongruent Left,z,W,19,female,1,N,Y,Chinese,English,,2021-02-12_21h41.54.516,Tse_Altarriba_Simon1,2020.1.2,Win32,60,3265,,,z,1,0.475285,0,16,16,29,1,,,,,,,
,,,,,,,,,,,,Images/NeutralLeft.jpeg,Neutral Left,z,W,19,female,1,N,Y,Chinese,English,,2021-02-12_21h41.54.516,Tse_Altarriba_Simon1,2020.1.2,Win32,60,3265,,,z,1,0.345225,0,17,17,45,1,,,,,,,
,,,,,,,,,,,,Images/NeutralLeft.jpeg,Neutral Left,z,W,19,female,1,N,Y,Chinese,English,,2021-02-12_21h41.54.516,Tse_Altarriba_Simon1,2020.1.2,Win32,60,3265,,,z,1,0.39548,0,18,18,46,1,,,,,,,
,,,,,,,,,,,,Images/IncongruentLeft.jpeg,Incongruent Left,z,W,19,female,1,N,Y,Chinese,English,,2021-02-12_21h41.54.516,Tse_Altarriba_Simon1,2020.1.2,Win32,60,3265,,,z,1,0.42579,0,19,19,27,1,,,,,,,
,,,,,,,,,,,,Images/CongruentLeft.jpeg,Congruent Left,z,W,19,female,1,N,Y,Chinese,English,,2021-02-12_21h41.54.516,Tse_Altarriba_Simon1,2020.1.2,Win32,60,3265,,,z,1,0.351215,0,20,20,5,1,,,,,,,
,,,,,,,,,,,,Images/NeurtalRight.jpeg,Neutral Right,m,W,19,female,1,N,Y,Chinese,English,,2021-02-12_21h41.54.516,Tse_Altarriba_Simon1,2020.1.2,Win32,60,3265,,,m,1,0.432305,0,21,21,55,1,,,,,,,
,,,,,,,,,,,,Images/IncongruentRight.jpeg,Incongruent Right,m,W,19,female,1,N,Y,Chinese,English,,2021-02-12_21h41.54.516,Tse_Altarriba_Simon1,2020.1.2,Win32,60,3265,,,m,1,0.409775,0,22,22,35,1,,,,,,,
,,,,,,,,,,,,Images/CongruentLeft.jpeg,Congruent Left,z,W,19,female,1,N,Y,Chinese,English,,2021-02-12_21h41.54.516,Tse_Altarriba_Simon1,2020.1.2,Win32,60,3265,,,z,1,0.402955,0,23,23,0,1,,,,,,,
,,,,,,,,,,,,Images/IncongruentRight.jpeg,Incongruent Right,m,W,19,female,1,N,Y,Chinese,English,,2021-02-12_21h41.54.516,Tse_Altarriba_Simon1,2020.1.2,Win32,60,3265,,,m,1,0.451245,0,24,24,37,1,,,,,,,
,,,,,,,,,,,,Images/CongruentRight.jpeg,Congruent Right,m,W,19,female,1,N,Y,Chinese,English,,2021-02-12_21h41.54.516,Tse_Altarriba_Simon1,2020.1.2,Win32,60,3265,,,m,1,0.411525,0,25,25,11,1,,,,,,,
,,,,,,,,,,,,Images/NeutralLeft.jpeg,Neutral Left,z,W,19,female,1,N,Y,Chinese,English,,2021-02-12_21h41.54.516,Tse_Altarriba_Simon1,2020.1.2,Win32,60,3265,,,z,1,0.37733,0,26,26,42,1,,,,,,,
,,,,,,,,,,,,Images/NeurtalRight.jpeg,Neutral Right,m,W,19,female,1,N,Y,Chinese,English,,2021-02-12_21h41.54.516,Tse_Altarriba_Simon1,2020.1.2,Win32,60,3265,,,m,1,0.34133,0,27,27,54,1,,,,,,,
,,,,,,,,,,,,Images/NeutralLeft.jpeg,Neutral Left,z,W,19,female,1,N,Y,Chinese,English,,2021-02-12_21h41.54.516,Tse_Altarriba_Simon1,2020.1.2,Win32,60,3265,,,z,1,0.353995,0,28,28,43,1,,,,,,,
,,,,,,,,,,,,Images/CongruentLeft.jpeg,Congruent Left,z,W,19,female,1,N,Y,Chinese,English,,2021-02-12_21h41.54.516,Tse_Altarriba_Simon1,2020.1.2,Win32,60,3265,,,z,1,0.37685,0,29,29,7,1,,,,,,,
,,,,,,,,,,,,Images/NeurtalRight.jpeg,Neutral Right,m,W,19,female,1,N,Y,Chinese,English,,2021-02-12_21h41.54.516,Tse_Altarriba_Simon1,2020.1.2,Win32,60,3265,,,m,1,0.43148,0,30,30,52,1,,,,,,,
,,,,,,,,,,,,Images/CongruentLeft.jpeg,Congruent Left,z,W,19,female,1,N,Y,Chinese,English,,2021-02-12_21h41.54.516,Tse_Altarriba_Simon1,2020.1.2,Win32,60,3265,,,z,1,0.33373,0,31,31,8,1,,,,,,,
,,,,,,,,,,,,Images/CongruentLeft.jpeg,Congruent Left,z,W,19,female,1,N,Y,Chinese,English,,2021-02-12_21h41.54.516,Tse_Altarriba_Simon1,2020.1.2,Win32,60,3265,,,z,1,0.330075,0,32,32,2,1,,,,,,,
,,,,,,,,,,,,Images/IncongruentRight.jpeg,Incongruent Right,m,W,19,female,1,N,Y,Chinese,English,,2021-02-12_21h41.54.516,Tse_Altarriba_Simon1,2020.1.2,Win32,60,3265,,,m,1,0.46904,0,33,33,34,1,,,,,,,
,,,,,,,,,,,,Images/CongruentRight.jpeg,Congruent Right,m,W,19,female,1,N,Y,Chinese,English,,2021-02-12_21h41.54.516,Tse_Altarriba_Simon1,2020.1.2,Win32,60,3265,,,m,1,0.393285,0,34,34,17,1,,,,,,,
,,,,,,,,,,,,Images/IncongruentLeft.jpeg,Incongruent Left,z,W,19,female,1,N,Y,Chinese,English,,2021-02-12_21h41.54.516,Tse_Altarriba_Simon1,2020.1.2,Win32,60,3265,,,z,1,0.42576,0,35,35,26,1,,,,,,,
,,,,,,,,,,,,Images/CongruentRight.jpeg,Congruent Right,m,W,19,female,1,N,Y,Chinese,English,,2021-02-12_21h41.54.516,Tse_Altarriba_Simon1,2020.1.2,Win32,60,3265,,,z,0,0.3958,0,36,36,12,1,,,,,,,
,,,,,,,,,,,,Images/IncongruentLeft.jpeg,Incongruent Left,z,W,19,female,1,N,Y,Chinese,English,,2021-02-12_21h41.54.516,Tse_Altarriba_Simon1,2020.1.2,Win32,60,3265,,,z,1,0.984025,0,37,37,20,1,,,,,,,
,,,,,,,,,,,,Images/NeurtalRight.jpeg,Neutral Right,m,W,19,female,1,N,Y,Chinese,English,,2021-02-12_21h41.54.516,Tse_Altarriba_Simon1,2020.1.2,Win32,60,3265,,,m,1,0.402405,0,38,38,51,1,,,,,,,
,,,,,,,,,,,,Images/CongruentRight.jpeg,Congruent Right,m,W,19,female,1,N,Y,Chinese,English,,2021-02-12_21h41.54.516,Tse_Altarriba_Simon1,2020.1.2,Win32,60,3265,,,m,1,0.4471,0,39,39,10,1,,,,,,,
,,,,,,,,,,,,Images/IncongruentLeft.jpeg,Incongruent Left,z,W,19,female,1,N,Y,Chinese,English,,2021-02-12_21h41.54.516,Tse_Altarriba_Simon1,2020.1.2,Win32,60,3265,,,z,1,0.46155,0,40,40,21,1,,,,,,,
,,,,,,,,,,,,Images/CongruentLeft.jpeg,Congruent Left,z,W,19,female,1,N,Y,Chinese,English,,2021-02-12_21h41.54.516,Tse_Altarriba_Simon1,2020.1.2,Win32,60,3265,,,z,1,0.426175,0,41,41,3,1,,,,,,,
,,,,,,,,,,,,Images/NeurtalRight.jpeg,Neutral Right,m,W,19,female,1,N,Y,Chinese,English,,2021-02-12_21h41.54.516,Tse_Altarriba_Simon1,2020.1.2,Win32,60,3265,,,m,1,0.373855,0,42,42,50,1,,,,,,,
,,,,,,,,,,,,Images/NeurtalRight.jpeg,Neutral Right,m,W,19,female,1,N,Y,Chinese,English,,2021-02-12_21h41.54.516,Tse_Altarriba_Simon1,2020.1.2,Win32,60,3265,,,m,1,0.40322,0,43,43,57,1,,,,,,,
,,,,,,,,,,,,Images/IncongruentRight.jpeg,Incongruent Right,m,W,19,female,1,N,Y,Chinese,English,,2021-02-12_21h41.54.516,Tse_Altarriba_Simon1,2020.1.2,Win32,60,3265,,,m,1,0.496645,0,44,44,31,1,,,,,,,
,,,,,,,,,,,,Images/IncongruentRight.jpeg,Incongruent Right,m,W,19,female,1,N,Y,Chinese,English,,2021-02-12_21h41.54.516,Tse_Altarriba_Simon1,2020.1.2,Win32,60,3265,,,m,1,0.4473,0,45,45,30,1,,,,,,,
,,,,,,,,,,,,Images/NeutralLeft.jpeg,Neutral Left,z,W,19,female,1,N,Y,Chinese,English,,2021-02-12_21h41.54.516,Tse_Altarriba_Simon1,2020.1.2,Win32,60,3265,,,z,1,0.39269,0,46,46,44,1,,,,,,,
,,,,,,,,,,,,Images/NeutralLeft.jpeg,Neutral Left,z,W,19,female,1,N,Y,Chinese,English,,2021-02-12_21h41.54.516,Tse_Altarriba_Simon1,2020.1.2,Win32,60,3265,,,z,1,0.360455,0,47,47,48,1,,,,,,,
,,,,,,,,,,,,Images/CongruentLeft.jpeg,Congruent Left,z,W,19,female,1,N,Y,Chinese,English,,2021-02-12_21h41.54.516,Tse_Altarriba_Simon1,2020.1.2,Win32,60,3265,,,z,1,0.350375,0,48,48,9,1,,,,,,,
,,,,,,,,,,,,Images/IncongruentRight.jpeg,Incongruent Right,m,W,19,female,1,N,Y,Chinese,English,,2021-02-12_21h41.54.516,Tse_Altarriba_Simon1,2020.1.2,Win32,60,3265,,,m,1,0.42667,0,49,49,32,1,,,,,,,
,,,,,,,,,,,,Images/IncongruentLeft.jpeg,Incongruent Left,z,W,19,female,1,N,Y,Chinese,English,,2021-02-12_21h41.54.516,Tse_Altarriba_Simon1,2020.1.2,Win32,60,3265,,,m,0,0.418005,0,50,50,23,1,,,,,,,
,,,,,,,,,,,,Images/NeutralLeft.jpeg,Neutral Left,z,W,19,female,1,N,Y,Chinese,English,,2021-02-12_21h41.54.516,Tse_Altarriba_Simon1,2020.1.2,Win32,60,3265,,,z,1,0.69381,0,51,51,47,1,,,,,,,
,,,,,,,,,,,,Images/CongruentRight.jpeg,Congruent Right,m,W,19,female,1,N,Y,Chinese,English,,2021-02-12_21h41.54.516,Tse_Altarriba_Simon1,2020.1.2,Win32,60,3265,,,m,1,0.533855,0,52,52,16,1,,,,,,,
,,,,,,,,,,,,Images/IncongruentRight.jpeg,Incongruent Right,m,W,19,female,1,N,Y,Chinese,English,,2021-02-12_21h41.54.516,Tse_Altarriba_Simon1,2020.1.2,Win32,60,3265,,,m,1,0.467985,0,53,53,39,1,,,,,,,
,,,,,,,,,,,,Images/CongruentLeft.jpeg,Congruent Left,z,W,19,female,1,N,Y,Chinese,English,,2021-02-12_21h41.54.516,Tse_Altarriba_Simon1,2020.1.2,Win32,60,3265,,,z,1,0.543535,0,54,54,4,1,,,,,,,
,,,,,,,,,,,,Images/CongruentLeft.jpeg,Congruent Left,z,W,19,female,1,N,Y,Chinese,English,,2021-02-12_21h41.54.516,Tse_Altarriba_Simon1,2020.1.2,Win32,60,3265,,,z,1,0.343375,0,55,55,6,1,,,,,,,
,,,,,,,,,,,,Images/NeurtalRight.jpeg,Neutral Right,m,W,19,female,1,N,Y,Chinese,English,,2021-02-12_21h41.54.516,Tse_Altarriba_Simon1,2020.1.2,Win32,60,3265,,,m,1,0.40135,0,56,56,56,1,,,,,,,
,,,,,,,,,,,,Images/IncongruentLeft.jpeg,Incongruent Left,z,W,19,female,1,N,Y,Chinese,English,,2021-02-12_21h41.54.516,Tse_Altarriba_Simon1,2020.1.2,Win32,60,3265,,,z,1,0.494005,0,57,57,22,1,,,,,,,
,,,,,,,,,,,,Images/CongruentRight.jpeg,Congruent Right,m,W,19,female,1,N,Y,Chinese,English,,2021-02-12_21h41.54.516,Tse_Altarriba_Simon1,2020.1.2,Win32,60,3265,,,m,1,0.52765,0,58,58,15,1,,,,,,,
,,,,,,,,,,,,Images/CongruentRight.jpeg,Congruent Right,m,W,19,female,1,N,Y,Chinese,English,,2021-02-12_21h41.54.516,Tse_Altarriba_Simon1,2020.1.2,Win32,60,3265,,,m,1,0.461775,0,59,59,13,1,,,,,,,
,,,,,,,,,,,,Images/CongruentRight.jpeg,Congruent Right,m,W,19,female,1,N,Y,Chinese,English,,2021-02-12_21h41.54.516,Tse_Altarriba_Simon1,2020.1.2,Win32,60,3265,,,m,1,0.344545,,,,,,space,2.13624,0,0,0,16,1
,,,,,,,,,,,,Images/IncongruentLeft.jpeg,Incongruent Left,z,W,19,female,1,N,Y,Chinese,English,,2021-02-12_21h41.54.516,Tse_Altarriba_Simon1,2020.1.2,Win32,60,3265,,,z,1,0.409175,,,,,,,,0,1,1,20,1
,,,,,,,,,,,,Images/IncongruentRight.jpeg,Incongruent Right,m,W,19,female,1,N,Y,Chinese,English,,2021-02-12_21h41.54.516,Tse_Altarriba_Simon1,2020.1.2,Win32,60,3265,,,m,1,0.44347,,,,,,,,0,2,2,34,1
,,,,,,,,,,,,Images/NeutralLeft.jpeg,Neutral Left,z,W,19,female,1,N,Y,Chinese,English,,2021-02-12_21h41.54.516,Tse_Altarriba_Simon1,2020.1.2,Win32,60,3265,,,z,1,0.48573,,,,,,,,0,3,3,40,1
,,,,,,,,,,,,Images/IncongruentLeft.jpeg,Incongruent Left,z,W,19,female,1,N,Y,Chinese,English,,2021-02-12_21h41.54.516,Tse_Altarriba_Simon1,2020.1.2,Win32,60,3265,,,z,1,0.37541,,,,,,,,0,4,4,27,1
,,,,,,,,,,,,Images/NeurtalRight.jpeg,Neutral Right,m,W,19,female,1,N,Y,Chinese,English,,2021-02-12_21h41.54.516,Tse_Altarriba_Simon1,2020.1.2,Win32,60,3265,,,m,1,0.418605,,,,,,,,0,5,5,50,1
,,,,,,,,,,,,Images/NeutralLeft.jpeg,Neutral Left,z,W,19,female,1,N,Y,Chinese,English,,2021-02-12_21h41.54.516,Tse_Altarriba_Simon1,2020.1.2,Win32,60,3265,,,z,1,0.400565,,,,,,,,0,6,6,45,1
,,,,,,,,,,,,Images/NeutralLeft.jpeg,Neutral Left,z,W,19,female,1,N,Y,Chinese,English,,2021-02-12_21h41.54.516,Tse_Altarriba_Simon1,2020.1.2,Win32,60,3265,,,z,1,0.543565,,,,,,,,0,7,7,42,1
,,,,,,,,,,,,Images/CongruentLeft.jpeg,Congruent Left,z,W,19,female,1,N,Y,Chinese,English,,2021-02-12_21h41.54.516,Tse_Altarriba_Simon1,2020.1.2,Win32,60,3265,,,z,1,0.467065,,,,,,,,0,8,8,1,1
,,,,,,,,,,,,Images/NeurtalRight.jpeg,Neutral Right,m,W,19,female,1,N,Y,Chinese,English,,2021-02-12_21h41.54.516,Tse_Altarriba_Simon1,2020.1.2,Win32,60,3265,,,m,1,0.68568,,,,,,,,0,9,9,55,1
,,,,,,,,,,,,Images/NeurtalRight.jpeg,Neutral Right,m,W,19,female,1,N,Y,Chinese,English,,2021-02-12_21h41.54.516,Tse_Altarriba_Simon1,2020.1.2,Win32,60,3265,,,m,1,0.37661,,,,,,,,0,10,10,58,1
,,,,,,,,,,,,Images/NeurtalRight.jpeg,Neutral Right,m,W,19,female,1,N,Y,Chinese,English,,2021-02-12_21h41.54.516,Tse_Altarriba_Simon1,2020.1.2,Win32,60,3265,,,m,1,0.31106,,,,,,,,0,11,11,52,1
,,,,,,,,,,,,Images/NeutralLeft.jpeg,Neutral Left,z,W,19,female,1,N,Y,Chinese,English,,2021-02-12_21h41.54.516,Tse_Altarriba_Simon1,2020.1.2,Win32,60,3265,,,z,1,0.395735,,,,,,,,0,12,12,48,1
,,,,,,,,,,,,Images/CongruentRight.jpeg,Congruent Right,m,W,19,female,1,N,Y,Chinese,English,,2021-02-12_21h41.54.516,Tse_Altarriba_Simon1,2020.1.2,Win32,60,3265,,,m,1,0.379025,,,,,,,,0,13,13,11,1
,,,,,,,,,,,,Images/IncongruentRight.jpeg,Incongruent Right,m,W,19,female,1,N,Y,Chinese,English,,2021-02-12_21h41.54.516,Tse_Altarriba_Simon1,2020.1.2,Win32,60,3265,,,z,0,0.376885,,,,,,,,0,14,14,31,1
,,,,,,,,,,,,Images/NeurtalRight.jpeg,Neutral Right,m,W,19,female,1,N,Y,Chinese,English,,2021-02-12_21h41.54.516,Tse_Altarriba_Simon1,2020.1.2,Win32,60,3265,,,m,1,0.39272,,,,,,,,0,15,15,57,1
,,,,,,,,,,,,Images/NeutralLeft.jpeg,Neutral Left,z,W,19,female,1,N,Y,Chinese,English,,2021-02-12_21h41.54.516,Tse_Altarriba_Simon1,2020.1.2,Win32,60,3265,,,z,1,0.459305,,,,,,,,0,16,16,49,1
,,,,,,,,,,,,Images/CongruentLeft.jpeg,Congruent Left,z,W,19,female,1,N,Y,Chinese,English,,2021-02-12_21h41.54.516,Tse_Altarriba_Simon1,2020.1.2,Win32,60,3265,,,z,1,0.50185,,,,,,,,0,17,17,8,1
,,,,,,,,,,,,Images/NeutralLeft.jpeg,Neutral Left,z,W,19,female,1,N,Y,Chinese,English,,2021-02-12_21h41.54.516,Tse_Altarriba_Simon1,2020.1.2,Win32,60,3265,,,z,1,0.576855,,,,,,,,0,18,18,47,1
,,,,,,,,,,,,Images/CongruentRight.jpeg,Congruent Right,m,W,19,female,1,N,Y,Chinese,English,,2021-02-12_21h41.54.516,Tse_Altarriba_Simon1,2020.1.2,Win32,60,3265,,,m,1,0.44415,,,,,,,,0,19,19,18,1
,,,,,,,,,,,,Images/IncongruentRight.jpeg,Incongruent Right,m,W,19,female,1,N,Y,Chinese,English,,2021-02-12_21h41.54.516,Tse_Altarriba_Simon1,2020.1.2,Win32,60,3265,,,m,1,0.476835,,,,,,,,0,20,20,39,1
,,,,,,,,,,,,Images/NeurtalRight.jpeg,Neutral Right,m,W,19,female,1,N,Y,Chinese,English,,2021-02-12_21h41.54.516,Tse_Altarriba_Simon1,2020.1.2,Win32,60,3265,,,m,1,0.476585,,,,,,,,0,21,21,54,1
,,,,,,,,,,,,Images/CongruentRight.jpeg,Congruent Right,m,W,19,female,1,N,Y,Chinese,English,,2021-02-12_21h41.54.516,Tse_Altarriba_Simon1,2020.1.2,Win32,60,3265,,,m,1,0.449625,,,,,,,,0,22,22,10,1
,,,,,,,,,,,,Images/NeutralLeft.jpeg,Neutral Left,z,W,19,female,1,N,Y,Chinese,English,,2021-02-12_21h41.54.516,Tse_Altarriba_Simon1,2020.1.2,Win32,60,3265,,,z,1,0.4501,,,,,,,,0,23,23,43,1
,,,,,,,,,,,,Images/NeurtalRight.jpeg,Neutral Right,m,W,19,female,1,N,Y,Chinese,English,,2021-02-12_21h41.54.516,Tse_Altarriba_Simon1,2020.1.2,Win32,60,3265,,,m,1,0.442215,,,,,,,,0,24,24,53,1
,,,,,,,,,,,,Images/CongruentLeft.jpeg,Congruent Left,z,W,19,female,1,N,Y,Chinese,English,,2021-02-12_21h41.54.516,Tse_Altarriba_Simon1,2020.1.2,Win32,60,3265,,,z,1,0.399095,,,,,,,,0,25,25,4,1
,,,,,,,,,,,,Images/IncongruentLeft.jpeg,Incongruent Left,z,W,19,female,1,N,Y,Chinese,English,,2021-02-12_21h41.54.516,Tse_Altarriba_Simon1,2020.1.2,Win32,60,3265,,,z,1,0.45266,,,,,,,,0,26,26,21,1
,,,,,,,,,,,,Images/IncongruentRight.jpeg,Incongruent Right,m,W,19,female,1,N,Y,Chinese,English,,2021-02-12_21h41.54.516,Tse_Altarriba_Simon1,2020.1.2,Win32,60,3265,,,m,1,0.498585,,,,,,,,0,27,27,33,1
,,,,,,,,,,,,Images/IncongruentRight.jpeg,Incongruent Right,m,W,19,female,1,N,Y,Chinese,English,,2021-02-12_21h41.54.516,Tse_Altarriba_Simon1,2020.1.2,Win32,60,3265,,,m,1,0.49572,,,,,,,,0,28,28,35,1
,,,,,,,,,,,,Images/CongruentLeft.jpeg,Congruent Left,z,W,19,female,1,N,Y,Chinese,English,,2021-02-12_21h41.54.516,Tse_Altarriba_Simon1,2020.1.2,Win32,60,3265,,,z,1,0.46012,,,,,,,,0,29,29,2,1
,,,,,,,,,,,,Images/CongruentRight.jpeg,Congruent Right,m,W,19,female,1,N,Y,Chinese,English,,2021-02-12_21h41.54.516,Tse_Altarriba_Simon1,2020.1.2,Win32,60,3265,,,m,1,0.462915,,,,,,,,0,30,30,12,1
,,,,,,,,,,,,Images/IncongruentLeft.jpeg,Incongruent Left,z,W,19,female,1,N,Y,Chinese,English,,2021-02-12_21h41.54.516,Tse_Altarriba_Simon1,2020.1.2,Win32,60,3265,,,z,1,0.47709,,,,,,,,0,31,31,29,1
,,,,,,,,,,,,Images/CongruentRight.jpeg,Congruent Right,m,W,19,female,1,N,Y,Chinese,English,,2021-02-12_21h41.54.516,Tse_Altarriba_Simon1,2020.1.2,Win32,60,3265,,,m,1,0.420275,,,,,,,,0,32,32,13,1
,,,,,,,,,,,,Images/NeutralLeft.jpeg,Neutral Left,z,W,19,female,1,N,Y,Chinese,English,,2021-02-12_21h41.54.516,Tse_Altarriba_Simon1,2020.1.2,Win32,60,3265,,,z,1,0.44884,,,,,,,,0,33,33,41,1
,,,,,,,,,,,,Images/IncongruentLeft.jpeg,Incongruent Left,z,W,19,female,1,N,Y,Chinese,English,,2021-02-12_21h41.54.516,Tse_Altarriba_Simon1,2020.1.2,Win32,60,3265,,,z,1,0.43423,,,,,,,,0,34,34,25,1
,,,,,,,,,,,,Images/NeutralLeft.jpeg,Neutral Left,z,W,19,female,1,N,Y,Chinese,English,,2021-02-12_21h41.54.516,Tse_Altarriba_Simon1,2020.1.2,Win32,60,3265,,,z,1,0.410355,,,,,,,,0,35,35,44,1
,,,,,,,,,,,,Images/NeurtalRight.jpeg,Neutral Right,m,W,19,female,1,N,Y,Chinese,English,,2021-02-12_21h41.54.516,Tse_Altarriba_Simon1,2020.1.2,Win32,60,3265,,,m,1,0.417,,,,,,,,0,36,36,56,1
,,,,,,,,,,,,Images/IncongruentLeft.jpeg,Incongruent Left,z,W,19,female,1,N,Y,Chinese,English,,2021-02-12_21h41.54.516,Tse_Altarriba_Simon1,2020.1.2,Win32,60,3265,,,z,1,0.610005,,,,,,,,0,37,37,23,1
,,,,,,,,,,,,Images/CongruentLeft.jpeg,Congruent Left,z,W,19,female,1,N,Y,Chinese,English,,2021-02-12_21h41.54.516,Tse_Altarriba_Simon1,2020.1.2,Win32,60,3265,,,z,1,0.41118,,,,,,,,0,38,38,6,1
,,,,,,,,,,,,Images/IncongruentRight.jpeg,Incongruent Right,m,W,19,female,1,N,Y,Chinese,English,,2021-02-12_21h41.54.516,Tse_Altarriba_Simon1,2020.1.2,Win32,60,3265,,,m,1,0.49595,,,,,,,,0,39,39,36,1
,,,,,,,,,,,,Images/IncongruentRight.jpeg,Incongruent Right,m,W,19,female,1,N,Y,Chinese,English,,2021-02-12_21h41.54.516,Tse_Altarriba_Simon1,2020.1.2,Win32,60,3265,,,m,1,0.4341,,,,,,,,0,40,40,38,1
,,,,,,,,,,,,Images/NeutralLeft.jpeg,Neutral Left,z,W,19,female,1,N,Y,Chinese,English,,2021-02-12_21h41.54.516,Tse_Altarriba_Simon1,2020.1.2,Win32,60,3265,,,z,1,0.42574,,,,,,,,0,41,41,46,1
,,,,,,,,,,,,Images/CongruentLeft.jpeg,Congruent Left,z,W,19,female,1,N,Y,Chinese,English,,2021-02-12_21h41.54.516,Tse_Altarriba_Simon1,2020.1.2,Win32,60,3265,,,z,1,0.62635,,,,,,,,0,42,42,5,1
,,,,,,,,,,,,Images/CongruentLeft.jpeg,Congruent Left,z,W,19,female,1,N,Y,Chinese,English,,2021-02-12_21h41.54.516,Tse_Altarriba_Simon1,2020.1.2,Win32,60,3265,,,z,1,0.418125,,,,,,,,0,43,43,9,1
,,,,,,,,,,,,Images/CongruentLeft.jpeg,Congruent Left,z,W,19,female,1,N,Y,Chinese,English,,2021-02-12_21h41.54.516,Tse_Altarriba_Simon1,2020.1.2,Win32,60,3265,,,z,1,0.39307,,,,,,,,0,44,44,7,1
,,,,,,,,,,,,Images/IncongruentRight.jpeg,Incongruent Right,m,W,19,female,1,N,Y,Chinese,English,,2021-02-12_21h41.54.516,Tse_Altarriba_Simon1,2020.1.2,Win32,60,3265,,,m,1,0.44327,,,,,,,,0,45,45,32,1
,,,,,,,,,,,,Images/CongruentRight.jpeg,Congruent Right,m,W,19,female,1,N,Y,Chinese,English,,2021-02-12_21h41.54.516,Tse_Altarriba_Simon1,2020.1.2,Win32,60,3265,,,m,1,0.376535,,,,,,,,0,46,46,14,1
,,,,,,,,,,,,Images/IncongruentLeft.jpeg,Incongruent Left,z,W,19,female,1,N,Y,Chinese,English,,2021-02-12_21h41.54.516,Tse_Altarriba_Simon1,2020.1.2,Win32,60,3265,,,z,1,0.43312,,,,,,,,0,47,47,22,1
,,,,,,,,,,,,Images/IncongruentRight.jpeg,Incongruent Right,m,W,19,female,1,N,Y,Chinese,English,,2021-02-12_21h41.54.516,Tse_Altarriba_Simon1,2020.1.2,Win32,60,3265,,,m,1,0.41408,,,,,,,,0,48,48,30,1
,,,,,,,,,,,,Images/CongruentRight.jpeg,Congruent Right,m,W,19,female,1,N,Y,Chinese,English,,2021-02-12_21h41.54.516,Tse_Altarriba_Simon1,2020.1.2,Win32,60,3265,,,m,1,0.43592,,,,,,,,0,49,49,17,1
,,,,,,,,,,,,Images/CongruentRight.jpeg,Congruent Right,m,W,19,female,1,N,Y,Chinese,English,,2021-02-12_21h41.54.516,Tse_Altarriba_Simon1,2020.1.2,Win32,60,3265,,,m,1,0.359875,,,,,,,,0,50,50,15,1
,,,,,,,,,,,,Images/IncongruentLeft.jpeg,Incongruent Left,z,W,19,female,1,N,Y,Chinese,English,,2021-02-12_21h41.54.516,Tse_Altarriba_Simon1,2020.1.2,Win32,60,3265,,,z,1,0.446445,,,,,,,,0,51,51,28,1
,,,,,,,,,,,,Images/IncongruentRight.jpeg,Incongruent Right,m,W,19,female,1,N,Y,Chinese,English,,2021-02-12_21h41.54.516,Tse_Altarriba_Simon1,2020.1.2,Win32,60,3265,,,m,1,0.42681,,,,,,,,0,52,52,37,1
,,,,,,,,,,,,Images/IncongruentLeft.jpeg,Incongruent Left,z,W,19,female,1,N,Y,Chinese,English,,2021-02-12_21h41.54.516,Tse_Altarriba_Simon1,2020.1.2,Win32,60,3265,,,z,1,0.37422,,,,,,,,0,53,53,24,1
,,,,,,,,,,,,Images/CongruentRight.jpeg,Congruent Right,m,W,19,female,1,N,Y,Chinese,English,,2021-02-12_21h41.54.516,Tse_Altarriba_Simon1,2020.1.2,Win32,60,3265,,,m,1,0.729325,,,,,,,,0,54,54,19,1
,,,,,,,,,,,,Images/CongruentLeft.jpeg,Congruent Left,z,W,19,female,1,N,Y,Chinese,English,,2021-02-12_21h41.54.516,Tse_Altarriba_Simon1,2020.1.2,Win32,60,3265,,,z,1,0.42561,,,,,,,,0,55,55,0,1
,,,,,,,,,,,,Images/IncongruentLeft.jpeg,Incongruent Left,z,W,19,female,1,N,Y,Chinese,English,,2021-02-12_21h41.54.516,Tse_Altarriba_Simon1,2020.1.2,Win32,60,3265,,,z,1,0.568255,,,,,,,,0,56,56,26,1
,,,,,,,,,,,,Images/CongruentLeft.jpeg,Congruent Left,z,W,19,female,1,N,Y,Chinese,English,,2021-02-12_21h41.54.516,Tse_Altarriba_Simon1,2020.1.2,Win32,60,3265,,,z,1,0.39206,,,,,,,,0,57,57,3,1
,,,,,,,,,,,,Images/NeurtalRight.jpeg,Neutral Right,m,W,19,female,1,N,Y,Chinese,English,,2021-02-12_21h41.54.516,Tse_Altarriba_Simon1,2020.1.2,Win32,60,3265,,,m,1,0.395765,,,,,,,,0,58,58,51,1
,,,,,,,,,,,,Images/NeurtalRight.jpeg,Neutral Right,m,W,19,female,1,N,Y,Chinese,English,,2021-02-12_21h41.54.516,Tse_Altarriba_Simon1,2020.1.2,Win32,60,3265,,,m,1,0.38323,,,,,,,,0,59,59,59,1
