Space1.keys,Space1.rt,Space2.keys,Space2.rt,response.keys,response.corr,response.rt,Practice_loop.thisRepN,Practice_loop.thisTrialN,Practice_loop.thisN,Practice_loop.thisIndex,Practice_loop.ran,ImageFile,Condition,CorrAns,Your initials,What is your age?,What is your gender?,What year are you in?,Are you Dyslexic? (Y/N),Are you bi/multilingual? (Y/N),What is your first language?,"What is your second language? (if you are monollingual, leave blank)",What other languages do you speak?,date,expName,psychopyVersion,OS,frameRate,participant,Space3.keys,Space3.rt,key_resp_2.keys,key_resp_2.corr,key_resp_2.rt,trials.thisRepN,trials.thisTrialN,trials.thisN,trials.thisIndex,trials.ran,Space4.keys,Space4.rt,trials_2.thisRepN,trials_2.thisTrialN,trials_2.thisN,trials_2.thisIndex,trials_2.ran
space,11.862095,space,17.89783,z,1,0.709605,0,0,0,8,1,Images/NeutralLeft.jpeg,Neutral Left,z,THJ,21,Male,1st,N,Y,Korean,English,None,2021-02-22_21h18.11.563,Tse_Altarriba_Simon1,2020.1.2,Win32,60,3277,,,,,,,,,,,,,,,,,
,,,,m,1,0.639455,0,1,1,6,1,Images/IncongruentRight.jpeg,Incongruent Right,m,THJ,21,Male,1st,N,Y,Korean,English,None,2021-02-22_21h18.11.563,Tse_Altarriba_Simon1,2020.1.2,Win32,60,3277,,,,,,,,,,,,,,,,,
,,,,m,1,0.41731,0,2,2,3,1,Images/CongruentRight.jpeg,Congruent Right,m,THJ,21,Male,1st,N,Y,Korean,English,None,2021-02-22_21h18.11.563,Tse_Altarriba_Simon1,2020.1.2,Win32,60,3277,,,,,,,,,,,,,,,,,
,,,,m,1,0.43418,0,3,3,2,1,Images/CongruentRight.jpeg,Congruent Right,m,THJ,21,Male,1st,N,Y,Korean,English,None,2021-02-22_21h18.11.563,Tse_Altarriba_Simon1,2020.1.2,Win32,60,3277,,,,,,,,,,,,,,,,,
,,,,z,1,0.332165,0,4,4,1,1,Images/CongruentLeft.jpeg,Congruent Left,z,THJ,21,Male,1st,N,Y,Korean,English,None,2021-02-22_21h18.11.563,Tse_Altarriba_Simon1,2020.1.2,Win32,60,3277,,,,,,,,,,,,,,,,,
,,,,z,1,0.35328,0,5,5,0,1,Images/CongruentLeft.jpeg,Congruent Left,z,THJ,21,Male,1st,N,Y,Korean,English,None,2021-02-22_21h18.11.563,Tse_Altarriba_Simon1,2020.1.2,Win32,60,3277,,,,,,,,,,,,,,,,,
,,,,m,1,0.35045,0,6,6,10,1,Images/NeurtalRight.jpeg,Neutral Right,m,THJ,21,Male,1st,N,Y,Korean,English,None,2021-02-22_21h18.11.563,Tse_Altarriba_Simon1,2020.1.2,Win32,60,3277,,,,,,,,,,,,,,,,,
,,,,m,1,0.296305,0,7,7,11,1,Images/NeurtalRight.jpeg,Neutral Right,m,THJ,21,Male,1st,N,Y,Korean,English,None,2021-02-22_21h18.11.563,Tse_Altarriba_Simon1,2020.1.2,Win32,60,3277,,,,,,,,,,,,,,,,,
,,,,z,1,0.33131,0,8,8,5,1,Images/IncongruentLeft.jpeg,Incongruent Left,z,THJ,21,Male,1st,N,Y,Korean,English,None,2021-02-22_21h18.11.563,Tse_Altarriba_Simon1,2020.1.2,Win32,60,3277,,,,,,,,,,,,,,,,,
,,,,z,0,0.34655,0,9,9,7,1,Images/IncongruentRight.jpeg,Incongruent Right,m,THJ,21,Male,1st,N,Y,Korean,English,None,2021-02-22_21h18.11.563,Tse_Altarriba_Simon1,2020.1.2,Win32,60,3277,,,,,,,,,,,,,,,,,
,,,,z,1,0.332435,0,10,10,9,1,Images/NeutralLeft.jpeg,Neutral Left,z,THJ,21,Male,1st,N,Y,Korean,English,None,2021-02-22_21h18.11.563,Tse_Altarriba_Simon1,2020.1.2,Win32,60,3277,,,,,,,,,,,,,,,,,
,,,,z,1,0.40429,0,11,11,4,1,Images/IncongruentLeft.jpeg,Incongruent Left,z,THJ,21,Male,1st,N,Y,Korean,English,None,2021-02-22_21h18.11.563,Tse_Altarriba_Simon1,2020.1.2,Win32,60,3277,,,,,,,,,,,,,,,,,
,,,,,,,,,,,,Images/IncongruentRight.jpeg,Incongruent Right,m,THJ,21,Male,1st,N,Y,Korean,English,None,2021-02-22_21h18.11.563,Tse_Altarriba_Simon1,2020.1.2,Win32,60,3277,space,8.52851,m,1,0.458105,0,0,0,37,1,,,,,,,
,,,,,,,,,,,,Images/CongruentLeft.jpeg,Congruent Left,z,THJ,21,Male,1st,N,Y,Korean,English,None,2021-02-22_21h18.11.563,Tse_Altarriba_Simon1,2020.1.2,Win32,60,3277,,,z,1,0.47856,0,1,1,7,1,,,,,,,
,,,,,,,,,,,,Images/CongruentLeft.jpeg,Congruent Left,z,THJ,21,Male,1st,N,Y,Korean,English,None,2021-02-22_21h18.11.563,Tse_Altarriba_Simon1,2020.1.2,Win32,60,3277,,,z,1,0.37493,0,2,2,9,1,,,,,,,
,,,,,,,,,,,,Images/NeutralLeft.jpeg,Neutral Left,z,THJ,21,Male,1st,N,Y,Korean,English,None,2021-02-22_21h18.11.563,Tse_Altarriba_Simon1,2020.1.2,Win32,60,3277,,,z,1,0.36332,0,3,3,43,1,,,,,,,
,,,,,,,,,,,,Images/NeutralLeft.jpeg,Neutral Left,z,THJ,21,Male,1st,N,Y,Korean,English,None,2021-02-22_21h18.11.563,Tse_Altarriba_Simon1,2020.1.2,Win32,60,3277,,,z,1,0.368825,0,4,4,45,1,,,,,,,
,,,,,,,,,,,,Images/IncongruentLeft.jpeg,Incongruent Left,z,THJ,21,Male,1st,N,Y,Korean,English,None,2021-02-22_21h18.11.563,Tse_Altarriba_Simon1,2020.1.2,Win32,60,3277,,,z,1,0.39557,0,5,5,29,1,,,,,,,
,,,,,,,,,,,,Images/CongruentLeft.jpeg,Congruent Left,z,THJ,21,Male,1st,N,Y,Korean,English,None,2021-02-22_21h18.11.563,Tse_Altarriba_Simon1,2020.1.2,Win32,60,3277,,,z,1,0.43641,0,6,6,4,1,,,,,,,
,,,,,,,,,,,,Images/CongruentLeft.jpeg,Congruent Left,z,THJ,21,Male,1st,N,Y,Korean,English,None,2021-02-22_21h18.11.563,Tse_Altarriba_Simon1,2020.1.2,Win32,60,3277,,,z,1,0.433725,0,7,7,8,1,,,,,,,
,,,,,,,,,,,,Images/NeurtalRight.jpeg,Neutral Right,m,THJ,21,Male,1st,N,Y,Korean,English,None,2021-02-22_21h18.11.563,Tse_Altarriba_Simon1,2020.1.2,Win32,60,3277,,,m,1,0.4246,0,8,8,55,1,,,,,,,
,,,,,,,,,,,,Images/IncongruentRight.jpeg,Incongruent Right,m,THJ,21,Male,1st,N,Y,Korean,English,None,2021-02-22_21h18.11.563,Tse_Altarriba_Simon1,2020.1.2,Win32,60,3277,,,m,1,0.459055,0,9,9,32,1,,,,,,,
,,,,,,,,,,,,Images/IncongruentRight.jpeg,Incongruent Right,m,THJ,21,Male,1st,N,Y,Korean,English,None,2021-02-22_21h18.11.563,Tse_Altarriba_Simon1,2020.1.2,Win32,60,3277,,,m,1,0.410765,0,10,10,31,1,,,,,,,
,,,,,,,,,,,,Images/IncongruentLeft.jpeg,Incongruent Left,z,THJ,21,Male,1st,N,Y,Korean,English,None,2021-02-22_21h18.11.563,Tse_Altarriba_Simon1,2020.1.2,Win32,60,3277,,,z,1,0.410605,0,11,11,27,1,,,,,,,
,,,,,,,,,,,,Images/IncongruentLeft.jpeg,Incongruent Left,z,THJ,21,Male,1st,N,Y,Korean,English,None,2021-02-22_21h18.11.563,Tse_Altarriba_Simon1,2020.1.2,Win32,60,3277,,,z,1,0.41936,0,12,12,26,1,,,,,,,
,,,,,,,,,,,,Images/IncongruentLeft.jpeg,Incongruent Left,z,THJ,21,Male,1st,N,Y,Korean,English,None,2021-02-22_21h18.11.563,Tse_Altarriba_Simon1,2020.1.2,Win32,60,3277,,,z,1,0.39281,0,13,13,28,1,,,,,,,
,,,,,,,,,,,,Images/NeurtalRight.jpeg,Neutral Right,m,THJ,21,Male,1st,N,Y,Korean,English,None,2021-02-22_21h18.11.563,Tse_Altarriba_Simon1,2020.1.2,Win32,60,3277,,,m,1,0.417765,0,14,14,59,1,,,,,,,
,,,,,,,,,,,,Images/CongruentRight.jpeg,Congruent Right,m,THJ,21,Male,1st,N,Y,Korean,English,None,2021-02-22_21h18.11.563,Tse_Altarriba_Simon1,2020.1.2,Win32,60,3277,,,m,1,0.66697,0,15,15,11,1,,,,,,,
,,,,,,,,,,,,Images/NeurtalRight.jpeg,Neutral Right,m,THJ,21,Male,1st,N,Y,Korean,English,None,2021-02-22_21h18.11.563,Tse_Altarriba_Simon1,2020.1.2,Win32,60,3277,,,m,1,0.41438,0,16,16,57,1,,,,,,,
,,,,,,,,,,,,Images/IncongruentLeft.jpeg,Incongruent Left,z,THJ,21,Male,1st,N,Y,Korean,English,None,2021-02-22_21h18.11.563,Tse_Altarriba_Simon1,2020.1.2,Win32,60,3277,,,z,1,0.370965,0,17,17,22,1,,,,,,,
,,,,,,,,,,,,Images/CongruentRight.jpeg,Congruent Right,m,THJ,21,Male,1st,N,Y,Korean,English,None,2021-02-22_21h18.11.563,Tse_Altarriba_Simon1,2020.1.2,Win32,60,3277,,,m,1,0.56881,0,18,18,17,1,,,,,,,
,,,,,,,,,,,,Images/CongruentLeft.jpeg,Congruent Left,z,THJ,21,Male,1st,N,Y,Korean,English,None,2021-02-22_21h18.11.563,Tse_Altarriba_Simon1,2020.1.2,Win32,60,3277,,,z,1,0.461355,0,19,19,6,1,,,,,,,
,,,,,,,,,,,,Images/NeurtalRight.jpeg,Neutral Right,m,THJ,21,Male,1st,N,Y,Korean,English,None,2021-02-22_21h18.11.563,Tse_Altarriba_Simon1,2020.1.2,Win32,60,3277,,,m,1,0.464895,0,20,20,58,1,,,,,,,
,,,,,,,,,,,,Images/NeutralLeft.jpeg,Neutral Left,z,THJ,21,Male,1st,N,Y,Korean,English,None,2021-02-22_21h18.11.563,Tse_Altarriba_Simon1,2020.1.2,Win32,60,3277,,,z,1,0.374355,0,21,21,41,1,,,,,,,
,,,,,,,,,,,,Images/IncongruentRight.jpeg,Incongruent Right,m,THJ,21,Male,1st,N,Y,Korean,English,None,2021-02-22_21h18.11.563,Tse_Altarriba_Simon1,2020.1.2,Win32,60,3277,,,m,1,0.47252,0,22,22,39,1,,,,,,,
,,,,,,,,,,,,Images/NeurtalRight.jpeg,Neutral Right,m,THJ,21,Male,1st,N,Y,Korean,English,None,2021-02-22_21h18.11.563,Tse_Altarriba_Simon1,2020.1.2,Win32,60,3277,,,m,1,0.40236,0,23,23,54,1,,,,,,,
,,,,,,,,,,,,Images/IncongruentRight.jpeg,Incongruent Right,m,THJ,21,Male,1st,N,Y,Korean,English,None,2021-02-22_21h18.11.563,Tse_Altarriba_Simon1,2020.1.2,Win32,60,3277,,,m,1,0.43386,0,24,24,33,1,,,,,,,
,,,,,,,,,,,,Images/CongruentRight.jpeg,Congruent Right,m,THJ,21,Male,1st,N,Y,Korean,English,None,2021-02-22_21h18.11.563,Tse_Altarriba_Simon1,2020.1.2,Win32,60,3277,,,m,1,0.441095,0,25,25,14,1,,,,,,,
,,,,,,,,,,,,Images/CongruentLeft.jpeg,Congruent Left,z,THJ,21,Male,1st,N,Y,Korean,English,None,2021-02-22_21h18.11.563,Tse_Altarriba_Simon1,2020.1.2,Win32,60,3277,,,z,1,0.418055,0,26,26,1,1,,,,,,,
,,,,,,,,,,,,Images/NeutralLeft.jpeg,Neutral Left,z,THJ,21,Male,1st,N,Y,Korean,English,None,2021-02-22_21h18.11.563,Tse_Altarriba_Simon1,2020.1.2,Win32,60,3277,,,z,1,0.37881,0,27,27,48,1,,,,,,,
,,,,,,,,,,,,Images/IncongruentRight.jpeg,Incongruent Right,m,THJ,21,Male,1st,N,Y,Korean,English,None,2021-02-22_21h18.11.563,Tse_Altarriba_Simon1,2020.1.2,Win32,60,3277,,,m,1,0.422735,0,28,28,38,1,,,,,,,
,,,,,,,,,,,,Images/IncongruentRight.jpeg,Incongruent Right,m,THJ,21,Male,1st,N,Y,Korean,English,None,2021-02-22_21h18.11.563,Tse_Altarriba_Simon1,2020.1.2,Win32,60,3277,,,m,1,0.40373,0,29,29,35,1,,,,,,,
,,,,,,,,,,,,Images/NeurtalRight.jpeg,Neutral Right,m,THJ,21,Male,1st,N,Y,Korean,English,None,2021-02-22_21h18.11.563,Tse_Altarriba_Simon1,2020.1.2,Win32,60,3277,,,m,1,0.363725,0,30,30,53,1,,,,,,,
,,,,,,,,,,,,Images/IncongruentLeft.jpeg,Incongruent Left,z,THJ,21,Male,1st,N,Y,Korean,English,None,2021-02-22_21h18.11.563,Tse_Altarriba_Simon1,2020.1.2,Win32,60,3277,,,z,1,0.392715,0,31,31,20,1,,,,,,,
,,,,,,,,,,,,Images/CongruentRight.jpeg,Congruent Right,m,THJ,21,Male,1st,N,Y,Korean,English,None,2021-02-22_21h18.11.563,Tse_Altarriba_Simon1,2020.1.2,Win32,60,3277,,,m,1,0.44196,0,32,32,10,1,,,,,,,
,,,,,,,,,,,,Images/CongruentLeft.jpeg,Congruent Left,z,THJ,21,Male,1st,N,Y,Korean,English,None,2021-02-22_21h18.11.563,Tse_Altarriba_Simon1,2020.1.2,Win32,60,3277,,,z,1,0.4142,0,33,33,5,1,,,,,,,
,,,,,,,,,,,,Images/NeutralLeft.jpeg,Neutral Left,z,THJ,21,Male,1st,N,Y,Korean,English,None,2021-02-22_21h18.11.563,Tse_Altarriba_Simon1,2020.1.2,Win32,60,3277,,,z,1,0.39498,0,34,34,47,1,,,,,,,
,,,,,,,,,,,,Images/CongruentRight.jpeg,Congruent Right,m,THJ,21,Male,1st,N,Y,Korean,English,None,2021-02-22_21h18.11.563,Tse_Altarriba_Simon1,2020.1.2,Win32,60,3277,,,m,1,0.42993,0,35,35,18,1,,,,,,,
,,,,,,,,,,,,Images/NeutralLeft.jpeg,Neutral Left,z,THJ,21,Male,1st,N,Y,Korean,English,None,2021-02-22_21h18.11.563,Tse_Altarriba_Simon1,2020.1.2,Win32,60,3277,,,z,1,0.4299,0,36,36,46,1,,,,,,,
,,,,,,,,,,,,Images/CongruentRight.jpeg,Congruent Right,m,THJ,21,Male,1st,N,Y,Korean,English,None,2021-02-22_21h18.11.563,Tse_Altarriba_Simon1,2020.1.2,Win32,60,3277,,,m,1,0.70103,0,37,37,13,1,,,,,,,
,,,,,,,,,,,,Images/IncongruentLeft.jpeg,Incongruent Left,z,THJ,21,Male,1st,N,Y,Korean,English,None,2021-02-22_21h18.11.563,Tse_Altarriba_Simon1,2020.1.2,Win32,60,3277,,,z,1,0.39658,0,38,38,24,1,,,,,,,
,,,,,,,,,,,,Images/IncongruentRight.jpeg,Incongruent Right,m,THJ,21,Male,1st,N,Y,Korean,English,None,2021-02-22_21h18.11.563,Tse_Altarriba_Simon1,2020.1.2,Win32,60,3277,,,m,1,0.406535,0,39,39,34,1,,,,,,,
,,,,,,,,,,,,Images/NeurtalRight.jpeg,Neutral Right,m,THJ,21,Male,1st,N,Y,Korean,English,None,2021-02-22_21h18.11.563,Tse_Altarriba_Simon1,2020.1.2,Win32,60,3277,,,m,1,0.38552,0,40,40,51,1,,,,,,,
,,,,,,,,,,,,Images/IncongruentRight.jpeg,Incongruent Right,m,THJ,21,Male,1st,N,Y,Korean,English,None,2021-02-22_21h18.11.563,Tse_Altarriba_Simon1,2020.1.2,Win32,60,3277,,,m,1,0.42966,0,41,41,36,1,,,,,,,
,,,,,,,,,,,,Images/IncongruentLeft.jpeg,Incongruent Left,z,THJ,21,Male,1st,N,Y,Korean,English,None,2021-02-22_21h18.11.563,Tse_Altarriba_Simon1,2020.1.2,Win32,60,3277,,,z,1,0.404745,0,42,42,21,1,,,,,,,
,,,,,,,,,,,,Images/CongruentRight.jpeg,Congruent Right,m,THJ,21,Male,1st,N,Y,Korean,English,None,2021-02-22_21h18.11.563,Tse_Altarriba_Simon1,2020.1.2,Win32,60,3277,,,m,1,0.34052,0,43,43,19,1,,,,,,,
,,,,,,,,,,,,Images/CongruentLeft.jpeg,Congruent Left,z,THJ,21,Male,1st,N,Y,Korean,English,None,2021-02-22_21h18.11.563,Tse_Altarriba_Simon1,2020.1.2,Win32,60,3277,,,z,1,0.47411,0,44,44,2,1,,,,,,,
,,,,,,,,,,,,Images/IncongruentRight.jpeg,Incongruent Right,m,THJ,21,Male,1st,N,Y,Korean,English,None,2021-02-22_21h18.11.563,Tse_Altarriba_Simon1,2020.1.2,Win32,60,3277,,,m,1,0.432245,0,45,45,30,1,,,,,,,
,,,,,,,,,,,,Images/IncongruentLeft.jpeg,Incongruent Left,z,THJ,21,Male,1st,N,Y,Korean,English,None,2021-02-22_21h18.11.563,Tse_Altarriba_Simon1,2020.1.2,Win32,60,3277,,,z,1,0.37893,0,46,46,25,1,,,,,,,
,,,,,,,,,,,,Images/CongruentLeft.jpeg,Congruent Left,z,THJ,21,Male,1st,N,Y,Korean,English,None,2021-02-22_21h18.11.563,Tse_Altarriba_Simon1,2020.1.2,Win32,60,3277,,,z,1,0.458345,0,47,47,3,1,,,,,,,
,,,,,,,,,,,,Images/CongruentLeft.jpeg,Congruent Left,z,THJ,21,Male,1st,N,Y,Korean,English,None,2021-02-22_21h18.11.563,Tse_Altarriba_Simon1,2020.1.2,Win32,60,3277,,,z,1,0.39569,0,48,48,0,1,,,,,,,
,,,,,,,,,,,,Images/NeurtalRight.jpeg,Neutral Right,m,THJ,21,Male,1st,N,Y,Korean,English,None,2021-02-22_21h18.11.563,Tse_Altarriba_Simon1,2020.1.2,Win32,60,3277,,,m,1,0.467845,0,49,49,50,1,,,,,,,
,,,,,,,,,,,,Images/NeutralLeft.jpeg,Neutral Left,z,THJ,21,Male,1st,N,Y,Korean,English,None,2021-02-22_21h18.11.563,Tse_Altarriba_Simon1,2020.1.2,Win32,60,3277,,,z,1,0.385005,0,50,50,42,1,,,,,,,
,,,,,,,,,,,,Images/CongruentRight.jpeg,Congruent Right,m,THJ,21,Male,1st,N,Y,Korean,English,None,2021-02-22_21h18.11.563,Tse_Altarriba_Simon1,2020.1.2,Win32,60,3277,,,m,1,0.461195,0,51,51,16,1,,,,,,,
,,,,,,,,,,,,Images/NeurtalRight.jpeg,Neutral Right,m,THJ,21,Male,1st,N,Y,Korean,English,None,2021-02-22_21h18.11.563,Tse_Altarriba_Simon1,2020.1.2,Win32,60,3277,,,m,1,0.460875,0,52,52,56,1,,,,,,,
,,,,,,,,,,,,Images/NeutralLeft.jpeg,Neutral Left,z,THJ,21,Male,1st,N,Y,Korean,English,None,2021-02-22_21h18.11.563,Tse_Altarriba_Simon1,2020.1.2,Win32,60,3277,,,z,1,0.39233,0,53,53,49,1,,,,,,,
,,,,,,,,,,,,Images/CongruentRight.jpeg,Congruent Right,m,THJ,21,Male,1st,N,Y,Korean,English,None,2021-02-22_21h18.11.563,Tse_Altarriba_Simon1,2020.1.2,Win32,60,3277,,,m,1,0.562425,0,54,54,15,1,,,,,,,
,,,,,,,,,,,,Images/NeutralLeft.jpeg,Neutral Left,z,THJ,21,Male,1st,N,Y,Korean,English,None,2021-02-22_21h18.11.563,Tse_Altarriba_Simon1,2020.1.2,Win32,60,3277,,,z,1,0.364785,0,55,55,40,1,,,,,,,
,,,,,,,,,,,,Images/NeutralLeft.jpeg,Neutral Left,z,THJ,21,Male,1st,N,Y,Korean,English,None,2021-02-22_21h18.11.563,Tse_Altarriba_Simon1,2020.1.2,Win32,60,3277,,,z,1,0.390265,0,56,56,44,1,,,,,,,
,,,,,,,,,,,,Images/CongruentRight.jpeg,Congruent Right,m,THJ,21,Male,1st,N,Y,Korean,English,None,2021-02-22_21h18.11.563,Tse_Altarriba_Simon1,2020.1.2,Win32,60,3277,,,m,1,0.423395,0,57,57,12,1,,,,,,,
,,,,,,,,,,,,Images/NeurtalRight.jpeg,Neutral Right,m,THJ,21,Male,1st,N,Y,Korean,English,None,2021-02-22_21h18.11.563,Tse_Altarriba_Simon1,2020.1.2,Win32,60,3277,,,m,1,0.354005,0,58,58,52,1,,,,,,,
,,,,,,,,,,,,Images/IncongruentLeft.jpeg,Incongruent Left,z,THJ,21,Male,1st,N,Y,Korean,English,None,2021-02-22_21h18.11.563,Tse_Altarriba_Simon1,2020.1.2,Win32,60,3277,,,z,1,0.36937,0,59,59,23,1,,,,,,,
,,,,,,,,,,,,Images/NeurtalRight.jpeg,Neutral Right,m,THJ,21,Male,1st,N,Y,Korean,English,None,2021-02-22_21h18.11.563,Tse_Altarriba_Simon1,2020.1.2,Win32,60,3277,,,m,1,0.582525,,,,,,space,1.98017,0,0,0,55,1
,,,,,,,,,,,,Images/NeutralLeft.jpeg,Neutral Left,z,THJ,21,Male,1st,N,Y,Korean,English,None,2021-02-22_21h18.11.563,Tse_Altarriba_Simon1,2020.1.2,Win32,60,3277,,,z,1,0.36105,,,,,,,,0,1,1,49,1
,,,,,,,,,,,,Images/CongruentLeft.jpeg,Congruent Left,z,THJ,21,Male,1st,N,Y,Korean,English,None,2021-02-22_21h18.11.563,Tse_Altarriba_Simon1,2020.1.2,Win32,60,3277,,,z,1,0.486175,,,,,,,,0,2,2,8,1
,,,,,,,,,,,,Images/IncongruentLeft.jpeg,Incongruent Left,z,THJ,21,Male,1st,N,Y,Korean,English,None,2021-02-22_21h18.11.563,Tse_Altarriba_Simon1,2020.1.2,Win32,60,3277,,,z,1,0.385695,,,,,,,,0,3,3,20,1
,,,,,,,,,,,,Images/IncongruentRight.jpeg,Incongruent Right,m,THJ,21,Male,1st,N,Y,Korean,English,None,2021-02-22_21h18.11.563,Tse_Altarriba_Simon1,2020.1.2,Win32,60,3277,,,m,1,0.385825,,,,,,,,0,4,4,34,1
,,,,,,,,,,,,Images/NeutralLeft.jpeg,Neutral Left,z,THJ,21,Male,1st,N,Y,Korean,English,None,2021-02-22_21h18.11.563,Tse_Altarriba_Simon1,2020.1.2,Win32,60,3277,,,z,1,0.38231,,,,,,,,0,5,5,46,1
,,,,,,,,,,,,Images/CongruentRight.jpeg,Congruent Right,m,THJ,21,Male,1st,N,Y,Korean,English,None,2021-02-22_21h18.11.563,Tse_Altarriba_Simon1,2020.1.2,Win32,60,3277,,,m,1,0.39007,,,,,,,,0,6,6,19,1
,,,,,,,,,,,,Images/NeurtalRight.jpeg,Neutral Right,m,THJ,21,Male,1st,N,Y,Korean,English,None,2021-02-22_21h18.11.563,Tse_Altarriba_Simon1,2020.1.2,Win32,60,3277,,,m,1,0.439065,,,,,,,,0,7,7,59,1
,,,,,,,,,,,,Images/CongruentRight.jpeg,Congruent Right,m,THJ,21,Male,1st,N,Y,Korean,English,None,2021-02-22_21h18.11.563,Tse_Altarriba_Simon1,2020.1.2,Win32,60,3277,,,m,1,0.37978,,,,,,,,0,8,8,16,1
,,,,,,,,,,,,Images/NeutralLeft.jpeg,Neutral Left,z,THJ,21,Male,1st,N,Y,Korean,English,None,2021-02-22_21h18.11.563,Tse_Altarriba_Simon1,2020.1.2,Win32,60,3277,,,z,1,0.38215,,,,,,,,0,9,9,45,1
,,,,,,,,,,,,Images/IncongruentRight.jpeg,Incongruent Right,m,THJ,21,Male,1st,N,Y,Korean,English,None,2021-02-22_21h18.11.563,Tse_Altarriba_Simon1,2020.1.2,Win32,60,3277,,,m,1,0.37859,,,,,,,,0,10,10,33,1
,,,,,,,,,,,,Images/NeurtalRight.jpeg,Neutral Right,m,THJ,21,Male,1st,N,Y,Korean,English,None,2021-02-22_21h18.11.563,Tse_Altarriba_Simon1,2020.1.2,Win32,60,3277,,,m,1,0.34672,,,,,,,,0,11,11,51,1
,,,,,,,,,,,,Images/IncongruentRight.jpeg,Incongruent Right,m,THJ,21,Male,1st,N,Y,Korean,English,None,2021-02-22_21h18.11.563,Tse_Altarriba_Simon1,2020.1.2,Win32,60,3277,,,m,1,0.368,,,,,,,,0,12,12,39,1
,,,,,,,,,,,,Images/IncongruentRight.jpeg,Incongruent Right,m,THJ,21,Male,1st,N,Y,Korean,English,None,2021-02-22_21h18.11.563,Tse_Altarriba_Simon1,2020.1.2,Win32,60,3277,,,m,1,0.36758,,,,,,,,0,13,13,30,1
,,,,,,,,,,,,Images/NeutralLeft.jpeg,Neutral Left,z,THJ,21,Male,1st,N,Y,Korean,English,None,2021-02-22_21h18.11.563,Tse_Altarriba_Simon1,2020.1.2,Win32,60,3277,,,z,1,0.353745,,,,,,,,0,14,14,41,1
,,,,,,,,,,,,Images/CongruentRight.jpeg,Congruent Right,m,THJ,21,Male,1st,N,Y,Korean,English,None,2021-02-22_21h18.11.563,Tse_Altarriba_Simon1,2020.1.2,Win32,60,3277,,,m,1,0.36085,,,,,,,,0,15,15,15,1
,,,,,,,,,,,,Images/CongruentRight.jpeg,Congruent Right,m,THJ,21,Male,1st,N,Y,Korean,English,None,2021-02-22_21h18.11.563,Tse_Altarriba_Simon1,2020.1.2,Win32,60,3277,,,m,1,0.40865,,,,,,,,0,16,16,11,1
,,,,,,,,,,,,Images/CongruentLeft.jpeg,Congruent Left,z,THJ,21,Male,1st,N,Y,Korean,English,None,2021-02-22_21h18.11.563,Tse_Altarriba_Simon1,2020.1.2,Win32,60,3277,,,z,1,0.3495,,,,,,,,0,17,17,0,1
,,,,,,,,,,,,Images/NeurtalRight.jpeg,Neutral Right,m,THJ,21,Male,1st,N,Y,Korean,English,None,2021-02-22_21h18.11.563,Tse_Altarriba_Simon1,2020.1.2,Win32,60,3277,,,m,1,0.34047,,,,,,,,0,18,18,53,1
,,,,,,,,,,,,Images/NeutralLeft.jpeg,Neutral Left,z,THJ,21,Male,1st,N,Y,Korean,English,None,2021-02-22_21h18.11.563,Tse_Altarriba_Simon1,2020.1.2,Win32,60,3277,,,z,1,0.346475,,,,,,,,0,19,19,48,1
,,,,,,,,,,,,Images/IncongruentRight.jpeg,Incongruent Right,m,THJ,21,Male,1st,N,Y,Korean,English,None,2021-02-22_21h18.11.563,Tse_Altarriba_Simon1,2020.1.2,Win32,60,3277,,,m,1,0.41647,,,,,,,,0,20,20,36,1
,,,,,,,,,,,,Images/CongruentLeft.jpeg,Congruent Left,z,THJ,21,Male,1st,N,Y,Korean,English,None,2021-02-22_21h18.11.563,Tse_Altarriba_Simon1,2020.1.2,Win32,60,3277,,,z,1,0.417785,,,,,,,,0,21,21,6,1
,,,,,,,,,,,,Images/NeurtalRight.jpeg,Neutral Right,m,THJ,21,Male,1st,N,Y,Korean,English,None,2021-02-22_21h18.11.563,Tse_Altarriba_Simon1,2020.1.2,Win32,60,3277,,,m,1,0.31549,,,,,,,,0,22,22,56,1
,,,,,,,,,,,,Images/NeurtalRight.jpeg,Neutral Right,m,THJ,21,Male,1st,N,Y,Korean,English,None,2021-02-22_21h18.11.563,Tse_Altarriba_Simon1,2020.1.2,Win32,60,3277,,,m,1,0.396835,,,,,,,,0,23,23,54,1
,,,,,,,,,,,,Images/IncongruentLeft.jpeg,Incongruent Left,z,THJ,21,Male,1st,N,Y,Korean,English,None,2021-02-22_21h18.11.563,Tse_Altarriba_Simon1,2020.1.2,Win32,60,3277,,,z,1,0.378035,,,,,,,,0,24,24,25,1
,,,,,,,,,,,,Images/NeutralLeft.jpeg,Neutral Left,z,THJ,21,Male,1st,N,Y,Korean,English,None,2021-02-22_21h18.11.563,Tse_Altarriba_Simon1,2020.1.2,Win32,60,3277,,,z,1,0.405855,,,,,,,,0,25,25,44,1
,,,,,,,,,,,,Images/CongruentLeft.jpeg,Congruent Left,z,THJ,21,Male,1st,N,Y,Korean,English,None,2021-02-22_21h18.11.563,Tse_Altarriba_Simon1,2020.1.2,Win32,60,3277,,,z,1,0.37474,,,,,,,,0,26,26,3,1
,,,,,,,,,,,,Images/NeutralLeft.jpeg,Neutral Left,z,THJ,21,Male,1st,N,Y,Korean,English,None,2021-02-22_21h18.11.563,Tse_Altarriba_Simon1,2020.1.2,Win32,60,3277,,,z,1,0.36079,,,,,,,,0,27,27,47,1
,,,,,,,,,,,,Images/IncongruentLeft.jpeg,Incongruent Left,z,THJ,21,Male,1st,N,Y,Korean,English,None,2021-02-22_21h18.11.563,Tse_Altarriba_Simon1,2020.1.2,Win32,60,3277,,,z,1,0.381055,,,,,,,,0,28,28,23,1
,,,,,,,,,,,,Images/CongruentRight.jpeg,Congruent Right,m,THJ,21,Male,1st,N,Y,Korean,English,None,2021-02-22_21h18.11.563,Tse_Altarriba_Simon1,2020.1.2,Win32,60,3277,,,m,1,0.373915,,,,,,,,0,29,29,14,1
,,,,,,,,,,,,Images/NeurtalRight.jpeg,Neutral Right,m,THJ,21,Male,1st,N,Y,Korean,English,None,2021-02-22_21h18.11.563,Tse_Altarriba_Simon1,2020.1.2,Win32,60,3277,,,m,1,0.420405,,,,,,,,0,30,30,58,1
,,,,,,,,,,,,Images/IncongruentLeft.jpeg,Incongruent Left,z,THJ,21,Male,1st,N,Y,Korean,English,None,2021-02-22_21h18.11.563,Tse_Altarriba_Simon1,2020.1.2,Win32,60,3277,,,z,1,0.369845,,,,,,,,0,31,31,27,1
,,,,,,,,,,,,Images/IncongruentRight.jpeg,Incongruent Right,m,THJ,21,Male,1st,N,Y,Korean,English,None,2021-02-22_21h18.11.563,Tse_Altarriba_Simon1,2020.1.2,Win32,60,3277,,,m,1,0.40385,,,,,,,,0,32,32,38,1
,,,,,,,,,,,,Images/IncongruentLeft.jpeg,Incongruent Left,z,THJ,21,Male,1st,N,Y,Korean,English,None,2021-02-22_21h18.11.563,Tse_Altarriba_Simon1,2020.1.2,Win32,60,3277,,,z,1,0.37492,,,,,,,,0,33,33,29,1
,,,,,,,,,,,,Images/IncongruentRight.jpeg,Incongruent Right,m,THJ,21,Male,1st,N,Y,Korean,English,None,2021-02-22_21h18.11.563,Tse_Altarriba_Simon1,2020.1.2,Win32,60,3277,,,m,1,0.361595,,,,,,,,0,34,34,31,1
,,,,,,,,,,,,Images/CongruentRight.jpeg,Congruent Right,m,THJ,21,Male,1st,N,Y,Korean,English,None,2021-02-22_21h18.11.563,Tse_Altarriba_Simon1,2020.1.2,Win32,60,3277,,,m,1,0.38276,,,,,,,,0,35,35,17,1
,,,,,,,,,,,,Images/NeutralLeft.jpeg,Neutral Left,z,THJ,21,Male,1st,N,Y,Korean,English,None,2021-02-22_21h18.11.563,Tse_Altarriba_Simon1,2020.1.2,Win32,60,3277,,,z,1,0.370895,,,,,,,,0,36,36,42,1
,,,,,,,,,,,,Images/IncongruentLeft.jpeg,Incongruent Left,z,THJ,21,Male,1st,N,Y,Korean,English,None,2021-02-22_21h18.11.563,Tse_Altarriba_Simon1,2020.1.2,Win32,60,3277,,,z,1,0.408955,,,,,,,,0,37,37,26,1
,,,,,,,,,,,,Images/CongruentLeft.jpeg,Congruent Left,z,THJ,21,Male,1st,N,Y,Korean,English,None,2021-02-22_21h18.11.563,Tse_Altarriba_Simon1,2020.1.2,Win32,60,3277,,,z,1,0.469355,,,,,,,,0,38,38,7,1
,,,,,,,,,,,,Images/CongruentRight.jpeg,Congruent Right,m,THJ,21,Male,1st,N,Y,Korean,English,None,2021-02-22_21h18.11.563,Tse_Altarriba_Simon1,2020.1.2,Win32,60,3277,,,m,1,0.377705,,,,,,,,0,39,39,18,1
,,,,,,,,,,,,Images/IncongruentLeft.jpeg,Incongruent Left,z,THJ,21,Male,1st,N,Y,Korean,English,None,2021-02-22_21h18.11.563,Tse_Altarriba_Simon1,2020.1.2,Win32,60,3277,,,z,1,0.368685,,,,,,,,0,40,40,28,1
,,,,,,,,,,,,Images/CongruentRight.jpeg,Congruent Right,m,THJ,21,Male,1st,N,Y,Korean,English,None,2021-02-22_21h18.11.563,Tse_Altarriba_Simon1,2020.1.2,Win32,60,3277,,,m,1,0.423295,,,,,,,,0,41,41,10,1
,,,,,,,,,,,,Images/IncongruentRight.jpeg,Incongruent Right,m,THJ,21,Male,1st,N,Y,Korean,English,None,2021-02-22_21h18.11.563,Tse_Altarriba_Simon1,2020.1.2,Win32,60,3277,,,m,1,0.420795,,,,,,,,0,42,42,35,1
,,,,,,,,,,,,Images/CongruentLeft.jpeg,Congruent Left,z,THJ,21,Male,1st,N,Y,Korean,English,None,2021-02-22_21h18.11.563,Tse_Altarriba_Simon1,2020.1.2,Win32,60,3277,,,z,1,0.367195,,,,,,,,0,43,43,1,1
,,,,,,,,,,,,Images/IncongruentRight.jpeg,Incongruent Right,m,THJ,21,Male,1st,N,Y,Korean,English,None,2021-02-22_21h18.11.563,Tse_Altarriba_Simon1,2020.1.2,Win32,60,3277,,,m,1,0.404835,,,,,,,,0,44,44,37,1
,,,,,,,,,,,,Images/IncongruentLeft.jpeg,Incongruent Left,z,THJ,21,Male,1st,N,Y,Korean,English,None,2021-02-22_21h18.11.563,Tse_Altarriba_Simon1,2020.1.2,Win32,60,3277,,,z,1,0.38166,,,,,,,,0,45,45,21,1
,,,,,,,,,,,,Images/NeutralLeft.jpeg,Neutral Left,z,THJ,21,Male,1st,N,Y,Korean,English,None,2021-02-22_21h18.11.563,Tse_Altarriba_Simon1,2020.1.2,Win32,60,3277,,,z,1,0.411475,,,,,,,,0,46,46,43,1
,,,,,,,,,,,,Images/IncongruentLeft.jpeg,Incongruent Left,z,THJ,21,Male,1st,N,Y,Korean,English,None,2021-02-22_21h18.11.563,Tse_Altarriba_Simon1,2020.1.2,Win32,60,3277,,,z,1,0.371845,,,,,,,,0,47,47,22,1
,,,,,,,,,,,,Images/NeutralLeft.jpeg,Neutral Left,z,THJ,21,Male,1st,N,Y,Korean,English,None,2021-02-22_21h18.11.563,Tse_Altarriba_Simon1,2020.1.2,Win32,60,3277,,,z,1,0.4181,,,,,,,,0,48,48,40,1
,,,,,,,,,,,,Images/IncongruentLeft.jpeg,Incongruent Left,z,THJ,21,Male,1st,N,Y,Korean,English,None,2021-02-22_21h18.11.563,Tse_Altarriba_Simon1,2020.1.2,Win32,60,3277,,,z,1,0.39893,,,,,,,,0,49,49,24,1
,,,,,,,,,,,,Images/CongruentRight.jpeg,Congruent Right,m,THJ,21,Male,1st,N,Y,Korean,English,None,2021-02-22_21h18.11.563,Tse_Altarriba_Simon1,2020.1.2,Win32,60,3277,,,m,1,0.45325,,,,,,,,0,50,50,13,1
,,,,,,,,,,,,Images/CongruentLeft.jpeg,Congruent Left,z,THJ,21,Male,1st,N,Y,Korean,English,None,2021-02-22_21h18.11.563,Tse_Altarriba_Simon1,2020.1.2,Win32,60,3277,,,z,1,0.348345,,,,,,,,0,51,51,5,1
,,,,,,,,,,,,Images/NeurtalRight.jpeg,Neutral Right,m,THJ,21,Male,1st,N,Y,Korean,English,None,2021-02-22_21h18.11.563,Tse_Altarriba_Simon1,2020.1.2,Win32,60,3277,,,m,1,0.363165,,,,,,,,0,52,52,57,1
,,,,,,,,,,,,Images/CongruentRight.jpeg,Congruent Right,m,THJ,21,Male,1st,N,Y,Korean,English,None,2021-02-22_21h18.11.563,Tse_Altarriba_Simon1,2020.1.2,Win32,60,3277,,,m,1,0.431845,,,,,,,,0,53,53,12,1
,,,,,,,,,,,,Images/IncongruentRight.jpeg,Incongruent Right,m,THJ,21,Male,1st,N,Y,Korean,English,None,2021-02-22_21h18.11.563,Tse_Altarriba_Simon1,2020.1.2,Win32,60,3277,,,m,1,0.44391,,,,,,,,0,54,54,32,1
,,,,,,,,,,,,Images/CongruentLeft.jpeg,Congruent Left,z,THJ,21,Male,1st,N,Y,Korean,English,None,2021-02-22_21h18.11.563,Tse_Altarriba_Simon1,2020.1.2,Win32,60,3277,,,z,1,0.441005,,,,,,,,0,55,55,2,1
,,,,,,,,,,,,Images/CongruentLeft.jpeg,Congruent Left,z,THJ,21,Male,1st,N,Y,Korean,English,None,2021-02-22_21h18.11.563,Tse_Altarriba_Simon1,2020.1.2,Win32,60,3277,,,z,1,0.429775,,,,,,,,0,56,56,4,1
,,,,,,,,,,,,Images/NeurtalRight.jpeg,Neutral Right,m,THJ,21,Male,1st,N,Y,Korean,English,None,2021-02-22_21h18.11.563,Tse_Altarriba_Simon1,2020.1.2,Win32,60,3277,,,m,1,0.389105,,,,,,,,0,57,57,52,1
,,,,,,,,,,,,Images/NeurtalRight.jpeg,Neutral Right,m,THJ,21,Male,1st,N,Y,Korean,English,None,2021-02-22_21h18.11.563,Tse_Altarriba_Simon1,2020.1.2,Win32,60,3277,,,m,1,0.450545,,,,,,,,0,58,58,50,1
,,,,,,,,,,,,Images/CongruentLeft.jpeg,Congruent Left,z,THJ,21,Male,1st,N,Y,Korean,English,None,2021-02-22_21h18.11.563,Tse_Altarriba_Simon1,2020.1.2,Win32,60,3277,,,z,1,0.368875,,,,,,,,0,59,59,9,1
