Space1.keys,Space1.rt,Space2.keys,Space2.rt,response.keys,response.corr,response.rt,Practice_loop.thisRepN,Practice_loop.thisTrialN,Practice_loop.thisN,Practice_loop.thisIndex,Practice_loop.ran,ImageFile,Condition,CorrAns,Your initials,What is your age?,What is your gender?,What year are you in?,Are you Dyslexic? (Y/N),Are you bi/multilingual? (Y/N),What is your first language?,"What is your second language? (if you are monollingual, leave blank)",What other languages do you speak?,date,expName,psychopyVersion,OS,frameRate,participant,Space3.keys,Space3.rt,key_resp_2.keys,key_resp_2.corr,key_resp_2.rt,trials.thisRepN,trials.thisTrialN,trials.thisN,trials.thisIndex,trials.ran,Space4.keys,Space4.rt,trials_2.thisRepN,trials_2.thisTrialN,trials_2.thisN,trials_2.thisIndex,trials_2.ran
space,4.11388,space,15.66655,z,1,1.145185,0,0,0,8,1,Images/NeutralLeft.jpeg,Neutral Left,z,ZH,19,female,1,N,N,Chinese,,English,2021-02-17_11h59.47.870,Tse_Altarriba_Simon1,2020.1.2,Win32,60,3280,,,,,,,,,,,,,,,,,
,,,,m,1,0.64238,0,1,1,2,1,Images/CongruentRight.jpeg,Congruent Right,m,ZH,19,female,1,N,N,Chinese,,English,2021-02-17_11h59.47.870,Tse_Altarriba_Simon1,2020.1.2,Win32,60,3280,,,,,,,,,,,,,,,,,
,,,,z,1,0.491165,0,2,2,4,1,Images/IncongruentLeft.jpeg,Incongruent Left,z,ZH,19,female,1,N,N,Chinese,,English,2021-02-17_11h59.47.870,Tse_Altarriba_Simon1,2020.1.2,Win32,60,3280,,,,,,,,,,,,,,,,,
,,,,z,1,0.39074,0,3,3,9,1,Images/NeutralLeft.jpeg,Neutral Left,z,ZH,19,female,1,N,N,Chinese,,English,2021-02-17_11h59.47.870,Tse_Altarriba_Simon1,2020.1.2,Win32,60,3280,,,,,,,,,,,,,,,,,
,,,,m,1,0.36764,0,4,4,10,1,Images/NeurtalRight.jpeg,Neutral Right,m,ZH,19,female,1,N,N,Chinese,,English,2021-02-17_11h59.47.870,Tse_Altarriba_Simon1,2020.1.2,Win32,60,3280,,,,,,,,,,,,,,,,,
,,,,m,1,0.499415,0,5,5,6,1,Images/IncongruentRight.jpeg,Incongruent Right,m,ZH,19,female,1,N,N,Chinese,,English,2021-02-17_11h59.47.870,Tse_Altarriba_Simon1,2020.1.2,Win32,60,3280,,,,,,,,,,,,,,,,,
,,,,z,1,0.44416,0,6,6,5,1,Images/IncongruentLeft.jpeg,Incongruent Left,z,ZH,19,female,1,N,N,Chinese,,English,2021-02-17_11h59.47.870,Tse_Altarriba_Simon1,2020.1.2,Win32,60,3280,,,,,,,,,,,,,,,,,
,,,,z,1,0.43222,0,7,7,1,1,Images/CongruentLeft.jpeg,Congruent Left,z,ZH,19,female,1,N,N,Chinese,,English,2021-02-17_11h59.47.870,Tse_Altarriba_Simon1,2020.1.2,Win32,60,3280,,,,,,,,,,,,,,,,,
,,,,m,1,0.39934,0,8,8,11,1,Images/NeurtalRight.jpeg,Neutral Right,m,ZH,19,female,1,N,N,Chinese,,English,2021-02-17_11h59.47.870,Tse_Altarriba_Simon1,2020.1.2,Win32,60,3280,,,,,,,,,,,,,,,,,
,,,,m,1,0.33205,0,9,9,3,1,Images/CongruentRight.jpeg,Congruent Right,m,ZH,19,female,1,N,N,Chinese,,English,2021-02-17_11h59.47.870,Tse_Altarriba_Simon1,2020.1.2,Win32,60,3280,,,,,,,,,,,,,,,,,
,,,,z,1,0.326565,0,10,10,0,1,Images/CongruentLeft.jpeg,Congruent Left,z,ZH,19,female,1,N,N,Chinese,,English,2021-02-17_11h59.47.870,Tse_Altarriba_Simon1,2020.1.2,Win32,60,3280,,,,,,,,,,,,,,,,,
,,,,m,1,0.39952,0,11,11,7,1,Images/IncongruentRight.jpeg,Incongruent Right,m,ZH,19,female,1,N,N,Chinese,,English,2021-02-17_11h59.47.870,Tse_Altarriba_Simon1,2020.1.2,Win32,60,3280,,,,,,,,,,,,,,,,,
,,,,,,,,,,,,Images/IncongruentLeft.jpeg,Incongruent Left,z,ZH,19,female,1,N,N,Chinese,,English,2021-02-17_11h59.47.870,Tse_Altarriba_Simon1,2020.1.2,Win32,60,3280,space,9.05648,z,1,0.421385,0,0,0,22,1,,,,,,,
,,,,,,,,,,,,Images/IncongruentRight.jpeg,Incongruent Right,m,ZH,19,female,1,N,N,Chinese,,English,2021-02-17_11h59.47.870,Tse_Altarriba_Simon1,2020.1.2,Win32,60,3280,,,m,1,0.487885,0,1,1,36,1,,,,,,,
,,,,,,,,,,,,Images/NeurtalRight.jpeg,Neutral Right,m,ZH,19,female,1,N,N,Chinese,,English,2021-02-17_11h59.47.870,Tse_Altarriba_Simon1,2020.1.2,Win32,60,3280,,,m,1,0.3587,0,2,2,57,1,,,,,,,
,,,,,,,,,,,,Images/NeurtalRight.jpeg,Neutral Right,m,ZH,19,female,1,N,N,Chinese,,English,2021-02-17_11h59.47.870,Tse_Altarriba_Simon1,2020.1.2,Win32,60,3280,,,m,1,0.33546,0,3,3,51,1,,,,,,,
,,,,,,,,,,,,Images/NeurtalRight.jpeg,Neutral Right,m,ZH,19,female,1,N,N,Chinese,,English,2021-02-17_11h59.47.870,Tse_Altarriba_Simon1,2020.1.2,Win32,60,3280,,,m,1,0.31979,0,4,4,58,1,,,,,,,
,,,,,,,,,,,,Images/IncongruentRight.jpeg,Incongruent Right,m,ZH,19,female,1,N,N,Chinese,,English,2021-02-17_11h59.47.870,Tse_Altarriba_Simon1,2020.1.2,Win32,60,3280,,,m,1,0.46119,0,5,5,34,1,,,,,,,
,,,,,,,,,,,,Images/NeutralLeft.jpeg,Neutral Left,z,ZH,19,female,1,N,N,Chinese,,English,2021-02-17_11h59.47.870,Tse_Altarriba_Simon1,2020.1.2,Win32,60,3280,,,z,1,0.365275,0,6,6,44,1,,,,,,,
,,,,,,,,,,,,Images/CongruentLeft.jpeg,Congruent Left,z,ZH,19,female,1,N,N,Chinese,,English,2021-02-17_11h59.47.870,Tse_Altarriba_Simon1,2020.1.2,Win32,60,3280,,,z,1,0.377105,0,7,7,2,1,,,,,,,
,,,,,,,,,,,,Images/IncongruentRight.jpeg,Incongruent Right,m,ZH,19,female,1,N,N,Chinese,,English,2021-02-17_11h59.47.870,Tse_Altarriba_Simon1,2020.1.2,Win32,60,3280,,,m,1,0.362605,0,8,8,38,1,,,,,,,
,,,,,,,,,,,,Images/NeutralLeft.jpeg,Neutral Left,z,ZH,19,female,1,N,N,Chinese,,English,2021-02-17_11h59.47.870,Tse_Altarriba_Simon1,2020.1.2,Win32,60,3280,,,z,1,0.356445,0,9,9,45,1,,,,,,,
,,,,,,,,,,,,Images/NeurtalRight.jpeg,Neutral Right,m,ZH,19,female,1,N,N,Chinese,,English,2021-02-17_11h59.47.870,Tse_Altarriba_Simon1,2020.1.2,Win32,60,3280,,,m,1,0.33852,0,10,10,50,1,,,,,,,
,,,,,,,,,,,,Images/NeutralLeft.jpeg,Neutral Left,z,ZH,19,female,1,N,N,Chinese,,English,2021-02-17_11h59.47.870,Tse_Altarriba_Simon1,2020.1.2,Win32,60,3280,,,z,1,0.371,0,11,11,48,1,,,,,,,
,,,,,,,,,,,,Images/IncongruentRight.jpeg,Incongruent Right,m,ZH,19,female,1,N,N,Chinese,,English,2021-02-17_11h59.47.870,Tse_Altarriba_Simon1,2020.1.2,Win32,60,3280,,,m,1,0.41742,0,12,12,32,1,,,,,,,
,,,,,,,,,,,,Images/CongruentRight.jpeg,Congruent Right,m,ZH,19,female,1,N,N,Chinese,,English,2021-02-17_11h59.47.870,Tse_Altarriba_Simon1,2020.1.2,Win32,60,3280,,,m,1,0.321805,0,13,13,19,1,,,,,,,
,,,,,,,,,,,,Images/CongruentRight.jpeg,Congruent Right,m,ZH,19,female,1,N,N,Chinese,,English,2021-02-17_11h59.47.870,Tse_Altarriba_Simon1,2020.1.2,Win32,60,3280,,,m,1,0.345825,0,14,14,13,1,,,,,,,
,,,,,,,,,,,,Images/CongruentRight.jpeg,Congruent Right,m,ZH,19,female,1,N,N,Chinese,,English,2021-02-17_11h59.47.870,Tse_Altarriba_Simon1,2020.1.2,Win32,60,3280,,,m,1,0.30051,0,15,15,16,1,,,,,,,
,,,,,,,,,,,,Images/NeutralLeft.jpeg,Neutral Left,z,ZH,19,female,1,N,N,Chinese,,English,2021-02-17_11h59.47.870,Tse_Altarriba_Simon1,2020.1.2,Win32,60,3280,,,z,1,0.384465,0,16,16,42,1,,,,,,,
,,,,,,,,,,,,Images/NeurtalRight.jpeg,Neutral Right,m,ZH,19,female,1,N,N,Chinese,,English,2021-02-17_11h59.47.870,Tse_Altarriba_Simon1,2020.1.2,Win32,60,3280,,,m,1,0.361995,0,17,17,54,1,,,,,,,
,,,,,,,,,,,,Images/NeutralLeft.jpeg,Neutral Left,z,ZH,19,female,1,N,N,Chinese,,English,2021-02-17_11h59.47.870,Tse_Altarriba_Simon1,2020.1.2,Win32,60,3280,,,z,1,0.33756,0,18,18,40,1,,,,,,,
,,,,,,,,,,,,Images/CongruentRight.jpeg,Congruent Right,m,ZH,19,female,1,N,N,Chinese,,English,2021-02-17_11h59.47.870,Tse_Altarriba_Simon1,2020.1.2,Win32,60,3280,,,m,1,0.345205,0,19,19,14,1,,,,,,,
,,,,,,,,,,,,Images/CongruentLeft.jpeg,Congruent Left,z,ZH,19,female,1,N,N,Chinese,,English,2021-02-17_11h59.47.870,Tse_Altarriba_Simon1,2020.1.2,Win32,60,3280,,,z,1,0.34102,0,20,20,8,1,,,,,,,
,,,,,,,,,,,,Images/NeutralLeft.jpeg,Neutral Left,z,ZH,19,female,1,N,N,Chinese,,English,2021-02-17_11h59.47.870,Tse_Altarriba_Simon1,2020.1.2,Win32,60,3280,,,z,1,0.411225,0,21,21,46,1,,,,,,,
,,,,,,,,,,,,Images/CongruentRight.jpeg,Congruent Right,m,ZH,19,female,1,N,N,Chinese,,English,2021-02-17_11h59.47.870,Tse_Altarriba_Simon1,2020.1.2,Win32,60,3280,,,m,1,0.310535,0,22,22,15,1,,,,,,,
,,,,,,,,,,,,Images/IncongruentLeft.jpeg,Incongruent Left,z,ZH,19,female,1,N,N,Chinese,,English,2021-02-17_11h59.47.870,Tse_Altarriba_Simon1,2020.1.2,Win32,60,3280,,,m,0,0.27488,0,23,23,20,1,,,,,,,
,,,,,,,,,,,,Images/CongruentLeft.jpeg,Congruent Left,z,ZH,19,female,1,N,N,Chinese,,English,2021-02-17_11h59.47.870,Tse_Altarriba_Simon1,2020.1.2,Win32,60,3280,,,z,1,0.34927,0,24,24,0,1,,,,,,,
,,,,,,,,,,,,Images/IncongruentLeft.jpeg,Incongruent Left,z,ZH,19,female,1,N,N,Chinese,,English,2021-02-17_11h59.47.870,Tse_Altarriba_Simon1,2020.1.2,Win32,60,3280,,,m,0,0.249585,0,25,25,23,1,,,,,,,
,,,,,,,,,,,,Images/IncongruentLeft.jpeg,Incongruent Left,z,ZH,19,female,1,N,N,Chinese,,English,2021-02-17_11h59.47.870,Tse_Altarriba_Simon1,2020.1.2,Win32,60,3280,,,z,1,0.371445,0,26,26,27,1,,,,,,,
,,,,,,,,,,,,Images/NeurtalRight.jpeg,Neutral Right,m,ZH,19,female,1,N,N,Chinese,,English,2021-02-17_11h59.47.870,Tse_Altarriba_Simon1,2020.1.2,Win32,60,3280,,,m,1,0.342805,0,27,27,55,1,,,,,,,
,,,,,,,,,,,,Images/NeutralLeft.jpeg,Neutral Left,z,ZH,19,female,1,N,N,Chinese,,English,2021-02-17_11h59.47.870,Tse_Altarriba_Simon1,2020.1.2,Win32,60,3280,,,z,1,0.28496,0,28,28,43,1,,,,,,,
,,,,,,,,,,,,Images/CongruentLeft.jpeg,Congruent Left,z,ZH,19,female,1,N,N,Chinese,,English,2021-02-17_11h59.47.870,Tse_Altarriba_Simon1,2020.1.2,Win32,60,3280,,,z,1,0.296665,0,29,29,1,1,,,,,,,
,,,,,,,,,,,,Images/IncongruentRight.jpeg,Incongruent Right,m,ZH,19,female,1,N,N,Chinese,,English,2021-02-17_11h59.47.870,Tse_Altarriba_Simon1,2020.1.2,Win32,60,3280,,,m,1,0.384185,0,30,30,37,1,,,,,,,
,,,,,,,,,,,,Images/IncongruentRight.jpeg,Incongruent Right,m,ZH,19,female,1,N,N,Chinese,,English,2021-02-17_11h59.47.870,Tse_Altarriba_Simon1,2020.1.2,Win32,60,3280,,,m,1,0.37098,0,31,31,30,1,,,,,,,
,,,,,,,,,,,,Images/CongruentLeft.jpeg,Congruent Left,z,ZH,19,female,1,N,N,Chinese,,English,2021-02-17_11h59.47.870,Tse_Altarriba_Simon1,2020.1.2,Win32,60,3280,,,z,1,0.28215,0,32,32,5,1,,,,,,,
,,,,,,,,,,,,Images/IncongruentRight.jpeg,Incongruent Right,m,ZH,19,female,1,N,N,Chinese,,English,2021-02-17_11h59.47.870,Tse_Altarriba_Simon1,2020.1.2,Win32,60,3280,,,m,1,0.327775,0,33,33,31,1,,,,,,,
,,,,,,,,,,,,Images/NeurtalRight.jpeg,Neutral Right,m,ZH,19,female,1,N,N,Chinese,,English,2021-02-17_11h59.47.870,Tse_Altarriba_Simon1,2020.1.2,Win32,60,3280,,,m,1,0.338105,0,34,34,59,1,,,,,,,
,,,,,,,,,,,,Images/NeurtalRight.jpeg,Neutral Right,m,ZH,19,female,1,N,N,Chinese,,English,2021-02-17_11h59.47.870,Tse_Altarriba_Simon1,2020.1.2,Win32,60,3280,,,m,1,0.302165,0,35,35,53,1,,,,,,,
,,,,,,,,,,,,Images/CongruentLeft.jpeg,Congruent Left,z,ZH,19,female,1,N,N,Chinese,,English,2021-02-17_11h59.47.870,Tse_Altarriba_Simon1,2020.1.2,Win32,60,3280,,,z,1,0.283035,0,36,36,7,1,,,,,,,
,,,,,,,,,,,,Images/IncongruentLeft.jpeg,Incongruent Left,z,ZH,19,female,1,N,N,Chinese,,English,2021-02-17_11h59.47.870,Tse_Altarriba_Simon1,2020.1.2,Win32,60,3280,,,m,0,0.26704,0,37,37,25,1,,,,,,,
,,,,,,,,,,,,Images/CongruentRight.jpeg,Congruent Right,m,ZH,19,female,1,N,N,Chinese,,English,2021-02-17_11h59.47.870,Tse_Altarriba_Simon1,2020.1.2,Win32,60,3280,,,m,1,0.48196,0,38,38,12,1,,,,,,,
,,,,,,,,,,,,Images/CongruentRight.jpeg,Congruent Right,m,ZH,19,female,1,N,N,Chinese,,English,2021-02-17_11h59.47.870,Tse_Altarriba_Simon1,2020.1.2,Win32,60,3280,,,m,1,0.28247,0,39,39,18,1,,,,,,,
,,,,,,,,,,,,Images/NeurtalRight.jpeg,Neutral Right,m,ZH,19,female,1,N,N,Chinese,,English,2021-02-17_11h59.47.870,Tse_Altarriba_Simon1,2020.1.2,Win32,60,3280,,,m,1,0.385115,0,40,40,56,1,,,,,,,
,,,,,,,,,,,,Images/NeutralLeft.jpeg,Neutral Left,z,ZH,19,female,1,N,N,Chinese,,English,2021-02-17_11h59.47.870,Tse_Altarriba_Simon1,2020.1.2,Win32,60,3280,,,z,1,0.333435,0,41,41,49,1,,,,,,,
,,,,,,,,,,,,Images/IncongruentRight.jpeg,Incongruent Right,m,ZH,19,female,1,N,N,Chinese,,English,2021-02-17_11h59.47.870,Tse_Altarriba_Simon1,2020.1.2,Win32,60,3280,,,m,1,0.388075,0,42,42,39,1,,,,,,,
,,,,,,,,,,,,Images/NeutralLeft.jpeg,Neutral Left,z,ZH,19,female,1,N,N,Chinese,,English,2021-02-17_11h59.47.870,Tse_Altarriba_Simon1,2020.1.2,Win32,60,3280,,,z,1,0.414495,0,43,43,47,1,,,,,,,
,,,,,,,,,,,,Images/CongruentLeft.jpeg,Congruent Left,z,ZH,19,female,1,N,N,Chinese,,English,2021-02-17_11h59.47.870,Tse_Altarriba_Simon1,2020.1.2,Win32,60,3280,,,z,1,0.34121,0,44,44,6,1,,,,,,,
,,,,,,,,,,,,Images/NeurtalRight.jpeg,Neutral Right,m,ZH,19,female,1,N,N,Chinese,,English,2021-02-17_11h59.47.870,Tse_Altarriba_Simon1,2020.1.2,Win32,60,3280,,,m,1,0.33371,0,45,45,52,1,,,,,,,
,,,,,,,,,,,,Images/IncongruentLeft.jpeg,Incongruent Left,z,ZH,19,female,1,N,N,Chinese,,English,2021-02-17_11h59.47.870,Tse_Altarriba_Simon1,2020.1.2,Win32,60,3280,,,z,1,0.42215,0,46,46,21,1,,,,,,,
,,,,,,,,,,,,Images/IncongruentLeft.jpeg,Incongruent Left,z,ZH,19,female,1,N,N,Chinese,,English,2021-02-17_11h59.47.870,Tse_Altarriba_Simon1,2020.1.2,Win32,60,3280,,,m,0,0.27279,0,47,47,26,1,,,,,,,
,,,,,,,,,,,,Images/CongruentRight.jpeg,Congruent Right,m,ZH,19,female,1,N,N,Chinese,,English,2021-02-17_11h59.47.870,Tse_Altarriba_Simon1,2020.1.2,Win32,60,3280,,,m,1,0.336,0,48,48,17,1,,,,,,,
,,,,,,,,,,,,Images/CongruentLeft.jpeg,Congruent Left,z,ZH,19,female,1,N,N,Chinese,,English,2021-02-17_11h59.47.870,Tse_Altarriba_Simon1,2020.1.2,Win32,60,3280,,,z,1,0.31413,0,49,49,3,1,,,,,,,
,,,,,,,,,,,,Images/CongruentLeft.jpeg,Congruent Left,z,ZH,19,female,1,N,N,Chinese,,English,2021-02-17_11h59.47.870,Tse_Altarriba_Simon1,2020.1.2,Win32,60,3280,,,z,1,0.32622,0,50,50,4,1,,,,,,,
,,,,,,,,,,,,Images/IncongruentRight.jpeg,Incongruent Right,m,ZH,19,female,1,N,N,Chinese,,English,2021-02-17_11h59.47.870,Tse_Altarriba_Simon1,2020.1.2,Win32,60,3280,,,z,0,0.285825,0,51,51,33,1,,,,,,,
,,,,,,,,,,,,Images/CongruentRight.jpeg,Congruent Right,m,ZH,19,female,1,N,N,Chinese,,English,2021-02-17_11h59.47.870,Tse_Altarriba_Simon1,2020.1.2,Win32,60,3280,,,m,1,0.420135,0,52,52,10,1,,,,,,,
,,,,,,,,,,,,Images/IncongruentRight.jpeg,Incongruent Right,m,ZH,19,female,1,N,N,Chinese,,English,2021-02-17_11h59.47.870,Tse_Altarriba_Simon1,2020.1.2,Win32,60,3280,,,m,1,0.35316,0,53,53,35,1,,,,,,,
,,,,,,,,,,,,Images/IncongruentLeft.jpeg,Incongruent Left,z,ZH,19,female,1,N,N,Chinese,,English,2021-02-17_11h59.47.870,Tse_Altarriba_Simon1,2020.1.2,Win32,60,3280,,,z,1,0.390965,0,54,54,24,1,,,,,,,
,,,,,,,,,,,,Images/CongruentRight.jpeg,Congruent Right,m,ZH,19,female,1,N,N,Chinese,,English,2021-02-17_11h59.47.870,Tse_Altarriba_Simon1,2020.1.2,Win32,60,3280,,,m,1,0.46187,0,55,55,11,1,,,,,,,
,,,,,,,,,,,,Images/IncongruentLeft.jpeg,Incongruent Left,z,ZH,19,female,1,N,N,Chinese,,English,2021-02-17_11h59.47.870,Tse_Altarriba_Simon1,2020.1.2,Win32,60,3280,,,z,1,0.41438,0,56,56,29,1,,,,,,,
,,,,,,,,,,,,Images/NeutralLeft.jpeg,Neutral Left,z,ZH,19,female,1,N,N,Chinese,,English,2021-02-17_11h59.47.870,Tse_Altarriba_Simon1,2020.1.2,Win32,60,3280,,,z,1,0.504105,0,57,57,41,1,,,,,,,
,,,,,,,,,,,,Images/CongruentLeft.jpeg,Congruent Left,z,ZH,19,female,1,N,N,Chinese,,English,2021-02-17_11h59.47.870,Tse_Altarriba_Simon1,2020.1.2,Win32,60,3280,,,z,1,0.318845,0,58,58,9,1,,,,,,,
,,,,,,,,,,,,Images/IncongruentLeft.jpeg,Incongruent Left,z,ZH,19,female,1,N,N,Chinese,,English,2021-02-17_11h59.47.870,Tse_Altarriba_Simon1,2020.1.2,Win32,60,3280,,,z,1,0.43498,0,59,59,28,1,,,,,,,
,,,,,,,,,,,,Images/IncongruentRight.jpeg,Incongruent Right,m,ZH,19,female,1,N,N,Chinese,,English,2021-02-17_11h59.47.870,Tse_Altarriba_Simon1,2020.1.2,Win32,60,3280,,,m,1,0.31732,,,,,,space,4.909835,0,0,0,34,1
,,,,,,,,,,,,Images/IncongruentLeft.jpeg,Incongruent Left,z,ZH,19,female,1,N,N,Chinese,,English,2021-02-17_11h59.47.870,Tse_Altarriba_Simon1,2020.1.2,Win32,60,3280,,,z,1,0.360405,,,,,,,,0,1,1,25,1
,,,,,,,,,,,,Images/CongruentLeft.jpeg,Congruent Left,z,ZH,19,female,1,N,N,Chinese,,English,2021-02-17_11h59.47.870,Tse_Altarriba_Simon1,2020.1.2,Win32,60,3280,,,z,1,0.333915,,,,,,,,0,2,2,8,1
,,,,,,,,,,,,Images/NeutralLeft.jpeg,Neutral Left,z,ZH,19,female,1,N,N,Chinese,,English,2021-02-17_11h59.47.870,Tse_Altarriba_Simon1,2020.1.2,Win32,60,3280,,,z,1,0.331955,,,,,,,,0,3,3,47,1
,,,,,,,,,,,,Images/NeurtalRight.jpeg,Neutral Right,m,ZH,19,female,1,N,N,Chinese,,English,2021-02-17_11h59.47.870,Tse_Altarriba_Simon1,2020.1.2,Win32,60,3280,,,m,1,0.36184,,,,,,,,0,4,4,51,1
,,,,,,,,,,,,Images/NeurtalRight.jpeg,Neutral Right,m,ZH,19,female,1,N,N,Chinese,,English,2021-02-17_11h59.47.870,Tse_Altarriba_Simon1,2020.1.2,Win32,60,3280,,,m,1,0.355005,,,,,,,,0,5,5,53,1
,,,,,,,,,,,,Images/CongruentLeft.jpeg,Congruent Left,z,ZH,19,female,1,N,N,Chinese,,English,2021-02-17_11h59.47.870,Tse_Altarriba_Simon1,2020.1.2,Win32,60,3280,,,z,1,0.297485,,,,,,,,0,6,6,0,1
,,,,,,,,,,,,Images/CongruentRight.jpeg,Congruent Right,m,ZH,19,female,1,N,N,Chinese,,English,2021-02-17_11h59.47.870,Tse_Altarriba_Simon1,2020.1.2,Win32,60,3280,,,m,1,0.29025,,,,,,,,0,7,7,18,1
,,,,,,,,,,,,Images/NeurtalRight.jpeg,Neutral Right,m,ZH,19,female,1,N,N,Chinese,,English,2021-02-17_11h59.47.870,Tse_Altarriba_Simon1,2020.1.2,Win32,60,3280,,,m,1,0.34881,,,,,,,,0,8,8,58,1
,,,,,,,,,,,,Images/NeutralLeft.jpeg,Neutral Left,z,ZH,19,female,1,N,N,Chinese,,English,2021-02-17_11h59.47.870,Tse_Altarriba_Simon1,2020.1.2,Win32,60,3280,,,z,1,0.349145,,,,,,,,0,9,9,43,1
,,,,,,,,,,,,Images/IncongruentLeft.jpeg,Incongruent Left,z,ZH,19,female,1,N,N,Chinese,,English,2021-02-17_11h59.47.870,Tse_Altarriba_Simon1,2020.1.2,Win32,60,3280,,,z,1,0.49981,,,,,,,,0,10,10,24,1
,,,,,,,,,,,,Images/IncongruentLeft.jpeg,Incongruent Left,z,ZH,19,female,1,N,N,Chinese,,English,2021-02-17_11h59.47.870,Tse_Altarriba_Simon1,2020.1.2,Win32,60,3280,,,z,1,0.39669,,,,,,,,0,11,11,28,1
,,,,,,,,,,,,Images/CongruentRight.jpeg,Congruent Right,m,ZH,19,female,1,N,N,Chinese,,English,2021-02-17_11h59.47.870,Tse_Altarriba_Simon1,2020.1.2,Win32,60,3280,,,m,1,0.4152,,,,,,,,0,12,12,12,1
,,,,,,,,,,,,Images/CongruentRight.jpeg,Congruent Right,m,ZH,19,female,1,N,N,Chinese,,English,2021-02-17_11h59.47.870,Tse_Altarriba_Simon1,2020.1.2,Win32,60,3280,,,m,1,0.387665,,,,,,,,0,13,13,14,1
,,,,,,,,,,,,Images/IncongruentRight.jpeg,Incongruent Right,m,ZH,19,female,1,N,N,Chinese,,English,2021-02-17_11h59.47.870,Tse_Altarriba_Simon1,2020.1.2,Win32,60,3280,,,z,0,0.260455,,,,,,,,0,14,14,35,1
,,,,,,,,,,,,Images/NeutralLeft.jpeg,Neutral Left,z,ZH,19,female,1,N,N,Chinese,,English,2021-02-17_11h59.47.870,Tse_Altarriba_Simon1,2020.1.2,Win32,60,3280,,,z,1,0.355185,,,,,,,,0,15,15,49,1
,,,,,,,,,,,,Images/IncongruentLeft.jpeg,Incongruent Left,z,ZH,19,female,1,N,N,Chinese,,English,2021-02-17_11h59.47.870,Tse_Altarriba_Simon1,2020.1.2,Win32,60,3280,,,z,1,0.39385,,,,,,,,0,16,16,20,1
,,,,,,,,,,,,Images/NeutralLeft.jpeg,Neutral Left,z,ZH,19,female,1,N,N,Chinese,,English,2021-02-17_11h59.47.870,Tse_Altarriba_Simon1,2020.1.2,Win32,60,3280,,,z,1,0.32772,,,,,,,,0,17,17,40,1
,,,,,,,,,,,,Images/CongruentRight.jpeg,Congruent Right,m,ZH,19,female,1,N,N,Chinese,,English,2021-02-17_11h59.47.870,Tse_Altarriba_Simon1,2020.1.2,Win32,60,3280,,,m,1,0.333875,,,,,,,,0,18,18,17,1
,,,,,,,,,,,,Images/IncongruentRight.jpeg,Incongruent Right,m,ZH,19,female,1,N,N,Chinese,,English,2021-02-17_11h59.47.870,Tse_Altarriba_Simon1,2020.1.2,Win32,60,3280,,,z,0,0.29388,,,,,,,,0,19,19,36,1
,,,,,,,,,,,,Images/CongruentLeft.jpeg,Congruent Left,z,ZH,19,female,1,N,N,Chinese,,English,2021-02-17_11h59.47.870,Tse_Altarriba_Simon1,2020.1.2,Win32,60,3280,,,z,1,0.366465,,,,,,,,0,20,20,6,1
,,,,,,,,,,,,Images/IncongruentRight.jpeg,Incongruent Right,m,ZH,19,female,1,N,N,Chinese,,English,2021-02-17_11h59.47.870,Tse_Altarriba_Simon1,2020.1.2,Win32,60,3280,,,m,1,0.38736,,,,,,,,0,21,21,30,1
,,,,,,,,,,,,Images/IncongruentRight.jpeg,Incongruent Right,m,ZH,19,female,1,N,N,Chinese,,English,2021-02-17_11h59.47.870,Tse_Altarriba_Simon1,2020.1.2,Win32,60,3280,,,m,1,0.36671,,,,,,,,0,22,22,32,1
,,,,,,,,,,,,Images/IncongruentLeft.jpeg,Incongruent Left,z,ZH,19,female,1,N,N,Chinese,,English,2021-02-17_11h59.47.870,Tse_Altarriba_Simon1,2020.1.2,Win32,60,3280,,,z,1,0.364245,,,,,,,,0,23,23,22,1
,,,,,,,,,,,,Images/CongruentLeft.jpeg,Congruent Left,z,ZH,19,female,1,N,N,Chinese,,English,2021-02-17_11h59.47.870,Tse_Altarriba_Simon1,2020.1.2,Win32,60,3280,,,z,1,0.33865,,,,,,,,0,24,24,3,1
,,,,,,,,,,,,Images/NeurtalRight.jpeg,Neutral Right,m,ZH,19,female,1,N,N,Chinese,,English,2021-02-17_11h59.47.870,Tse_Altarriba_Simon1,2020.1.2,Win32,60,3280,,,m,1,0.35695,,,,,,,,0,25,25,57,1
,,,,,,,,,,,,Images/IncongruentLeft.jpeg,Incongruent Left,z,ZH,19,female,1,N,N,Chinese,,English,2021-02-17_11h59.47.870,Tse_Altarriba_Simon1,2020.1.2,Win32,60,3280,,,z,1,0.38312,,,,,,,,0,26,26,29,1
,,,,,,,,,,,,Images/CongruentLeft.jpeg,Congruent Left,z,ZH,19,female,1,N,N,Chinese,,English,2021-02-17_11h59.47.870,Tse_Altarriba_Simon1,2020.1.2,Win32,60,3280,,,z,1,0.30316,,,,,,,,0,27,27,7,1
,,,,,,,,,,,,Images/IncongruentLeft.jpeg,Incongruent Left,z,ZH,19,female,1,N,N,Chinese,,English,2021-02-17_11h59.47.870,Tse_Altarriba_Simon1,2020.1.2,Win32,60,3280,,,z,1,0.57718,,,,,,,,0,28,28,21,1
,,,,,,,,,,,,Images/CongruentRight.jpeg,Congruent Right,m,ZH,19,female,1,N,N,Chinese,,English,2021-02-17_11h59.47.870,Tse_Altarriba_Simon1,2020.1.2,Win32,60,3280,,,m,1,0.406595,,,,,,,,0,29,29,19,1
,,,,,,,,,,,,Images/CongruentRight.jpeg,Congruent Right,m,ZH,19,female,1,N,N,Chinese,,English,2021-02-17_11h59.47.870,Tse_Altarriba_Simon1,2020.1.2,Win32,60,3280,,,m,1,0.35249,,,,,,,,0,30,30,10,1
,,,,,,,,,,,,Images/CongruentLeft.jpeg,Congruent Left,z,ZH,19,female,1,N,N,Chinese,,English,2021-02-17_11h59.47.870,Tse_Altarriba_Simon1,2020.1.2,Win32,60,3280,,,z,1,0.266695,,,,,,,,0,31,31,1,1
,,,,,,,,,,,,Images/NeurtalRight.jpeg,Neutral Right,m,ZH,19,female,1,N,N,Chinese,,English,2021-02-17_11h59.47.870,Tse_Altarriba_Simon1,2020.1.2,Win32,60,3280,,,m,1,0.35073,,,,,,,,0,32,32,55,1
,,,,,,,,,,,,Images/CongruentRight.jpeg,Congruent Right,m,ZH,19,female,1,N,N,Chinese,,English,2021-02-17_11h59.47.870,Tse_Altarriba_Simon1,2020.1.2,Win32,60,3280,,,m,1,0.307615,,,,,,,,0,33,33,13,1
,,,,,,,,,,,,Images/IncongruentLeft.jpeg,Incongruent Left,z,ZH,19,female,1,N,N,Chinese,,English,2021-02-17_11h59.47.870,Tse_Altarriba_Simon1,2020.1.2,Win32,60,3280,,,m,0,0.295015,,,,,,,,0,34,34,27,1
,,,,,,,,,,,,Images/CongruentLeft.jpeg,Congruent Left,z,ZH,19,female,1,N,N,Chinese,,English,2021-02-17_11h59.47.870,Tse_Altarriba_Simon1,2020.1.2,Win32,60,3280,,,z,1,0.263905,,,,,,,,0,35,35,9,1
,,,,,,,,,,,,Images/IncongruentLeft.jpeg,Incongruent Left,z,ZH,19,female,1,N,N,Chinese,,English,2021-02-17_11h59.47.870,Tse_Altarriba_Simon1,2020.1.2,Win32,60,3280,,,m,0,0.287145,,,,,,,,0,36,36,23,1
,,,,,,,,,,,,Images/IncongruentRight.jpeg,Incongruent Right,m,ZH,19,female,1,N,N,Chinese,,English,2021-02-17_11h59.47.870,Tse_Altarriba_Simon1,2020.1.2,Win32,60,3280,,,m,1,0.47901,,,,,,,,0,37,37,39,1
,,,,,,,,,,,,Images/NeurtalRight.jpeg,Neutral Right,m,ZH,19,female,1,N,N,Chinese,,English,2021-02-17_11h59.47.870,Tse_Altarriba_Simon1,2020.1.2,Win32,60,3280,,,m,1,0.38488,,,,,,,,0,38,38,52,1
,,,,,,,,,,,,Images/CongruentRight.jpeg,Congruent Right,m,ZH,19,female,1,N,N,Chinese,,English,2021-02-17_11h59.47.870,Tse_Altarriba_Simon1,2020.1.2,Win32,60,3280,,,m,1,0.41223,,,,,,,,0,39,39,11,1
,,,,,,,,,,,,Images/NeurtalRight.jpeg,Neutral Right,m,ZH,19,female,1,N,N,Chinese,,English,2021-02-17_11h59.47.870,Tse_Altarriba_Simon1,2020.1.2,Win32,60,3280,,,m,1,0.340145,,,,,,,,0,40,40,54,1
,,,,,,,,,,,,Images/CongruentLeft.jpeg,Congruent Left,z,ZH,19,female,1,N,N,Chinese,,English,2021-02-17_11h59.47.870,Tse_Altarriba_Simon1,2020.1.2,Win32,60,3280,,,z,1,0.29901,,,,,,,,0,41,41,4,1
,,,,,,,,,,,,Images/IncongruentRight.jpeg,Incongruent Right,m,ZH,19,female,1,N,N,Chinese,,English,2021-02-17_11h59.47.870,Tse_Altarriba_Simon1,2020.1.2,Win32,60,3280,,,m,1,0.40731,,,,,,,,0,42,42,33,1
,,,,,,,,,,,,Images/NeutralLeft.jpeg,Neutral Left,z,ZH,19,female,1,N,N,Chinese,,English,2021-02-17_11h59.47.870,Tse_Altarriba_Simon1,2020.1.2,Win32,60,3280,,,z,1,0.382885,,,,,,,,0,43,43,44,1
,,,,,,,,,,,,Images/IncongruentRight.jpeg,Incongruent Right,m,ZH,19,female,1,N,N,Chinese,,English,2021-02-17_11h59.47.870,Tse_Altarriba_Simon1,2020.1.2,Win32,60,3280,,,m,1,0.400235,,,,,,,,0,44,44,38,1
,,,,,,,,,,,,Images/NeutralLeft.jpeg,Neutral Left,z,ZH,19,female,1,N,N,Chinese,,English,2021-02-17_11h59.47.870,Tse_Altarriba_Simon1,2020.1.2,Win32,60,3280,,,z,1,0.41726,,,,,,,,0,45,45,48,1
,,,,,,,,,,,,Images/CongruentLeft.jpeg,Congruent Left,z,ZH,19,female,1,N,N,Chinese,,English,2021-02-17_11h59.47.870,Tse_Altarriba_Simon1,2020.1.2,Win32,60,3280,,,z,1,0.42927,,,,,,,,0,46,46,2,1
,,,,,,,,,,,,Images/CongruentRight.jpeg,Congruent Right,m,ZH,19,female,1,N,N,Chinese,,English,2021-02-17_11h59.47.870,Tse_Altarriba_Simon1,2020.1.2,Win32,60,3280,,,m,1,0.332015,,,,,,,,0,47,47,15,1
,,,,,,,,,,,,Images/CongruentLeft.jpeg,Congruent Left,z,ZH,19,female,1,N,N,Chinese,,English,2021-02-17_11h59.47.870,Tse_Altarriba_Simon1,2020.1.2,Win32,60,3280,,,z,1,0.400105,,,,,,,,0,48,48,5,1
,,,,,,,,,,,,Images/CongruentRight.jpeg,Congruent Right,m,ZH,19,female,1,N,N,Chinese,,English,2021-02-17_11h59.47.870,Tse_Altarriba_Simon1,2020.1.2,Win32,60,3280,,,m,1,0.412175,,,,,,,,0,49,49,16,1
,,,,,,,,,,,,Images/IncongruentRight.jpeg,Incongruent Right,m,ZH,19,female,1,N,N,Chinese,,English,2021-02-17_11h59.47.870,Tse_Altarriba_Simon1,2020.1.2,Win32,60,3280,,,m,1,0.43235,,,,,,,,0,50,50,37,1
,,,,,,,,,,,,Images/NeutralLeft.jpeg,Neutral Left,z,ZH,19,female,1,N,N,Chinese,,English,2021-02-17_11h59.47.870,Tse_Altarriba_Simon1,2020.1.2,Win32,60,3280,,,z,1,0.35042,,,,,,,,0,51,51,46,1
,,,,,,,,,,,,Images/NeutralLeft.jpeg,Neutral Left,z,ZH,19,female,1,N,N,Chinese,,English,2021-02-17_11h59.47.870,Tse_Altarriba_Simon1,2020.1.2,Win32,60,3280,,,z,1,0.348715,,,,,,,,0,52,52,41,1
,,,,,,,,,,,,Images/IncongruentLeft.jpeg,Incongruent Left,z,ZH,19,female,1,N,N,Chinese,,English,2021-02-17_11h59.47.870,Tse_Altarriba_Simon1,2020.1.2,Win32,60,3280,,,m,0,0.32287,,,,,,,,0,53,53,26,1
,,,,,,,,,,,,Images/IncongruentRight.jpeg,Incongruent Right,m,ZH,19,female,1,N,N,Chinese,,English,2021-02-17_11h59.47.870,Tse_Altarriba_Simon1,2020.1.2,Win32,60,3280,,,m,1,0.41535,,,,,,,,0,54,54,31,1
,,,,,,,,,,,,Images/NeurtalRight.jpeg,Neutral Right,m,ZH,19,female,1,N,N,Chinese,,English,2021-02-17_11h59.47.870,Tse_Altarriba_Simon1,2020.1.2,Win32,60,3280,,,m,1,0.34646,,,,,,,,0,55,55,50,1
,,,,,,,,,,,,Images/NeurtalRight.jpeg,Neutral Right,m,ZH,19,female,1,N,N,Chinese,,English,2021-02-17_11h59.47.870,Tse_Altarriba_Simon1,2020.1.2,Win32,60,3280,,,m,1,0.367065,,,,,,,,0,56,56,56,1
,,,,,,,,,,,,Images/NeutralLeft.jpeg,Neutral Left,z,ZH,19,female,1,N,N,Chinese,,English,2021-02-17_11h59.47.870,Tse_Altarriba_Simon1,2020.1.2,Win32,60,3280,,,z,1,0.32936,,,,,,,,0,57,57,45,1
,,,,,,,,,,,,Images/NeutralLeft.jpeg,Neutral Left,z,ZH,19,female,1,N,N,Chinese,,English,2021-02-17_11h59.47.870,Tse_Altarriba_Simon1,2020.1.2,Win32,60,3280,,,z,1,0.369525,,,,,,,,0,58,58,42,1
,,,,,,,,,,,,Images/NeurtalRight.jpeg,Neutral Right,m,ZH,19,female,1,N,N,Chinese,,English,2021-02-17_11h59.47.870,Tse_Altarriba_Simon1,2020.1.2,Win32,60,3280,,,m,1,0.36967,,,,,,,,0,59,59,59,1
