Space1.keys,Space1.rt,Space2.keys,Space2.rt,response.keys,response.corr,response.rt,Practice_loop.thisRepN,Practice_loop.thisTrialN,Practice_loop.thisN,Practice_loop.thisIndex,Practice_loop.ran,ImageFile,Condition,CorrAns,Your initials,What is your age?,What is your gender?,What year are you in?,Are you Dyslexic? (Y/N),Are you bi/multilingual? (Y/N),What is your first language?,"What is your second language? (if you are monollingual, leave blank)",What other languages do you speak?,date,expName,psychopyVersion,OS,frameRate,participant,Space3.keys,Space3.rt,key_resp_2.keys,key_resp_2.corr,key_resp_2.rt,trials.thisRepN,trials.thisTrialN,trials.thisN,trials.thisIndex,trials.ran,Space4.keys,Space4.rt,trials_2.thisRepN,trials_2.thisTrialN,trials_2.thisN,trials_2.thisIndex,trials_2.ran
space,4.57939,space,28.56621,m,1,1.3816,0,0,0,2,1,Images/CongruentRight.jpeg,Congruent Right,m,syq,20,female,year 1,N,Y,Chinese,English,,2021-02-22_22h40.13.868,Tse_Altarriba_Simon1,2020.1.2,MacIntel,60,3283,,,,,,,,,,,,,,,,,
,,,,z,1,0.64586,0,1,1,4,1,Images/IncongruentLeft.jpeg,Incongruent Left,z,syq,20,female,year 1,N,Y,Chinese,English,,2021-02-22_22h40.13.868,Tse_Altarriba_Simon1,2020.1.2,MacIntel,60,3283,,,,,,,,,,,,,,,,,
,,,,z,1,0.46502,0,2,2,5,1,Images/IncongruentLeft.jpeg,Incongruent Left,z,syq,20,female,year 1,N,Y,Chinese,English,,2021-02-22_22h40.13.868,Tse_Altarriba_Simon1,2020.1.2,MacIntel,60,3283,,,,,,,,,,,,,,,,,
,,,,z,1,0.580105,0,3,3,8,1,Images/NeutralLeft.jpeg,Neutral Left,z,syq,20,female,year 1,N,Y,Chinese,English,,2021-02-22_22h40.13.868,Tse_Altarriba_Simon1,2020.1.2,MacIntel,60,3283,,,,,,,,,,,,,,,,,
,,,,m,1,0.497365,0,4,4,6,1,Images/IncongruentRight.jpeg,Incongruent Right,m,syq,20,female,year 1,N,Y,Chinese,English,,2021-02-22_22h40.13.868,Tse_Altarriba_Simon1,2020.1.2,MacIntel,60,3283,,,,,,,,,,,,,,,,,
,,,,m,1,0.382195,0,5,5,10,1,Images/NeurtalRight.jpeg,Neutral Right,m,syq,20,female,year 1,N,Y,Chinese,English,,2021-02-22_22h40.13.868,Tse_Altarriba_Simon1,2020.1.2,MacIntel,60,3283,,,,,,,,,,,,,,,,,
,,,,m,1,0.48201,0,6,6,3,1,Images/CongruentRight.jpeg,Congruent Right,m,syq,20,female,year 1,N,Y,Chinese,English,,2021-02-22_22h40.13.868,Tse_Altarriba_Simon1,2020.1.2,MacIntel,60,3283,,,,,,,,,,,,,,,,,
,,,,m,1,0.397325,0,7,7,11,1,Images/NeurtalRight.jpeg,Neutral Right,m,syq,20,female,year 1,N,Y,Chinese,English,,2021-02-22_22h40.13.868,Tse_Altarriba_Simon1,2020.1.2,MacIntel,60,3283,,,,,,,,,,,,,,,,,
,,,,z,1,0.415145,0,8,8,9,1,Images/NeutralLeft.jpeg,Neutral Left,z,syq,20,female,year 1,N,Y,Chinese,English,,2021-02-22_22h40.13.868,Tse_Altarriba_Simon1,2020.1.2,MacIntel,60,3283,,,,,,,,,,,,,,,,,
,,,,m,1,0.4475,0,9,9,7,1,Images/IncongruentRight.jpeg,Incongruent Right,m,syq,20,female,year 1,N,Y,Chinese,English,,2021-02-22_22h40.13.868,Tse_Altarriba_Simon1,2020.1.2,MacIntel,60,3283,,,,,,,,,,,,,,,,,
,,,,z,1,0.444725,0,10,10,1,1,Images/CongruentLeft.jpeg,Congruent Left,z,syq,20,female,year 1,N,Y,Chinese,English,,2021-02-22_22h40.13.868,Tse_Altarriba_Simon1,2020.1.2,MacIntel,60,3283,,,,,,,,,,,,,,,,,
,,,,z,1,0.41382,0,11,11,0,1,Images/CongruentLeft.jpeg,Congruent Left,z,syq,20,female,year 1,N,Y,Chinese,English,,2021-02-22_22h40.13.868,Tse_Altarriba_Simon1,2020.1.2,MacIntel,60,3283,,,,,,,,,,,,,,,,,
,,,,,,,,,,,,Images/CongruentRight.jpeg,Congruent Right,m,syq,20,female,year 1,N,Y,Chinese,English,,2021-02-22_22h40.13.868,Tse_Altarriba_Simon1,2020.1.2,MacIntel,60,3283,space,13.536025,m,1,0.381345,0,0,0,13,1,,,,,,,
,,,,,,,,,,,,Images/IncongruentRight.jpeg,Incongruent Right,m,syq,20,female,year 1,N,Y,Chinese,English,,2021-02-22_22h40.13.868,Tse_Altarriba_Simon1,2020.1.2,MacIntel,60,3283,,,m,1,0.483675,0,1,1,37,1,,,,,,,
,,,,,,,,,,,,Images/NeutralLeft.jpeg,Neutral Left,z,syq,20,female,year 1,N,Y,Chinese,English,,2021-02-22_22h40.13.868,Tse_Altarriba_Simon1,2020.1.2,MacIntel,60,3283,,,z,1,0.49619,0,2,2,40,1,,,,,,,
,,,,,,,,,,,,Images/CongruentRight.jpeg,Congruent Right,m,syq,20,female,year 1,N,Y,Chinese,English,,2021-02-22_22h40.13.868,Tse_Altarriba_Simon1,2020.1.2,MacIntel,60,3283,,,m,1,0.36649,0,3,3,12,1,,,,,,,
,,,,,,,,,,,,Images/IncongruentRight.jpeg,Incongruent Right,m,syq,20,female,year 1,N,Y,Chinese,English,,2021-02-22_22h40.13.868,Tse_Altarriba_Simon1,2020.1.2,MacIntel,60,3283,,,m,1,0.4145,0,4,4,33,1,,,,,,,
,,,,,,,,,,,,Images/CongruentLeft.jpeg,Congruent Left,z,syq,20,female,year 1,N,Y,Chinese,English,,2021-02-22_22h40.13.868,Tse_Altarriba_Simon1,2020.1.2,MacIntel,60,3283,,,z,1,0.39679,0,5,5,5,1,,,,,,,
,,,,,,,,,,,,Images/NeurtalRight.jpeg,Neutral Right,m,syq,20,female,year 1,N,Y,Chinese,English,,2021-02-22_22h40.13.868,Tse_Altarriba_Simon1,2020.1.2,MacIntel,60,3283,,,m,1,0.36532,0,6,6,58,1,,,,,,,
,,,,,,,,,,,,Images/IncongruentLeft.jpeg,Incongruent Left,z,syq,20,female,year 1,N,Y,Chinese,English,,2021-02-22_22h40.13.868,Tse_Altarriba_Simon1,2020.1.2,MacIntel,60,3283,,,z,1,0.481395,0,7,7,25,1,,,,,,,
,,,,,,,,,,,,Images/IncongruentRight.jpeg,Incongruent Right,m,syq,20,female,year 1,N,Y,Chinese,English,,2021-02-22_22h40.13.868,Tse_Altarriba_Simon1,2020.1.2,MacIntel,60,3283,,,m,1,0.427405,0,8,8,38,1,,,,,,,
,,,,,,,,,,,,Images/NeurtalRight.jpeg,Neutral Right,m,syq,20,female,year 1,N,Y,Chinese,English,,2021-02-22_22h40.13.868,Tse_Altarriba_Simon1,2020.1.2,MacIntel,60,3283,,,m,1,0.400155,0,9,9,55,1,,,,,,,
,,,,,,,,,,,,Images/IncongruentLeft.jpeg,Incongruent Left,z,syq,20,female,year 1,N,Y,Chinese,English,,2021-02-22_22h40.13.868,Tse_Altarriba_Simon1,2020.1.2,MacIntel,60,3283,,,z,1,0.49743,0,10,10,22,1,,,,,,,
,,,,,,,,,,,,Images/NeurtalRight.jpeg,Neutral Right,m,syq,20,female,year 1,N,Y,Chinese,English,,2021-02-22_22h40.13.868,Tse_Altarriba_Simon1,2020.1.2,MacIntel,60,3283,,,m,1,0.399795,0,11,11,53,1,,,,,,,
,,,,,,,,,,,,Images/CongruentLeft.jpeg,Congruent Left,z,syq,20,female,year 1,N,Y,Chinese,English,,2021-02-22_22h40.13.868,Tse_Altarriba_Simon1,2020.1.2,MacIntel,60,3283,,,z,1,0.398915,0,12,12,6,1,,,,,,,
,,,,,,,,,,,,Images/IncongruentLeft.jpeg,Incongruent Left,z,syq,20,female,year 1,N,Y,Chinese,English,,2021-02-22_22h40.13.868,Tse_Altarriba_Simon1,2020.1.2,MacIntel,60,3283,,,z,1,0.4817,0,13,13,24,1,,,,,,,
,,,,,,,,,,,,Images/IncongruentLeft.jpeg,Incongruent Left,z,syq,20,female,year 1,N,Y,Chinese,English,,2021-02-22_22h40.13.868,Tse_Altarriba_Simon1,2020.1.2,MacIntel,60,3283,,,z,1,0.48719,0,14,14,23,1,,,,,,,
,,,,,,,,,,,,Images/NeutralLeft.jpeg,Neutral Left,z,syq,20,female,year 1,N,Y,Chinese,English,,2021-02-22_22h40.13.868,Tse_Altarriba_Simon1,2020.1.2,MacIntel,60,3283,,,z,1,0.38396,0,15,15,45,1,,,,,,,
,,,,,,,,,,,,Images/NeutralLeft.jpeg,Neutral Left,z,syq,20,female,year 1,N,Y,Chinese,English,,2021-02-22_22h40.13.868,Tse_Altarriba_Simon1,2020.1.2,MacIntel,60,3283,,,z,1,0.40256,0,16,16,43,1,,,,,,,
,,,,,,,,,,,,Images/NeurtalRight.jpeg,Neutral Right,m,syq,20,female,year 1,N,Y,Chinese,English,,2021-02-22_22h40.13.868,Tse_Altarriba_Simon1,2020.1.2,MacIntel,60,3283,,,m,1,0.43253,0,17,17,59,1,,,,,,,
,,,,,,,,,,,,Images/CongruentRight.jpeg,Congruent Right,m,syq,20,female,year 1,N,Y,Chinese,English,,2021-02-22_22h40.13.868,Tse_Altarriba_Simon1,2020.1.2,MacIntel,60,3283,,,m,1,0.398745,0,18,18,11,1,,,,,,,
,,,,,,,,,,,,Images/IncongruentLeft.jpeg,Incongruent Left,z,syq,20,female,year 1,N,Y,Chinese,English,,2021-02-22_22h40.13.868,Tse_Altarriba_Simon1,2020.1.2,MacIntel,60,3283,,,z,1,0.478455,0,19,19,28,1,,,,,,,
,,,,,,,,,,,,Images/IncongruentRight.jpeg,Incongruent Right,m,syq,20,female,year 1,N,Y,Chinese,English,,2021-02-22_22h40.13.868,Tse_Altarriba_Simon1,2020.1.2,MacIntel,60,3283,,,m,1,0.46785,0,20,20,39,1,,,,,,,
,,,,,,,,,,,,Images/NeurtalRight.jpeg,Neutral Right,m,syq,20,female,year 1,N,Y,Chinese,English,,2021-02-22_22h40.13.868,Tse_Altarriba_Simon1,2020.1.2,MacIntel,60,3283,,,m,1,0.401955,0,21,21,54,1,,,,,,,
,,,,,,,,,,,,Images/NeurtalRight.jpeg,Neutral Right,m,syq,20,female,year 1,N,Y,Chinese,English,,2021-02-22_22h40.13.868,Tse_Altarriba_Simon1,2020.1.2,MacIntel,60,3283,,,m,1,0.38145,0,22,22,56,1,,,,,,,
,,,,,,,,,,,,Images/NeurtalRight.jpeg,Neutral Right,m,syq,20,female,year 1,N,Y,Chinese,English,,2021-02-22_22h40.13.868,Tse_Altarriba_Simon1,2020.1.2,MacIntel,60,3283,,,m,1,0.383765,0,23,23,51,1,,,,,,,
,,,,,,,,,,,,Images/IncongruentRight.jpeg,Incongruent Right,m,syq,20,female,year 1,N,Y,Chinese,English,,2021-02-22_22h40.13.868,Tse_Altarriba_Simon1,2020.1.2,MacIntel,60,3283,,,m,1,0.43362,0,24,24,32,1,,,,,,,
,,,,,,,,,,,,Images/NeutralLeft.jpeg,Neutral Left,z,syq,20,female,year 1,N,Y,Chinese,English,,2021-02-22_22h40.13.868,Tse_Altarriba_Simon1,2020.1.2,MacIntel,60,3283,,,z,1,0.466235,0,25,25,49,1,,,,,,,
,,,,,,,,,,,,Images/NeutralLeft.jpeg,Neutral Left,z,syq,20,female,year 1,N,Y,Chinese,English,,2021-02-22_22h40.13.868,Tse_Altarriba_Simon1,2020.1.2,MacIntel,60,3283,,,z,1,0.39834,0,26,26,47,1,,,,,,,
,,,,,,,,,,,,Images/NeutralLeft.jpeg,Neutral Left,z,syq,20,female,year 1,N,Y,Chinese,English,,2021-02-22_22h40.13.868,Tse_Altarriba_Simon1,2020.1.2,MacIntel,60,3283,,,z,1,0.363005,0,27,27,46,1,,,,,,,
,,,,,,,,,,,,Images/CongruentRight.jpeg,Congruent Right,m,syq,20,female,year 1,N,Y,Chinese,English,,2021-02-22_22h40.13.868,Tse_Altarriba_Simon1,2020.1.2,MacIntel,60,3283,,,m,1,0.448525,0,28,28,10,1,,,,,,,
,,,,,,,,,,,,Images/IncongruentLeft.jpeg,Incongruent Left,z,syq,20,female,year 1,N,Y,Chinese,English,,2021-02-22_22h40.13.868,Tse_Altarriba_Simon1,2020.1.2,MacIntel,60,3283,,,z,1,0.48189,0,29,29,21,1,,,,,,,
,,,,,,,,,,,,Images/NeurtalRight.jpeg,Neutral Right,m,syq,20,female,year 1,N,Y,Chinese,English,,2021-02-22_22h40.13.868,Tse_Altarriba_Simon1,2020.1.2,MacIntel,60,3283,,,m,1,0.38234,0,30,30,57,1,,,,,,,
,,,,,,,,,,,,Images/IncongruentRight.jpeg,Incongruent Right,m,syq,20,female,year 1,N,Y,Chinese,English,,2021-02-22_22h40.13.868,Tse_Altarriba_Simon1,2020.1.2,MacIntel,60,3283,,,m,1,0.39791,0,31,31,36,1,,,,,,,
,,,,,,,,,,,,Images/CongruentLeft.jpeg,Congruent Left,z,syq,20,female,year 1,N,Y,Chinese,English,,2021-02-22_22h40.13.868,Tse_Altarriba_Simon1,2020.1.2,MacIntel,60,3283,,,z,1,0.400975,0,32,32,8,1,,,,,,,
,,,,,,,,,,,,Images/CongruentLeft.jpeg,Congruent Left,z,syq,20,female,year 1,N,Y,Chinese,English,,2021-02-22_22h40.13.868,Tse_Altarriba_Simon1,2020.1.2,MacIntel,60,3283,,,z,1,0.34861,0,33,33,7,1,,,,,,,
,,,,,,,,,,,,Images/IncongruentLeft.jpeg,Incongruent Left,z,syq,20,female,year 1,N,Y,Chinese,English,,2021-02-22_22h40.13.868,Tse_Altarriba_Simon1,2020.1.2,MacIntel,60,3283,,,z,1,0.433595,0,34,34,20,1,,,,,,,
,,,,,,,,,,,,Images/CongruentRight.jpeg,Congruent Right,m,syq,20,female,year 1,N,Y,Chinese,English,,2021-02-22_22h40.13.868,Tse_Altarriba_Simon1,2020.1.2,MacIntel,60,3283,,,m,1,0.51793,0,35,35,17,1,,,,,,,
,,,,,,,,,,,,Images/CongruentRight.jpeg,Congruent Right,m,syq,20,female,year 1,N,Y,Chinese,English,,2021-02-22_22h40.13.868,Tse_Altarriba_Simon1,2020.1.2,MacIntel,60,3283,,,m,1,0.41576,0,36,36,15,1,,,,,,,
,,,,,,,,,,,,Images/IncongruentLeft.jpeg,Incongruent Left,z,syq,20,female,year 1,N,Y,Chinese,English,,2021-02-22_22h40.13.868,Tse_Altarriba_Simon1,2020.1.2,MacIntel,60,3283,,,z,1,0.51708,0,37,37,26,1,,,,,,,
,,,,,,,,,,,,Images/NeurtalRight.jpeg,Neutral Right,m,syq,20,female,year 1,N,Y,Chinese,English,,2021-02-22_22h40.13.868,Tse_Altarriba_Simon1,2020.1.2,MacIntel,60,3283,,,m,1,0.414515,0,38,38,52,1,,,,,,,
,,,,,,,,,,,,Images/IncongruentRight.jpeg,Incongruent Right,m,syq,20,female,year 1,N,Y,Chinese,English,,2021-02-22_22h40.13.868,Tse_Altarriba_Simon1,2020.1.2,MacIntel,60,3283,,,m,1,0.598735,0,39,39,35,1,,,,,,,
,,,,,,,,,,,,Images/NeurtalRight.jpeg,Neutral Right,m,syq,20,female,year 1,N,Y,Chinese,English,,2021-02-22_22h40.13.868,Tse_Altarriba_Simon1,2020.1.2,MacIntel,60,3283,,,m,1,0.365955,0,40,40,50,1,,,,,,,
,,,,,,,,,,,,Images/CongruentRight.jpeg,Congruent Right,m,syq,20,female,year 1,N,Y,Chinese,English,,2021-02-22_22h40.13.868,Tse_Altarriba_Simon1,2020.1.2,MacIntel,60,3283,,,m,1,0.34774,0,41,41,19,1,,,,,,,
,,,,,,,,,,,,Images/CongruentLeft.jpeg,Congruent Left,z,syq,20,female,year 1,N,Y,Chinese,English,,2021-02-22_22h40.13.868,Tse_Altarriba_Simon1,2020.1.2,MacIntel,60,3283,,,z,1,0.447335,0,42,42,3,1,,,,,,,
,,,,,,,,,,,,Images/CongruentRight.jpeg,Congruent Right,m,syq,20,female,year 1,N,Y,Chinese,English,,2021-02-22_22h40.13.868,Tse_Altarriba_Simon1,2020.1.2,MacIntel,60,3283,,,m,1,0.36387,0,43,43,14,1,,,,,,,
,,,,,,,,,,,,Images/IncongruentRight.jpeg,Incongruent Right,m,syq,20,female,year 1,N,Y,Chinese,English,,2021-02-22_22h40.13.868,Tse_Altarriba_Simon1,2020.1.2,MacIntel,60,3283,,,z,0,0.28452,0,44,44,34,1,,,,,,,
,,,,,,,,,,,,Images/IncongruentLeft.jpeg,Incongruent Left,z,syq,20,female,year 1,N,Y,Chinese,English,,2021-02-22_22h40.13.868,Tse_Altarriba_Simon1,2020.1.2,MacIntel,60,3283,,,z,1,0.500035,0,45,45,29,1,,,,,,,
,,,,,,,,,,,,Images/IncongruentRight.jpeg,Incongruent Right,m,syq,20,female,year 1,N,Y,Chinese,English,,2021-02-22_22h40.13.868,Tse_Altarriba_Simon1,2020.1.2,MacIntel,60,3283,,,m,1,0.405455,0,46,46,30,1,,,,,,,
,,,,,,,,,,,,Images/NeutralLeft.jpeg,Neutral Left,z,syq,20,female,year 1,N,Y,Chinese,English,,2021-02-22_22h40.13.868,Tse_Altarriba_Simon1,2020.1.2,MacIntel,60,3283,,,z,1,0.451745,0,47,47,44,1,,,,,,,
,,,,,,,,,,,,Images/CongruentLeft.jpeg,Congruent Left,z,syq,20,female,year 1,N,Y,Chinese,English,,2021-02-22_22h40.13.868,Tse_Altarriba_Simon1,2020.1.2,MacIntel,60,3283,,,z,1,0.399895,0,48,48,9,1,,,,,,,
,,,,,,,,,,,,Images/NeutralLeft.jpeg,Neutral Left,z,syq,20,female,year 1,N,Y,Chinese,English,,2021-02-22_22h40.13.868,Tse_Altarriba_Simon1,2020.1.2,MacIntel,60,3283,,,z,1,0.44927,0,49,49,42,1,,,,,,,
,,,,,,,,,,,,Images/NeutralLeft.jpeg,Neutral Left,z,syq,20,female,year 1,N,Y,Chinese,English,,2021-02-22_22h40.13.868,Tse_Altarriba_Simon1,2020.1.2,MacIntel,60,3283,,,z,1,0.382915,0,50,50,48,1,,,,,,,
,,,,,,,,,,,,Images/IncongruentLeft.jpeg,Incongruent Left,z,syq,20,female,year 1,N,Y,Chinese,English,,2021-02-22_22h40.13.868,Tse_Altarriba_Simon1,2020.1.2,MacIntel,60,3283,,,m,0,0.270755,0,51,51,27,1,,,,,,,
,,,,,,,,,,,,Images/IncongruentRight.jpeg,Incongruent Right,m,syq,20,female,year 1,N,Y,Chinese,English,,2021-02-22_22h40.13.868,Tse_Altarriba_Simon1,2020.1.2,MacIntel,60,3283,,,z,0,0.297055,0,52,52,31,1,,,,,,,
,,,,,,,,,,,,Images/NeutralLeft.jpeg,Neutral Left,z,syq,20,female,year 1,N,Y,Chinese,English,,2021-02-22_22h40.13.868,Tse_Altarriba_Simon1,2020.1.2,MacIntel,60,3283,,,z,1,0.417645,0,53,53,41,1,,,,,,,
,,,,,,,,,,,,Images/CongruentRight.jpeg,Congruent Right,m,syq,20,female,year 1,N,Y,Chinese,English,,2021-02-22_22h40.13.868,Tse_Altarriba_Simon1,2020.1.2,MacIntel,60,3283,,,m,1,0.3494,0,54,54,16,1,,,,,,,
,,,,,,,,,,,,Images/CongruentLeft.jpeg,Congruent Left,z,syq,20,female,year 1,N,Y,Chinese,English,,2021-02-22_22h40.13.868,Tse_Altarriba_Simon1,2020.1.2,MacIntel,60,3283,,,z,1,0.6157,0,55,55,0,1,,,,,,,
,,,,,,,,,,,,Images/CongruentRight.jpeg,Congruent Right,m,syq,20,female,year 1,N,Y,Chinese,English,,2021-02-22_22h40.13.868,Tse_Altarriba_Simon1,2020.1.2,MacIntel,60,3283,,,m,1,0.399755,0,56,56,18,1,,,,,,,
,,,,,,,,,,,,Images/CongruentLeft.jpeg,Congruent Left,z,syq,20,female,year 1,N,Y,Chinese,English,,2021-02-22_22h40.13.868,Tse_Altarriba_Simon1,2020.1.2,MacIntel,60,3283,,,z,1,0.335585,0,57,57,4,1,,,,,,,
,,,,,,,,,,,,Images/CongruentLeft.jpeg,Congruent Left,z,syq,20,female,year 1,N,Y,Chinese,English,,2021-02-22_22h40.13.868,Tse_Altarriba_Simon1,2020.1.2,MacIntel,60,3283,,,z,1,0.314705,0,58,58,2,1,,,,,,,
,,,,,,,,,,,,Images/CongruentLeft.jpeg,Congruent Left,z,syq,20,female,year 1,N,Y,Chinese,English,,2021-02-22_22h40.13.868,Tse_Altarriba_Simon1,2020.1.2,MacIntel,60,3283,,,z,1,0.384215,0,59,59,1,1,,,,,,,
,,,,,,,,,,,,Images/NeutralLeft.jpeg,Neutral Left,z,syq,20,female,year 1,N,Y,Chinese,English,,2021-02-22_22h40.13.868,Tse_Altarriba_Simon1,2020.1.2,MacIntel,60,3283,,,z,1,0.479485,,,,,,space,20.37877,0,0,0,42,1
,,,,,,,,,,,,Images/NeurtalRight.jpeg,Neutral Right,m,syq,20,female,year 1,N,Y,Chinese,English,,2021-02-22_22h40.13.868,Tse_Altarriba_Simon1,2020.1.2,MacIntel,60,3283,,,m,1,0.476575,,,,,,,,0,1,1,59,1
,,,,,,,,,,,,Images/CongruentRight.jpeg,Congruent Right,m,syq,20,female,year 1,N,Y,Chinese,English,,2021-02-22_22h40.13.868,Tse_Altarriba_Simon1,2020.1.2,MacIntel,60,3283,,,m,1,0.329905,,,,,,,,0,2,2,10,1
,,,,,,,,,,,,Images/IncongruentLeft.jpeg,Incongruent Left,z,syq,20,female,year 1,N,Y,Chinese,English,,2021-02-22_22h40.13.868,Tse_Altarriba_Simon1,2020.1.2,MacIntel,60,3283,,,z,1,0.49284,,,,,,,,0,3,3,29,1
,,,,,,,,,,,,Images/CongruentRight.jpeg,Congruent Right,m,syq,20,female,year 1,N,Y,Chinese,English,,2021-02-22_22h40.13.868,Tse_Altarriba_Simon1,2020.1.2,MacIntel,60,3283,,,m,1,0.532035,,,,,,,,0,4,4,14,1
,,,,,,,,,,,,Images/CongruentLeft.jpeg,Congruent Left,z,syq,20,female,year 1,N,Y,Chinese,English,,2021-02-22_22h40.13.868,Tse_Altarriba_Simon1,2020.1.2,MacIntel,60,3283,,,z,1,0.314795,,,,,,,,0,5,5,6,1
,,,,,,,,,,,,Images/IncongruentRight.jpeg,Incongruent Right,m,syq,20,female,year 1,N,Y,Chinese,English,,2021-02-22_22h40.13.868,Tse_Altarriba_Simon1,2020.1.2,MacIntel,60,3283,,,m,1,0.583845,,,,,,,,0,6,6,39,1
,,,,,,,,,,,,Images/NeurtalRight.jpeg,Neutral Right,m,syq,20,female,year 1,N,Y,Chinese,English,,2021-02-22_22h40.13.868,Tse_Altarriba_Simon1,2020.1.2,MacIntel,60,3283,,,m,1,0.42881,,,,,,,,0,7,7,51,1
,,,,,,,,,,,,Images/IncongruentLeft.jpeg,Incongruent Left,z,syq,20,female,year 1,N,Y,Chinese,English,,2021-02-22_22h40.13.868,Tse_Altarriba_Simon1,2020.1.2,MacIntel,60,3283,,,z,1,0.496725,,,,,,,,0,8,8,20,1
,,,,,,,,,,,,Images/CongruentRight.jpeg,Congruent Right,m,syq,20,female,year 1,N,Y,Chinese,English,,2021-02-22_22h40.13.868,Tse_Altarriba_Simon1,2020.1.2,MacIntel,60,3283,,,m,1,0.33323,,,,,,,,0,9,9,17,1
,,,,,,,,,,,,Images/IncongruentLeft.jpeg,Incongruent Left,z,syq,20,female,year 1,N,Y,Chinese,English,,2021-02-22_22h40.13.868,Tse_Altarriba_Simon1,2020.1.2,MacIntel,60,3283,,,z,1,0.449825,,,,,,,,0,10,10,27,1
,,,,,,,,,,,,Images/NeutralLeft.jpeg,Neutral Left,z,syq,20,female,year 1,N,Y,Chinese,English,,2021-02-22_22h40.13.868,Tse_Altarriba_Simon1,2020.1.2,MacIntel,60,3283,,,z,1,0.380055,,,,,,,,0,11,11,40,1
,,,,,,,,,,,,Images/IncongruentLeft.jpeg,Incongruent Left,z,syq,20,female,year 1,N,Y,Chinese,English,,2021-02-22_22h40.13.868,Tse_Altarriba_Simon1,2020.1.2,MacIntel,60,3283,,,z,1,0.39989,,,,,,,,0,12,12,24,1
,,,,,,,,,,,,Images/NeutralLeft.jpeg,Neutral Left,z,syq,20,female,year 1,N,Y,Chinese,English,,2021-02-22_22h40.13.868,Tse_Altarriba_Simon1,2020.1.2,MacIntel,60,3283,,,z,1,0.331005,,,,,,,,0,13,13,41,1
,,,,,,,,,,,,Images/NeurtalRight.jpeg,Neutral Right,m,syq,20,female,year 1,N,Y,Chinese,English,,2021-02-22_22h40.13.868,Tse_Altarriba_Simon1,2020.1.2,MacIntel,60,3283,,,m,1,0.447465,,,,,,,,0,14,14,54,1
,,,,,,,,,,,,Images/NeurtalRight.jpeg,Neutral Right,m,syq,20,female,year 1,N,Y,Chinese,English,,2021-02-22_22h40.13.868,Tse_Altarriba_Simon1,2020.1.2,MacIntel,60,3283,,,m,1,0.397065,,,,,,,,0,15,15,55,1
,,,,,,,,,,,,Images/CongruentRight.jpeg,Congruent Right,m,syq,20,female,year 1,N,Y,Chinese,English,,2021-02-22_22h40.13.868,Tse_Altarriba_Simon1,2020.1.2,MacIntel,60,3283,,,m,1,0.29938,,,,,,,,0,16,16,15,1
,,,,,,,,,,,,Images/CongruentLeft.jpeg,Congruent Left,z,syq,20,female,year 1,N,Y,Chinese,English,,2021-02-22_22h40.13.868,Tse_Altarriba_Simon1,2020.1.2,MacIntel,60,3283,,,z,1,0.315875,,,,,,,,0,17,17,3,1
,,,,,,,,,,,,Images/NeutralLeft.jpeg,Neutral Left,z,syq,20,female,year 1,N,Y,Chinese,English,,2021-02-22_22h40.13.868,Tse_Altarriba_Simon1,2020.1.2,MacIntel,60,3283,,,z,1,0.40042,,,,,,,,0,18,18,49,1
,,,,,,,,,,,,Images/IncongruentRight.jpeg,Incongruent Right,m,syq,20,female,year 1,N,Y,Chinese,English,,2021-02-22_22h40.13.868,Tse_Altarriba_Simon1,2020.1.2,MacIntel,60,3283,,,m,1,0.4808,,,,,,,,0,19,19,33,1
,,,,,,,,,,,,Images/IncongruentRight.jpeg,Incongruent Right,m,syq,20,female,year 1,N,Y,Chinese,English,,2021-02-22_22h40.13.868,Tse_Altarriba_Simon1,2020.1.2,MacIntel,60,3283,,,m,1,0.46345,,,,,,,,0,20,20,37,1
,,,,,,,,,,,,Images/CongruentRight.jpeg,Congruent Right,m,syq,20,female,year 1,N,Y,Chinese,English,,2021-02-22_22h40.13.868,Tse_Altarriba_Simon1,2020.1.2,MacIntel,60,3283,,,m,1,0.330845,,,,,,,,0,21,21,19,1
,,,,,,,,,,,,Images/IncongruentLeft.jpeg,Incongruent Left,z,syq,20,female,year 1,N,Y,Chinese,English,,2021-02-22_22h40.13.868,Tse_Altarriba_Simon1,2020.1.2,MacIntel,60,3283,,,m,0,0.297785,,,,,,,,0,22,22,26,1
,,,,,,,,,,,,Images/IncongruentRight.jpeg,Incongruent Right,m,syq,20,female,year 1,N,Y,Chinese,English,,2021-02-22_22h40.13.868,Tse_Altarriba_Simon1,2020.1.2,MacIntel,60,3283,,,m,1,0.651475,,,,,,,,0,23,23,34,1
,,,,,,,,,,,,Images/CongruentLeft.jpeg,Congruent Left,z,syq,20,female,year 1,N,Y,Chinese,English,,2021-02-22_22h40.13.868,Tse_Altarriba_Simon1,2020.1.2,MacIntel,60,3283,,,z,1,0.50384,,,,,,,,0,24,24,5,1
,,,,,,,,,,,,Images/NeurtalRight.jpeg,Neutral Right,m,syq,20,female,year 1,N,Y,Chinese,English,,2021-02-22_22h40.13.868,Tse_Altarriba_Simon1,2020.1.2,MacIntel,60,3283,,,m,1,0.432545,,,,,,,,0,25,25,52,1
,,,,,,,,,,,,Images/CongruentLeft.jpeg,Congruent Left,z,syq,20,female,year 1,N,Y,Chinese,English,,2021-02-22_22h40.13.868,Tse_Altarriba_Simon1,2020.1.2,MacIntel,60,3283,,,z,1,0.381225,,,,,,,,0,26,26,0,1
,,,,,,,,,,,,Images/CongruentLeft.jpeg,Congruent Left,z,syq,20,female,year 1,N,Y,Chinese,English,,2021-02-22_22h40.13.868,Tse_Altarriba_Simon1,2020.1.2,MacIntel,60,3283,,,z,1,0.35278,,,,,,,,0,27,27,8,1
,,,,,,,,,,,,Images/IncongruentLeft.jpeg,Incongruent Left,z,syq,20,female,year 1,N,Y,Chinese,English,,2021-02-22_22h40.13.868,Tse_Altarriba_Simon1,2020.1.2,MacIntel,60,3283,,,z,1,0.46079,,,,,,,,0,28,28,28,1
,,,,,,,,,,,,Images/CongruentLeft.jpeg,Congruent Left,z,syq,20,female,year 1,N,Y,Chinese,English,,2021-02-22_22h40.13.868,Tse_Altarriba_Simon1,2020.1.2,MacIntel,60,3283,,,z,1,0.3165,,,,,,,,0,29,29,4,1
,,,,,,,,,,,,Images/IncongruentRight.jpeg,Incongruent Right,m,syq,20,female,year 1,N,Y,Chinese,English,,2021-02-22_22h40.13.868,Tse_Altarriba_Simon1,2020.1.2,MacIntel,60,3283,,,m,1,0.513215,,,,,,,,0,30,30,38,1
,,,,,,,,,,,,Images/CongruentRight.jpeg,Congruent Right,m,syq,20,female,year 1,N,Y,Chinese,English,,2021-02-22_22h40.13.868,Tse_Altarriba_Simon1,2020.1.2,MacIntel,60,3283,,,m,1,0.330225,,,,,,,,0,31,31,11,1
,,,,,,,,,,,,Images/NeutralLeft.jpeg,Neutral Left,z,syq,20,female,year 1,N,Y,Chinese,English,,2021-02-22_22h40.13.868,Tse_Altarriba_Simon1,2020.1.2,MacIntel,60,3283,,,z,1,0.44658,,,,,,,,0,32,32,48,1
,,,,,,,,,,,,Images/CongruentLeft.jpeg,Congruent Left,z,syq,20,female,year 1,N,Y,Chinese,English,,2021-02-22_22h40.13.868,Tse_Altarriba_Simon1,2020.1.2,MacIntel,60,3283,,,z,1,0.414725,,,,,,,,0,33,33,2,1
,,,,,,,,,,,,Images/NeutralLeft.jpeg,Neutral Left,z,syq,20,female,year 1,N,Y,Chinese,English,,2021-02-22_22h40.13.868,Tse_Altarriba_Simon1,2020.1.2,MacIntel,60,3283,,,z,1,0.5144,,,,,,,,0,34,34,44,1
,,,,,,,,,,,,Images/NeutralLeft.jpeg,Neutral Left,z,syq,20,female,year 1,N,Y,Chinese,English,,2021-02-22_22h40.13.868,Tse_Altarriba_Simon1,2020.1.2,MacIntel,60,3283,,,z,1,0.36578,,,,,,,,0,35,35,43,1
,,,,,,,,,,,,Images/IncongruentRight.jpeg,Incongruent Right,m,syq,20,female,year 1,N,Y,Chinese,English,,2021-02-22_22h40.13.868,Tse_Altarriba_Simon1,2020.1.2,MacIntel,60,3283,,,m,1,0.513995,,,,,,,,0,36,36,31,1
,,,,,,,,,,,,Images/IncongruentLeft.jpeg,Incongruent Left,z,syq,20,female,year 1,N,Y,Chinese,English,,2021-02-22_22h40.13.868,Tse_Altarriba_Simon1,2020.1.2,MacIntel,60,3283,,,z,1,0.497315,,,,,,,,0,37,37,22,1
,,,,,,,,,,,,Images/NeurtalRight.jpeg,Neutral Right,m,syq,20,female,year 1,N,Y,Chinese,English,,2021-02-22_22h40.13.868,Tse_Altarriba_Simon1,2020.1.2,MacIntel,60,3283,,,m,1,0.381315,,,,,,,,0,38,38,53,1
,,,,,,,,,,,,Images/CongruentRight.jpeg,Congruent Right,m,syq,20,female,year 1,N,Y,Chinese,English,,2021-02-22_22h40.13.868,Tse_Altarriba_Simon1,2020.1.2,MacIntel,60,3283,,,m,1,0.3151,,,,,,,,0,39,39,13,1
,,,,,,,,,,,,Images/NeutralLeft.jpeg,Neutral Left,z,syq,20,female,year 1,N,Y,Chinese,English,,2021-02-22_22h40.13.868,Tse_Altarriba_Simon1,2020.1.2,MacIntel,60,3283,,,z,1,0.414375,,,,,,,,0,40,40,46,1
,,,,,,,,,,,,Images/CongruentLeft.jpeg,Congruent Left,z,syq,20,female,year 1,N,Y,Chinese,English,,2021-02-22_22h40.13.868,Tse_Altarriba_Simon1,2020.1.2,MacIntel,60,3283,,,z,1,0.4078,,,,,,,,0,41,41,7,1
,,,,,,,,,,,,Images/IncongruentRight.jpeg,Incongruent Right,m,syq,20,female,year 1,N,Y,Chinese,English,,2021-02-22_22h40.13.868,Tse_Altarriba_Simon1,2020.1.2,MacIntel,60,3283,,,m,1,0.593485,,,,,,,,0,42,42,30,1
,,,,,,,,,,,,Images/CongruentLeft.jpeg,Congruent Left,z,syq,20,female,year 1,N,Y,Chinese,English,,2021-02-22_22h40.13.868,Tse_Altarriba_Simon1,2020.1.2,MacIntel,60,3283,,,z,1,0.463675,,,,,,,,0,43,43,9,1
,,,,,,,,,,,,Images/CongruentRight.jpeg,Congruent Right,m,syq,20,female,year 1,N,Y,Chinese,English,,2021-02-22_22h40.13.868,Tse_Altarriba_Simon1,2020.1.2,MacIntel,60,3283,,,m,1,0.431065,,,,,,,,0,44,44,12,1
,,,,,,,,,,,,Images/IncongruentRight.jpeg,Incongruent Right,m,syq,20,female,year 1,N,Y,Chinese,English,,2021-02-22_22h40.13.868,Tse_Altarriba_Simon1,2020.1.2,MacIntel,60,3283,,,m,1,0.46759,,,,,,,,0,45,45,35,1
,,,,,,,,,,,,Images/IncongruentRight.jpeg,Incongruent Right,m,syq,20,female,year 1,N,Y,Chinese,English,,2021-02-22_22h40.13.868,Tse_Altarriba_Simon1,2020.1.2,MacIntel,60,3283,,,m,1,0.39974,,,,,,,,0,46,46,32,1
,,,,,,,,,,,,Images/CongruentRight.jpeg,Congruent Right,m,syq,20,female,year 1,N,Y,Chinese,English,,2021-02-22_22h40.13.868,Tse_Altarriba_Simon1,2020.1.2,MacIntel,60,3283,,,m,1,0.30296,,,,,,,,0,47,47,18,1
,,,,,,,,,,,,Images/CongruentLeft.jpeg,Congruent Left,z,syq,20,female,year 1,N,Y,Chinese,English,,2021-02-22_22h40.13.868,Tse_Altarriba_Simon1,2020.1.2,MacIntel,60,3283,,,z,1,0.41472,,,,,,,,0,48,48,1,1
,,,,,,,,,,,,Images/NeutralLeft.jpeg,Neutral Left,z,syq,20,female,year 1,N,Y,Chinese,English,,2021-02-22_22h40.13.868,Tse_Altarriba_Simon1,2020.1.2,MacIntel,60,3283,,,z,1,0.433115,,,,,,,,0,49,49,45,1
,,,,,,,,,,,,Images/NeutralLeft.jpeg,Neutral Left,z,syq,20,female,year 1,N,Y,Chinese,English,,2021-02-22_22h40.13.868,Tse_Altarriba_Simon1,2020.1.2,MacIntel,60,3283,,,z,1,0.364565,,,,,,,,0,50,50,47,1
,,,,,,,,,,,,Images/NeurtalRight.jpeg,Neutral Right,m,syq,20,female,year 1,N,Y,Chinese,English,,2021-02-22_22h40.13.868,Tse_Altarriba_Simon1,2020.1.2,MacIntel,60,3283,,,m,1,0.34912,,,,,,,,0,51,51,50,1
,,,,,,,,,,,,Images/CongruentRight.jpeg,Congruent Right,m,syq,20,female,year 1,N,Y,Chinese,English,,2021-02-22_22h40.13.868,Tse_Altarriba_Simon1,2020.1.2,MacIntel,60,3283,,,m,1,0.33494,,,,,,,,0,52,52,16,1
,,,,,,,,,,,,Images/IncongruentLeft.jpeg,Incongruent Left,z,syq,20,female,year 1,N,Y,Chinese,English,,2021-02-22_22h40.13.868,Tse_Altarriba_Simon1,2020.1.2,MacIntel,60,3283,,,z,1,0.499,,,,,,,,0,53,53,23,1
,,,,,,,,,,,,Images/NeurtalRight.jpeg,Neutral Right,m,syq,20,female,year 1,N,Y,Chinese,English,,2021-02-22_22h40.13.868,Tse_Altarriba_Simon1,2020.1.2,MacIntel,60,3283,,,m,1,0.46555,,,,,,,,0,54,54,58,1
,,,,,,,,,,,,Images/IncongruentLeft.jpeg,Incongruent Left,z,syq,20,female,year 1,N,Y,Chinese,English,,2021-02-22_22h40.13.868,Tse_Altarriba_Simon1,2020.1.2,MacIntel,60,3283,,,z,1,0.499985,,,,,,,,0,55,55,25,1
,,,,,,,,,,,,Images/NeurtalRight.jpeg,Neutral Right,m,syq,20,female,year 1,N,Y,Chinese,English,,2021-02-22_22h40.13.868,Tse_Altarriba_Simon1,2020.1.2,MacIntel,60,3283,,,m,1,0.384635,,,,,,,,0,56,56,57,1
,,,,,,,,,,,,Images/IncongruentRight.jpeg,Incongruent Right,m,syq,20,female,year 1,N,Y,Chinese,English,,2021-02-22_22h40.13.868,Tse_Altarriba_Simon1,2020.1.2,MacIntel,60,3283,,,m,1,0.4339,,,,,,,,0,57,57,36,1
,,,,,,,,,,,,Images/NeurtalRight.jpeg,Neutral Right,m,syq,20,female,year 1,N,Y,Chinese,English,,2021-02-22_22h40.13.868,Tse_Altarriba_Simon1,2020.1.2,MacIntel,60,3283,,,m,1,0.400295,,,,,,,,0,58,58,56,1
,,,,,,,,,,,,Images/IncongruentLeft.jpeg,Incongruent Left,z,syq,20,female,year 1,N,Y,Chinese,English,,2021-02-22_22h40.13.868,Tse_Altarriba_Simon1,2020.1.2,MacIntel,60,3283,,,z,1,0.58142,,,,,,,,0,59,59,21,1
