Space1.keys,Space1.rt,Space2.keys,Space2.rt,response.keys,response.corr,response.rt,Practice_loop.thisRepN,Practice_loop.thisTrialN,Practice_loop.thisN,Practice_loop.thisIndex,Practice_loop.ran,ImageFile,Condition,CorrAns,Your initials,What is your age?,What is your gender?,What year are you in?,Are you Dyslexic? (Y/N),Are you bi/multilingual? (Y/N),What is your first language?,"What is your second language? (if you are monollingual, leave blank)",What other languages do you speak?,date,expName,psychopyVersion,OS,frameRate,participant,Space3.keys,Space3.rt,key_resp_2.keys,key_resp_2.corr,key_resp_2.rt,trials.thisRepN,trials.thisTrialN,trials.thisN,trials.thisIndex,trials.ran,Space4.keys,Space4.rt,trials_2.thisRepN,trials_2.thisTrialN,trials_2.thisN,trials_2.thisIndex,trials_2.ran
space,6.103115,space,29.237345,z,1,0.825855,0,0,0,4,1,Images/IncongruentLeft.jpeg,Incongruent Left,z,Z,18,Female,1,No,Yes,Chinese,English,,2021-02-22_20h04.04.727,Tse_Altarriba_Simon1,2020.1.2,MacIntel,60,3286,,,,,,,,,,,,,,,,,
,,,,m,1,0.61472,0,1,1,10,1,Images/NeurtalRight.jpeg,Neutral Right,m,Z,18,Female,1,No,Yes,Chinese,English,,2021-02-22_20h04.04.727,Tse_Altarriba_Simon1,2020.1.2,MacIntel,60,3286,,,,,,,,,,,,,,,,,
,,,,m,1,0.68144,0,2,2,3,1,Images/CongruentRight.jpeg,Congruent Right,m,Z,18,Female,1,No,Yes,Chinese,English,,2021-02-22_20h04.04.727,Tse_Altarriba_Simon1,2020.1.2,MacIntel,60,3286,,,,,,,,,,,,,,,,,
,,,,z,1,0.48175,0,3,3,0,1,Images/CongruentLeft.jpeg,Congruent Left,z,Z,18,Female,1,No,Yes,Chinese,English,,2021-02-22_20h04.04.727,Tse_Altarriba_Simon1,2020.1.2,MacIntel,60,3286,,,,,,,,,,,,,,,,,
,,,,z,1,0.68431,0,4,4,5,1,Images/IncongruentLeft.jpeg,Incongruent Left,z,Z,18,Female,1,No,Yes,Chinese,English,,2021-02-22_20h04.04.727,Tse_Altarriba_Simon1,2020.1.2,MacIntel,60,3286,,,,,,,,,,,,,,,,,
,,,,m,1,0.614585,0,5,5,11,1,Images/NeurtalRight.jpeg,Neutral Right,m,Z,18,Female,1,No,Yes,Chinese,English,,2021-02-22_20h04.04.727,Tse_Altarriba_Simon1,2020.1.2,MacIntel,60,3286,,,,,,,,,,,,,,,,,
,,,,m,1,0.598705,0,6,6,6,1,Images/IncongruentRight.jpeg,Incongruent Right,m,Z,18,Female,1,No,Yes,Chinese,English,,2021-02-22_20h04.04.727,Tse_Altarriba_Simon1,2020.1.2,MacIntel,60,3286,,,,,,,,,,,,,,,,,
,,,,z,1,0.54827,0,7,7,1,1,Images/CongruentLeft.jpeg,Congruent Left,z,Z,18,Female,1,No,Yes,Chinese,English,,2021-02-22_20h04.04.727,Tse_Altarriba_Simon1,2020.1.2,MacIntel,60,3286,,,,,,,,,,,,,,,,,
,,,,m,1,0.58247,0,8,8,2,1,Images/CongruentRight.jpeg,Congruent Right,m,Z,18,Female,1,No,Yes,Chinese,English,,2021-02-22_20h04.04.727,Tse_Altarriba_Simon1,2020.1.2,MacIntel,60,3286,,,,,,,,,,,,,,,,,
,,,,m,1,0.68305,0,9,9,7,1,Images/IncongruentRight.jpeg,Incongruent Right,m,Z,18,Female,1,No,Yes,Chinese,English,,2021-02-22_20h04.04.727,Tse_Altarriba_Simon1,2020.1.2,MacIntel,60,3286,,,,,,,,,,,,,,,,,
,,,,z,1,0.525985,0,10,10,8,1,Images/NeutralLeft.jpeg,Neutral Left,z,Z,18,Female,1,No,Yes,Chinese,English,,2021-02-22_20h04.04.727,Tse_Altarriba_Simon1,2020.1.2,MacIntel,60,3286,,,,,,,,,,,,,,,,,
,,,,z,1,0.59296,0,11,11,9,1,Images/NeutralLeft.jpeg,Neutral Left,z,Z,18,Female,1,No,Yes,Chinese,English,,2021-02-22_20h04.04.727,Tse_Altarriba_Simon1,2020.1.2,MacIntel,60,3286,,,,,,,,,,,,,,,,,
,,,,,,,,,,,,Images/NeutralLeft.jpeg,Neutral Left,z,Z,18,Female,1,No,Yes,Chinese,English,,2021-02-22_20h04.04.727,Tse_Altarriba_Simon1,2020.1.2,MacIntel,60,3286,space,14.870075,z,1,0.86389,0,0,0,47,1,,,,,,,
,,,,,,,,,,,,Images/NeurtalRight.jpeg,Neutral Right,m,Z,18,Female,1,No,Yes,Chinese,English,,2021-02-22_20h04.04.727,Tse_Altarriba_Simon1,2020.1.2,MacIntel,60,3286,,,m,1,0.50072,0,1,1,58,1,,,,,,,
,,,,,,,,,,,,Images/CongruentLeft.jpeg,Congruent Left,z,Z,18,Female,1,No,Yes,Chinese,English,,2021-02-22_20h04.04.727,Tse_Altarriba_Simon1,2020.1.2,MacIntel,60,3286,,,z,1,0.51369,0,2,2,4,1,,,,,,,
,,,,,,,,,,,,Images/NeutralLeft.jpeg,Neutral Left,z,Z,18,Female,1,No,Yes,Chinese,English,,2021-02-22_20h04.04.727,Tse_Altarriba_Simon1,2020.1.2,MacIntel,60,3286,,,z,1,0.47719,0,3,3,42,1,,,,,,,
,,,,,,,,,,,,Images/CongruentLeft.jpeg,Congruent Left,z,Z,18,Female,1,No,Yes,Chinese,English,,2021-02-22_20h04.04.727,Tse_Altarriba_Simon1,2020.1.2,MacIntel,60,3286,,,z,1,0.65971,0,4,4,2,1,,,,,,,
,,,,,,,,,,,,Images/CongruentLeft.jpeg,Congruent Left,z,Z,18,Female,1,No,Yes,Chinese,English,,2021-02-22_20h04.04.727,Tse_Altarriba_Simon1,2020.1.2,MacIntel,60,3286,,,z,1,0.4672,0,5,5,9,1,,,,,,,
,,,,,,,,,,,,Images/NeurtalRight.jpeg,Neutral Right,m,Z,18,Female,1,No,Yes,Chinese,English,,2021-02-22_20h04.04.727,Tse_Altarriba_Simon1,2020.1.2,MacIntel,60,3286,,,m,1,0.498875,0,6,6,53,1,,,,,,,
,,,,,,,,,,,,Images/IncongruentLeft.jpeg,Incongruent Left,z,Z,18,Female,1,No,Yes,Chinese,English,,2021-02-22_20h04.04.727,Tse_Altarriba_Simon1,2020.1.2,MacIntel,60,3286,,,z,1,0.56458,0,7,7,24,1,,,,,,,
,,,,,,,,,,,,Images/NeutralLeft.jpeg,Neutral Left,z,Z,18,Female,1,No,Yes,Chinese,English,,2021-02-22_20h04.04.727,Tse_Altarriba_Simon1,2020.1.2,MacIntel,60,3286,,,z,1,0.566,0,8,8,44,1,,,,,,,
,,,,,,,,,,,,Images/CongruentRight.jpeg,Congruent Right,m,Z,18,Female,1,No,Yes,Chinese,English,,2021-02-22_20h04.04.727,Tse_Altarriba_Simon1,2020.1.2,MacIntel,60,3286,,,m,1,0.477615,0,9,9,18,1,,,,,,,
,,,,,,,,,,,,Images/NeurtalRight.jpeg,Neutral Right,m,Z,18,Female,1,No,Yes,Chinese,English,,2021-02-22_20h04.04.727,Tse_Altarriba_Simon1,2020.1.2,MacIntel,60,3286,,,m,1,0.467045,0,10,10,54,1,,,,,,,
,,,,,,,,,,,,Images/IncongruentRight.jpeg,Incongruent Right,m,Z,18,Female,1,No,Yes,Chinese,English,,2021-02-22_20h04.04.727,Tse_Altarriba_Simon1,2020.1.2,MacIntel,60,3286,,,m,1,0.56793,0,11,11,39,1,,,,,,,
,,,,,,,,,,,,Images/IncongruentRight.jpeg,Incongruent Right,m,Z,18,Female,1,No,Yes,Chinese,English,,2021-02-22_20h04.04.727,Tse_Altarriba_Simon1,2020.1.2,MacIntel,60,3286,,,m,1,0.52682,0,12,12,35,1,,,,,,,
,,,,,,,,,,,,Images/IncongruentLeft.jpeg,Incongruent Left,z,Z,18,Female,1,No,Yes,Chinese,English,,2021-02-22_20h04.04.727,Tse_Altarriba_Simon1,2020.1.2,MacIntel,60,3286,,,z,1,0.482275,0,13,13,20,1,,,,,,,
,,,,,,,,,,,,Images/NeurtalRight.jpeg,Neutral Right,m,Z,18,Female,1,No,Yes,Chinese,English,,2021-02-22_20h04.04.727,Tse_Altarriba_Simon1,2020.1.2,MacIntel,60,3286,,,m,1,0.5004,0,14,14,56,1,,,,,,,
,,,,,,,,,,,,Images/CongruentRight.jpeg,Congruent Right,m,Z,18,Female,1,No,Yes,Chinese,English,,2021-02-22_20h04.04.727,Tse_Altarriba_Simon1,2020.1.2,MacIntel,60,3286,,,m,1,0.468775,0,15,15,19,1,,,,,,,
,,,,,,,,,,,,Images/NeurtalRight.jpeg,Neutral Right,m,Z,18,Female,1,No,Yes,Chinese,English,,2021-02-22_20h04.04.727,Tse_Altarriba_Simon1,2020.1.2,MacIntel,60,3286,,,m,1,0.665325,0,16,16,57,1,,,,,,,
,,,,,,,,,,,,Images/CongruentLeft.jpeg,Congruent Left,z,Z,18,Female,1,No,Yes,Chinese,English,,2021-02-22_20h04.04.727,Tse_Altarriba_Simon1,2020.1.2,MacIntel,60,3286,,,z,1,0.46251,0,17,17,7,1,,,,,,,
,,,,,,,,,,,,Images/NeutralLeft.jpeg,Neutral Left,z,Z,18,Female,1,No,Yes,Chinese,English,,2021-02-22_20h04.04.727,Tse_Altarriba_Simon1,2020.1.2,MacIntel,60,3286,,,z,1,0.500555,0,18,18,40,1,,,,,,,
,,,,,,,,,,,,Images/IncongruentRight.jpeg,Incongruent Right,m,Z,18,Female,1,No,Yes,Chinese,English,,2021-02-22_20h04.04.727,Tse_Altarriba_Simon1,2020.1.2,MacIntel,60,3286,,,m,1,0.616845,0,19,19,34,1,,,,,,,
,,,,,,,,,,,,Images/CongruentRight.jpeg,Congruent Right,m,Z,18,Female,1,No,Yes,Chinese,English,,2021-02-22_20h04.04.727,Tse_Altarriba_Simon1,2020.1.2,MacIntel,60,3286,,,m,1,0.426855,0,20,20,17,1,,,,,,,
,,,,,,,,,,,,Images/IncongruentRight.jpeg,Incongruent Right,m,Z,18,Female,1,No,Yes,Chinese,English,,2021-02-22_20h04.04.727,Tse_Altarriba_Simon1,2020.1.2,MacIntel,60,3286,,,m,1,0.615945,0,21,21,38,1,,,,,,,
,,,,,,,,,,,,Images/NeurtalRight.jpeg,Neutral Right,m,Z,18,Female,1,No,Yes,Chinese,English,,2021-02-22_20h04.04.727,Tse_Altarriba_Simon1,2020.1.2,MacIntel,60,3286,,,m,1,0.45847,0,22,22,55,1,,,,,,,
,,,,,,,,,,,,Images/IncongruentRight.jpeg,Incongruent Right,m,Z,18,Female,1,No,Yes,Chinese,English,,2021-02-22_20h04.04.727,Tse_Altarriba_Simon1,2020.1.2,MacIntel,60,3286,,,m,1,0.609775,0,23,23,36,1,,,,,,,
,,,,,,,,,,,,Images/CongruentLeft.jpeg,Congruent Left,z,Z,18,Female,1,No,Yes,Chinese,English,,2021-02-22_20h04.04.727,Tse_Altarriba_Simon1,2020.1.2,MacIntel,60,3286,,,z,1,0.580985,0,24,24,0,1,,,,,,,
,,,,,,,,,,,,Images/CongruentRight.jpeg,Congruent Right,m,Z,18,Female,1,No,Yes,Chinese,English,,2021-02-22_20h04.04.727,Tse_Altarriba_Simon1,2020.1.2,MacIntel,60,3286,,,m,1,0.449285,0,25,25,11,1,,,,,,,
,,,,,,,,,,,,Images/IncongruentLeft.jpeg,Incongruent Left,z,Z,18,Female,1,No,Yes,Chinese,English,,2021-02-22_20h04.04.727,Tse_Altarriba_Simon1,2020.1.2,MacIntel,60,3286,,,z,1,0.53717,0,26,26,27,1,,,,,,,
,,,,,,,,,,,,Images/IncongruentLeft.jpeg,Incongruent Left,z,Z,18,Female,1,No,Yes,Chinese,English,,2021-02-22_20h04.04.727,Tse_Altarriba_Simon1,2020.1.2,MacIntel,60,3286,,,z,1,0.495735,0,27,27,22,1,,,,,,,
,,,,,,,,,,,,Images/CongruentRight.jpeg,Congruent Right,m,Z,18,Female,1,No,Yes,Chinese,English,,2021-02-22_20h04.04.727,Tse_Altarriba_Simon1,2020.1.2,MacIntel,60,3286,,,m,1,0.45104,0,28,28,16,1,,,,,,,
,,,,,,,,,,,,Images/IncongruentRight.jpeg,Incongruent Right,m,Z,18,Female,1,No,Yes,Chinese,English,,2021-02-22_20h04.04.727,Tse_Altarriba_Simon1,2020.1.2,MacIntel,60,3286,,,m,1,0.648985,0,29,29,37,1,,,,,,,
,,,,,,,,,,,,Images/NeutralLeft.jpeg,Neutral Left,z,Z,18,Female,1,No,Yes,Chinese,English,,2021-02-22_20h04.04.727,Tse_Altarriba_Simon1,2020.1.2,MacIntel,60,3286,,,z,1,0.496625,0,30,30,41,1,,,,,,,
,,,,,,,,,,,,Images/IncongruentLeft.jpeg,Incongruent Left,z,Z,18,Female,1,No,Yes,Chinese,English,,2021-02-22_20h04.04.727,Tse_Altarriba_Simon1,2020.1.2,MacIntel,60,3286,,,z,1,0.551705,0,31,31,21,1,,,,,,,
,,,,,,,,,,,,Images/IncongruentRight.jpeg,Incongruent Right,m,Z,18,Female,1,No,Yes,Chinese,English,,2021-02-22_20h04.04.727,Tse_Altarriba_Simon1,2020.1.2,MacIntel,60,3286,,,m,1,0.492505,0,32,32,33,1,,,,,,,
,,,,,,,,,,,,Images/CongruentLeft.jpeg,Congruent Left,z,Z,18,Female,1,No,Yes,Chinese,English,,2021-02-22_20h04.04.727,Tse_Altarriba_Simon1,2020.1.2,MacIntel,60,3286,,,z,1,0.818765,0,33,33,3,1,,,,,,,
,,,,,,,,,,,,Images/NeurtalRight.jpeg,Neutral Right,m,Z,18,Female,1,No,Yes,Chinese,English,,2021-02-22_20h04.04.727,Tse_Altarriba_Simon1,2020.1.2,MacIntel,60,3286,,,m,1,0.495285,0,34,34,52,1,,,,,,,
,,,,,,,,,,,,Images/NeutralLeft.jpeg,Neutral Left,z,Z,18,Female,1,No,Yes,Chinese,English,,2021-02-22_20h04.04.727,Tse_Altarriba_Simon1,2020.1.2,MacIntel,60,3286,,,z,1,0.551095,0,35,35,46,1,,,,,,,
,,,,,,,,,,,,Images/CongruentRight.jpeg,Congruent Right,m,Z,18,Female,1,No,Yes,Chinese,English,,2021-02-22_20h04.04.727,Tse_Altarriba_Simon1,2020.1.2,MacIntel,60,3286,,,m,1,0.549035,0,36,36,14,1,,,,,,,
,,,,,,,,,,,,Images/CongruentLeft.jpeg,Congruent Left,z,Z,18,Female,1,No,Yes,Chinese,English,,2021-02-22_20h04.04.727,Tse_Altarriba_Simon1,2020.1.2,MacIntel,60,3286,,,z,1,0.518995,0,37,37,5,1,,,,,,,
,,,,,,,,,,,,Images/IncongruentLeft.jpeg,Incongruent Left,z,Z,18,Female,1,No,Yes,Chinese,English,,2021-02-22_20h04.04.727,Tse_Altarriba_Simon1,2020.1.2,MacIntel,60,3286,,,z,1,0.56756,0,38,38,28,1,,,,,,,
,,,,,,,,,,,,Images/NeutralLeft.jpeg,Neutral Left,z,Z,18,Female,1,No,Yes,Chinese,English,,2021-02-22_20h04.04.727,Tse_Altarriba_Simon1,2020.1.2,MacIntel,60,3286,,,z,1,0.46658,0,39,39,45,1,,,,,,,
,,,,,,,,,,,,Images/IncongruentRight.jpeg,Incongruent Right,m,Z,18,Female,1,No,Yes,Chinese,English,,2021-02-22_20h04.04.727,Tse_Altarriba_Simon1,2020.1.2,MacIntel,60,3286,,,m,1,0.532075,0,40,40,30,1,,,,,,,
,,,,,,,,,,,,Images/NeutralLeft.jpeg,Neutral Left,z,Z,18,Female,1,No,Yes,Chinese,English,,2021-02-22_20h04.04.727,Tse_Altarriba_Simon1,2020.1.2,MacIntel,60,3286,,,z,1,0.461945,0,41,41,49,1,,,,,,,
,,,,,,,,,,,,Images/IncongruentRight.jpeg,Incongruent Right,m,Z,18,Female,1,No,Yes,Chinese,English,,2021-02-22_20h04.04.727,Tse_Altarriba_Simon1,2020.1.2,MacIntel,60,3286,,,m,1,0.467245,0,42,42,31,1,,,,,,,
,,,,,,,,,,,,Images/CongruentRight.jpeg,Congruent Right,m,Z,18,Female,1,No,Yes,Chinese,English,,2021-02-22_20h04.04.727,Tse_Altarriba_Simon1,2020.1.2,MacIntel,60,3286,,,m,1,0.51914,0,43,43,13,1,,,,,,,
,,,,,,,,,,,,Images/CongruentLeft.jpeg,Congruent Left,z,Z,18,Female,1,No,Yes,Chinese,English,,2021-02-22_20h04.04.727,Tse_Altarriba_Simon1,2020.1.2,MacIntel,60,3286,,,z,1,0.53064,0,44,44,1,1,,,,,,,
,,,,,,,,,,,,Images/CongruentLeft.jpeg,Congruent Left,z,Z,18,Female,1,No,Yes,Chinese,English,,2021-02-22_20h04.04.727,Tse_Altarriba_Simon1,2020.1.2,MacIntel,60,3286,,,z,1,0.467325,0,45,45,6,1,,,,,,,
,,,,,,,,,,,,Images/CongruentLeft.jpeg,Congruent Left,z,Z,18,Female,1,No,Yes,Chinese,English,,2021-02-22_20h04.04.727,Tse_Altarriba_Simon1,2020.1.2,MacIntel,60,3286,,,z,1,0.56494,0,46,46,8,1,,,,,,,
,,,,,,,,,,,,Images/NeurtalRight.jpeg,Neutral Right,m,Z,18,Female,1,No,Yes,Chinese,English,,2021-02-22_20h04.04.727,Tse_Altarriba_Simon1,2020.1.2,MacIntel,60,3286,,,m,1,0.493005,0,47,47,59,1,,,,,,,
,,,,,,,,,,,,Images/NeutralLeft.jpeg,Neutral Left,z,Z,18,Female,1,No,Yes,Chinese,English,,2021-02-22_20h04.04.727,Tse_Altarriba_Simon1,2020.1.2,MacIntel,60,3286,,,z,1,0.462225,0,48,48,43,1,,,,,,,
,,,,,,,,,,,,Images/IncongruentLeft.jpeg,Incongruent Left,z,Z,18,Female,1,No,Yes,Chinese,English,,2021-02-22_20h04.04.727,Tse_Altarriba_Simon1,2020.1.2,MacIntel,60,3286,,,z,1,0.561825,0,49,49,26,1,,,,,,,
,,,,,,,,,,,,Images/NeurtalRight.jpeg,Neutral Right,m,Z,18,Female,1,No,Yes,Chinese,English,,2021-02-22_20h04.04.727,Tse_Altarriba_Simon1,2020.1.2,MacIntel,60,3286,,,m,1,0.467575,0,50,50,50,1,,,,,,,
,,,,,,,,,,,,Images/NeurtalRight.jpeg,Neutral Right,m,Z,18,Female,1,No,Yes,Chinese,English,,2021-02-22_20h04.04.727,Tse_Altarriba_Simon1,2020.1.2,MacIntel,60,3286,,,m,1,0.4519,0,51,51,51,1,,,,,,,
,,,,,,,,,,,,Images/IncongruentLeft.jpeg,Incongruent Left,z,Z,18,Female,1,No,Yes,Chinese,English,,2021-02-22_20h04.04.727,Tse_Altarriba_Simon1,2020.1.2,MacIntel,60,3286,,,z,1,0.496255,0,52,52,23,1,,,,,,,
,,,,,,,,,,,,Images/CongruentRight.jpeg,Congruent Right,m,Z,18,Female,1,No,Yes,Chinese,English,,2021-02-22_20h04.04.727,Tse_Altarriba_Simon1,2020.1.2,MacIntel,60,3286,,,m,1,0.49611,0,53,53,15,1,,,,,,,
,,,,,,,,,,,,Images/CongruentRight.jpeg,Congruent Right,m,Z,18,Female,1,No,Yes,Chinese,English,,2021-02-22_20h04.04.727,Tse_Altarriba_Simon1,2020.1.2,MacIntel,60,3286,,,m,1,0.483115,0,54,54,12,1,,,,,,,
,,,,,,,,,,,,Images/CongruentRight.jpeg,Congruent Right,m,Z,18,Female,1,No,Yes,Chinese,English,,2021-02-22_20h04.04.727,Tse_Altarriba_Simon1,2020.1.2,MacIntel,60,3286,,,m,1,0.48338,0,55,55,10,1,,,,,,,
,,,,,,,,,,,,Images/IncongruentRight.jpeg,Incongruent Right,m,Z,18,Female,1,No,Yes,Chinese,English,,2021-02-22_20h04.04.727,Tse_Altarriba_Simon1,2020.1.2,MacIntel,60,3286,,,m,1,0.578575,0,56,56,32,1,,,,,,,
,,,,,,,,,,,,Images/NeutralLeft.jpeg,Neutral Left,z,Z,18,Female,1,No,Yes,Chinese,English,,2021-02-22_20h04.04.727,Tse_Altarriba_Simon1,2020.1.2,MacIntel,60,3286,,,z,1,0.496565,0,57,57,48,1,,,,,,,
,,,,,,,,,,,,Images/IncongruentLeft.jpeg,Incongruent Left,z,Z,18,Female,1,No,Yes,Chinese,English,,2021-02-22_20h04.04.727,Tse_Altarriba_Simon1,2020.1.2,MacIntel,60,3286,,,z,1,0.56094,0,58,58,25,1,,,,,,,
,,,,,,,,,,,,Images/IncongruentLeft.jpeg,Incongruent Left,z,Z,18,Female,1,No,Yes,Chinese,English,,2021-02-22_20h04.04.727,Tse_Altarriba_Simon1,2020.1.2,MacIntel,60,3286,,,z,1,0.48564,0,59,59,29,1,,,,,,,
,,,,,,,,,,,,Images/NeutralLeft.jpeg,Neutral Left,z,Z,18,Female,1,No,Yes,Chinese,English,,2021-02-22_20h04.04.727,Tse_Altarriba_Simon1,2020.1.2,MacIntel,60,3286,,,z,1,0.46188,,,,,,space,18.284345,0,0,0,48,1
,,,,,,,,,,,,Images/CongruentLeft.jpeg,Congruent Left,z,Z,18,Female,1,No,Yes,Chinese,English,,2021-02-22_20h04.04.727,Tse_Altarriba_Simon1,2020.1.2,MacIntel,60,3286,,,z,1,0.468375,,,,,,,,0,1,1,0,1
,,,,,,,,,,,,Images/NeurtalRight.jpeg,Neutral Right,m,Z,18,Female,1,No,Yes,Chinese,English,,2021-02-22_20h04.04.727,Tse_Altarriba_Simon1,2020.1.2,MacIntel,60,3286,,,m,1,0.551375,,,,,,,,0,2,2,50,1
,,,,,,,,,,,,Images/NeurtalRight.jpeg,Neutral Right,m,Z,18,Female,1,No,Yes,Chinese,English,,2021-02-22_20h04.04.727,Tse_Altarriba_Simon1,2020.1.2,MacIntel,60,3286,,,m,1,0.431655,,,,,,,,0,3,3,54,1
,,,,,,,,,,,,Images/IncongruentRight.jpeg,Incongruent Right,m,Z,18,Female,1,No,Yes,Chinese,English,,2021-02-22_20h04.04.727,Tse_Altarriba_Simon1,2020.1.2,MacIntel,60,3286,,,m,1,0.55998,,,,,,,,0,4,4,34,1
,,,,,,,,,,,,Images/NeutralLeft.jpeg,Neutral Left,z,Z,18,Female,1,No,Yes,Chinese,English,,2021-02-22_20h04.04.727,Tse_Altarriba_Simon1,2020.1.2,MacIntel,60,3286,,,z,1,0.580105,,,,,,,,0,5,5,46,1
,,,,,,,,,,,,Images/CongruentLeft.jpeg,Congruent Left,z,Z,18,Female,1,No,Yes,Chinese,English,,2021-02-22_20h04.04.727,Tse_Altarriba_Simon1,2020.1.2,MacIntel,60,3286,,,z,1,0.651395,,,,,,,,0,6,6,3,1
,,,,,,,,,,,,Images/NeurtalRight.jpeg,Neutral Right,m,Z,18,Female,1,No,Yes,Chinese,English,,2021-02-22_20h04.04.727,Tse_Altarriba_Simon1,2020.1.2,MacIntel,60,3286,,,m,1,0.399675,,,,,,,,0,7,7,59,1
,,,,,,,,,,,,Images/NeutralLeft.jpeg,Neutral Left,z,Z,18,Female,1,No,Yes,Chinese,English,,2021-02-22_20h04.04.727,Tse_Altarriba_Simon1,2020.1.2,MacIntel,60,3286,,,z,1,0.552945,,,,,,,,0,8,8,45,1
,,,,,,,,,,,,Images/CongruentLeft.jpeg,Congruent Left,z,Z,18,Female,1,No,Yes,Chinese,English,,2021-02-22_20h04.04.727,Tse_Altarriba_Simon1,2020.1.2,MacIntel,60,3286,,,z,1,0.45158,,,,,,,,0,9,9,4,1
,,,,,,,,,,,,Images/IncongruentLeft.jpeg,Incongruent Left,z,Z,18,Female,1,No,Yes,Chinese,English,,2021-02-22_20h04.04.727,Tse_Altarriba_Simon1,2020.1.2,MacIntel,60,3286,,,z,1,0.549765,,,,,,,,0,10,10,28,1
,,,,,,,,,,,,Images/IncongruentLeft.jpeg,Incongruent Left,z,Z,18,Female,1,No,Yes,Chinese,English,,2021-02-22_20h04.04.727,Tse_Altarriba_Simon1,2020.1.2,MacIntel,60,3286,,,z,1,0.4664,,,,,,,,0,11,11,26,1
,,,,,,,,,,,,Images/NeutralLeft.jpeg,Neutral Left,z,Z,18,Female,1,No,Yes,Chinese,English,,2021-02-22_20h04.04.727,Tse_Altarriba_Simon1,2020.1.2,MacIntel,60,3286,,,z,1,0.51732,,,,,,,,0,12,12,40,1
,,,,,,,,,,,,Images/IncongruentLeft.jpeg,Incongruent Left,z,Z,18,Female,1,No,Yes,Chinese,English,,2021-02-22_20h04.04.727,Tse_Altarriba_Simon1,2020.1.2,MacIntel,60,3286,,,z,1,0.534175,,,,,,,,0,13,13,21,1
,,,,,,,,,,,,Images/CongruentLeft.jpeg,Congruent Left,z,Z,18,Female,1,No,Yes,Chinese,English,,2021-02-22_20h04.04.727,Tse_Altarriba_Simon1,2020.1.2,MacIntel,60,3286,,,z,1,0.48595,,,,,,,,0,14,14,1,1
,,,,,,,,,,,,Images/IncongruentRight.jpeg,Incongruent Right,m,Z,18,Female,1,No,Yes,Chinese,English,,2021-02-22_20h04.04.727,Tse_Altarriba_Simon1,2020.1.2,MacIntel,60,3286,,,m,1,0.55191,,,,,,,,0,15,15,35,1
,,,,,,,,,,,,Images/CongruentRight.jpeg,Congruent Right,m,Z,18,Female,1,No,Yes,Chinese,English,,2021-02-22_20h04.04.727,Tse_Altarriba_Simon1,2020.1.2,MacIntel,60,3286,,,m,1,0.485945,,,,,,,,0,16,16,16,1
,,,,,,,,,,,,Images/IncongruentLeft.jpeg,Incongruent Left,z,Z,18,Female,1,No,Yes,Chinese,English,,2021-02-22_20h04.04.727,Tse_Altarriba_Simon1,2020.1.2,MacIntel,60,3286,,,z,1,0.512145,,,,,,,,0,17,17,24,1
,,,,,,,,,,,,Images/NeutralLeft.jpeg,Neutral Left,z,Z,18,Female,1,No,Yes,Chinese,English,,2021-02-22_20h04.04.727,Tse_Altarriba_Simon1,2020.1.2,MacIntel,60,3286,,,z,1,0.44518,,,,,,,,0,18,18,49,1
,,,,,,,,,,,,Images/CongruentLeft.jpeg,Congruent Left,z,Z,18,Female,1,No,Yes,Chinese,English,,2021-02-22_20h04.04.727,Tse_Altarriba_Simon1,2020.1.2,MacIntel,60,3286,,,z,1,0.484215,,,,,,,,0,19,19,8,1
,,,,,,,,,,,,Images/NeurtalRight.jpeg,Neutral Right,m,Z,18,Female,1,No,Yes,Chinese,English,,2021-02-22_20h04.04.727,Tse_Altarriba_Simon1,2020.1.2,MacIntel,60,3286,,,m,1,0.614155,,,,,,,,0,20,20,57,1
,,,,,,,,,,,,Images/CongruentRight.jpeg,Congruent Right,m,Z,18,Female,1,No,Yes,Chinese,English,,2021-02-22_20h04.04.727,Tse_Altarriba_Simon1,2020.1.2,MacIntel,60,3286,,,m,1,0.49473,,,,,,,,0,21,21,18,1
,,,,,,,,,,,,Images/NeutralLeft.jpeg,Neutral Left,z,Z,18,Female,1,No,Yes,Chinese,English,,2021-02-22_20h04.04.727,Tse_Altarriba_Simon1,2020.1.2,MacIntel,60,3286,,,z,1,0.444305,,,,,,,,0,22,22,42,1
,,,,,,,,,,,,Images/NeurtalRight.jpeg,Neutral Right,m,Z,18,Female,1,No,Yes,Chinese,English,,2021-02-22_20h04.04.727,Tse_Altarriba_Simon1,2020.1.2,MacIntel,60,3286,,,m,1,0.43359,,,,,,,,0,23,23,55,1
,,,,,,,,,,,,Images/NeurtalRight.jpeg,Neutral Right,m,Z,18,Female,1,No,Yes,Chinese,English,,2021-02-22_20h04.04.727,Tse_Altarriba_Simon1,2020.1.2,MacIntel,60,3286,,,m,1,0.44486,,,,,,,,0,24,24,58,1
,,,,,,,,,,,,Images/IncongruentLeft.jpeg,Incongruent Left,z,Z,18,Female,1,No,Yes,Chinese,English,,2021-02-22_20h04.04.727,Tse_Altarriba_Simon1,2020.1.2,MacIntel,60,3286,,,z,1,0.49575,,,,,,,,0,25,25,22,1
,,,,,,,,,,,,Images/IncongruentRight.jpeg,Incongruent Right,m,Z,18,Female,1,No,Yes,Chinese,English,,2021-02-22_20h04.04.727,Tse_Altarriba_Simon1,2020.1.2,MacIntel,60,3286,,,m,1,0.62827,,,,,,,,0,26,26,33,1
,,,,,,,,,,,,Images/NeurtalRight.jpeg,Neutral Right,m,Z,18,Female,1,No,Yes,Chinese,English,,2021-02-22_20h04.04.727,Tse_Altarriba_Simon1,2020.1.2,MacIntel,60,3286,,,m,1,0.452095,,,,,,,,0,27,27,56,1
,,,,,,,,,,,,Images/IncongruentLeft.jpeg,Incongruent Left,z,Z,18,Female,1,No,Yes,Chinese,English,,2021-02-22_20h04.04.727,Tse_Altarriba_Simon1,2020.1.2,MacIntel,60,3286,,,z,1,0.568025,,,,,,,,0,28,28,29,1
,,,,,,,,,,,,Images/CongruentRight.jpeg,Congruent Right,m,Z,18,Female,1,No,Yes,Chinese,English,,2021-02-22_20h04.04.727,Tse_Altarriba_Simon1,2020.1.2,MacIntel,60,3286,,,m,1,0.41264,,,,,,,,0,29,29,14,1
,,,,,,,,,,,,Images/CongruentRight.jpeg,Congruent Right,m,Z,18,Female,1,No,Yes,Chinese,English,,2021-02-22_20h04.04.727,Tse_Altarriba_Simon1,2020.1.2,MacIntel,60,3286,,,m,1,0.69409,,,,,,,,0,30,30,17,1
,,,,,,,,,,,,Images/CongruentRight.jpeg,Congruent Right,m,Z,18,Female,1,No,Yes,Chinese,English,,2021-02-22_20h04.04.727,Tse_Altarriba_Simon1,2020.1.2,MacIntel,60,3286,,,m,1,0.428125,,,,,,,,0,31,31,15,1
,,,,,,,,,,,,Images/IncongruentLeft.jpeg,Incongruent Left,z,Z,18,Female,1,No,Yes,Chinese,English,,2021-02-22_20h04.04.727,Tse_Altarriba_Simon1,2020.1.2,MacIntel,60,3286,,,z,1,0.56617,,,,,,,,0,32,32,20,1
,,,,,,,,,,,,Images/CongruentLeft.jpeg,Congruent Left,z,Z,18,Female,1,No,Yes,Chinese,English,,2021-02-22_20h04.04.727,Tse_Altarriba_Simon1,2020.1.2,MacIntel,60,3286,,,z,1,0.516115,,,,,,,,0,33,33,9,1
,,,,,,,,,,,,Images/CongruentLeft.jpeg,Congruent Left,z,Z,18,Female,1,No,Yes,Chinese,English,,2021-02-22_20h04.04.727,Tse_Altarriba_Simon1,2020.1.2,MacIntel,60,3286,,,z,1,0.465625,,,,,,,,0,34,34,5,1
,,,,,,,,,,,,Images/CongruentLeft.jpeg,Congruent Left,z,Z,18,Female,1,No,Yes,Chinese,English,,2021-02-22_20h04.04.727,Tse_Altarriba_Simon1,2020.1.2,MacIntel,60,3286,,,z,1,0.453025,,,,,,,,0,35,35,7,1
,,,,,,,,,,,,Images/IncongruentLeft.jpeg,Incongruent Left,z,Z,18,Female,1,No,Yes,Chinese,English,,2021-02-22_20h04.04.727,Tse_Altarriba_Simon1,2020.1.2,MacIntel,60,3286,,,z,1,0.51674,,,,,,,,0,36,36,23,1
,,,,,,,,,,,,Images/CongruentLeft.jpeg,Congruent Left,z,Z,18,Female,1,No,Yes,Chinese,English,,2021-02-22_20h04.04.727,Tse_Altarriba_Simon1,2020.1.2,MacIntel,60,3286,,,z,1,0.4845,,,,,,,,0,37,37,2,1
,,,,,,,,,,,,Images/NeutralLeft.jpeg,Neutral Left,z,Z,18,Female,1,No,Yes,Chinese,English,,2021-02-22_20h04.04.727,Tse_Altarriba_Simon1,2020.1.2,MacIntel,60,3286,,,z,1,0.48418,,,,,,,,0,38,38,43,1
,,,,,,,,,,,,Images/IncongruentRight.jpeg,Incongruent Right,m,Z,18,Female,1,No,Yes,Chinese,English,,2021-02-22_20h04.04.727,Tse_Altarriba_Simon1,2020.1.2,MacIntel,60,3286,,,m,1,0.539165,,,,,,,,0,39,39,32,1
,,,,,,,,,,,,Images/NeutralLeft.jpeg,Neutral Left,z,Z,18,Female,1,No,Yes,Chinese,English,,2021-02-22_20h04.04.727,Tse_Altarriba_Simon1,2020.1.2,MacIntel,60,3286,,,z,1,0.4501,,,,,,,,0,40,40,47,1
,,,,,,,,,,,,Images/NeutralLeft.jpeg,Neutral Left,z,Z,18,Female,1,No,Yes,Chinese,English,,2021-02-22_20h04.04.727,Tse_Altarriba_Simon1,2020.1.2,MacIntel,60,3286,,,z,1,0.49772,,,,,,,,0,41,41,44,1
,,,,,,,,,,,,Images/IncongruentLeft.jpeg,Incongruent Left,z,Z,18,Female,1,No,Yes,Chinese,English,,2021-02-22_20h04.04.727,Tse_Altarriba_Simon1,2020.1.2,MacIntel,60,3286,,,z,1,0.55219,,,,,,,,0,42,42,25,1
,,,,,,,,,,,,Images/NeutralLeft.jpeg,Neutral Left,z,Z,18,Female,1,No,Yes,Chinese,English,,2021-02-22_20h04.04.727,Tse_Altarriba_Simon1,2020.1.2,MacIntel,60,3286,,,z,1,0.517295,,,,,,,,0,43,43,41,1
,,,,,,,,,,,,Images/CongruentRight.jpeg,Congruent Right,m,Z,18,Female,1,No,Yes,Chinese,English,,2021-02-22_20h04.04.727,Tse_Altarriba_Simon1,2020.1.2,MacIntel,60,3286,,,m,1,0.531415,,,,,,,,0,44,44,11,1
,,,,,,,,,,,,Images/CongruentRight.jpeg,Congruent Right,m,Z,18,Female,1,No,Yes,Chinese,English,,2021-02-22_20h04.04.727,Tse_Altarriba_Simon1,2020.1.2,MacIntel,60,3286,,,m,1,0.431705,,,,,,,,0,45,45,10,1
,,,,,,,,,,,,Images/IncongruentRight.jpeg,Incongruent Right,m,Z,18,Female,1,No,Yes,Chinese,English,,2021-02-22_20h04.04.727,Tse_Altarriba_Simon1,2020.1.2,MacIntel,60,3286,,,m,1,0.582685,,,,,,,,0,46,46,37,1
,,,,,,,,,,,,Images/IncongruentRight.jpeg,Incongruent Right,m,Z,18,Female,1,No,Yes,Chinese,English,,2021-02-22_20h04.04.727,Tse_Altarriba_Simon1,2020.1.2,MacIntel,60,3286,,,m,1,0.563905,,,,,,,,0,47,47,30,1
,,,,,,,,,,,,Images/IncongruentLeft.jpeg,Incongruent Left,z,Z,18,Female,1,No,Yes,Chinese,English,,2021-02-22_20h04.04.727,Tse_Altarriba_Simon1,2020.1.2,MacIntel,60,3286,,,z,1,0.54478,,,,,,,,0,48,48,27,1
,,,,,,,,,,,,Images/CongruentRight.jpeg,Congruent Right,m,Z,18,Female,1,No,Yes,Chinese,English,,2021-02-22_20h04.04.727,Tse_Altarriba_Simon1,2020.1.2,MacIntel,60,3286,,,m,1,0.529315,,,,,,,,0,49,49,13,1
,,,,,,,,,,,,Images/IncongruentRight.jpeg,Incongruent Right,m,Z,18,Female,1,No,Yes,Chinese,English,,2021-02-22_20h04.04.727,Tse_Altarriba_Simon1,2020.1.2,MacIntel,60,3286,,,m,1,0.52837,,,,,,,,0,50,50,38,1
,,,,,,,,,,,,Images/NeurtalRight.jpeg,Neutral Right,m,Z,18,Female,1,No,Yes,Chinese,English,,2021-02-22_20h04.04.727,Tse_Altarriba_Simon1,2020.1.2,MacIntel,60,3286,,,m,1,0.44672,,,,,,,,0,51,51,53,1
,,,,,,,,,,,,Images/CongruentRight.jpeg,Congruent Right,m,Z,18,Female,1,No,Yes,Chinese,English,,2021-02-22_20h04.04.727,Tse_Altarriba_Simon1,2020.1.2,MacIntel,60,3286,,,m,1,0.420475,,,,,,,,0,52,52,19,1
,,,,,,,,,,,,Images/IncongruentRight.jpeg,Incongruent Right,m,Z,18,Female,1,No,Yes,Chinese,English,,2021-02-22_20h04.04.727,Tse_Altarriba_Simon1,2020.1.2,MacIntel,60,3286,,,m,1,0.550125,,,,,,,,0,53,53,31,1
,,,,,,,,,,,,Images/IncongruentRight.jpeg,Incongruent Right,m,Z,18,Female,1,No,Yes,Chinese,English,,2021-02-22_20h04.04.727,Tse_Altarriba_Simon1,2020.1.2,MacIntel,60,3286,,,m,1,0.55035,,,,,,,,0,54,54,36,1
,,,,,,,,,,,,Images/IncongruentRight.jpeg,Incongruent Right,m,Z,18,Female,1,No,Yes,Chinese,English,,2021-02-22_20h04.04.727,Tse_Altarriba_Simon1,2020.1.2,MacIntel,60,3286,,,m,1,0.46548,,,,,,,,0,55,55,39,1
,,,,,,,,,,,,Images/CongruentRight.jpeg,Congruent Right,m,Z,18,Female,1,No,Yes,Chinese,English,,2021-02-22_20h04.04.727,Tse_Altarriba_Simon1,2020.1.2,MacIntel,60,3286,,,m,1,0.61557,,,,,,,,0,56,56,12,1
,,,,,,,,,,,,Images/NeurtalRight.jpeg,Neutral Right,m,Z,18,Female,1,No,Yes,Chinese,English,,2021-02-22_20h04.04.727,Tse_Altarriba_Simon1,2020.1.2,MacIntel,60,3286,,,m,1,0.496095,,,,,,,,0,57,57,52,1
,,,,,,,,,,,,Images/NeurtalRight.jpeg,Neutral Right,m,Z,18,Female,1,No,Yes,Chinese,English,,2021-02-22_20h04.04.727,Tse_Altarriba_Simon1,2020.1.2,MacIntel,60,3286,,,m,1,0.45042,,,,,,,,0,58,58,51,1
,,,,,,,,,,,,Images/CongruentLeft.jpeg,Congruent Left,z,Z,18,Female,1,No,Yes,Chinese,English,,2021-02-22_20h04.04.727,Tse_Altarriba_Simon1,2020.1.2,MacIntel,60,3286,,,z,1,0.51706,,,,,,,,0,59,59,6,1
