Space1.keys,Space1.rt,Space2.keys,Space2.rt,response.keys,response.corr,response.rt,Practice_loop.thisRepN,Practice_loop.thisTrialN,Practice_loop.thisN,Practice_loop.thisIndex,Practice_loop.ran,ImageFile,Condition,CorrAns,Your initials,What is your age?,What is your gender?,What year are you in?,Are you Dyslexic? (Y/N),Are you bi/multilingual? (Y/N),What is your first language?,"What is your second language? (if you are monollingual, leave blank)",What other languages do you speak?,date,expName,psychopyVersion,OS,frameRate,participant,Space3.keys,Space3.rt,key_resp_2.keys,key_resp_2.corr,key_resp_2.rt,trials.thisRepN,trials.thisTrialN,trials.thisN,trials.thisIndex,trials.ran,Space4.keys,Space4.rt,trials_2.thisRepN,trials_2.thisTrialN,trials_2.thisN,trials_2.thisIndex,trials_2.ran
space,6.274,space,25.155,m,1,0.478,0,0,0,10,1,Images/NeurtalRight.jpeg,Neutral Right,m,Q,18,Female,2021,N,Y,Chinese,English,N,2021-02-14_22h27.45.607,Tse_Altarriba_Simon1,2020.1.2,MacIntel,60,3292,,,,,,,,,,,,,,,,,
,,,,m,1,0.071,0,1,1,6,1,Images/IncongruentRight.jpeg,Incongruent Right,m,Q,18,Female,2021,N,Y,Chinese,English,N,2021-02-14_22h27.45.607,Tse_Altarriba_Simon1,2020.1.2,MacIntel,60,3292,,,,,,,,,,,,,,,,,
,,,,m,1,0.417,0,2,2,2,1,Images/CongruentRight.jpeg,Congruent Right,m,Q,18,Female,2021,N,Y,Chinese,English,N,2021-02-14_22h27.45.607,Tse_Altarriba_Simon1,2020.1.2,MacIntel,60,3292,,,,,,,,,,,,,,,,,
,,,,z,1,0.45,0,3,3,9,1,Images/NeutralLeft.jpeg,Neutral Left,z,Q,18,Female,2021,N,Y,Chinese,English,N,2021-02-14_22h27.45.607,Tse_Altarriba_Simon1,2020.1.2,MacIntel,60,3292,,,,,,,,,,,,,,,,,
,,,,z,0,0.399,0,4,4,7,1,Images/IncongruentRight.jpeg,Incongruent Right,m,Q,18,Female,2021,N,Y,Chinese,English,N,2021-02-14_22h27.45.607,Tse_Altarriba_Simon1,2020.1.2,MacIntel,60,3292,,,,,,,,,,,,,,,,,
,,,,z,1,0.598,0,5,5,4,1,Images/IncongruentLeft.jpeg,Incongruent Left,z,Q,18,Female,2021,N,Y,Chinese,English,N,2021-02-14_22h27.45.607,Tse_Altarriba_Simon1,2020.1.2,MacIntel,60,3292,,,,,,,,,,,,,,,,,
,,,,m,1,0.337,0,6,6,3,1,Images/CongruentRight.jpeg,Congruent Right,m,Q,18,Female,2021,N,Y,Chinese,English,N,2021-02-14_22h27.45.607,Tse_Altarriba_Simon1,2020.1.2,MacIntel,60,3292,,,,,,,,,,,,,,,,,
,,,,z,1,0.456,0,7,7,8,1,Images/NeutralLeft.jpeg,Neutral Left,z,Q,18,Female,2021,N,Y,Chinese,English,N,2021-02-14_22h27.45.607,Tse_Altarriba_Simon1,2020.1.2,MacIntel,60,3292,,,,,,,,,,,,,,,,,
,,,,z,1,0.401,0,8,8,0,1,Images/CongruentLeft.jpeg,Congruent Left,z,Q,18,Female,2021,N,Y,Chinese,English,N,2021-02-14_22h27.45.607,Tse_Altarriba_Simon1,2020.1.2,MacIntel,60,3292,,,,,,,,,,,,,,,,,
,,,,m,0,0.434,0,9,9,5,1,Images/IncongruentLeft.jpeg,Incongruent Left,z,Q,18,Female,2021,N,Y,Chinese,English,N,2021-02-14_22h27.45.607,Tse_Altarriba_Simon1,2020.1.2,MacIntel,60,3292,,,,,,,,,,,,,,,,,
,,,,m,1,0.487,0,10,10,11,1,Images/NeurtalRight.jpeg,Neutral Right,m,Q,18,Female,2021,N,Y,Chinese,English,N,2021-02-14_22h27.45.607,Tse_Altarriba_Simon1,2020.1.2,MacIntel,60,3292,,,,,,,,,,,,,,,,,
,,,,z,1,0.368,0,11,11,1,1,Images/CongruentLeft.jpeg,Congruent Left,z,Q,18,Female,2021,N,Y,Chinese,English,N,2021-02-14_22h27.45.607,Tse_Altarriba_Simon1,2020.1.2,MacIntel,60,3292,,,,,,,,,,,,,,,,,
,,,,,,,,,,,,Images/NeutralLeft.jpeg,Neutral Left,z,Q,18,Female,2021,N,Y,Chinese,English,N,2021-02-14_22h27.45.607,Tse_Altarriba_Simon1,2020.1.2,MacIntel,60,3292,space,9.815,z,1,0.454,0,0,0,41,1,,,,,,,
,,,,,,,,,,,,Images/CongruentLeft.jpeg,Congruent Left,z,Q,18,Female,2021,N,Y,Chinese,English,N,2021-02-14_22h27.45.607,Tse_Altarriba_Simon1,2020.1.2,MacIntel,60,3292,,,z,1,0.455,0,1,1,8,1,,,,,,,
,,,,,,,,,,,,Images/IncongruentLeft.jpeg,Incongruent Left,z,Q,18,Female,2021,N,Y,Chinese,English,N,2021-02-14_22h27.45.607,Tse_Altarriba_Simon1,2020.1.2,MacIntel,60,3292,,,m,0,0.354,0,2,2,25,1,,,,,,,
,,,,,,,,,,,,Images/IncongruentRight.jpeg,Incongruent Right,m,Q,18,Female,2021,N,Y,Chinese,English,N,2021-02-14_22h27.45.607,Tse_Altarriba_Simon1,2020.1.2,MacIntel,60,3292,,,m,1,0.521,0,3,3,32,1,,,,,,,
,,,,,,,,,,,,Images/CongruentRight.jpeg,Congruent Right,m,Q,18,Female,2021,N,Y,Chinese,English,N,2021-02-14_22h27.45.607,Tse_Altarriba_Simon1,2020.1.2,MacIntel,60,3292,,,m,1,0.515,0,4,4,13,1,,,,,,,
,,,,,,,,,,,,Images/IncongruentLeft.jpeg,Incongruent Left,z,Q,18,Female,2021,N,Y,Chinese,English,N,2021-02-14_22h27.45.607,Tse_Altarriba_Simon1,2020.1.2,MacIntel,60,3292,,,z,1,0.548,0,5,5,28,1,,,,,,,
,,,,,,,,,,,,Images/CongruentRight.jpeg,Congruent Right,m,Q,18,Female,2021,N,Y,Chinese,English,N,2021-02-14_22h27.45.607,Tse_Altarriba_Simon1,2020.1.2,MacIntel,60,3292,,,m,1,0.368,0,6,6,18,1,,,,,,,
,,,,,,,,,,,,Images/NeurtalRight.jpeg,Neutral Right,m,Q,18,Female,2021,N,Y,Chinese,English,N,2021-02-14_22h27.45.607,Tse_Altarriba_Simon1,2020.1.2,MacIntel,60,3292,,,m,1,0.498,0,7,7,51,1,,,,,,,
,,,,,,,,,,,,Images/NeurtalRight.jpeg,Neutral Right,m,Q,18,Female,2021,N,Y,Chinese,English,N,2021-02-14_22h27.45.607,Tse_Altarriba_Simon1,2020.1.2,MacIntel,60,3292,,,m,1,0.486,0,8,8,50,1,,,,,,,
,,,,,,,,,,,,Images/IncongruentLeft.jpeg,Incongruent Left,z,Q,18,Female,2021,N,Y,Chinese,English,N,2021-02-14_22h27.45.607,Tse_Altarriba_Simon1,2020.1.2,MacIntel,60,3292,,,z,1,0.547,0,9,9,20,1,,,,,,,
,,,,,,,,,,,,Images/CongruentLeft.jpeg,Congruent Left,z,Q,18,Female,2021,N,Y,Chinese,English,N,2021-02-14_22h27.45.607,Tse_Altarriba_Simon1,2020.1.2,MacIntel,60,3292,,,z,1,0.405,0,10,10,3,1,,,,,,,
,,,,,,,,,,,,Images/NeutralLeft.jpeg,Neutral Left,z,Q,18,Female,2021,N,Y,Chinese,English,N,2021-02-14_22h27.45.607,Tse_Altarriba_Simon1,2020.1.2,MacIntel,60,3292,,,z,1,0.469,0,11,11,48,1,,,,,,,
,,,,,,,,,,,,Images/CongruentLeft.jpeg,Congruent Left,z,Q,18,Female,2021,N,Y,Chinese,English,N,2021-02-14_22h27.45.607,Tse_Altarriba_Simon1,2020.1.2,MacIntel,60,3292,,,z,1,0.449,0,12,12,1,1,,,,,,,
,,,,,,,,,,,,Images/CongruentRight.jpeg,Congruent Right,m,Q,18,Female,2021,N,Y,Chinese,English,N,2021-02-14_22h27.45.607,Tse_Altarriba_Simon1,2020.1.2,MacIntel,60,3292,,,m,1,0.388,0,13,13,17,1,,,,,,,
,,,,,,,,,,,,Images/IncongruentLeft.jpeg,Incongruent Left,z,Q,18,Female,2021,N,Y,Chinese,English,N,2021-02-14_22h27.45.607,Tse_Altarriba_Simon1,2020.1.2,MacIntel,60,3292,,,z,1,0.569,0,14,14,22,1,,,,,,,
,,,,,,,,,,,,Images/CongruentLeft.jpeg,Congruent Left,z,Q,18,Female,2021,N,Y,Chinese,English,N,2021-02-14_22h27.45.607,Tse_Altarriba_Simon1,2020.1.2,MacIntel,60,3292,,,z,1,0.489,0,15,15,2,1,,,,,,,
,,,,,,,,,,,,Images/IncongruentRight.jpeg,Incongruent Right,m,Q,18,Female,2021,N,Y,Chinese,English,N,2021-02-14_22h27.45.607,Tse_Altarriba_Simon1,2020.1.2,MacIntel,60,3292,,,m,1,0.553,0,16,16,31,1,,,,,,,
,,,,,,,,,,,,Images/IncongruentLeft.jpeg,Incongruent Left,z,Q,18,Female,2021,N,Y,Chinese,English,N,2021-02-14_22h27.45.607,Tse_Altarriba_Simon1,2020.1.2,MacIntel,60,3292,,,z,1,0.473,0,17,17,23,1,,,,,,,
,,,,,,,,,,,,Images/CongruentRight.jpeg,Congruent Right,m,Q,18,Female,2021,N,Y,Chinese,English,N,2021-02-14_22h27.45.607,Tse_Altarriba_Simon1,2020.1.2,MacIntel,60,3292,,,m,1,0.383,0,18,18,10,1,,,,,,,
,,,,,,,,,,,,Images/IncongruentLeft.jpeg,Incongruent Left,z,Q,18,Female,2021,N,Y,Chinese,English,N,2021-02-14_22h27.45.607,Tse_Altarriba_Simon1,2020.1.2,MacIntel,60,3292,,,z,1,0.468,0,19,19,29,1,,,,,,,
,,,,,,,,,,,,Images/NeurtalRight.jpeg,Neutral Right,m,Q,18,Female,2021,N,Y,Chinese,English,N,2021-02-14_22h27.45.607,Tse_Altarriba_Simon1,2020.1.2,MacIntel,60,3292,,,m,1,0.472,0,20,20,53,1,,,,,,,
,,,,,,,,,,,,Images/IncongruentRight.jpeg,Incongruent Right,m,Q,18,Female,2021,N,Y,Chinese,English,N,2021-02-14_22h27.45.607,Tse_Altarriba_Simon1,2020.1.2,MacIntel,60,3292,,,z,0,0.387,0,21,21,34,1,,,,,,,
,,,,,,,,,,,,Images/NeurtalRight.jpeg,Neutral Right,m,Q,18,Female,2021,N,Y,Chinese,English,N,2021-02-14_22h27.45.607,Tse_Altarriba_Simon1,2020.1.2,MacIntel,60,3292,,,m,1,0.467,0,22,22,57,1,,,,,,,
,,,,,,,,,,,,Images/IncongruentRight.jpeg,Incongruent Right,m,Q,18,Female,2021,N,Y,Chinese,English,N,2021-02-14_22h27.45.607,Tse_Altarriba_Simon1,2020.1.2,MacIntel,60,3292,,,z,0,0.351,0,23,23,33,1,,,,,,,
,,,,,,,,,,,,Images/CongruentLeft.jpeg,Congruent Left,z,Q,18,Female,2021,N,Y,Chinese,English,N,2021-02-14_22h27.45.607,Tse_Altarriba_Simon1,2020.1.2,MacIntel,60,3292,,,z,1,0.419,0,24,24,6,1,,,,,,,
,,,,,,,,,,,,Images/CongruentLeft.jpeg,Congruent Left,z,Q,18,Female,2021,N,Y,Chinese,English,N,2021-02-14_22h27.45.607,Tse_Altarriba_Simon1,2020.1.2,MacIntel,60,3292,,,z,1,0.41,0,25,25,9,1,,,,,,,
,,,,,,,,,,,,Images/IncongruentRight.jpeg,Incongruent Right,m,Q,18,Female,2021,N,Y,Chinese,English,N,2021-02-14_22h27.45.607,Tse_Altarriba_Simon1,2020.1.2,MacIntel,60,3292,,,m,1,0.503,0,26,26,36,1,,,,,,,
,,,,,,,,,,,,Images/NeutralLeft.jpeg,Neutral Left,z,Q,18,Female,2021,N,Y,Chinese,English,N,2021-02-14_22h27.45.607,Tse_Altarriba_Simon1,2020.1.2,MacIntel,60,3292,,,z,1,0.453,0,27,27,46,1,,,,,,,
,,,,,,,,,,,,Images/NeurtalRight.jpeg,Neutral Right,m,Q,18,Female,2021,N,Y,Chinese,English,N,2021-02-14_22h27.45.607,Tse_Altarriba_Simon1,2020.1.2,MacIntel,60,3292,,,m,1,0.455,0,28,28,54,1,,,,,,,
,,,,,,,,,,,,Images/NeutralLeft.jpeg,Neutral Left,z,Q,18,Female,2021,N,Y,Chinese,English,N,2021-02-14_22h27.45.607,Tse_Altarriba_Simon1,2020.1.2,MacIntel,60,3292,,,z,1,0.482,0,29,29,40,1,,,,,,,
,,,,,,,,,,,,Images/NeurtalRight.jpeg,Neutral Right,m,Q,18,Female,2021,N,Y,Chinese,English,N,2021-02-14_22h27.45.607,Tse_Altarriba_Simon1,2020.1.2,MacIntel,60,3292,,,m,1,0.403,0,30,30,52,1,,,,,,,
,,,,,,,,,,,,Images/CongruentLeft.jpeg,Congruent Left,z,Q,18,Female,2021,N,Y,Chinese,English,N,2021-02-14_22h27.45.607,Tse_Altarriba_Simon1,2020.1.2,MacIntel,60,3292,,,z,1,0.313,0,31,31,0,1,,,,,,,
,,,,,,,,,,,,Images/NeurtalRight.jpeg,Neutral Right,m,Q,18,Female,2021,N,Y,Chinese,English,N,2021-02-14_22h27.45.607,Tse_Altarriba_Simon1,2020.1.2,MacIntel,60,3292,,,m,1,0.35,0,32,32,55,1,,,,,,,
,,,,,,,,,,,,Images/CongruentRight.jpeg,Congruent Right,m,Q,18,Female,2021,N,Y,Chinese,English,N,2021-02-14_22h27.45.607,Tse_Altarriba_Simon1,2020.1.2,MacIntel,60,3292,,,m,1,0.4,0,33,33,12,1,,,,,,,
,,,,,,,,,,,,Images/NeutralLeft.jpeg,Neutral Left,z,Q,18,Female,2021,N,Y,Chinese,English,N,2021-02-14_22h27.45.607,Tse_Altarriba_Simon1,2020.1.2,MacIntel,60,3292,,,z,1,0.53,0,34,34,42,1,,,,,,,
,,,,,,,,,,,,Images/NeutralLeft.jpeg,Neutral Left,z,Q,18,Female,2021,N,Y,Chinese,English,N,2021-02-14_22h27.45.607,Tse_Altarriba_Simon1,2020.1.2,MacIntel,60,3292,,,z,1,0.432,0,35,35,44,1,,,,,,,
,,,,,,,,,,,,Images/CongruentLeft.jpeg,Congruent Left,z,Q,18,Female,2021,N,Y,Chinese,English,N,2021-02-14_22h27.45.607,Tse_Altarriba_Simon1,2020.1.2,MacIntel,60,3292,,,z,1,0.48,0,36,36,7,1,,,,,,,
,,,,,,,,,,,,Images/NeutralLeft.jpeg,Neutral Left,z,Q,18,Female,2021,N,Y,Chinese,English,N,2021-02-14_22h27.45.607,Tse_Altarriba_Simon1,2020.1.2,MacIntel,60,3292,,,z,1,0.49,0,37,37,45,1,,,,,,,
,,,,,,,,,,,,Images/IncongruentRight.jpeg,Incongruent Right,m,Q,18,Female,2021,N,Y,Chinese,English,N,2021-02-14_22h27.45.607,Tse_Altarriba_Simon1,2020.1.2,MacIntel,60,3292,,,m,1,0.523,0,38,38,38,1,,,,,,,
,,,,,,,,,,,,Images/IncongruentRight.jpeg,Incongruent Right,m,Q,18,Female,2021,N,Y,Chinese,English,N,2021-02-14_22h27.45.607,Tse_Altarriba_Simon1,2020.1.2,MacIntel,60,3292,,,m,1,0.452,0,39,39,35,1,,,,,,,
,,,,,,,,,,,,Images/CongruentRight.jpeg,Congruent Right,m,Q,18,Female,2021,N,Y,Chinese,English,N,2021-02-14_22h27.45.607,Tse_Altarriba_Simon1,2020.1.2,MacIntel,60,3292,,,m,1,0.403,0,40,40,16,1,,,,,,,
,,,,,,,,,,,,Images/NeurtalRight.jpeg,Neutral Right,m,Q,18,Female,2021,N,Y,Chinese,English,N,2021-02-14_22h27.45.607,Tse_Altarriba_Simon1,2020.1.2,MacIntel,60,3292,,,m,1,0.481,0,41,41,59,1,,,,,,,
,,,,,,,,,,,,Images/CongruentRight.jpeg,Congruent Right,m,Q,18,Female,2021,N,Y,Chinese,English,N,2021-02-14_22h27.45.607,Tse_Altarriba_Simon1,2020.1.2,MacIntel,60,3292,,,m,1,0.401,0,42,42,15,1,,,,,,,
,,,,,,,,,,,,Images/NeurtalRight.jpeg,Neutral Right,m,Q,18,Female,2021,N,Y,Chinese,English,N,2021-02-14_22h27.45.607,Tse_Altarriba_Simon1,2020.1.2,MacIntel,60,3292,,,m,1,0.43,0,43,43,56,1,,,,,,,
,,,,,,,,,,,,Images/NeutralLeft.jpeg,Neutral Left,z,Q,18,Female,2021,N,Y,Chinese,English,N,2021-02-14_22h27.45.607,Tse_Altarriba_Simon1,2020.1.2,MacIntel,60,3292,,,z,1,0.443,0,44,44,49,1,,,,,,,
,,,,,,,,,,,,Images/IncongruentLeft.jpeg,Incongruent Left,z,Q,18,Female,2021,N,Y,Chinese,English,N,2021-02-14_22h27.45.607,Tse_Altarriba_Simon1,2020.1.2,MacIntel,60,3292,,,z,1,0.556,0,45,45,24,1,,,,,,,
,,,,,,,,,,,,Images/CongruentRight.jpeg,Congruent Right,m,Q,18,Female,2021,N,Y,Chinese,English,N,2021-02-14_22h27.45.607,Tse_Altarriba_Simon1,2020.1.2,MacIntel,60,3292,,,m,1,0.381,0,46,46,11,1,,,,,,,
,,,,,,,,,,,,Images/IncongruentLeft.jpeg,Incongruent Left,z,Q,18,Female,2021,N,Y,Chinese,English,N,2021-02-14_22h27.45.607,Tse_Altarriba_Simon1,2020.1.2,MacIntel,60,3292,,,z,1,0.492,0,47,47,27,1,,,,,,,
,,,,,,,,,,,,Images/CongruentLeft.jpeg,Congruent Left,z,Q,18,Female,2021,N,Y,Chinese,English,N,2021-02-14_22h27.45.607,Tse_Altarriba_Simon1,2020.1.2,MacIntel,60,3292,,,z,1,0.486,0,48,48,4,1,,,,,,,
,,,,,,,,,,,,Images/IncongruentLeft.jpeg,Incongruent Left,z,Q,18,Female,2021,N,Y,Chinese,English,N,2021-02-14_22h27.45.607,Tse_Altarriba_Simon1,2020.1.2,MacIntel,60,3292,,,z,1,0.491,0,49,49,26,1,,,,,,,
,,,,,,,,,,,,Images/NeutralLeft.jpeg,Neutral Left,z,Q,18,Female,2021,N,Y,Chinese,English,N,2021-02-14_22h27.45.607,Tse_Altarriba_Simon1,2020.1.2,MacIntel,60,3292,,,z,1,0.452,0,50,50,43,1,,,,,,,
,,,,,,,,,,,,Images/IncongruentLeft.jpeg,Incongruent Left,z,Q,18,Female,2021,N,Y,Chinese,English,N,2021-02-14_22h27.45.607,Tse_Altarriba_Simon1,2020.1.2,MacIntel,60,3292,,,z,1,0.62,0,51,51,21,1,,,,,,,
,,,,,,,,,,,,Images/IncongruentRight.jpeg,Incongruent Right,m,Q,18,Female,2021,N,Y,Chinese,English,N,2021-02-14_22h27.45.607,Tse_Altarriba_Simon1,2020.1.2,MacIntel,60,3292,,,m,1,0.535,0,52,52,39,1,,,,,,,
,,,,,,,,,,,,Images/CongruentRight.jpeg,Congruent Right,m,Q,18,Female,2021,N,Y,Chinese,English,N,2021-02-14_22h27.45.607,Tse_Altarriba_Simon1,2020.1.2,MacIntel,60,3292,,,m,1,0.44,0,53,53,19,1,,,,,,,
,,,,,,,,,,,,Images/IncongruentRight.jpeg,Incongruent Right,m,Q,18,Female,2021,N,Y,Chinese,English,N,2021-02-14_22h27.45.607,Tse_Altarriba_Simon1,2020.1.2,MacIntel,60,3292,,,z,0,0.385,0,54,54,37,1,,,,,,,
,,,,,,,,,,,,Images/NeutralLeft.jpeg,Neutral Left,z,Q,18,Female,2021,N,Y,Chinese,English,N,2021-02-14_22h27.45.607,Tse_Altarriba_Simon1,2020.1.2,MacIntel,60,3292,,,z,1,0.449,0,55,55,47,1,,,,,,,
,,,,,,,,,,,,Images/IncongruentRight.jpeg,Incongruent Right,m,Q,18,Female,2021,N,Y,Chinese,English,N,2021-02-14_22h27.45.607,Tse_Altarriba_Simon1,2020.1.2,MacIntel,60,3292,,,m,1,0.501,0,56,56,30,1,,,,,,,
,,,,,,,,,,,,Images/CongruentLeft.jpeg,Congruent Left,z,Q,18,Female,2021,N,Y,Chinese,English,N,2021-02-14_22h27.45.607,Tse_Altarriba_Simon1,2020.1.2,MacIntel,60,3292,,,z,1,0.385,0,57,57,5,1,,,,,,,
,,,,,,,,,,,,Images/CongruentRight.jpeg,Congruent Right,m,Q,18,Female,2021,N,Y,Chinese,English,N,2021-02-14_22h27.45.607,Tse_Altarriba_Simon1,2020.1.2,MacIntel,60,3292,,,m,1,0.419,0,58,58,14,1,,,,,,,
,,,,,,,,,,,,Images/NeurtalRight.jpeg,Neutral Right,m,Q,18,Female,2021,N,Y,Chinese,English,N,2021-02-14_22h27.45.607,Tse_Altarriba_Simon1,2020.1.2,MacIntel,60,3292,,,m,1,0.415,0,59,59,58,1,,,,,,,
,,,,,,,,,,,,Images/IncongruentLeft.jpeg,Incongruent Left,z,Q,18,Female,2021,N,Y,Chinese,English,N,2021-02-14_22h27.45.607,Tse_Altarriba_Simon1,2020.1.2,MacIntel,60,3292,,,z,1,0.731,,,,,,space,2.788,0,0,0,25,1
,,,,,,,,,,,,Images/IncongruentRight.jpeg,Incongruent Right,m,Q,18,Female,2021,N,Y,Chinese,English,N,2021-02-14_22h27.45.607,Tse_Altarriba_Simon1,2020.1.2,MacIntel,60,3292,,,m,1,0.491,,,,,,,,0,1,1,33,1
,,,,,,,,,,,,Images/NeutralLeft.jpeg,Neutral Left,z,Q,18,Female,2021,N,Y,Chinese,English,N,2021-02-14_22h27.45.607,Tse_Altarriba_Simon1,2020.1.2,MacIntel,60,3292,,,z,1,0.525,,,,,,,,0,2,2,41,1
,,,,,,,,,,,,Images/NeutralLeft.jpeg,Neutral Left,z,Q,18,Female,2021,N,Y,Chinese,English,N,2021-02-14_22h27.45.607,Tse_Altarriba_Simon1,2020.1.2,MacIntel,60,3292,,,z,1,0.448,,,,,,,,0,3,3,48,1
,,,,,,,,,,,,Images/IncongruentLeft.jpeg,Incongruent Left,z,Q,18,Female,2021,N,Y,Chinese,English,N,2021-02-14_22h27.45.607,Tse_Altarriba_Simon1,2020.1.2,MacIntel,60,3292,,,m,0,0.38,,,,,,,,0,4,4,29,1
,,,,,,,,,,,,Images/NeutralLeft.jpeg,Neutral Left,z,Q,18,Female,2021,N,Y,Chinese,English,N,2021-02-14_22h27.45.607,Tse_Altarriba_Simon1,2020.1.2,MacIntel,60,3292,,,z,1,0.435,,,,,,,,0,5,5,42,1
,,,,,,,,,,,,Images/NeurtalRight.jpeg,Neutral Right,m,Q,18,Female,2021,N,Y,Chinese,English,N,2021-02-14_22h27.45.607,Tse_Altarriba_Simon1,2020.1.2,MacIntel,60,3292,,,m,1,0.522,,,,,,,,0,6,6,51,1
,,,,,,,,,,,,Images/CongruentRight.jpeg,Congruent Right,m,Q,18,Female,2021,N,Y,Chinese,English,N,2021-02-14_22h27.45.607,Tse_Altarriba_Simon1,2020.1.2,MacIntel,60,3292,,,m,1,0.42,,,,,,,,0,7,7,13,1
,,,,,,,,,,,,Images/CongruentRight.jpeg,Congruent Right,m,Q,18,Female,2021,N,Y,Chinese,English,N,2021-02-14_22h27.45.607,Tse_Altarriba_Simon1,2020.1.2,MacIntel,60,3292,,,m,1,0.385,,,,,,,,0,8,8,10,1
,,,,,,,,,,,,Images/CongruentRight.jpeg,Congruent Right,m,Q,18,Female,2021,N,Y,Chinese,English,N,2021-02-14_22h27.45.607,Tse_Altarriba_Simon1,2020.1.2,MacIntel,60,3292,,,m,1,0.356,,,,,,,,0,9,9,14,1
,,,,,,,,,,,,Images/IncongruentLeft.jpeg,Incongruent Left,z,Q,18,Female,2021,N,Y,Chinese,English,N,2021-02-14_22h27.45.607,Tse_Altarriba_Simon1,2020.1.2,MacIntel,60,3292,,,z,1,0.497,,,,,,,,0,10,10,26,1
,,,,,,,,,,,,Images/NeutralLeft.jpeg,Neutral Left,z,Q,18,Female,2021,N,Y,Chinese,English,N,2021-02-14_22h27.45.607,Tse_Altarriba_Simon1,2020.1.2,MacIntel,60,3292,,,z,1,0.446,,,,,,,,0,11,11,47,1
,,,,,,,,,,,,Images/CongruentRight.jpeg,Congruent Right,m,Q,18,Female,2021,N,Y,Chinese,English,N,2021-02-14_22h27.45.607,Tse_Altarriba_Simon1,2020.1.2,MacIntel,60,3292,,,m,1,0.35,,,,,,,,0,12,12,11,1
,,,,,,,,,,,,Images/NeurtalRight.jpeg,Neutral Right,m,Q,18,Female,2021,N,Y,Chinese,English,N,2021-02-14_22h27.45.607,Tse_Altarriba_Simon1,2020.1.2,MacIntel,60,3292,,,m,1,0.421,,,,,,,,0,13,13,55,1
,,,,,,,,,,,,Images/CongruentRight.jpeg,Congruent Right,m,Q,18,Female,2021,N,Y,Chinese,English,N,2021-02-14_22h27.45.607,Tse_Altarriba_Simon1,2020.1.2,MacIntel,60,3292,,,m,1,0.356,,,,,,,,0,14,14,16,1
,,,,,,,,,,,,Images/IncongruentRight.jpeg,Incongruent Right,m,Q,18,Female,2021,N,Y,Chinese,English,N,2021-02-14_22h27.45.607,Tse_Altarriba_Simon1,2020.1.2,MacIntel,60,3292,,,z,0,0.403,,,,,,,,0,15,15,34,1
,,,,,,,,,,,,Images/IncongruentRight.jpeg,Incongruent Right,m,Q,18,Female,2021,N,Y,Chinese,English,N,2021-02-14_22h27.45.607,Tse_Altarriba_Simon1,2020.1.2,MacIntel,60,3292,,,m,1,0.558,,,,,,,,0,16,16,39,1
,,,,,,,,,,,,Images/CongruentLeft.jpeg,Congruent Left,z,Q,18,Female,2021,N,Y,Chinese,English,N,2021-02-14_22h27.45.607,Tse_Altarriba_Simon1,2020.1.2,MacIntel,60,3292,,,z,1,0.515,,,,,,,,0,17,17,1,1
,,,,,,,,,,,,Images/IncongruentRight.jpeg,Incongruent Right,m,Q,18,Female,2021,N,Y,Chinese,English,N,2021-02-14_22h27.45.607,Tse_Altarriba_Simon1,2020.1.2,MacIntel,60,3292,,,m,1,0.547,,,,,,,,0,18,18,32,1
,,,,,,,,,,,,Images/CongruentLeft.jpeg,Congruent Left,z,Q,18,Female,2021,N,Y,Chinese,English,N,2021-02-14_22h27.45.607,Tse_Altarriba_Simon1,2020.1.2,MacIntel,60,3292,,,z,1,0.431,,,,,,,,0,19,19,4,1
,,,,,,,,,,,,Images/CongruentLeft.jpeg,Congruent Left,z,Q,18,Female,2021,N,Y,Chinese,English,N,2021-02-14_22h27.45.607,Tse_Altarriba_Simon1,2020.1.2,MacIntel,60,3292,,,z,1,0.506,,,,,,,,0,20,20,0,1
,,,,,,,,,,,,Images/CongruentLeft.jpeg,Congruent Left,z,Q,18,Female,2021,N,Y,Chinese,English,N,2021-02-14_22h27.45.607,Tse_Altarriba_Simon1,2020.1.2,MacIntel,60,3292,,,z,1,0.381,,,,,,,,0,21,21,5,1
,,,,,,,,,,,,Images/NeutralLeft.jpeg,Neutral Left,z,Q,18,Female,2021,N,Y,Chinese,English,N,2021-02-14_22h27.45.607,Tse_Altarriba_Simon1,2020.1.2,MacIntel,60,3292,,,m,0,0.403,,,,,,,,0,22,22,44,1
,,,,,,,,,,,,Images/IncongruentLeft.jpeg,Incongruent Left,z,Q,18,Female,2021,N,Y,Chinese,English,N,2021-02-14_22h27.45.607,Tse_Altarriba_Simon1,2020.1.2,MacIntel,60,3292,,,z,1,0.547,,,,,,,,0,23,23,24,1
,,,,,,,,,,,,Images/IncongruentRight.jpeg,Incongruent Right,m,Q,18,Female,2021,N,Y,Chinese,English,N,2021-02-14_22h27.45.607,Tse_Altarriba_Simon1,2020.1.2,MacIntel,60,3292,,,m,1,0.436,,,,,,,,0,24,24,38,1
,,,,,,,,,,,,Images/IncongruentLeft.jpeg,Incongruent Left,z,Q,18,Female,2021,N,Y,Chinese,English,N,2021-02-14_22h27.45.607,Tse_Altarriba_Simon1,2020.1.2,MacIntel,60,3292,,,z,1,0.548,,,,,,,,0,25,25,27,1
,,,,,,,,,,,,Images/IncongruentRight.jpeg,Incongruent Right,m,Q,18,Female,2021,N,Y,Chinese,English,N,2021-02-14_22h27.45.607,Tse_Altarriba_Simon1,2020.1.2,MacIntel,60,3292,,,m,1,0.502,,,,,,,,0,26,26,37,1
,,,,,,,,,,,,Images/IncongruentRight.jpeg,Incongruent Right,m,Q,18,Female,2021,N,Y,Chinese,English,N,2021-02-14_22h27.45.607,Tse_Altarriba_Simon1,2020.1.2,MacIntel,60,3292,,,m,1,0.571,,,,,,,,0,27,27,35,1
,,,,,,,,,,,,Images/NeutralLeft.jpeg,Neutral Left,z,Q,18,Female,2021,N,Y,Chinese,English,N,2021-02-14_22h27.45.607,Tse_Altarriba_Simon1,2020.1.2,MacIntel,60,3292,,,z,1,0.482,,,,,,,,0,28,28,45,1
,,,,,,,,,,,,Images/CongruentRight.jpeg,Congruent Right,m,Q,18,Female,2021,N,Y,Chinese,English,N,2021-02-14_22h27.45.607,Tse_Altarriba_Simon1,2020.1.2,MacIntel,60,3292,,,m,1,0.449,,,,,,,,0,29,29,17,1
,,,,,,,,,,,,Images/NeurtalRight.jpeg,Neutral Right,m,Q,18,Female,2021,N,Y,Chinese,English,N,2021-02-14_22h27.45.607,Tse_Altarriba_Simon1,2020.1.2,MacIntel,60,3292,,,m,1,0.414,,,,,,,,0,30,30,50,1
,,,,,,,,,,,,Images/CongruentRight.jpeg,Congruent Right,m,Q,18,Female,2021,N,Y,Chinese,English,N,2021-02-14_22h27.45.607,Tse_Altarriba_Simon1,2020.1.2,MacIntel,60,3292,,,m,1,0.415,,,,,,,,0,31,31,12,1
,,,,,,,,,,,,Images/NeutralLeft.jpeg,Neutral Left,z,Q,18,Female,2021,N,Y,Chinese,English,N,2021-02-14_22h27.45.607,Tse_Altarriba_Simon1,2020.1.2,MacIntel,60,3292,,,z,1,0.482,,,,,,,,0,32,32,40,1
,,,,,,,,,,,,Images/IncongruentLeft.jpeg,Incongruent Left,z,Q,18,Female,2021,N,Y,Chinese,English,N,2021-02-14_22h27.45.607,Tse_Altarriba_Simon1,2020.1.2,MacIntel,60,3292,,,z,1,0.533,,,,,,,,0,33,33,20,1
,,,,,,,,,,,,Images/NeurtalRight.jpeg,Neutral Right,m,Q,18,Female,2021,N,Y,Chinese,English,N,2021-02-14_22h27.45.607,Tse_Altarriba_Simon1,2020.1.2,MacIntel,60,3292,,,m,1,0.433,,,,,,,,0,34,34,52,1
,,,,,,,,,,,,Images/CongruentRight.jpeg,Congruent Right,m,Q,18,Female,2021,N,Y,Chinese,English,N,2021-02-14_22h27.45.607,Tse_Altarriba_Simon1,2020.1.2,MacIntel,60,3292,,,m,1,0.403,,,,,,,,0,35,35,15,1
,,,,,,,,,,,,Images/NeurtalRight.jpeg,Neutral Right,m,Q,18,Female,2021,N,Y,Chinese,English,N,2021-02-14_22h27.45.607,Tse_Altarriba_Simon1,2020.1.2,MacIntel,60,3292,,,m,1,0.431,,,,,,,,0,36,36,54,1
,,,,,,,,,,,,Images/CongruentLeft.jpeg,Congruent Left,z,Q,18,Female,2021,N,Y,Chinese,English,N,2021-02-14_22h27.45.607,Tse_Altarriba_Simon1,2020.1.2,MacIntel,60,3292,,,z,1,0.43,,,,,,,,0,37,37,2,1
,,,,,,,,,,,,Images/NeutralLeft.jpeg,Neutral Left,z,Q,18,Female,2021,N,Y,Chinese,English,N,2021-02-14_22h27.45.607,Tse_Altarriba_Simon1,2020.1.2,MacIntel,60,3292,,,z,1,0.43,,,,,,,,0,38,38,49,1
,,,,,,,,,,,,Images/CongruentLeft.jpeg,Congruent Left,z,Q,18,Female,2021,N,Y,Chinese,English,N,2021-02-14_22h27.45.607,Tse_Altarriba_Simon1,2020.1.2,MacIntel,60,3292,,,z,1,0.431,,,,,,,,0,39,39,9,1
,,,,,,,,,,,,Images/CongruentRight.jpeg,Congruent Right,m,Q,18,Female,2021,N,Y,Chinese,English,N,2021-02-14_22h27.45.607,Tse_Altarriba_Simon1,2020.1.2,MacIntel,60,3292,,,m,1,0.427,,,,,,,,0,40,40,19,1
,,,,,,,,,,,,Images/IncongruentRight.jpeg,Incongruent Right,m,Q,18,Female,2021,N,Y,Chinese,English,N,2021-02-14_22h27.45.607,Tse_Altarriba_Simon1,2020.1.2,MacIntel,60,3292,,,m,1,0.502,,,,,,,,0,41,41,30,1
,,,,,,,,,,,,Images/IncongruentRight.jpeg,Incongruent Right,m,Q,18,Female,2021,N,Y,Chinese,English,N,2021-02-14_22h27.45.607,Tse_Altarriba_Simon1,2020.1.2,MacIntel,60,3292,,,m,1,0.58,,,,,,,,0,42,42,31,1
,,,,,,,,,,,,Images/CongruentLeft.jpeg,Congruent Left,z,Q,18,Female,2021,N,Y,Chinese,English,N,2021-02-14_22h27.45.607,Tse_Altarriba_Simon1,2020.1.2,MacIntel,60,3292,,,z,1,0.454,,,,,,,,0,43,43,7,1
,,,,,,,,,,,,Images/IncongruentLeft.jpeg,Incongruent Left,z,Q,18,Female,2021,N,Y,Chinese,English,N,2021-02-14_22h27.45.607,Tse_Altarriba_Simon1,2020.1.2,MacIntel,60,3292,,,z,1,0.535,,,,,,,,0,44,44,23,1
,,,,,,,,,,,,Images/IncongruentRight.jpeg,Incongruent Right,m,Q,18,Female,2021,N,Y,Chinese,English,N,2021-02-14_22h27.45.607,Tse_Altarriba_Simon1,2020.1.2,MacIntel,60,3292,,,m,1,0.506,,,,,,,,0,45,45,36,1
,,,,,,,,,,,,Images/NeurtalRight.jpeg,Neutral Right,m,Q,18,Female,2021,N,Y,Chinese,English,N,2021-02-14_22h27.45.607,Tse_Altarriba_Simon1,2020.1.2,MacIntel,60,3292,,,m,1,0.407,,,,,,,,0,46,46,53,1
,,,,,,,,,,,,Images/CongruentLeft.jpeg,Congruent Left,z,Q,18,Female,2021,N,Y,Chinese,English,N,2021-02-14_22h27.45.607,Tse_Altarriba_Simon1,2020.1.2,MacIntel,60,3292,,,z,1,0.44,,,,,,,,0,47,47,3,1
,,,,,,,,,,,,Images/NeutralLeft.jpeg,Neutral Left,z,Q,18,Female,2021,N,Y,Chinese,English,N,2021-02-14_22h27.45.607,Tse_Altarriba_Simon1,2020.1.2,MacIntel,60,3292,,,z,1,0.436,,,,,,,,0,48,48,43,1
,,,,,,,,,,,,Images/CongruentLeft.jpeg,Congruent Left,z,Q,18,Female,2021,N,Y,Chinese,English,N,2021-02-14_22h27.45.607,Tse_Altarriba_Simon1,2020.1.2,MacIntel,60,3292,,,z,1,0.439,,,,,,,,0,49,49,8,1
,,,,,,,,,,,,Images/NeurtalRight.jpeg,Neutral Right,m,Q,18,Female,2021,N,Y,Chinese,English,N,2021-02-14_22h27.45.607,Tse_Altarriba_Simon1,2020.1.2,MacIntel,60,3292,,,m,1,0.467,,,,,,,,0,50,50,58,1
,,,,,,,,,,,,Images/NeutralLeft.jpeg,Neutral Left,z,Q,18,Female,2021,N,Y,Chinese,English,N,2021-02-14_22h27.45.607,Tse_Altarriba_Simon1,2020.1.2,MacIntel,60,3292,,,z,1,0.486,,,,,,,,0,51,51,46,1
,,,,,,,,,,,,Images/NeurtalRight.jpeg,Neutral Right,m,Q,18,Female,2021,N,Y,Chinese,English,N,2021-02-14_22h27.45.607,Tse_Altarriba_Simon1,2020.1.2,MacIntel,60,3292,,,m,1,0.421,,,,,,,,0,52,52,56,1
,,,,,,,,,,,,Images/IncongruentLeft.jpeg,Incongruent Left,z,Q,18,Female,2021,N,Y,Chinese,English,N,2021-02-14_22h27.45.607,Tse_Altarriba_Simon1,2020.1.2,MacIntel,60,3292,,,z,1,0.486,,,,,,,,0,53,53,22,1
,,,,,,,,,,,,Images/CongruentRight.jpeg,Congruent Right,m,Q,18,Female,2021,N,Y,Chinese,English,N,2021-02-14_22h27.45.607,Tse_Altarriba_Simon1,2020.1.2,MacIntel,60,3292,,,m,1,0.387,,,,,,,,0,54,54,18,1
,,,,,,,,,,,,Images/IncongruentLeft.jpeg,Incongruent Left,z,Q,18,Female,2021,N,Y,Chinese,English,N,2021-02-14_22h27.45.607,Tse_Altarriba_Simon1,2020.1.2,MacIntel,60,3292,,,m,0,0.403,,,,,,,,0,55,55,21,1
,,,,,,,,,,,,Images/NeurtalRight.jpeg,Neutral Right,m,Q,18,Female,2021,N,Y,Chinese,English,N,2021-02-14_22h27.45.607,Tse_Altarriba_Simon1,2020.1.2,MacIntel,60,3292,,,m,1,0.452,,,,,,,,0,56,56,57,1
,,,,,,,,,,,,Images/NeurtalRight.jpeg,Neutral Right,m,Q,18,Female,2021,N,Y,Chinese,English,N,2021-02-14_22h27.45.607,Tse_Altarriba_Simon1,2020.1.2,MacIntel,60,3292,,,m,1,0.447,,,,,,,,0,57,57,59,1
,,,,,,,,,,,,Images/IncongruentLeft.jpeg,Incongruent Left,z,Q,18,Female,2021,N,Y,Chinese,English,N,2021-02-14_22h27.45.607,Tse_Altarriba_Simon1,2020.1.2,MacIntel,60,3292,,,z,1,0.498,,,,,,,,0,58,58,28,1
,,,,,,,,,,,,Images/CongruentLeft.jpeg,Congruent Left,z,Q,18,Female,2021,N,Y,Chinese,English,N,2021-02-14_22h27.45.607,Tse_Altarriba_Simon1,2020.1.2,MacIntel,60,3292,,,z,1,0.486,,,,,,,,0,59,59,6,1
