Space1.keys,Space1.rt,Space2.keys,Space2.rt,response.keys,response.corr,response.rt,Practice_loop.thisRepN,Practice_loop.thisTrialN,Practice_loop.thisN,Practice_loop.thisIndex,Practice_loop.ran,ImageFile,Condition,CorrAns,Your initials,What is your age?,What is your gender?,What year are you in?,Are you Dyslexic? (Y/N),Are you bi/multilingual? (Y/N),What is your first language?,"What is your second language? (if you are monollingual, leave blank)",What other languages do you speak?,date,expName,psychopyVersion,OS,frameRate,participant,Space3.keys,Space3.rt,key_resp_2.keys,key_resp_2.corr,key_resp_2.rt,trials.thisRepN,trials.thisTrialN,trials.thisN,trials.thisIndex,trials.ran,Space4.keys,Space4.rt,trials_2.thisRepN,trials_2.thisTrialN,trials_2.thisN,trials_2.thisIndex,trials_2.ran
space,2.822195,space,28.403665,z,1,0.647965,0,0,0,0,1,Images/CongruentLeft.jpeg,Congruent Left,z,X,18,female,2003,no,no,Chinese,,English,2021-02-22_17h50.50.853,Tse_Altarriba_Simon1,2020.1.2,MacIntel,60,3295,,,,,,,,,,,,,,,,,
,,,,m,1,0.499035,0,1,1,10,1,Images/NeurtalRight.jpeg,Neutral Right,m,X,18,female,2003,no,no,Chinese,,English,2021-02-22_17h50.50.853,Tse_Altarriba_Simon1,2020.1.2,MacIntel,60,3295,,,,,,,,,,,,,,,,,
,,,,z,1,0.50935,0,2,2,8,1,Images/NeutralLeft.jpeg,Neutral Left,z,X,18,female,2003,no,no,Chinese,,English,2021-02-22_17h50.50.853,Tse_Altarriba_Simon1,2020.1.2,MacIntel,60,3295,,,,,,,,,,,,,,,,,
,,,,m,1,1.197625,0,3,3,6,1,Images/IncongruentRight.jpeg,Incongruent Right,m,X,18,female,2003,no,no,Chinese,,English,2021-02-22_17h50.50.853,Tse_Altarriba_Simon1,2020.1.2,MacIntel,60,3295,,,,,,,,,,,,,,,,,
,,,,z,1,0.582495,0,4,4,4,1,Images/IncongruentLeft.jpeg,Incongruent Left,z,X,18,female,2003,no,no,Chinese,,English,2021-02-22_17h50.50.853,Tse_Altarriba_Simon1,2020.1.2,MacIntel,60,3295,,,,,,,,,,,,,,,,,
,,,,z,1,0.532195,0,5,5,9,1,Images/NeutralLeft.jpeg,Neutral Left,z,X,18,female,2003,no,no,Chinese,,English,2021-02-22_17h50.50.853,Tse_Altarriba_Simon1,2020.1.2,MacIntel,60,3295,,,,,,,,,,,,,,,,,
,,,,m,1,0.880985,0,6,6,3,1,Images/CongruentRight.jpeg,Congruent Right,m,X,18,female,2003,no,no,Chinese,,English,2021-02-22_17h50.50.853,Tse_Altarriba_Simon1,2020.1.2,MacIntel,60,3295,,,,,,,,,,,,,,,,,
,,,,z,1,0.650405,0,7,7,1,1,Images/CongruentLeft.jpeg,Congruent Left,z,X,18,female,2003,no,no,Chinese,,English,2021-02-22_17h50.50.853,Tse_Altarriba_Simon1,2020.1.2,MacIntel,60,3295,,,,,,,,,,,,,,,,,
,,,,z,1,0.595085,0,8,8,5,1,Images/IncongruentLeft.jpeg,Incongruent Left,z,X,18,female,2003,no,no,Chinese,,English,2021-02-22_17h50.50.853,Tse_Altarriba_Simon1,2020.1.2,MacIntel,60,3295,,,,,,,,,,,,,,,,,
,,,,m,1,0.534175,0,9,9,7,1,Images/IncongruentRight.jpeg,Incongruent Right,m,X,18,female,2003,no,no,Chinese,,English,2021-02-22_17h50.50.853,Tse_Altarriba_Simon1,2020.1.2,MacIntel,60,3295,,,,,,,,,,,,,,,,,
,,,,m,1,0.832395,0,10,10,2,1,Images/CongruentRight.jpeg,Congruent Right,m,X,18,female,2003,no,no,Chinese,,English,2021-02-22_17h50.50.853,Tse_Altarriba_Simon1,2020.1.2,MacIntel,60,3295,,,,,,,,,,,,,,,,,
,,,,m,1,0.585075,0,11,11,11,1,Images/NeurtalRight.jpeg,Neutral Right,m,X,18,female,2003,no,no,Chinese,,English,2021-02-22_17h50.50.853,Tse_Altarriba_Simon1,2020.1.2,MacIntel,60,3295,,,,,,,,,,,,,,,,,
,,,,,,,,,,,,Images/CongruentRight.jpeg,Congruent Right,m,X,18,female,2003,no,no,Chinese,,English,2021-02-22_17h50.50.853,Tse_Altarriba_Simon1,2020.1.2,MacIntel,60,3295,space,9.845305,m,1,0.650195,0,0,0,10,1,,,,,,,
,,,,,,,,,,,,Images/IncongruentLeft.jpeg,Incongruent Left,z,X,18,female,2003,no,no,Chinese,,English,2021-02-22_17h50.50.853,Tse_Altarriba_Simon1,2020.1.2,MacIntel,60,3295,,,z,1,0.56333,0,1,1,25,1,,,,,,,
,,,,,,,,,,,,Images/NeurtalRight.jpeg,Neutral Right,m,X,18,female,2003,no,no,Chinese,,English,2021-02-22_17h50.50.853,Tse_Altarriba_Simon1,2020.1.2,MacIntel,60,3295,,,m,1,0.578835,0,2,2,59,1,,,,,,,
,,,,,,,,,,,,Images/NeutralLeft.jpeg,Neutral Left,z,X,18,female,2003,no,no,Chinese,,English,2021-02-22_17h50.50.853,Tse_Altarriba_Simon1,2020.1.2,MacIntel,60,3295,,,z,1,0.431665,0,3,3,48,1,,,,,,,
,,,,,,,,,,,,Images/CongruentLeft.jpeg,Congruent Left,z,X,18,female,2003,no,no,Chinese,,English,2021-02-22_17h50.50.853,Tse_Altarriba_Simon1,2020.1.2,MacIntel,60,3295,,,z,1,0.54959,0,4,4,5,1,,,,,,,
,,,,,,,,,,,,Images/IncongruentRight.jpeg,Incongruent Right,m,X,18,female,2003,no,no,Chinese,,English,2021-02-22_17h50.50.853,Tse_Altarriba_Simon1,2020.1.2,MacIntel,60,3295,,,m,1,0.498595,0,5,5,31,1,,,,,,,
,,,,,,,,,,,,Images/NeutralLeft.jpeg,Neutral Left,z,X,18,female,2003,no,no,Chinese,,English,2021-02-22_17h50.50.853,Tse_Altarriba_Simon1,2020.1.2,MacIntel,60,3295,,,z,1,0.42999,0,6,6,42,1,,,,,,,
,,,,,,,,,,,,Images/CongruentLeft.jpeg,Congruent Left,z,X,18,female,2003,no,no,Chinese,,English,2021-02-22_17h50.50.853,Tse_Altarriba_Simon1,2020.1.2,MacIntel,60,3295,,,z,1,0.48185,0,7,7,1,1,,,,,,,
,,,,,,,,,,,,Images/NeurtalRight.jpeg,Neutral Right,m,X,18,female,2003,no,no,Chinese,,English,2021-02-22_17h50.50.853,Tse_Altarriba_Simon1,2020.1.2,MacIntel,60,3295,,,m,1,0.429515,0,8,8,58,1,,,,,,,
,,,,,,,,,,,,Images/IncongruentRight.jpeg,Incongruent Right,m,X,18,female,2003,no,no,Chinese,,English,2021-02-22_17h50.50.853,Tse_Altarriba_Simon1,2020.1.2,MacIntel,60,3295,,,z,0,0.615475,0,9,9,34,1,,,,,,,
,,,,,,,,,,,,Images/IncongruentLeft.jpeg,Incongruent Left,z,X,18,female,2003,no,no,Chinese,,English,2021-02-22_17h50.50.853,Tse_Altarriba_Simon1,2020.1.2,MacIntel,60,3295,,,m,0,0.78284,0,10,10,27,1,,,,,,,
,,,,,,,,,,,,Images/CongruentRight.jpeg,Congruent Right,m,X,18,female,2003,no,no,Chinese,,English,2021-02-22_17h50.50.853,Tse_Altarriba_Simon1,2020.1.2,MacIntel,60,3295,,,m,1,0.73298,0,11,11,17,1,,,,,,,
,,,,,,,,,,,,Images/NeurtalRight.jpeg,Neutral Right,m,X,18,female,2003,no,no,Chinese,,English,2021-02-22_17h50.50.853,Tse_Altarriba_Simon1,2020.1.2,MacIntel,60,3295,,,m,1,0.666655,0,12,12,57,1,,,,,,,
,,,,,,,,,,,,Images/NeurtalRight.jpeg,Neutral Right,m,X,18,female,2003,no,no,Chinese,,English,2021-02-22_17h50.50.853,Tse_Altarriba_Simon1,2020.1.2,MacIntel,60,3295,,,m,1,0.53321,0,13,13,55,1,,,,,,,
,,,,,,,,,,,,Images/IncongruentRight.jpeg,Incongruent Right,m,X,18,female,2003,no,no,Chinese,,English,2021-02-22_17h50.50.853,Tse_Altarriba_Simon1,2020.1.2,MacIntel,60,3295,,,z,0,0.58344,0,14,14,36,1,,,,,,,
,,,,,,,,,,,,Images/NeurtalRight.jpeg,Neutral Right,m,X,18,female,2003,no,no,Chinese,,English,2021-02-22_17h50.50.853,Tse_Altarriba_Simon1,2020.1.2,MacIntel,60,3295,,,m,1,0.56383,0,15,15,52,1,,,,,,,
,,,,,,,,,,,,Images/NeutralLeft.jpeg,Neutral Left,z,X,18,female,2003,no,no,Chinese,,English,2021-02-22_17h50.50.853,Tse_Altarriba_Simon1,2020.1.2,MacIntel,60,3295,,,z,1,0.54904,0,16,16,49,1,,,,,,,
,,,,,,,,,,,,Images/IncongruentRight.jpeg,Incongruent Right,m,X,18,female,2003,no,no,Chinese,,English,2021-02-22_17h50.50.853,Tse_Altarriba_Simon1,2020.1.2,MacIntel,60,3295,,,m,1,0.54945,0,17,17,37,1,,,,,,,
,,,,,,,,,,,,Images/CongruentLeft.jpeg,Congruent Left,z,X,18,female,2003,no,no,Chinese,,English,2021-02-22_17h50.50.853,Tse_Altarriba_Simon1,2020.1.2,MacIntel,60,3295,,,z,1,0.86843,0,18,18,2,1,,,,,,,
,,,,,,,,,,,,Images/NeutralLeft.jpeg,Neutral Left,z,X,18,female,2003,no,no,Chinese,,English,2021-02-22_17h50.50.853,Tse_Altarriba_Simon1,2020.1.2,MacIntel,60,3295,,,z,1,0.58352,0,19,19,41,1,,,,,,,
,,,,,,,,,,,,Images/IncongruentRight.jpeg,Incongruent Right,m,X,18,female,2003,no,no,Chinese,,English,2021-02-22_17h50.50.853,Tse_Altarriba_Simon1,2020.1.2,MacIntel,60,3295,,,m,1,0.476675,0,20,20,33,1,,,,,,,
,,,,,,,,,,,,Images/IncongruentLeft.jpeg,Incongruent Left,z,X,18,female,2003,no,no,Chinese,,English,2021-02-22_17h50.50.853,Tse_Altarriba_Simon1,2020.1.2,MacIntel,60,3295,,,z,1,0.41674,0,21,21,20,1,,,,,,,
,,,,,,,,,,,,Images/IncongruentRight.jpeg,Incongruent Right,m,X,18,female,2003,no,no,Chinese,,English,2021-02-22_17h50.50.853,Tse_Altarriba_Simon1,2020.1.2,MacIntel,60,3295,,,m,1,0.45046,0,22,22,38,1,,,,,,,
,,,,,,,,,,,,Images/CongruentLeft.jpeg,Congruent Left,z,X,18,female,2003,no,no,Chinese,,English,2021-02-22_17h50.50.853,Tse_Altarriba_Simon1,2020.1.2,MacIntel,60,3295,,,z,1,0.499565,0,23,23,4,1,,,,,,,
,,,,,,,,,,,,Images/CongruentLeft.jpeg,Congruent Left,z,X,18,female,2003,no,no,Chinese,,English,2021-02-22_17h50.50.853,Tse_Altarriba_Simon1,2020.1.2,MacIntel,60,3295,,,z,1,0.551145,0,24,24,3,1,,,,,,,
,,,,,,,,,,,,Images/CongruentRight.jpeg,Congruent Right,m,X,18,female,2003,no,no,Chinese,,English,2021-02-22_17h50.50.853,Tse_Altarriba_Simon1,2020.1.2,MacIntel,60,3295,,,m,1,0.644725,0,25,25,12,1,,,,,,,
,,,,,,,,,,,,Images/CongruentLeft.jpeg,Congruent Left,z,X,18,female,2003,no,no,Chinese,,English,2021-02-22_17h50.50.853,Tse_Altarriba_Simon1,2020.1.2,MacIntel,60,3295,,,z,1,0.51187,0,26,26,9,1,,,,,,,
,,,,,,,,,,,,Images/NeutralLeft.jpeg,Neutral Left,z,X,18,female,2003,no,no,Chinese,,English,2021-02-22_17h50.50.853,Tse_Altarriba_Simon1,2020.1.2,MacIntel,60,3295,,,z,1,0.46875,0,27,27,47,1,,,,,,,
,,,,,,,,,,,,Images/NeutralLeft.jpeg,Neutral Left,z,X,18,female,2003,no,no,Chinese,,English,2021-02-22_17h50.50.853,Tse_Altarriba_Simon1,2020.1.2,MacIntel,60,3295,,,z,1,0.4495,0,28,28,44,1,,,,,,,
,,,,,,,,,,,,Images/CongruentRight.jpeg,Congruent Right,m,X,18,female,2003,no,no,Chinese,,English,2021-02-22_17h50.50.853,Tse_Altarriba_Simon1,2020.1.2,MacIntel,60,3295,,,m,1,0.593085,0,29,29,18,1,,,,,,,
,,,,,,,,,,,,Images/NeutralLeft.jpeg,Neutral Left,z,X,18,female,2003,no,no,Chinese,,English,2021-02-22_17h50.50.853,Tse_Altarriba_Simon1,2020.1.2,MacIntel,60,3295,,,z,1,0.533735,0,30,30,45,1,,,,,,,
,,,,,,,,,,,,Images/NeurtalRight.jpeg,Neutral Right,m,X,18,female,2003,no,no,Chinese,,English,2021-02-22_17h50.50.853,Tse_Altarriba_Simon1,2020.1.2,MacIntel,60,3295,,,m,1,0.49781,0,31,31,51,1,,,,,,,
,,,,,,,,,,,,Images/IncongruentRight.jpeg,Incongruent Right,m,X,18,female,2003,no,no,Chinese,,English,2021-02-22_17h50.50.853,Tse_Altarriba_Simon1,2020.1.2,MacIntel,60,3295,,,m,1,0.631245,0,32,32,30,1,,,,,,,
,,,,,,,,,,,,Images/NeutralLeft.jpeg,Neutral Left,z,X,18,female,2003,no,no,Chinese,,English,2021-02-22_17h50.50.853,Tse_Altarriba_Simon1,2020.1.2,MacIntel,60,3295,,,z,1,0.449135,0,33,33,40,1,,,,,,,
,,,,,,,,,,,,Images/NeutralLeft.jpeg,Neutral Left,z,X,18,female,2003,no,no,Chinese,,English,2021-02-22_17h50.50.853,Tse_Altarriba_Simon1,2020.1.2,MacIntel,60,3295,,,z,1,0.448445,0,34,34,43,1,,,,,,,
,,,,,,,,,,,,Images/NeurtalRight.jpeg,Neutral Right,m,X,18,female,2003,no,no,Chinese,,English,2021-02-22_17h50.50.853,Tse_Altarriba_Simon1,2020.1.2,MacIntel,60,3295,,,m,1,0.412725,0,35,35,54,1,,,,,,,
,,,,,,,,,,,,Images/NeurtalRight.jpeg,Neutral Right,m,X,18,female,2003,no,no,Chinese,,English,2021-02-22_17h50.50.853,Tse_Altarriba_Simon1,2020.1.2,MacIntel,60,3295,,,m,1,0.500925,0,36,36,56,1,,,,,,,
,,,,,,,,,,,,Images/IncongruentLeft.jpeg,Incongruent Left,z,X,18,female,2003,no,no,Chinese,,English,2021-02-22_17h50.50.853,Tse_Altarriba_Simon1,2020.1.2,MacIntel,60,3295,,,z,1,0.532575,0,37,37,29,1,,,,,,,
,,,,,,,,,,,,Images/NeurtalRight.jpeg,Neutral Right,m,X,18,female,2003,no,no,Chinese,,English,2021-02-22_17h50.50.853,Tse_Altarriba_Simon1,2020.1.2,MacIntel,60,3295,,,m,1,0.534895,0,38,38,50,1,,,,,,,
,,,,,,,,,,,,Images/CongruentLeft.jpeg,Congruent Left,z,X,18,female,2003,no,no,Chinese,,English,2021-02-22_17h50.50.853,Tse_Altarriba_Simon1,2020.1.2,MacIntel,60,3295,,,z,1,0.583755,0,39,39,7,1,,,,,,,
,,,,,,,,,,,,Images/IncongruentRight.jpeg,Incongruent Right,m,X,18,female,2003,no,no,Chinese,,English,2021-02-22_17h50.50.853,Tse_Altarriba_Simon1,2020.1.2,MacIntel,60,3295,,,m,1,0.48384,0,40,40,39,1,,,,,,,
,,,,,,,,,,,,Images/CongruentRight.jpeg,Congruent Right,m,X,18,female,2003,no,no,Chinese,,English,2021-02-22_17h50.50.853,Tse_Altarriba_Simon1,2020.1.2,MacIntel,60,3295,,,m,1,0.420145,0,41,41,14,1,,,,,,,
,,,,,,,,,,,,Images/IncongruentRight.jpeg,Incongruent Right,m,X,18,female,2003,no,no,Chinese,,English,2021-02-22_17h50.50.853,Tse_Altarriba_Simon1,2020.1.2,MacIntel,60,3295,,,m,1,0.510975,0,42,42,32,1,,,,,,,
,,,,,,,,,,,,Images/IncongruentLeft.jpeg,Incongruent Left,z,X,18,female,2003,no,no,Chinese,,English,2021-02-22_17h50.50.853,Tse_Altarriba_Simon1,2020.1.2,MacIntel,60,3295,,,z,1,0.54367,0,43,43,24,1,,,,,,,
,,,,,,,,,,,,Images/CongruentRight.jpeg,Congruent Right,m,X,18,female,2003,no,no,Chinese,,English,2021-02-22_17h50.50.853,Tse_Altarriba_Simon1,2020.1.2,MacIntel,60,3295,,,m,1,0.632835,0,44,44,16,1,,,,,,,
,,,,,,,,,,,,Images/IncongruentLeft.jpeg,Incongruent Left,z,X,18,female,2003,no,no,Chinese,,English,2021-02-22_17h50.50.853,Tse_Altarriba_Simon1,2020.1.2,MacIntel,60,3295,,,z,1,0.62711,0,45,45,21,1,,,,,,,
,,,,,,,,,,,,Images/CongruentRight.jpeg,Congruent Right,m,X,18,female,2003,no,no,Chinese,,English,2021-02-22_17h50.50.853,Tse_Altarriba_Simon1,2020.1.2,MacIntel,60,3295,,,m,1,0.51651,0,46,46,19,1,,,,,,,
,,,,,,,,,,,,Images/IncongruentLeft.jpeg,Incongruent Left,z,X,18,female,2003,no,no,Chinese,,English,2021-02-22_17h50.50.853,Tse_Altarriba_Simon1,2020.1.2,MacIntel,60,3295,,,z,1,0.500135,0,47,47,22,1,,,,,,,
,,,,,,,,,,,,Images/NeurtalRight.jpeg,Neutral Right,m,X,18,female,2003,no,no,Chinese,,English,2021-02-22_17h50.50.853,Tse_Altarriba_Simon1,2020.1.2,MacIntel,60,3295,,,m,1,0.46554,0,48,48,53,1,,,,,,,
,,,,,,,,,,,,Images/NeutralLeft.jpeg,Neutral Left,z,X,18,female,2003,no,no,Chinese,,English,2021-02-22_17h50.50.853,Tse_Altarriba_Simon1,2020.1.2,MacIntel,60,3295,,,z,1,0.43311,0,49,49,46,1,,,,,,,
,,,,,,,,,,,,Images/CongruentLeft.jpeg,Congruent Left,z,X,18,female,2003,no,no,Chinese,,English,2021-02-22_17h50.50.853,Tse_Altarriba_Simon1,2020.1.2,MacIntel,60,3295,,,z,1,0.520875,0,50,50,0,1,,,,,,,
,,,,,,,,,,,,Images/CongruentRight.jpeg,Congruent Right,m,X,18,female,2003,no,no,Chinese,,English,2021-02-22_17h50.50.853,Tse_Altarriba_Simon1,2020.1.2,MacIntel,60,3295,,,m,1,0.41798,0,51,51,13,1,,,,,,,
,,,,,,,,,,,,Images/IncongruentRight.jpeg,Incongruent Right,m,X,18,female,2003,no,no,Chinese,,English,2021-02-22_17h50.50.853,Tse_Altarriba_Simon1,2020.1.2,MacIntel,60,3295,,,z,0,0.36773,0,52,52,35,1,,,,,,,
,,,,,,,,,,,,Images/CongruentLeft.jpeg,Congruent Left,z,X,18,female,2003,no,no,Chinese,,English,2021-02-22_17h50.50.853,Tse_Altarriba_Simon1,2020.1.2,MacIntel,60,3295,,,z,1,0.545285,0,53,53,8,1,,,,,,,
,,,,,,,,,,,,Images/IncongruentLeft.jpeg,Incongruent Left,z,X,18,female,2003,no,no,Chinese,,English,2021-02-22_17h50.50.853,Tse_Altarriba_Simon1,2020.1.2,MacIntel,60,3295,,,z,1,0.5958,0,54,54,28,1,,,,,,,
,,,,,,,,,,,,Images/CongruentLeft.jpeg,Congruent Left,z,X,18,female,2003,no,no,Chinese,,English,2021-02-22_17h50.50.853,Tse_Altarriba_Simon1,2020.1.2,MacIntel,60,3295,,,z,1,0.485035,0,55,55,6,1,,,,,,,
,,,,,,,,,,,,Images/IncongruentLeft.jpeg,Incongruent Left,z,X,18,female,2003,no,no,Chinese,,English,2021-02-22_17h50.50.853,Tse_Altarriba_Simon1,2020.1.2,MacIntel,60,3295,,,z,1,0.61772,0,56,56,23,1,,,,,,,
,,,,,,,,,,,,Images/CongruentRight.jpeg,Congruent Right,m,X,18,female,2003,no,no,Chinese,,English,2021-02-22_17h50.50.853,Tse_Altarriba_Simon1,2020.1.2,MacIntel,60,3295,,,m,1,0.5157,0,57,57,11,1,,,,,,,
,,,,,,,,,,,,Images/CongruentRight.jpeg,Congruent Right,m,X,18,female,2003,no,no,Chinese,,English,2021-02-22_17h50.50.853,Tse_Altarriba_Simon1,2020.1.2,MacIntel,60,3295,,,m,1,0.484335,0,58,58,15,1,,,,,,,
,,,,,,,,,,,,Images/IncongruentLeft.jpeg,Incongruent Left,z,X,18,female,2003,no,no,Chinese,,English,2021-02-22_17h50.50.853,Tse_Altarriba_Simon1,2020.1.2,MacIntel,60,3295,,,z,1,0.469515,0,59,59,26,1,,,,,,,
,,,,,,,,,,,,Images/IncongruentLeft.jpeg,Incongruent Left,z,X,18,female,2003,no,no,Chinese,,English,2021-02-22_17h50.50.853,Tse_Altarriba_Simon1,2020.1.2,MacIntel,60,3295,,,z,1,0.469835,,,,,,space,4.86725,0,0,0,22,1
,,,,,,,,,,,,Images/CongruentLeft.jpeg,Congruent Left,z,X,18,female,2003,no,no,Chinese,,English,2021-02-22_17h50.50.853,Tse_Altarriba_Simon1,2020.1.2,MacIntel,60,3295,,,z,1,0.414555,,,,,,,,0,1,1,7,1
,,,,,,,,,,,,Images/CongruentRight.jpeg,Congruent Right,m,X,18,female,2003,no,no,Chinese,,English,2021-02-22_17h50.50.853,Tse_Altarriba_Simon1,2020.1.2,MacIntel,60,3295,,,m,1,0.416745,,,,,,,,0,2,2,18,1
,,,,,,,,,,,,Images/CongruentRight.jpeg,Congruent Right,m,X,18,female,2003,no,no,Chinese,,English,2021-02-22_17h50.50.853,Tse_Altarriba_Simon1,2020.1.2,MacIntel,60,3295,,,m,1,0.44602,,,,,,,,0,3,3,13,1
,,,,,,,,,,,,Images/IncongruentRight.jpeg,Incongruent Right,m,X,18,female,2003,no,no,Chinese,,English,2021-02-22_17h50.50.853,Tse_Altarriba_Simon1,2020.1.2,MacIntel,60,3295,,,m,1,0.5168,,,,,,,,0,4,4,31,1
,,,,,,,,,,,,Images/CongruentLeft.jpeg,Congruent Left,z,X,18,female,2003,no,no,Chinese,,English,2021-02-22_17h50.50.853,Tse_Altarriba_Simon1,2020.1.2,MacIntel,60,3295,,,z,1,0.4522,,,,,,,,0,5,5,2,1
,,,,,,,,,,,,Images/IncongruentLeft.jpeg,Incongruent Left,z,X,18,female,2003,no,no,Chinese,,English,2021-02-22_17h50.50.853,Tse_Altarriba_Simon1,2020.1.2,MacIntel,60,3295,,,z,1,0.50055,,,,,,,,0,6,6,26,1
,,,,,,,,,,,,Images/CongruentLeft.jpeg,Congruent Left,z,X,18,female,2003,no,no,Chinese,,English,2021-02-22_17h50.50.853,Tse_Altarriba_Simon1,2020.1.2,MacIntel,60,3295,,,z,1,0.41476,,,,,,,,0,7,7,6,1
,,,,,,,,,,,,Images/IncongruentLeft.jpeg,Incongruent Left,z,X,18,female,2003,no,no,Chinese,,English,2021-02-22_17h50.50.853,Tse_Altarriba_Simon1,2020.1.2,MacIntel,60,3295,,,z,1,0.499235,,,,,,,,0,8,8,28,1
,,,,,,,,,,,,Images/IncongruentRight.jpeg,Incongruent Right,m,X,18,female,2003,no,no,Chinese,,English,2021-02-22_17h50.50.853,Tse_Altarriba_Simon1,2020.1.2,MacIntel,60,3295,,,m,1,0.48511,,,,,,,,0,9,9,32,1
,,,,,,,,,,,,Images/CongruentLeft.jpeg,Congruent Left,z,X,18,female,2003,no,no,Chinese,,English,2021-02-22_17h50.50.853,Tse_Altarriba_Simon1,2020.1.2,MacIntel,60,3295,,,z,1,0.468575,,,,,,,,0,10,10,0,1
,,,,,,,,,,,,Images/IncongruentRight.jpeg,Incongruent Right,m,X,18,female,2003,no,no,Chinese,,English,2021-02-22_17h50.50.853,Tse_Altarriba_Simon1,2020.1.2,MacIntel,60,3295,,,m,1,0.450375,,,,,,,,0,11,11,37,1
,,,,,,,,,,,,Images/NeurtalRight.jpeg,Neutral Right,m,X,18,female,2003,no,no,Chinese,,English,2021-02-22_17h50.50.853,Tse_Altarriba_Simon1,2020.1.2,MacIntel,60,3295,,,m,1,0.48442,,,,,,,,0,12,12,56,1
,,,,,,,,,,,,Images/CongruentRight.jpeg,Congruent Right,m,X,18,female,2003,no,no,Chinese,,English,2021-02-22_17h50.50.853,Tse_Altarriba_Simon1,2020.1.2,MacIntel,60,3295,,,m,1,0.468675,,,,,,,,0,13,13,14,1
,,,,,,,,,,,,Images/IncongruentLeft.jpeg,Incongruent Left,z,X,18,female,2003,no,no,Chinese,,English,2021-02-22_17h50.50.853,Tse_Altarriba_Simon1,2020.1.2,MacIntel,60,3295,,,z,1,0.445795,,,,,,,,0,14,14,27,1
,,,,,,,,,,,,Images/IncongruentLeft.jpeg,Incongruent Left,z,X,18,female,2003,no,no,Chinese,,English,2021-02-22_17h50.50.853,Tse_Altarriba_Simon1,2020.1.2,MacIntel,60,3295,,,z,1,0.417335,,,,,,,,0,15,15,21,1
,,,,,,,,,,,,Images/NeutralLeft.jpeg,Neutral Left,z,X,18,female,2003,no,no,Chinese,,English,2021-02-22_17h50.50.853,Tse_Altarriba_Simon1,2020.1.2,MacIntel,60,3295,,,z,1,0.41758,,,,,,,,0,16,16,45,1
,,,,,,,,,,,,Images/CongruentLeft.jpeg,Congruent Left,z,X,18,female,2003,no,no,Chinese,,English,2021-02-22_17h50.50.853,Tse_Altarriba_Simon1,2020.1.2,MacIntel,60,3295,,,z,1,0.38309,,,,,,,,0,17,17,4,1
,,,,,,,,,,,,Images/NeutralLeft.jpeg,Neutral Left,z,X,18,female,2003,no,no,Chinese,,English,2021-02-22_17h50.50.853,Tse_Altarriba_Simon1,2020.1.2,MacIntel,60,3295,,,z,1,0.416885,,,,,,,,0,18,18,42,1
,,,,,,,,,,,,Images/IncongruentLeft.jpeg,Incongruent Left,z,X,18,female,2003,no,no,Chinese,,English,2021-02-22_17h50.50.853,Tse_Altarriba_Simon1,2020.1.2,MacIntel,60,3295,,,z,1,0.483255,,,,,,,,0,19,19,25,1
,,,,,,,,,,,,Images/NeutralLeft.jpeg,Neutral Left,z,X,18,female,2003,no,no,Chinese,,English,2021-02-22_17h50.50.853,Tse_Altarriba_Simon1,2020.1.2,MacIntel,60,3295,,,z,1,0.343425,,,,,,,,0,20,20,48,1
,,,,,,,,,,,,Images/IncongruentLeft.jpeg,Incongruent Left,z,X,18,female,2003,no,no,Chinese,,English,2021-02-22_17h50.50.853,Tse_Altarriba_Simon1,2020.1.2,MacIntel,60,3295,,,z,1,0.46482,,,,,,,,0,21,21,20,1
,,,,,,,,,,,,Images/IncongruentLeft.jpeg,Incongruent Left,z,X,18,female,2003,no,no,Chinese,,English,2021-02-22_17h50.50.853,Tse_Altarriba_Simon1,2020.1.2,MacIntel,60,3295,,,z,1,0.398985,,,,,,,,0,22,22,29,1
,,,,,,,,,,,,Images/CongruentRight.jpeg,Congruent Right,m,X,18,female,2003,no,no,Chinese,,English,2021-02-22_17h50.50.853,Tse_Altarriba_Simon1,2020.1.2,MacIntel,60,3295,,,m,1,0.534765,,,,,,,,0,23,23,16,1
,,,,,,,,,,,,Images/IncongruentLeft.jpeg,Incongruent Left,z,X,18,female,2003,no,no,Chinese,,English,2021-02-22_17h50.50.853,Tse_Altarriba_Simon1,2020.1.2,MacIntel,60,3295,,,z,1,0.667515,,,,,,,,0,24,24,24,1
,,,,,,,,,,,,Images/CongruentRight.jpeg,Congruent Right,m,X,18,female,2003,no,no,Chinese,,English,2021-02-22_17h50.50.853,Tse_Altarriba_Simon1,2020.1.2,MacIntel,60,3295,,,m,1,0.549445,,,,,,,,0,25,25,12,1
,,,,,,,,,,,,Images/CongruentLeft.jpeg,Congruent Left,z,X,18,female,2003,no,no,Chinese,,English,2021-02-22_17h50.50.853,Tse_Altarriba_Simon1,2020.1.2,MacIntel,60,3295,,,z,1,0.39981,,,,,,,,0,26,26,1,1
,,,,,,,,,,,,Images/NeutralLeft.jpeg,Neutral Left,z,X,18,female,2003,no,no,Chinese,,English,2021-02-22_17h50.50.853,Tse_Altarriba_Simon1,2020.1.2,MacIntel,60,3295,,,z,1,0.415925,,,,,,,,0,27,27,46,1
,,,,,,,,,,,,Images/NeutralLeft.jpeg,Neutral Left,z,X,18,female,2003,no,no,Chinese,,English,2021-02-22_17h50.50.853,Tse_Altarriba_Simon1,2020.1.2,MacIntel,60,3295,,,z,1,0.40428,,,,,,,,0,28,28,40,1
,,,,,,,,,,,,Images/CongruentRight.jpeg,Congruent Right,m,X,18,female,2003,no,no,Chinese,,English,2021-02-22_17h50.50.853,Tse_Altarriba_Simon1,2020.1.2,MacIntel,60,3295,,,m,1,0.379195,,,,,,,,0,29,29,10,1
,,,,,,,,,,,,Images/NeutralLeft.jpeg,Neutral Left,z,X,18,female,2003,no,no,Chinese,,English,2021-02-22_17h50.50.853,Tse_Altarriba_Simon1,2020.1.2,MacIntel,60,3295,,,z,1,0.335125,,,,,,,,0,30,30,47,1
,,,,,,,,,,,,Images/IncongruentRight.jpeg,Incongruent Right,m,X,18,female,2003,no,no,Chinese,,English,2021-02-22_17h50.50.853,Tse_Altarriba_Simon1,2020.1.2,MacIntel,60,3295,,,m,1,0.549105,,,,,,,,0,31,31,38,1
,,,,,,,,,,,,Images/NeurtalRight.jpeg,Neutral Right,m,X,18,female,2003,no,no,Chinese,,English,2021-02-22_17h50.50.853,Tse_Altarriba_Simon1,2020.1.2,MacIntel,60,3295,,,m,1,0.43537,,,,,,,,0,32,32,55,1
,,,,,,,,,,,,Images/CongruentRight.jpeg,Congruent Right,m,X,18,female,2003,no,no,Chinese,,English,2021-02-22_17h50.50.853,Tse_Altarriba_Simon1,2020.1.2,MacIntel,60,3295,,,m,1,0.434685,,,,,,,,0,33,33,15,1
,,,,,,,,,,,,Images/IncongruentRight.jpeg,Incongruent Right,m,X,18,female,2003,no,no,Chinese,,English,2021-02-22_17h50.50.853,Tse_Altarriba_Simon1,2020.1.2,MacIntel,60,3295,,,m,1,0.51196,,,,,,,,0,34,34,34,1
,,,,,,,,,,,,Images/IncongruentRight.jpeg,Incongruent Right,m,X,18,female,2003,no,no,Chinese,,English,2021-02-22_17h50.50.853,Tse_Altarriba_Simon1,2020.1.2,MacIntel,60,3295,,,m,1,0.46732,,,,,,,,0,35,35,39,1
,,,,,,,,,,,,Images/IncongruentRight.jpeg,Incongruent Right,m,X,18,female,2003,no,no,Chinese,,English,2021-02-22_17h50.50.853,Tse_Altarriba_Simon1,2020.1.2,MacIntel,60,3295,,,m,1,0.382815,,,,,,,,0,36,36,36,1
,,,,,,,,,,,,Images/NeurtalRight.jpeg,Neutral Right,m,X,18,female,2003,no,no,Chinese,,English,2021-02-22_17h50.50.853,Tse_Altarriba_Simon1,2020.1.2,MacIntel,60,3295,,,m,1,0.434645,,,,,,,,0,37,37,50,1
,,,,,,,,,,,,Images/NeurtalRight.jpeg,Neutral Right,m,X,18,female,2003,no,no,Chinese,,English,2021-02-22_17h50.50.853,Tse_Altarriba_Simon1,2020.1.2,MacIntel,60,3295,,,m,1,0.351015,,,,,,,,0,38,38,52,1
,,,,,,,,,,,,Images/IncongruentRight.jpeg,Incongruent Right,m,X,18,female,2003,no,no,Chinese,,English,2021-02-22_17h50.50.853,Tse_Altarriba_Simon1,2020.1.2,MacIntel,60,3295,,,m,1,0.40212,,,,,,,,0,39,39,33,1
,,,,,,,,,,,,Images/CongruentLeft.jpeg,Congruent Left,z,X,18,female,2003,no,no,Chinese,,English,2021-02-22_17h50.50.853,Tse_Altarriba_Simon1,2020.1.2,MacIntel,60,3295,,,z,1,0.448595,,,,,,,,0,40,40,3,1
,,,,,,,,,,,,Images/IncongruentRight.jpeg,Incongruent Right,m,X,18,female,2003,no,no,Chinese,,English,2021-02-22_17h50.50.853,Tse_Altarriba_Simon1,2020.1.2,MacIntel,60,3295,,,m,1,0.41625,,,,,,,,0,41,41,35,1
,,,,,,,,,,,,Images/CongruentLeft.jpeg,Congruent Left,z,X,18,female,2003,no,no,Chinese,,English,2021-02-22_17h50.50.853,Tse_Altarriba_Simon1,2020.1.2,MacIntel,60,3295,,,z,1,0.39829,,,,,,,,0,42,42,9,1
,,,,,,,,,,,,Images/NeurtalRight.jpeg,Neutral Right,m,X,18,female,2003,no,no,Chinese,,English,2021-02-22_17h50.50.853,Tse_Altarriba_Simon1,2020.1.2,MacIntel,60,3295,,,m,1,0.412015,,,,,,,,0,43,43,58,1
,,,,,,,,,,,,Images/CongruentRight.jpeg,Congruent Right,m,X,18,female,2003,no,no,Chinese,,English,2021-02-22_17h50.50.853,Tse_Altarriba_Simon1,2020.1.2,MacIntel,60,3295,,,m,1,0.400145,,,,,,,,0,44,44,17,1
,,,,,,,,,,,,Images/NeurtalRight.jpeg,Neutral Right,m,X,18,female,2003,no,no,Chinese,,English,2021-02-22_17h50.50.853,Tse_Altarriba_Simon1,2020.1.2,MacIntel,60,3295,,,m,1,0.415015,,,,,,,,0,45,45,54,1
,,,,,,,,,,,,Images/NeutralLeft.jpeg,Neutral Left,z,X,18,female,2003,no,no,Chinese,,English,2021-02-22_17h50.50.853,Tse_Altarriba_Simon1,2020.1.2,MacIntel,60,3295,,,z,1,0.46194,,,,,,,,0,46,46,41,1
,,,,,,,,,,,,Images/IncongruentLeft.jpeg,Incongruent Left,z,X,18,female,2003,no,no,Chinese,,English,2021-02-22_17h50.50.853,Tse_Altarriba_Simon1,2020.1.2,MacIntel,60,3295,,,z,1,0.53263,,,,,,,,0,47,47,23,1
,,,,,,,,,,,,Images/CongruentRight.jpeg,Congruent Right,m,X,18,female,2003,no,no,Chinese,,English,2021-02-22_17h50.50.853,Tse_Altarriba_Simon1,2020.1.2,MacIntel,60,3295,,,m,1,0.40177,,,,,,,,0,48,48,11,1
,,,,,,,,,,,,Images/IncongruentRight.jpeg,Incongruent Right,m,X,18,female,2003,no,no,Chinese,,English,2021-02-22_17h50.50.853,Tse_Altarriba_Simon1,2020.1.2,MacIntel,60,3295,,,m,1,0.51544,,,,,,,,0,49,49,30,1
,,,,,,,,,,,,Images/CongruentLeft.jpeg,Congruent Left,z,X,18,female,2003,no,no,Chinese,,English,2021-02-22_17h50.50.853,Tse_Altarriba_Simon1,2020.1.2,MacIntel,60,3295,,,z,1,0.378355,,,,,,,,0,50,50,5,1
,,,,,,,,,,,,Images/NeurtalRight.jpeg,Neutral Right,m,X,18,female,2003,no,no,Chinese,,English,2021-02-22_17h50.50.853,Tse_Altarriba_Simon1,2020.1.2,MacIntel,60,3295,,,m,1,0.41734,,,,,,,,0,51,51,59,1
,,,,,,,,,,,,Images/NeurtalRight.jpeg,Neutral Right,m,X,18,female,2003,no,no,Chinese,,English,2021-02-22_17h50.50.853,Tse_Altarriba_Simon1,2020.1.2,MacIntel,60,3295,,,m,1,0.41438,,,,,,,,0,52,52,53,1
,,,,,,,,,,,,Images/NeutralLeft.jpeg,Neutral Left,z,X,18,female,2003,no,no,Chinese,,English,2021-02-22_17h50.50.853,Tse_Altarriba_Simon1,2020.1.2,MacIntel,60,3295,,,z,1,0.364995,,,,,,,,0,53,53,43,1
,,,,,,,,,,,,Images/NeurtalRight.jpeg,Neutral Right,m,X,18,female,2003,no,no,Chinese,,English,2021-02-22_17h50.50.853,Tse_Altarriba_Simon1,2020.1.2,MacIntel,60,3295,,,m,1,0.498185,,,,,,,,0,54,54,57,1
,,,,,,,,,,,,Images/CongruentRight.jpeg,Congruent Right,m,X,18,female,2003,no,no,Chinese,,English,2021-02-22_17h50.50.853,Tse_Altarriba_Simon1,2020.1.2,MacIntel,60,3295,,,m,1,0.41559,,,,,,,,0,55,55,19,1
,,,,,,,,,,,,Images/NeutralLeft.jpeg,Neutral Left,z,X,18,female,2003,no,no,Chinese,,English,2021-02-22_17h50.50.853,Tse_Altarriba_Simon1,2020.1.2,MacIntel,60,3295,,,z,1,0.433565,,,,,,,,0,56,56,49,1
,,,,,,,,,,,,Images/CongruentLeft.jpeg,Congruent Left,z,X,18,female,2003,no,no,Chinese,,English,2021-02-22_17h50.50.853,Tse_Altarriba_Simon1,2020.1.2,MacIntel,60,3295,,,z,1,0.48375,,,,,,,,0,57,57,8,1
,,,,,,,,,,,,Images/NeutralLeft.jpeg,Neutral Left,z,X,18,female,2003,no,no,Chinese,,English,2021-02-22_17h50.50.853,Tse_Altarriba_Simon1,2020.1.2,MacIntel,60,3295,,,z,1,0.4993,,,,,,,,0,58,58,44,1
,,,,,,,,,,,,Images/NeurtalRight.jpeg,Neutral Right,m,X,18,female,2003,no,no,Chinese,,English,2021-02-22_17h50.50.853,Tse_Altarriba_Simon1,2020.1.2,MacIntel,60,3295,,,m,1,0.43194,,,,,,,,0,59,59,51,1
