Space1.keys,Space1.rt,Space2.keys,Space2.rt,response.keys,response.corr,response.rt,Practice_loop.thisRepN,Practice_loop.thisTrialN,Practice_loop.thisN,Practice_loop.thisIndex,Practice_loop.ran,ImageFile,Condition,CorrAns,Your initials,What is your age?,What is your gender?,What year are you in?,Are you Dyslexic? (Y/N),Are you bi/multilingual? (Y/N),What is your first language?,"What is your second language? (if you are monollingual, leave blank)",What other languages do you speak?,date,expName,psychopyVersion,OS,frameRate,participant,Space3.keys,Space3.rt,key_resp_2.keys,key_resp_2.corr,key_resp_2.rt,trials.thisRepN,trials.thisTrialN,trials.thisN,trials.thisIndex,trials.ran,Space4.keys,Space4.rt,trials_2.thisRepN,trials_2.thisTrialN,trials_2.thisN,trials_2.thisIndex,trials_2.ran
space,3.80199,space,17.117055,m,1,0.651305,0,0,0,7,1,Images/IncongruentRight.jpeg,Incongruent Right,m,AB,26,female,1,N,N,English,,,2021-02-20_17h01.25.126,Tse_Altarriba_Simon1,2020.1.2,Win32,60,3310,,,,,,,,,,,,,,,,,
,,,,z,1,0.45924,0,1,1,0,1,Images/CongruentLeft.jpeg,Congruent Left,z,AB,26,female,1,N,N,English,,,2021-02-20_17h01.25.126,Tse_Altarriba_Simon1,2020.1.2,Win32,60,3310,,,,,,,,,,,,,,,,,
,,,,m,1,0.513405,0,2,2,3,1,Images/CongruentRight.jpeg,Congruent Right,m,AB,26,female,1,N,N,English,,,2021-02-20_17h01.25.126,Tse_Altarriba_Simon1,2020.1.2,Win32,60,3310,,,,,,,,,,,,,,,,,
,,,,m,1,0.381545,0,3,3,11,1,Images/NeurtalRight.jpeg,Neutral Right,m,AB,26,female,1,N,N,English,,,2021-02-20_17h01.25.126,Tse_Altarriba_Simon1,2020.1.2,Win32,60,3310,,,,,,,,,,,,,,,,,
,,,,m,0,0.346765,0,4,4,8,1,Images/NeutralLeft.jpeg,Neutral Left,z,AB,26,female,1,N,N,English,,,2021-02-20_17h01.25.126,Tse_Altarriba_Simon1,2020.1.2,Win32,60,3310,,,,,,,,,,,,,,,,,
,,,,m,1,0.389695,0,5,5,2,1,Images/CongruentRight.jpeg,Congruent Right,m,AB,26,female,1,N,N,English,,,2021-02-20_17h01.25.126,Tse_Altarriba_Simon1,2020.1.2,Win32,60,3310,,,,,,,,,,,,,,,,,
,,,,m,1,0.34589,0,6,6,10,1,Images/NeurtalRight.jpeg,Neutral Right,m,AB,26,female,1,N,N,English,,,2021-02-20_17h01.25.126,Tse_Altarriba_Simon1,2020.1.2,Win32,60,3310,,,,,,,,,,,,,,,,,
,,,,z,1,0.34524,0,7,7,1,1,Images/CongruentLeft.jpeg,Congruent Left,z,AB,26,female,1,N,N,English,,,2021-02-20_17h01.25.126,Tse_Altarriba_Simon1,2020.1.2,Win32,60,3310,,,,,,,,,,,,,,,,,
,,,,z,0,0.319,0,8,8,6,1,Images/IncongruentRight.jpeg,Incongruent Right,m,AB,26,female,1,N,N,English,,,2021-02-20_17h01.25.126,Tse_Altarriba_Simon1,2020.1.2,Win32,60,3310,,,,,,,,,,,,,,,,,
,,,,z,1,0.473995,0,9,9,9,1,Images/NeutralLeft.jpeg,Neutral Left,z,AB,26,female,1,N,N,English,,,2021-02-20_17h01.25.126,Tse_Altarriba_Simon1,2020.1.2,Win32,60,3310,,,,,,,,,,,,,,,,,
,,,,z,1,0.39555,0,10,10,5,1,Images/IncongruentLeft.jpeg,Incongruent Left,z,AB,26,female,1,N,N,English,,,2021-02-20_17h01.25.126,Tse_Altarriba_Simon1,2020.1.2,Win32,60,3310,,,,,,,,,,,,,,,,,
,,,,z,1,0.585955,0,11,11,4,1,Images/IncongruentLeft.jpeg,Incongruent Left,z,AB,26,female,1,N,N,English,,,2021-02-20_17h01.25.126,Tse_Altarriba_Simon1,2020.1.2,Win32,60,3310,,,,,,,,,,,,,,,,,
,,,,,,,,,,,,Images/CongruentRight.jpeg,Congruent Right,m,AB,26,female,1,N,N,English,,,2021-02-20_17h01.25.126,Tse_Altarriba_Simon1,2020.1.2,Win32,60,3310,space,10.09495,m,1,0.420295,0,0,0,16,1,,,,,,,
,,,,,,,,,,,,Images/CongruentRight.jpeg,Congruent Right,m,AB,26,female,1,N,N,English,,,2021-02-20_17h01.25.126,Tse_Altarriba_Simon1,2020.1.2,Win32,60,3310,,,m,1,0.43618,0,1,1,15,1,,,,,,,
,,,,,,,,,,,,Images/NeurtalRight.jpeg,Neutral Right,m,AB,26,female,1,N,N,English,,,2021-02-20_17h01.25.126,Tse_Altarriba_Simon1,2020.1.2,Win32,60,3310,,,m,1,0.432155,0,2,2,56,1,,,,,,,
,,,,,,,,,,,,Images/CongruentRight.jpeg,Congruent Right,m,AB,26,female,1,N,N,English,,,2021-02-20_17h01.25.126,Tse_Altarriba_Simon1,2020.1.2,Win32,60,3310,,,m,1,0.325325,0,3,3,12,1,,,,,,,
,,,,,,,,,,,,Images/IncongruentRight.jpeg,Incongruent Right,m,AB,26,female,1,N,N,English,,,2021-02-20_17h01.25.126,Tse_Altarriba_Simon1,2020.1.2,Win32,60,3310,,,z,0,0.28153,0,4,4,33,1,,,,,,,
,,,,,,,,,,,,Images/CongruentLeft.jpeg,Congruent Left,z,AB,26,female,1,N,N,English,,,2021-02-20_17h01.25.126,Tse_Altarriba_Simon1,2020.1.2,Win32,60,3310,,,z,1,0.405705,0,5,5,7,1,,,,,,,
,,,,,,,,,,,,Images/IncongruentLeft.jpeg,Incongruent Left,z,AB,26,female,1,N,N,English,,,2021-02-20_17h01.25.126,Tse_Altarriba_Simon1,2020.1.2,Win32,60,3310,,,z,1,0.398025,0,6,6,22,1,,,,,,,
,,,,,,,,,,,,Images/IncongruentLeft.jpeg,Incongruent Left,z,AB,26,female,1,N,N,English,,,2021-02-20_17h01.25.126,Tse_Altarriba_Simon1,2020.1.2,Win32,60,3310,,,z,1,0.39509,0,7,7,24,1,,,,,,,
,,,,,,,,,,,,Images/IncongruentRight.jpeg,Incongruent Right,m,AB,26,female,1,N,N,English,,,2021-02-20_17h01.25.126,Tse_Altarriba_Simon1,2020.1.2,Win32,60,3310,,,m,1,0.451885,0,8,8,34,1,,,,,,,
,,,,,,,,,,,,Images/NeutralLeft.jpeg,Neutral Left,z,AB,26,female,1,N,N,English,,,2021-02-20_17h01.25.126,Tse_Altarriba_Simon1,2020.1.2,Win32,60,3310,,,z,1,0.43688,0,9,9,47,1,,,,,,,
,,,,,,,,,,,,Images/IncongruentLeft.jpeg,Incongruent Left,z,AB,26,female,1,N,N,English,,,2021-02-20_17h01.25.126,Tse_Altarriba_Simon1,2020.1.2,Win32,60,3310,,,z,1,0.50515,0,10,10,23,1,,,,,,,
,,,,,,,,,,,,Images/CongruentLeft.jpeg,Congruent Left,z,AB,26,female,1,N,N,English,,,2021-02-20_17h01.25.126,Tse_Altarriba_Simon1,2020.1.2,Win32,60,3310,,,z,1,0.493045,0,11,11,8,1,,,,,,,
,,,,,,,,,,,,Images/NeutralLeft.jpeg,Neutral Left,z,AB,26,female,1,N,N,English,,,2021-02-20_17h01.25.126,Tse_Altarriba_Simon1,2020.1.2,Win32,60,3310,,,z,1,0.42229,0,12,12,42,1,,,,,,,
,,,,,,,,,,,,Images/NeurtalRight.jpeg,Neutral Right,m,AB,26,female,1,N,N,English,,,2021-02-20_17h01.25.126,Tse_Altarriba_Simon1,2020.1.2,Win32,60,3310,,,m,1,0.41357,0,13,13,55,1,,,,,,,
,,,,,,,,,,,,Images/NeutralLeft.jpeg,Neutral Left,z,AB,26,female,1,N,N,English,,,2021-02-20_17h01.25.126,Tse_Altarriba_Simon1,2020.1.2,Win32,60,3310,,,z,1,0.346965,0,14,14,44,1,,,,,,,
,,,,,,,,,,,,Images/CongruentLeft.jpeg,Congruent Left,z,AB,26,female,1,N,N,English,,,2021-02-20_17h01.25.126,Tse_Altarriba_Simon1,2020.1.2,Win32,60,3310,,,z,1,0.37095,0,15,15,5,1,,,,,,,
,,,,,,,,,,,,Images/CongruentRight.jpeg,Congruent Right,m,AB,26,female,1,N,N,English,,,2021-02-20_17h01.25.126,Tse_Altarriba_Simon1,2020.1.2,Win32,60,3310,,,m,1,0.332665,0,16,16,17,1,,,,,,,
,,,,,,,,,,,,Images/NeutralLeft.jpeg,Neutral Left,z,AB,26,female,1,N,N,English,,,2021-02-20_17h01.25.126,Tse_Altarriba_Simon1,2020.1.2,Win32,60,3310,,,z,1,0.339615,0,17,17,40,1,,,,,,,
,,,,,,,,,,,,Images/CongruentRight.jpeg,Congruent Right,m,AB,26,female,1,N,N,English,,,2021-02-20_17h01.25.126,Tse_Altarriba_Simon1,2020.1.2,Win32,60,3310,,,m,1,0.340705,0,18,18,18,1,,,,,,,
,,,,,,,,,,,,Images/NeurtalRight.jpeg,Neutral Right,m,AB,26,female,1,N,N,English,,,2021-02-20_17h01.25.126,Tse_Altarriba_Simon1,2020.1.2,Win32,60,3310,,,z,0,0.3412,0,19,19,50,1,,,,,,,
,,,,,,,,,,,,Images/NeurtalRight.jpeg,Neutral Right,m,AB,26,female,1,N,N,English,,,2021-02-20_17h01.25.126,Tse_Altarriba_Simon1,2020.1.2,Win32,60,3310,,,m,1,0.42011,0,20,20,52,1,,,,,,,
,,,,,,,,,,,,Images/NeurtalRight.jpeg,Neutral Right,m,AB,26,female,1,N,N,English,,,2021-02-20_17h01.25.126,Tse_Altarriba_Simon1,2020.1.2,Win32,60,3310,,,m,1,0.339355,0,21,21,57,1,,,,,,,
,,,,,,,,,,,,Images/IncongruentLeft.jpeg,Incongruent Left,z,AB,26,female,1,N,N,English,,,2021-02-20_17h01.25.126,Tse_Altarriba_Simon1,2020.1.2,Win32,60,3310,,,z,1,0.39569,0,22,22,27,1,,,,,,,
,,,,,,,,,,,,Images/NeurtalRight.jpeg,Neutral Right,m,AB,26,female,1,N,N,English,,,2021-02-20_17h01.25.126,Tse_Altarriba_Simon1,2020.1.2,Win32,60,3310,,,m,1,0.41255,0,23,23,58,1,,,,,,,
,,,,,,,,,,,,Images/IncongruentLeft.jpeg,Incongruent Left,z,AB,26,female,1,N,N,English,,,2021-02-20_17h01.25.126,Tse_Altarriba_Simon1,2020.1.2,Win32,60,3310,,,m,0,0.29598,0,24,24,20,1,,,,,,,
,,,,,,,,,,,,Images/NeutralLeft.jpeg,Neutral Left,z,AB,26,female,1,N,N,English,,,2021-02-20_17h01.25.126,Tse_Altarriba_Simon1,2020.1.2,Win32,60,3310,,,z,1,0.38464,0,25,25,49,1,,,,,,,
,,,,,,,,,,,,Images/CongruentRight.jpeg,Congruent Right,m,AB,26,female,1,N,N,English,,,2021-02-20_17h01.25.126,Tse_Altarriba_Simon1,2020.1.2,Win32,60,3310,,,m,1,0.4478,0,26,26,19,1,,,,,,,
,,,,,,,,,,,,Images/CongruentLeft.jpeg,Congruent Left,z,AB,26,female,1,N,N,English,,,2021-02-20_17h01.25.126,Tse_Altarriba_Simon1,2020.1.2,Win32,60,3310,,,m,0,0.48152,0,27,27,3,1,,,,,,,
,,,,,,,,,,,,Images/CongruentLeft.jpeg,Congruent Left,z,AB,26,female,1,N,N,English,,,2021-02-20_17h01.25.126,Tse_Altarriba_Simon1,2020.1.2,Win32,60,3310,,,z,1,0.48771,0,28,28,2,1,,,,,,,
,,,,,,,,,,,,Images/CongruentRight.jpeg,Congruent Right,m,AB,26,female,1,N,N,English,,,2021-02-20_17h01.25.126,Tse_Altarriba_Simon1,2020.1.2,Win32,60,3310,,,m,1,0.462475,0,29,29,14,1,,,,,,,
,,,,,,,,,,,,Images/IncongruentLeft.jpeg,Incongruent Left,z,AB,26,female,1,N,N,English,,,2021-02-20_17h01.25.126,Tse_Altarriba_Simon1,2020.1.2,Win32,60,3310,,,z,1,0.48967,0,30,30,21,1,,,,,,,
,,,,,,,,,,,,Images/IncongruentRight.jpeg,Incongruent Right,m,AB,26,female,1,N,N,English,,,2021-02-20_17h01.25.126,Tse_Altarriba_Simon1,2020.1.2,Win32,60,3310,,,m,1,0.44537,0,31,31,38,1,,,,,,,
,,,,,,,,,,,,Images/IncongruentLeft.jpeg,Incongruent Left,z,AB,26,female,1,N,N,English,,,2021-02-20_17h01.25.126,Tse_Altarriba_Simon1,2020.1.2,Win32,60,3310,,,z,1,0.4135,0,32,32,25,1,,,,,,,
,,,,,,,,,,,,Images/NeutralLeft.jpeg,Neutral Left,z,AB,26,female,1,N,N,English,,,2021-02-20_17h01.25.126,Tse_Altarriba_Simon1,2020.1.2,Win32,60,3310,,,z,1,0.374745,0,33,33,48,1,,,,,,,
,,,,,,,,,,,,Images/NeurtalRight.jpeg,Neutral Right,m,AB,26,female,1,N,N,English,,,2021-02-20_17h01.25.126,Tse_Altarriba_Simon1,2020.1.2,Win32,60,3310,,,m,1,0.5446,0,34,34,54,1,,,,,,,
,,,,,,,,,,,,Images/NeutralLeft.jpeg,Neutral Left,z,AB,26,female,1,N,N,English,,,2021-02-20_17h01.25.126,Tse_Altarriba_Simon1,2020.1.2,Win32,60,3310,,,z,1,0.338635,0,35,35,45,1,,,,,,,
,,,,,,,,,,,,Images/CongruentRight.jpeg,Congruent Right,m,AB,26,female,1,N,N,English,,,2021-02-20_17h01.25.126,Tse_Altarriba_Simon1,2020.1.2,Win32,60,3310,,,m,1,0.43737,0,36,36,11,1,,,,,,,
,,,,,,,,,,,,Images/NeurtalRight.jpeg,Neutral Right,m,AB,26,female,1,N,N,English,,,2021-02-20_17h01.25.126,Tse_Altarriba_Simon1,2020.1.2,Win32,60,3310,,,m,1,0.38401,0,37,37,53,1,,,,,,,
,,,,,,,,,,,,Images/CongruentRight.jpeg,Congruent Right,m,AB,26,female,1,N,N,English,,,2021-02-20_17h01.25.126,Tse_Altarriba_Simon1,2020.1.2,Win32,60,3310,,,m,1,0.4474,0,38,38,10,1,,,,,,,
,,,,,,,,,,,,Images/CongruentLeft.jpeg,Congruent Left,z,AB,26,female,1,N,N,English,,,2021-02-20_17h01.25.126,Tse_Altarriba_Simon1,2020.1.2,Win32,60,3310,,,z,1,0.475945,0,39,39,4,1,,,,,,,
,,,,,,,,,,,,Images/IncongruentLeft.jpeg,Incongruent Left,z,AB,26,female,1,N,N,English,,,2021-02-20_17h01.25.126,Tse_Altarriba_Simon1,2020.1.2,Win32,60,3310,,,z,1,0.40192,0,40,40,29,1,,,,,,,
,,,,,,,,,,,,Images/NeurtalRight.jpeg,Neutral Right,m,AB,26,female,1,N,N,English,,,2021-02-20_17h01.25.126,Tse_Altarriba_Simon1,2020.1.2,Win32,60,3310,,,m,1,0.33025,0,41,41,59,1,,,,,,,
,,,,,,,,,,,,Images/IncongruentRight.jpeg,Incongruent Right,m,AB,26,female,1,N,N,English,,,2021-02-20_17h01.25.126,Tse_Altarriba_Simon1,2020.1.2,Win32,60,3310,,,m,1,0.456415,0,42,42,32,1,,,,,,,
,,,,,,,,,,,,Images/IncongruentRight.jpeg,Incongruent Right,m,AB,26,female,1,N,N,English,,,2021-02-20_17h01.25.126,Tse_Altarriba_Simon1,2020.1.2,Win32,60,3310,,,m,1,0.421105,0,43,43,30,1,,,,,,,
,,,,,,,,,,,,Images/IncongruentRight.jpeg,Incongruent Right,m,AB,26,female,1,N,N,English,,,2021-02-20_17h01.25.126,Tse_Altarriba_Simon1,2020.1.2,Win32,60,3310,,,m,1,0.39509,0,44,44,36,1,,,,,,,
,,,,,,,,,,,,Images/IncongruentRight.jpeg,Incongruent Right,m,AB,26,female,1,N,N,English,,,2021-02-20_17h01.25.126,Tse_Altarriba_Simon1,2020.1.2,Win32,60,3310,,,m,1,0.373545,0,45,45,31,1,,,,,,,
,,,,,,,,,,,,Images/CongruentLeft.jpeg,Congruent Left,z,AB,26,female,1,N,N,English,,,2021-02-20_17h01.25.126,Tse_Altarriba_Simon1,2020.1.2,Win32,60,3310,,,m,0,0.37256,0,46,46,1,1,,,,,,,
,,,,,,,,,,,,Images/CongruentLeft.jpeg,Congruent Left,z,AB,26,female,1,N,N,English,,,2021-02-20_17h01.25.126,Tse_Altarriba_Simon1,2020.1.2,Win32,60,3310,,,z,1,0.363165,0,47,47,6,1,,,,,,,
,,,,,,,,,,,,Images/CongruentLeft.jpeg,Congruent Left,z,AB,26,female,1,N,N,English,,,2021-02-20_17h01.25.126,Tse_Altarriba_Simon1,2020.1.2,Win32,60,3310,,,z,1,0.322775,0,48,48,0,1,,,,,,,
,,,,,,,,,,,,Images/CongruentLeft.jpeg,Congruent Left,z,AB,26,female,1,N,N,English,,,2021-02-20_17h01.25.126,Tse_Altarriba_Simon1,2020.1.2,Win32,60,3310,,,z,1,0.32082,0,49,49,9,1,,,,,,,
,,,,,,,,,,,,Images/IncongruentRight.jpeg,Incongruent Right,m,AB,26,female,1,N,N,English,,,2021-02-20_17h01.25.126,Tse_Altarriba_Simon1,2020.1.2,Win32,60,3310,,,m,1,0.457205,0,50,50,35,1,,,,,,,
,,,,,,,,,,,,Images/IncongruentLeft.jpeg,Incongruent Left,z,AB,26,female,1,N,N,English,,,2021-02-20_17h01.25.126,Tse_Altarriba_Simon1,2020.1.2,Win32,60,3310,,,z,1,0.500285,0,51,51,26,1,,,,,,,
,,,,,,,,,,,,Images/IncongruentRight.jpeg,Incongruent Right,m,AB,26,female,1,N,N,English,,,2021-02-20_17h01.25.126,Tse_Altarriba_Simon1,2020.1.2,Win32,60,3310,,,m,1,0.585905,0,52,52,39,1,,,,,,,
,,,,,,,,,,,,Images/IncongruentLeft.jpeg,Incongruent Left,z,AB,26,female,1,N,N,English,,,2021-02-20_17h01.25.126,Tse_Altarriba_Simon1,2020.1.2,Win32,60,3310,,,z,1,0.4437,0,53,53,28,1,,,,,,,
,,,,,,,,,,,,Images/NeurtalRight.jpeg,Neutral Right,m,AB,26,female,1,N,N,English,,,2021-02-20_17h01.25.126,Tse_Altarriba_Simon1,2020.1.2,Win32,60,3310,,,m,1,0.56969,0,54,54,51,1,,,,,,,
,,,,,,,,,,,,Images/NeutralLeft.jpeg,Neutral Left,z,AB,26,female,1,N,N,English,,,2021-02-20_17h01.25.126,Tse_Altarriba_Simon1,2020.1.2,Win32,60,3310,,,z,1,0.40542,0,55,55,41,1,,,,,,,
,,,,,,,,,,,,Images/NeutralLeft.jpeg,Neutral Left,z,AB,26,female,1,N,N,English,,,2021-02-20_17h01.25.126,Tse_Altarriba_Simon1,2020.1.2,Win32,60,3310,,,z,1,0.417545,0,56,56,43,1,,,,,,,
,,,,,,,,,,,,Images/CongruentRight.jpeg,Congruent Right,m,AB,26,female,1,N,N,English,,,2021-02-20_17h01.25.126,Tse_Altarriba_Simon1,2020.1.2,Win32,60,3310,,,m,1,0.463145,0,57,57,13,1,,,,,,,
,,,,,,,,,,,,Images/NeutralLeft.jpeg,Neutral Left,z,AB,26,female,1,N,N,English,,,2021-02-20_17h01.25.126,Tse_Altarriba_Simon1,2020.1.2,Win32,60,3310,,,z,1,0.3804,0,58,58,46,1,,,,,,,
,,,,,,,,,,,,Images/IncongruentRight.jpeg,Incongruent Right,m,AB,26,female,1,N,N,English,,,2021-02-20_17h01.25.126,Tse_Altarriba_Simon1,2020.1.2,Win32,60,3310,,,m,1,0.386935,0,59,59,37,1,,,,,,,
,,,,,,,,,,,,Images/NeurtalRight.jpeg,Neutral Right,m,AB,26,female,1,N,N,English,,,2021-02-20_17h01.25.126,Tse_Altarriba_Simon1,2020.1.2,Win32,60,3310,,,m,1,0.39814,,,,,,space,54.018035,0,0,0,50,1
,,,,,,,,,,,,Images/IncongruentRight.jpeg,Incongruent Right,m,AB,26,female,1,N,N,English,,,2021-02-20_17h01.25.126,Tse_Altarriba_Simon1,2020.1.2,Win32,60,3310,,,m,1,0.40307,,,,,,,,0,1,1,39,1
,,,,,,,,,,,,Images/IncongruentRight.jpeg,Incongruent Right,m,AB,26,female,1,N,N,English,,,2021-02-20_17h01.25.126,Tse_Altarriba_Simon1,2020.1.2,Win32,60,3310,,,m,1,0.39551,,,,,,,,0,2,2,37,1
,,,,,,,,,,,,Images/IncongruentRight.jpeg,Incongruent Right,m,AB,26,female,1,N,N,English,,,2021-02-20_17h01.25.126,Tse_Altarriba_Simon1,2020.1.2,Win32,60,3310,,,m,1,0.415105,,,,,,,,0,3,3,30,1
,,,,,,,,,,,,Images/IncongruentLeft.jpeg,Incongruent Left,z,AB,26,female,1,N,N,English,,,2021-02-20_17h01.25.126,Tse_Altarriba_Simon1,2020.1.2,Win32,60,3310,,,z,1,0.378835,,,,,,,,0,4,4,28,1
,,,,,,,,,,,,Images/CongruentLeft.jpeg,Congruent Left,z,AB,26,female,1,N,N,English,,,2021-02-20_17h01.25.126,Tse_Altarriba_Simon1,2020.1.2,Win32,60,3310,,,z,1,0.41377,,,,,,,,0,5,5,6,1
,,,,,,,,,,,,Images/IncongruentRight.jpeg,Incongruent Right,m,AB,26,female,1,N,N,English,,,2021-02-20_17h01.25.126,Tse_Altarriba_Simon1,2020.1.2,Win32,60,3310,,,z,0,0.29868,,,,,,,,0,6,6,33,1
,,,,,,,,,,,,Images/CongruentLeft.jpeg,Congruent Left,z,AB,26,female,1,N,N,English,,,2021-02-20_17h01.25.126,Tse_Altarriba_Simon1,2020.1.2,Win32,60,3310,,,z,1,0.413,,,,,,,,0,7,7,3,1
,,,,,,,,,,,,Images/NeurtalRight.jpeg,Neutral Right,m,AB,26,female,1,N,N,English,,,2021-02-20_17h01.25.126,Tse_Altarriba_Simon1,2020.1.2,Win32,60,3310,,,m,1,0.39641,,,,,,,,0,8,8,55,1
,,,,,,,,,,,,Images/CongruentRight.jpeg,Congruent Right,m,AB,26,female,1,N,N,English,,,2021-02-20_17h01.25.126,Tse_Altarriba_Simon1,2020.1.2,Win32,60,3310,,,m,1,0.315965,,,,,,,,0,9,9,17,1
,,,,,,,,,,,,Images/NeutralLeft.jpeg,Neutral Left,z,AB,26,female,1,N,N,English,,,2021-02-20_17h01.25.126,Tse_Altarriba_Simon1,2020.1.2,Win32,60,3310,,,z,1,0.33341,,,,,,,,0,10,10,45,1
,,,,,,,,,,,,Images/IncongruentRight.jpeg,Incongruent Right,m,AB,26,female,1,N,N,English,,,2021-02-20_17h01.25.126,Tse_Altarriba_Simon1,2020.1.2,Win32,60,3310,,,m,1,0.51726,,,,,,,,0,11,11,36,1
,,,,,,,,,,,,Images/CongruentLeft.jpeg,Congruent Left,z,AB,26,female,1,N,N,English,,,2021-02-20_17h01.25.126,Tse_Altarriba_Simon1,2020.1.2,Win32,60,3310,,,z,1,0.36989,,,,,,,,0,12,12,7,1
,,,,,,,,,,,,Images/NeutralLeft.jpeg,Neutral Left,z,AB,26,female,1,N,N,English,,,2021-02-20_17h01.25.126,Tse_Altarriba_Simon1,2020.1.2,Win32,60,3310,,,z,1,0.384515,,,,,,,,0,13,13,48,1
,,,,,,,,,,,,Images/CongruentLeft.jpeg,Congruent Left,z,AB,26,female,1,N,N,English,,,2021-02-20_17h01.25.126,Tse_Altarriba_Simon1,2020.1.2,Win32,60,3310,,,z,1,0.33097,,,,,,,,0,14,14,5,1
,,,,,,,,,,,,Images/IncongruentRight.jpeg,Incongruent Right,m,AB,26,female,1,N,N,English,,,2021-02-20_17h01.25.126,Tse_Altarriba_Simon1,2020.1.2,Win32,60,3310,,,m,1,0.394495,,,,,,,,0,15,15,35,1
,,,,,,,,,,,,Images/CongruentRight.jpeg,Congruent Right,m,AB,26,female,1,N,N,English,,,2021-02-20_17h01.25.126,Tse_Altarriba_Simon1,2020.1.2,Win32,60,3310,,,m,1,0.431615,,,,,,,,0,16,16,18,1
,,,,,,,,,,,,Images/NeutralLeft.jpeg,Neutral Left,z,AB,26,female,1,N,N,English,,,2021-02-20_17h01.25.126,Tse_Altarriba_Simon1,2020.1.2,Win32,60,3310,,,z,1,0.37201,,,,,,,,0,17,17,49,1
,,,,,,,,,,,,Images/CongruentLeft.jpeg,Congruent Left,z,AB,26,female,1,N,N,English,,,2021-02-20_17h01.25.126,Tse_Altarriba_Simon1,2020.1.2,Win32,60,3310,,,z,1,0.48898,,,,,,,,0,18,18,0,1
,,,,,,,,,,,,Images/CongruentLeft.jpeg,Congruent Left,z,AB,26,female,1,N,N,English,,,2021-02-20_17h01.25.126,Tse_Altarriba_Simon1,2020.1.2,Win32,60,3310,,,z,1,0.317985,,,,,,,,0,19,19,9,1
,,,,,,,,,,,,Images/NeutralLeft.jpeg,Neutral Left,z,AB,26,female,1,N,N,English,,,2021-02-20_17h01.25.126,Tse_Altarriba_Simon1,2020.1.2,Win32,60,3310,,,z,1,0.43374,,,,,,,,0,20,20,42,1
,,,,,,,,,,,,Images/IncongruentLeft.jpeg,Incongruent Left,z,AB,26,female,1,N,N,English,,,2021-02-20_17h01.25.126,Tse_Altarriba_Simon1,2020.1.2,Win32,60,3310,,,m,0,0.261035,,,,,,,,0,21,21,26,1
,,,,,,,,,,,,Images/NeurtalRight.jpeg,Neutral Right,m,AB,26,female,1,N,N,English,,,2021-02-20_17h01.25.126,Tse_Altarriba_Simon1,2020.1.2,Win32,60,3310,,,m,1,0.365195,,,,,,,,0,22,22,56,1
,,,,,,,,,,,,Images/IncongruentLeft.jpeg,Incongruent Left,z,AB,26,female,1,N,N,English,,,2021-02-20_17h01.25.126,Tse_Altarriba_Simon1,2020.1.2,Win32,60,3310,,,z,1,0.46291,,,,,,,,0,23,23,23,1
,,,,,,,,,,,,Images/IncongruentRight.jpeg,Incongruent Right,m,AB,26,female,1,N,N,English,,,2021-02-20_17h01.25.126,Tse_Altarriba_Simon1,2020.1.2,Win32,60,3310,,,m,1,0.40005,,,,,,,,0,24,24,32,1
,,,,,,,,,,,,Images/CongruentRight.jpeg,Congruent Right,m,AB,26,female,1,N,N,English,,,2021-02-20_17h01.25.126,Tse_Altarriba_Simon1,2020.1.2,Win32,60,3310,,,m,1,0.48787,,,,,,,,0,25,25,14,1
,,,,,,,,,,,,Images/NeutralLeft.jpeg,Neutral Left,z,AB,26,female,1,N,N,English,,,2021-02-20_17h01.25.126,Tse_Altarriba_Simon1,2020.1.2,Win32,60,3310,,,z,1,0.7486,,,,,,,,0,26,26,46,1
,,,,,,,,,,,,Images/NeurtalRight.jpeg,Neutral Right,m,AB,26,female,1,N,N,English,,,2021-02-20_17h01.25.126,Tse_Altarriba_Simon1,2020.1.2,Win32,60,3310,,,m,1,0.37865,,,,,,,,0,27,27,59,1
,,,,,,,,,,,,Images/IncongruentRight.jpeg,Incongruent Right,m,AB,26,female,1,N,N,English,,,2021-02-20_17h01.25.126,Tse_Altarriba_Simon1,2020.1.2,Win32,60,3310,,,m,1,0.418125,,,,,,,,0,28,28,38,1
,,,,,,,,,,,,Images/NeurtalRight.jpeg,Neutral Right,m,AB,26,female,1,N,N,English,,,2021-02-20_17h01.25.126,Tse_Altarriba_Simon1,2020.1.2,Win32,60,3310,,,m,1,0.359765,,,,,,,,0,29,29,57,1
,,,,,,,,,,,,Images/NeurtalRight.jpeg,Neutral Right,m,AB,26,female,1,N,N,English,,,2021-02-20_17h01.25.126,Tse_Altarriba_Simon1,2020.1.2,Win32,60,3310,,,m,1,0.37255,,,,,,,,0,30,30,52,1
,,,,,,,,,,,,Images/CongruentRight.jpeg,Congruent Right,m,AB,26,female,1,N,N,English,,,2021-02-20_17h01.25.126,Tse_Altarriba_Simon1,2020.1.2,Win32,60,3310,,,m,1,0.3706,,,,,,,,0,31,31,16,1
,,,,,,,,,,,,Images/NeurtalRight.jpeg,Neutral Right,m,AB,26,female,1,N,N,English,,,2021-02-20_17h01.25.126,Tse_Altarriba_Simon1,2020.1.2,Win32,60,3310,,,z,0,0.331155,,,,,,,,0,32,32,58,1
,,,,,,,,,,,,Images/IncongruentRight.jpeg,Incongruent Right,m,AB,26,female,1,N,N,English,,,2021-02-20_17h01.25.126,Tse_Altarriba_Simon1,2020.1.2,Win32,60,3310,,,m,1,0.394225,,,,,,,,0,33,33,34,1
,,,,,,,,,,,,Images/IncongruentLeft.jpeg,Incongruent Left,z,AB,26,female,1,N,N,English,,,2021-02-20_17h01.25.126,Tse_Altarriba_Simon1,2020.1.2,Win32,60,3310,,,z,1,0.4077,,,,,,,,0,34,34,29,1
,,,,,,,,,,,,Images/IncongruentLeft.jpeg,Incongruent Left,z,AB,26,female,1,N,N,English,,,2021-02-20_17h01.25.126,Tse_Altarriba_Simon1,2020.1.2,Win32,60,3310,,,z,1,0.3408,,,,,,,,0,35,35,22,1
,,,,,,,,,,,,Images/IncongruentLeft.jpeg,Incongruent Left,z,AB,26,female,1,N,N,English,,,2021-02-20_17h01.25.126,Tse_Altarriba_Simon1,2020.1.2,Win32,60,3310,,,z,1,0.357555,,,,,,,,0,36,36,21,1
,,,,,,,,,,,,Images/CongruentRight.jpeg,Congruent Right,m,AB,26,female,1,N,N,English,,,2021-02-20_17h01.25.126,Tse_Altarriba_Simon1,2020.1.2,Win32,60,3310,,,m,1,0.27646,,,,,,,,0,37,37,10,1
,,,,,,,,,,,,Images/CongruentRight.jpeg,Congruent Right,m,AB,26,female,1,N,N,English,,,2021-02-20_17h01.25.126,Tse_Altarriba_Simon1,2020.1.2,Win32,60,3310,,,m,1,0.31472,,,,,,,,0,38,38,19,1
,,,,,,,,,,,,Images/IncongruentLeft.jpeg,Incongruent Left,z,AB,26,female,1,N,N,English,,,2021-02-20_17h01.25.126,Tse_Altarriba_Simon1,2020.1.2,Win32,60,3310,,,z,1,0.41541,,,,,,,,0,39,39,27,1
,,,,,,,,,,,,Images/NeurtalRight.jpeg,Neutral Right,m,AB,26,female,1,N,N,English,,,2021-02-20_17h01.25.126,Tse_Altarriba_Simon1,2020.1.2,Win32,60,3310,,,m,1,0.36875,,,,,,,,0,40,40,53,1
,,,,,,,,,,,,Images/IncongruentRight.jpeg,Incongruent Right,m,AB,26,female,1,N,N,English,,,2021-02-20_17h01.25.126,Tse_Altarriba_Simon1,2020.1.2,Win32,60,3310,,,z,0,0.40234,,,,,,,,0,41,41,31,1
,,,,,,,,,,,,Images/NeutralLeft.jpeg,Neutral Left,z,AB,26,female,1,N,N,English,,,2021-02-20_17h01.25.126,Tse_Altarriba_Simon1,2020.1.2,Win32,60,3310,,,z,1,0.32664,,,,,,,,0,42,42,40,1
,,,,,,,,,,,,Images/NeutralLeft.jpeg,Neutral Left,z,AB,26,female,1,N,N,English,,,2021-02-20_17h01.25.126,Tse_Altarriba_Simon1,2020.1.2,Win32,60,3310,,,z,1,0.327745,,,,,,,,0,43,43,47,1
,,,,,,,,,,,,Images/CongruentRight.jpeg,Congruent Right,m,AB,26,female,1,N,N,English,,,2021-02-20_17h01.25.126,Tse_Altarriba_Simon1,2020.1.2,Win32,60,3310,,,m,1,0.335575,,,,,,,,0,44,44,13,1
,,,,,,,,,,,,Images/NeurtalRight.jpeg,Neutral Right,m,AB,26,female,1,N,N,English,,,2021-02-20_17h01.25.126,Tse_Altarriba_Simon1,2020.1.2,Win32,60,3310,,,m,1,0.353175,,,,,,,,0,45,45,54,1
,,,,,,,,,,,,Images/NeutralLeft.jpeg,Neutral Left,z,AB,26,female,1,N,N,English,,,2021-02-20_17h01.25.126,Tse_Altarriba_Simon1,2020.1.2,Win32,60,3310,,,z,1,0.485125,,,,,,,,0,46,46,44,1
,,,,,,,,,,,,Images/CongruentRight.jpeg,Congruent Right,m,AB,26,female,1,N,N,English,,,2021-02-20_17h01.25.126,Tse_Altarriba_Simon1,2020.1.2,Win32,60,3310,,,m,1,0.414905,,,,,,,,0,47,47,11,1
,,,,,,,,,,,,Images/CongruentLeft.jpeg,Congruent Left,z,AB,26,female,1,N,N,English,,,2021-02-20_17h01.25.126,Tse_Altarriba_Simon1,2020.1.2,Win32,60,3310,,,z,1,0.569575,,,,,,,,0,48,48,8,1
,,,,,,,,,,,,Images/NeutralLeft.jpeg,Neutral Left,z,AB,26,female,1,N,N,English,,,2021-02-20_17h01.25.126,Tse_Altarriba_Simon1,2020.1.2,Win32,60,3310,,,z,1,0.364435,,,,,,,,0,49,49,41,1
,,,,,,,,,,,,Images/NeurtalRight.jpeg,Neutral Right,m,AB,26,female,1,N,N,English,,,2021-02-20_17h01.25.126,Tse_Altarriba_Simon1,2020.1.2,Win32,60,3310,,,m,1,0.41003,,,,,,,,0,50,50,51,1
,,,,,,,,,,,,Images/NeutralLeft.jpeg,Neutral Left,z,AB,26,female,1,N,N,English,,,2021-02-20_17h01.25.126,Tse_Altarriba_Simon1,2020.1.2,Win32,60,3310,,,z,1,0.404605,,,,,,,,0,51,51,43,1
,,,,,,,,,,,,Images/CongruentLeft.jpeg,Congruent Left,z,AB,26,female,1,N,N,English,,,2021-02-20_17h01.25.126,Tse_Altarriba_Simon1,2020.1.2,Win32,60,3310,,,z,1,0.378515,,,,,,,,0,52,52,2,1
,,,,,,,,,,,,Images/IncongruentLeft.jpeg,Incongruent Left,z,AB,26,female,1,N,N,English,,,2021-02-20_17h01.25.126,Tse_Altarriba_Simon1,2020.1.2,Win32,60,3310,,,z,1,0.372135,,,,,,,,0,53,53,24,1
,,,,,,,,,,,,Images/IncongruentLeft.jpeg,Incongruent Left,z,AB,26,female,1,N,N,English,,,2021-02-20_17h01.25.126,Tse_Altarriba_Simon1,2020.1.2,Win32,60,3310,,,m,0,0.44029,,,,,,,,0,54,54,25,1
,,,,,,,,,,,,Images/CongruentRight.jpeg,Congruent Right,m,AB,26,female,1,N,N,English,,,2021-02-20_17h01.25.126,Tse_Altarriba_Simon1,2020.1.2,Win32,60,3310,,,m,1,0.411895,,,,,,,,0,55,55,12,1
,,,,,,,,,,,,Images/CongruentLeft.jpeg,Congruent Left,z,AB,26,female,1,N,N,English,,,2021-02-20_17h01.25.126,Tse_Altarriba_Simon1,2020.1.2,Win32,60,3310,,,z,1,0.351985,,,,,,,,0,56,56,4,1
,,,,,,,,,,,,Images/IncongruentLeft.jpeg,Incongruent Left,z,AB,26,female,1,N,N,English,,,2021-02-20_17h01.25.126,Tse_Altarriba_Simon1,2020.1.2,Win32,60,3310,,,z,1,0.474415,,,,,,,,0,57,57,20,1
,,,,,,,,,,,,Images/CongruentLeft.jpeg,Congruent Left,z,AB,26,female,1,N,N,English,,,2021-02-20_17h01.25.126,Tse_Altarriba_Simon1,2020.1.2,Win32,60,3310,,,z,1,0.3185,,,,,,,,0,58,58,1,1
,,,,,,,,,,,,Images/CongruentRight.jpeg,Congruent Right,m,AB,26,female,1,N,N,English,,,2021-02-20_17h01.25.126,Tse_Altarriba_Simon1,2020.1.2,Win32,60,3310,,,m,1,0.29054,,,,,,,,0,59,59,15,1
