Space1.keys,Space1.rt,Space2.keys,Space2.rt,response.keys,response.corr,response.rt,Practice_loop.thisRepN,Practice_loop.thisTrialN,Practice_loop.thisN,Practice_loop.thisIndex,Practice_loop.ran,ImageFile,Condition,CorrAns,Your initials,What is your age?,What is your gender?,What year are you in?,Are you Dyslexic? (Y/N),Are you bi/multilingual? (Y/N),What is your first language?,"What is your second language? (if you are monollingual, leave blank)",What other languages do you speak?,date,expName,psychopyVersion,OS,frameRate,participant,Space3.keys,Space3.rt,key_resp_2.keys,key_resp_2.corr,key_resp_2.rt,trials.thisRepN,trials.thisTrialN,trials.thisN,trials.thisIndex,trials.ran,Space4.keys,Space4.rt,trials_2.thisRepN,trials_2.thisTrialN,trials_2.thisN,trials_2.thisIndex,trials_2.ran
space,8.431,space,15.187,z,1,1.362,0,0,0,5,1,Images/IncongruentLeft.jpeg,Incongruent Left,z,SAQ,18,female,1,N,Y,Chinese,English,none,2021-02-20_08h28.43.026,Tse_Altarriba_Simon1,2020.1.2,MacIntel,60,3322,,,,,,,,,,,,,,,,,
,,,,m,1,0.754,0,1,1,11,1,Images/NeurtalRight.jpeg,Neutral Right,m,SAQ,18,female,1,N,Y,Chinese,English,none,2021-02-20_08h28.43.026,Tse_Altarriba_Simon1,2020.1.2,MacIntel,60,3322,,,,,,,,,,,,,,,,,
,,,,z,1,0.6,0,2,2,8,1,Images/NeutralLeft.jpeg,Neutral Left,z,SAQ,18,female,1,N,Y,Chinese,English,none,2021-02-20_08h28.43.026,Tse_Altarriba_Simon1,2020.1.2,MacIntel,60,3322,,,,,,,,,,,,,,,,,
,,,,z,1,0.77,0,3,3,4,1,Images/IncongruentLeft.jpeg,Incongruent Left,z,SAQ,18,female,1,N,Y,Chinese,English,none,2021-02-20_08h28.43.026,Tse_Altarriba_Simon1,2020.1.2,MacIntel,60,3322,,,,,,,,,,,,,,,,,
,,,,m,1,0.586,0,4,4,6,1,Images/IncongruentRight.jpeg,Incongruent Right,m,SAQ,18,female,1,N,Y,Chinese,English,none,2021-02-20_08h28.43.026,Tse_Altarriba_Simon1,2020.1.2,MacIntel,60,3322,,,,,,,,,,,,,,,,,
,,,,z,1,0.67,0,5,5,0,1,Images/CongruentLeft.jpeg,Congruent Left,z,SAQ,18,female,1,N,Y,Chinese,English,none,2021-02-20_08h28.43.026,Tse_Altarriba_Simon1,2020.1.2,MacIntel,60,3322,,,,,,,,,,,,,,,,,
,,,,m,1,0.696,0,6,6,10,1,Images/NeurtalRight.jpeg,Neutral Right,m,SAQ,18,female,1,N,Y,Chinese,English,none,2021-02-20_08h28.43.026,Tse_Altarriba_Simon1,2020.1.2,MacIntel,60,3322,,,,,,,,,,,,,,,,,
,,,,m,1,0.833,0,7,7,7,1,Images/IncongruentRight.jpeg,Incongruent Right,m,SAQ,18,female,1,N,Y,Chinese,English,none,2021-02-20_08h28.43.026,Tse_Altarriba_Simon1,2020.1.2,MacIntel,60,3322,,,,,,,,,,,,,,,,,
,,,,m,1,0.664,0,8,8,2,1,Images/CongruentRight.jpeg,Congruent Right,m,SAQ,18,female,1,N,Y,Chinese,English,none,2021-02-20_08h28.43.026,Tse_Altarriba_Simon1,2020.1.2,MacIntel,60,3322,,,,,,,,,,,,,,,,,
,,,,z,1,0.637,0,9,9,9,1,Images/NeutralLeft.jpeg,Neutral Left,z,SAQ,18,female,1,N,Y,Chinese,English,none,2021-02-20_08h28.43.026,Tse_Altarriba_Simon1,2020.1.2,MacIntel,60,3322,,,,,,,,,,,,,,,,,
,,,,m,1,0.663,0,10,10,3,1,Images/CongruentRight.jpeg,Congruent Right,m,SAQ,18,female,1,N,Y,Chinese,English,none,2021-02-20_08h28.43.026,Tse_Altarriba_Simon1,2020.1.2,MacIntel,60,3322,,,,,,,,,,,,,,,,,
,,,,z,1,0.684,0,11,11,1,1,Images/CongruentLeft.jpeg,Congruent Left,z,SAQ,18,female,1,N,Y,Chinese,English,none,2021-02-20_08h28.43.026,Tse_Altarriba_Simon1,2020.1.2,MacIntel,60,3322,,,,,,,,,,,,,,,,,
,,,,,,,,,,,,Images/CongruentLeft.jpeg,Congruent Left,z,SAQ,18,female,1,N,Y,Chinese,English,none,2021-02-20_08h28.43.026,Tse_Altarriba_Simon1,2020.1.2,MacIntel,60,3322,space,16.366,z,1,0.647,0,0,0,4,1,,,,,,,
,,,,,,,,,,,,Images/CongruentLeft.jpeg,Congruent Left,z,SAQ,18,female,1,N,Y,Chinese,English,none,2021-02-20_08h28.43.026,Tse_Altarriba_Simon1,2020.1.2,MacIntel,60,3322,,,z,1,0.438,0,1,1,5,1,,,,,,,
,,,,,,,,,,,,Images/CongruentRight.jpeg,Congruent Right,m,SAQ,18,female,1,N,Y,Chinese,English,none,2021-02-20_08h28.43.026,Tse_Altarriba_Simon1,2020.1.2,MacIntel,60,3322,,,m,1,0.585,0,2,2,13,1,,,,,,,
,,,,,,,,,,,,Images/NeutralLeft.jpeg,Neutral Left,z,SAQ,18,female,1,N,Y,Chinese,English,none,2021-02-20_08h28.43.026,Tse_Altarriba_Simon1,2020.1.2,MacIntel,60,3322,,,z,1,0.609,0,3,3,42,1,,,,,,,
,,,,,,,,,,,,Images/NeurtalRight.jpeg,Neutral Right,m,SAQ,18,female,1,N,Y,Chinese,English,none,2021-02-20_08h28.43.026,Tse_Altarriba_Simon1,2020.1.2,MacIntel,60,3322,,,m,1,0.489,0,4,4,50,1,,,,,,,
,,,,,,,,,,,,Images/CongruentRight.jpeg,Congruent Right,m,SAQ,18,female,1,N,Y,Chinese,English,none,2021-02-20_08h28.43.026,Tse_Altarriba_Simon1,2020.1.2,MacIntel,60,3322,,,m,1,0.626,0,5,5,15,1,,,,,,,
,,,,,,,,,,,,Images/IncongruentRight.jpeg,Incongruent Right,m,SAQ,18,female,1,N,Y,Chinese,English,none,2021-02-20_08h28.43.026,Tse_Altarriba_Simon1,2020.1.2,MacIntel,60,3322,,,m,1,0.516,0,6,6,32,1,,,,,,,
,,,,,,,,,,,,Images/NeutralLeft.jpeg,Neutral Left,z,SAQ,18,female,1,N,Y,Chinese,English,none,2021-02-20_08h28.43.026,Tse_Altarriba_Simon1,2020.1.2,MacIntel,60,3322,,,z,1,0.485,0,7,7,43,1,,,,,,,
,,,,,,,,,,,,Images/IncongruentRight.jpeg,Incongruent Right,m,SAQ,18,female,1,N,Y,Chinese,English,none,2021-02-20_08h28.43.026,Tse_Altarriba_Simon1,2020.1.2,MacIntel,60,3322,,,m,1,0.598,0,8,8,35,1,,,,,,,
,,,,,,,,,,,,Images/IncongruentRight.jpeg,Incongruent Right,m,SAQ,18,female,1,N,Y,Chinese,English,none,2021-02-20_08h28.43.026,Tse_Altarriba_Simon1,2020.1.2,MacIntel,60,3322,,,m,1,0.732,0,9,9,33,1,,,,,,,
,,,,,,,,,,,,Images/CongruentLeft.jpeg,Congruent Left,z,SAQ,18,female,1,N,Y,Chinese,English,none,2021-02-20_08h28.43.026,Tse_Altarriba_Simon1,2020.1.2,MacIntel,60,3322,,,z,1,0.585,0,10,10,7,1,,,,,,,
,,,,,,,,,,,,Images/NeutralLeft.jpeg,Neutral Left,z,SAQ,18,female,1,N,Y,Chinese,English,none,2021-02-20_08h28.43.026,Tse_Altarriba_Simon1,2020.1.2,MacIntel,60,3322,,,z,1,0.542,0,11,11,46,1,,,,,,,
,,,,,,,,,,,,Images/IncongruentLeft.jpeg,Incongruent Left,z,SAQ,18,female,1,N,Y,Chinese,English,none,2021-02-20_08h28.43.026,Tse_Altarriba_Simon1,2020.1.2,MacIntel,60,3322,,,z,1,0.547,0,12,12,28,1,,,,,,,
,,,,,,,,,,,,Images/NeurtalRight.jpeg,Neutral Right,m,SAQ,18,female,1,N,Y,Chinese,English,none,2021-02-20_08h28.43.026,Tse_Altarriba_Simon1,2020.1.2,MacIntel,60,3322,,,m,1,0.485,0,13,13,57,1,,,,,,,
,,,,,,,,,,,,Images/NeurtalRight.jpeg,Neutral Right,m,SAQ,18,female,1,N,Y,Chinese,English,none,2021-02-20_08h28.43.026,Tse_Altarriba_Simon1,2020.1.2,MacIntel,60,3322,,,m,1,0.438,0,14,14,59,1,,,,,,,
,,,,,,,,,,,,Images/CongruentRight.jpeg,Congruent Right,m,SAQ,18,female,1,N,Y,Chinese,English,none,2021-02-20_08h28.43.026,Tse_Altarriba_Simon1,2020.1.2,MacIntel,60,3322,,,m,1,0.552,0,15,15,19,1,,,,,,,
,,,,,,,,,,,,Images/IncongruentRight.jpeg,Incongruent Right,m,SAQ,18,female,1,N,Y,Chinese,English,none,2021-02-20_08h28.43.026,Tse_Altarriba_Simon1,2020.1.2,MacIntel,60,3322,,,m,1,0.513,0,16,16,30,1,,,,,,,
,,,,,,,,,,,,Images/NeurtalRight.jpeg,Neutral Right,m,SAQ,18,female,1,N,Y,Chinese,English,none,2021-02-20_08h28.43.026,Tse_Altarriba_Simon1,2020.1.2,MacIntel,60,3322,,,m,1,0.502,0,17,17,56,1,,,,,,,
,,,,,,,,,,,,Images/IncongruentRight.jpeg,Incongruent Right,m,SAQ,18,female,1,N,Y,Chinese,English,none,2021-02-20_08h28.43.026,Tse_Altarriba_Simon1,2020.1.2,MacIntel,60,3322,,,m,1,0.747,0,18,18,37,1,,,,,,,
,,,,,,,,,,,,Images/IncongruentRight.jpeg,Incongruent Right,m,SAQ,18,female,1,N,Y,Chinese,English,none,2021-02-20_08h28.43.026,Tse_Altarriba_Simon1,2020.1.2,MacIntel,60,3322,,,m,1,0.564,0,19,19,39,1,,,,,,,
,,,,,,,,,,,,Images/NeutralLeft.jpeg,Neutral Left,z,SAQ,18,female,1,N,Y,Chinese,English,none,2021-02-20_08h28.43.026,Tse_Altarriba_Simon1,2020.1.2,MacIntel,60,3322,,,z,1,0.61,0,20,20,49,1,,,,,,,
,,,,,,,,,,,,Images/NeurtalRight.jpeg,Neutral Right,m,SAQ,18,female,1,N,Y,Chinese,English,none,2021-02-20_08h28.43.026,Tse_Altarriba_Simon1,2020.1.2,MacIntel,60,3322,,,m,1,0.504,0,21,21,55,1,,,,,,,
,,,,,,,,,,,,Images/NeurtalRight.jpeg,Neutral Right,m,SAQ,18,female,1,N,Y,Chinese,English,none,2021-02-20_08h28.43.026,Tse_Altarriba_Simon1,2020.1.2,MacIntel,60,3322,,,m,1,0.455,0,22,22,51,1,,,,,,,
,,,,,,,,,,,,Images/NeutralLeft.jpeg,Neutral Left,z,SAQ,18,female,1,N,Y,Chinese,English,none,2021-02-20_08h28.43.026,Tse_Altarriba_Simon1,2020.1.2,MacIntel,60,3322,,,z,1,0.605,0,23,23,47,1,,,,,,,
,,,,,,,,,,,,Images/NeutralLeft.jpeg,Neutral Left,z,SAQ,18,female,1,N,Y,Chinese,English,none,2021-02-20_08h28.43.026,Tse_Altarriba_Simon1,2020.1.2,MacIntel,60,3322,,,z,1,0.486,0,24,24,48,1,,,,,,,
,,,,,,,,,,,,Images/IncongruentLeft.jpeg,Incongruent Left,z,SAQ,18,female,1,N,Y,Chinese,English,none,2021-02-20_08h28.43.026,Tse_Altarriba_Simon1,2020.1.2,MacIntel,60,3322,,,z,1,0.593,0,25,25,21,1,,,,,,,
,,,,,,,,,,,,Images/CongruentLeft.jpeg,Congruent Left,z,SAQ,18,female,1,N,Y,Chinese,English,none,2021-02-20_08h28.43.026,Tse_Altarriba_Simon1,2020.1.2,MacIntel,60,3322,,,z,1,0.574,0,26,26,6,1,,,,,,,
,,,,,,,,,,,,Images/CongruentLeft.jpeg,Congruent Left,z,SAQ,18,female,1,N,Y,Chinese,English,none,2021-02-20_08h28.43.026,Tse_Altarriba_Simon1,2020.1.2,MacIntel,60,3322,,,z,1,0.466,0,27,27,1,1,,,,,,,
,,,,,,,,,,,,Images/CongruentRight.jpeg,Congruent Right,m,SAQ,18,female,1,N,Y,Chinese,English,none,2021-02-20_08h28.43.026,Tse_Altarriba_Simon1,2020.1.2,MacIntel,60,3322,,,m,1,0.602,0,28,28,16,1,,,,,,,
,,,,,,,,,,,,Images/IncongruentLeft.jpeg,Incongruent Left,z,SAQ,18,female,1,N,Y,Chinese,English,none,2021-02-20_08h28.43.026,Tse_Altarriba_Simon1,2020.1.2,MacIntel,60,3322,,,z,1,0.635,0,29,29,26,1,,,,,,,
,,,,,,,,,,,,Images/NeurtalRight.jpeg,Neutral Right,m,SAQ,18,female,1,N,Y,Chinese,English,none,2021-02-20_08h28.43.026,Tse_Altarriba_Simon1,2020.1.2,MacIntel,60,3322,,,m,1,0.47,0,30,30,52,1,,,,,,,
,,,,,,,,,,,,Images/IncongruentLeft.jpeg,Incongruent Left,z,SAQ,18,female,1,N,Y,Chinese,English,none,2021-02-20_08h28.43.026,Tse_Altarriba_Simon1,2020.1.2,MacIntel,60,3322,,,z,1,0.692,0,31,31,29,1,,,,,,,
,,,,,,,,,,,,Images/IncongruentLeft.jpeg,Incongruent Left,z,SAQ,18,female,1,N,Y,Chinese,English,none,2021-02-20_08h28.43.026,Tse_Altarriba_Simon1,2020.1.2,MacIntel,60,3322,,,z,1,0.489,0,32,32,20,1,,,,,,,
,,,,,,,,,,,,Images/IncongruentRight.jpeg,Incongruent Right,m,SAQ,18,female,1,N,Y,Chinese,English,none,2021-02-20_08h28.43.026,Tse_Altarriba_Simon1,2020.1.2,MacIntel,60,3322,,,m,1,0.57,0,33,33,34,1,,,,,,,
,,,,,,,,,,,,Images/IncongruentLeft.jpeg,Incongruent Left,z,SAQ,18,female,1,N,Y,Chinese,English,none,2021-02-20_08h28.43.026,Tse_Altarriba_Simon1,2020.1.2,MacIntel,60,3322,,,z,1,0.576,0,34,34,22,1,,,,,,,
,,,,,,,,,,,,Images/CongruentRight.jpeg,Congruent Right,m,SAQ,18,female,1,N,Y,Chinese,English,none,2021-02-20_08h28.43.026,Tse_Altarriba_Simon1,2020.1.2,MacIntel,60,3322,,,m,1,0.535,0,35,35,10,1,,,,,,,
,,,,,,,,,,,,Images/NeurtalRight.jpeg,Neutral Right,m,SAQ,18,female,1,N,Y,Chinese,English,none,2021-02-20_08h28.43.026,Tse_Altarriba_Simon1,2020.1.2,MacIntel,60,3322,,,m,1,0.449,0,36,36,53,1,,,,,,,
,,,,,,,,,,,,Images/CongruentLeft.jpeg,Congruent Left,z,SAQ,18,female,1,N,Y,Chinese,English,none,2021-02-20_08h28.43.026,Tse_Altarriba_Simon1,2020.1.2,MacIntel,60,3322,,,z,1,0.553,0,37,37,8,1,,,,,,,
,,,,,,,,,,,,Images/IncongruentRight.jpeg,Incongruent Right,m,SAQ,18,female,1,N,Y,Chinese,English,none,2021-02-20_08h28.43.026,Tse_Altarriba_Simon1,2020.1.2,MacIntel,60,3322,,,m,1,0.609,0,38,38,36,1,,,,,,,
,,,,,,,,,,,,Images/CongruentRight.jpeg,Congruent Right,m,SAQ,18,female,1,N,Y,Chinese,English,none,2021-02-20_08h28.43.026,Tse_Altarriba_Simon1,2020.1.2,MacIntel,60,3322,,,m,1,0.495,0,39,39,17,1,,,,,,,
,,,,,,,,,,,,Images/IncongruentRight.jpeg,Incongruent Right,m,SAQ,18,female,1,N,Y,Chinese,English,none,2021-02-20_08h28.43.026,Tse_Altarriba_Simon1,2020.1.2,MacIntel,60,3322,,,m,1,0.518,0,40,40,38,1,,,,,,,
,,,,,,,,,,,,Images/CongruentRight.jpeg,Congruent Right,m,SAQ,18,female,1,N,Y,Chinese,English,none,2021-02-20_08h28.43.026,Tse_Altarriba_Simon1,2020.1.2,MacIntel,60,3322,,,m,1,0.586,0,41,41,14,1,,,,,,,
,,,,,,,,,,,,Images/NeutralLeft.jpeg,Neutral Left,z,SAQ,18,female,1,N,Y,Chinese,English,none,2021-02-20_08h28.43.026,Tse_Altarriba_Simon1,2020.1.2,MacIntel,60,3322,,,z,1,0.481,0,42,42,44,1,,,,,,,
,,,,,,,,,,,,Images/CongruentLeft.jpeg,Congruent Left,z,SAQ,18,female,1,N,Y,Chinese,English,none,2021-02-20_08h28.43.026,Tse_Altarriba_Simon1,2020.1.2,MacIntel,60,3322,,,z,1,0.602,0,43,43,3,1,,,,,,,
,,,,,,,,,,,,Images/NeutralLeft.jpeg,Neutral Left,z,SAQ,18,female,1,N,Y,Chinese,English,none,2021-02-20_08h28.43.026,Tse_Altarriba_Simon1,2020.1.2,MacIntel,60,3322,,,z,1,0.551,0,44,44,40,1,,,,,,,
,,,,,,,,,,,,Images/IncongruentRight.jpeg,Incongruent Right,m,SAQ,18,female,1,N,Y,Chinese,English,none,2021-02-20_08h28.43.026,Tse_Altarriba_Simon1,2020.1.2,MacIntel,60,3322,,,m,1,0.559,0,45,45,31,1,,,,,,,
,,,,,,,,,,,,Images/CongruentRight.jpeg,Congruent Right,m,SAQ,18,female,1,N,Y,Chinese,English,none,2021-02-20_08h28.43.026,Tse_Altarriba_Simon1,2020.1.2,MacIntel,60,3322,,,m,1,0.645,0,46,46,12,1,,,,,,,
,,,,,,,,,,,,Images/CongruentRight.jpeg,Congruent Right,m,SAQ,18,female,1,N,Y,Chinese,English,none,2021-02-20_08h28.43.026,Tse_Altarriba_Simon1,2020.1.2,MacIntel,60,3322,,,m,1,0.559,0,47,47,18,1,,,,,,,
,,,,,,,,,,,,Images/IncongruentLeft.jpeg,Incongruent Left,z,SAQ,18,female,1,N,Y,Chinese,English,none,2021-02-20_08h28.43.026,Tse_Altarriba_Simon1,2020.1.2,MacIntel,60,3322,,,z,1,0.586,0,48,48,25,1,,,,,,,
,,,,,,,,,,,,Images/CongruentRight.jpeg,Congruent Right,m,SAQ,18,female,1,N,Y,Chinese,English,none,2021-02-20_08h28.43.026,Tse_Altarriba_Simon1,2020.1.2,MacIntel,60,3322,,,m,1,0.587,0,49,49,11,1,,,,,,,
,,,,,,,,,,,,Images/NeutralLeft.jpeg,Neutral Left,z,SAQ,18,female,1,N,Y,Chinese,English,none,2021-02-20_08h28.43.026,Tse_Altarriba_Simon1,2020.1.2,MacIntel,60,3322,,,z,1,0.604,0,50,50,45,1,,,,,,,
,,,,,,,,,,,,Images/NeurtalRight.jpeg,Neutral Right,m,SAQ,18,female,1,N,Y,Chinese,English,none,2021-02-20_08h28.43.026,Tse_Altarriba_Simon1,2020.1.2,MacIntel,60,3322,,,m,1,0.575,0,51,51,58,1,,,,,,,
,,,,,,,,,,,,Images/IncongruentLeft.jpeg,Incongruent Left,z,SAQ,18,female,1,N,Y,Chinese,English,none,2021-02-20_08h28.43.026,Tse_Altarriba_Simon1,2020.1.2,MacIntel,60,3322,,,z,1,0.643,0,52,52,27,1,,,,,,,
,,,,,,,,,,,,Images/NeurtalRight.jpeg,Neutral Right,m,SAQ,18,female,1,N,Y,Chinese,English,none,2021-02-20_08h28.43.026,Tse_Altarriba_Simon1,2020.1.2,MacIntel,60,3322,,,m,1,0.847,0,53,53,54,1,,,,,,,
,,,,,,,,,,,,Images/CongruentLeft.jpeg,Congruent Left,z,SAQ,18,female,1,N,Y,Chinese,English,none,2021-02-20_08h28.43.026,Tse_Altarriba_Simon1,2020.1.2,MacIntel,60,3322,,,z,1,0.568,0,54,54,0,1,,,,,,,
,,,,,,,,,,,,Images/CongruentLeft.jpeg,Congruent Left,z,SAQ,18,female,1,N,Y,Chinese,English,none,2021-02-20_08h28.43.026,Tse_Altarriba_Simon1,2020.1.2,MacIntel,60,3322,,,z,1,0.476,0,55,55,9,1,,,,,,,
,,,,,,,,,,,,Images/NeutralLeft.jpeg,Neutral Left,z,SAQ,18,female,1,N,Y,Chinese,English,none,2021-02-20_08h28.43.026,Tse_Altarriba_Simon1,2020.1.2,MacIntel,60,3322,,,z,1,0.463,0,56,56,41,1,,,,,,,
,,,,,,,,,,,,Images/IncongruentLeft.jpeg,Incongruent Left,z,SAQ,18,female,1,N,Y,Chinese,English,none,2021-02-20_08h28.43.026,Tse_Altarriba_Simon1,2020.1.2,MacIntel,60,3322,,,z,1,0.535,0,57,57,24,1,,,,,,,
,,,,,,,,,,,,Images/CongruentLeft.jpeg,Congruent Left,z,SAQ,18,female,1,N,Y,Chinese,English,none,2021-02-20_08h28.43.026,Tse_Altarriba_Simon1,2020.1.2,MacIntel,60,3322,,,z,1,0.504,0,58,58,2,1,,,,,,,
,,,,,,,,,,,,Images/IncongruentLeft.jpeg,Incongruent Left,z,SAQ,18,female,1,N,Y,Chinese,English,none,2021-02-20_08h28.43.026,Tse_Altarriba_Simon1,2020.1.2,MacIntel,60,3322,,,z,1,0.536,0,59,59,23,1,,,,,,,
,,,,,,,,,,,,Images/IncongruentLeft.jpeg,Incongruent Left,z,SAQ,18,female,1,N,Y,Chinese,English,none,2021-02-20_08h28.43.026,Tse_Altarriba_Simon1,2020.1.2,MacIntel,60,3322,,,z,1,0.521,,,,,,space,7.217,0,0,0,21,1
,,,,,,,,,,,,Images/IncongruentRight.jpeg,Incongruent Right,m,SAQ,18,female,1,N,Y,Chinese,English,none,2021-02-20_08h28.43.026,Tse_Altarriba_Simon1,2020.1.2,MacIntel,60,3322,,,m,1,0.487,,,,,,,,0,1,1,36,1
,,,,,,,,,,,,Images/NeutralLeft.jpeg,Neutral Left,z,SAQ,18,female,1,N,Y,Chinese,English,none,2021-02-20_08h28.43.026,Tse_Altarriba_Simon1,2020.1.2,MacIntel,60,3322,,,z,1,0.58,,,,,,,,0,2,2,47,1
,,,,,,,,,,,,Images/CongruentLeft.jpeg,Congruent Left,z,SAQ,18,female,1,N,Y,Chinese,English,none,2021-02-20_08h28.43.026,Tse_Altarriba_Simon1,2020.1.2,MacIntel,60,3322,,,z,1,0.477,,,,,,,,0,3,3,6,1
,,,,,,,,,,,,Images/CongruentRight.jpeg,Congruent Right,m,SAQ,18,female,1,N,Y,Chinese,English,none,2021-02-20_08h28.43.026,Tse_Altarriba_Simon1,2020.1.2,MacIntel,60,3322,,,m,1,0.504,,,,,,,,0,4,4,11,1
,,,,,,,,,,,,Images/NeutralLeft.jpeg,Neutral Left,z,SAQ,18,female,1,N,Y,Chinese,English,none,2021-02-20_08h28.43.026,Tse_Altarriba_Simon1,2020.1.2,MacIntel,60,3322,,,z,1,0.473,,,,,,,,0,5,5,46,1
,,,,,,,,,,,,Images/NeutralLeft.jpeg,Neutral Left,z,SAQ,18,female,1,N,Y,Chinese,English,none,2021-02-20_08h28.43.026,Tse_Altarriba_Simon1,2020.1.2,MacIntel,60,3322,,,z,1,0.531,,,,,,,,0,6,6,41,1
,,,,,,,,,,,,Images/NeutralLeft.jpeg,Neutral Left,z,SAQ,18,female,1,N,Y,Chinese,English,none,2021-02-20_08h28.43.026,Tse_Altarriba_Simon1,2020.1.2,MacIntel,60,3322,,,z,1,0.463,,,,,,,,0,7,7,49,1
,,,,,,,,,,,,Images/NeurtalRight.jpeg,Neutral Right,m,SAQ,18,female,1,N,Y,Chinese,English,none,2021-02-20_08h28.43.026,Tse_Altarriba_Simon1,2020.1.2,MacIntel,60,3322,,,m,1,0.48,,,,,,,,0,8,8,55,1
,,,,,,,,,,,,Images/NeurtalRight.jpeg,Neutral Right,m,SAQ,18,female,1,N,Y,Chinese,English,none,2021-02-20_08h28.43.026,Tse_Altarriba_Simon1,2020.1.2,MacIntel,60,3322,,,m,1,0.554,,,,,,,,0,9,9,50,1
,,,,,,,,,,,,Images/IncongruentRight.jpeg,Incongruent Right,m,SAQ,18,female,1,N,Y,Chinese,English,none,2021-02-20_08h28.43.026,Tse_Altarriba_Simon1,2020.1.2,MacIntel,60,3322,,,m,1,0.58,,,,,,,,0,10,10,35,1
,,,,,,,,,,,,Images/CongruentRight.jpeg,Congruent Right,m,SAQ,18,female,1,N,Y,Chinese,English,none,2021-02-20_08h28.43.026,Tse_Altarriba_Simon1,2020.1.2,MacIntel,60,3322,,,m,1,0.464,,,,,,,,0,11,11,19,1
,,,,,,,,,,,,Images/NeutralLeft.jpeg,Neutral Left,z,SAQ,18,female,1,N,Y,Chinese,English,none,2021-02-20_08h28.43.026,Tse_Altarriba_Simon1,2020.1.2,MacIntel,60,3322,,,z,1,0.552,,,,,,,,0,12,12,45,1
,,,,,,,,,,,,Images/IncongruentLeft.jpeg,Incongruent Left,z,SAQ,18,female,1,N,Y,Chinese,English,none,2021-02-20_08h28.43.026,Tse_Altarriba_Simon1,2020.1.2,MacIntel,60,3322,,,z,1,0.587,,,,,,,,0,13,13,22,1
,,,,,,,,,,,,Images/NeurtalRight.jpeg,Neutral Right,m,SAQ,18,female,1,N,Y,Chinese,English,none,2021-02-20_08h28.43.026,Tse_Altarriba_Simon1,2020.1.2,MacIntel,60,3322,,,m,1,0.465,,,,,,,,0,14,14,57,1
,,,,,,,,,,,,Images/IncongruentLeft.jpeg,Incongruent Left,z,SAQ,18,female,1,N,Y,Chinese,English,none,2021-02-20_08h28.43.026,Tse_Altarriba_Simon1,2020.1.2,MacIntel,60,3322,,,z,1,0.783,,,,,,,,0,15,15,27,1
,,,,,,,,,,,,Images/IncongruentLeft.jpeg,Incongruent Left,z,SAQ,18,female,1,N,Y,Chinese,English,none,2021-02-20_08h28.43.026,Tse_Altarriba_Simon1,2020.1.2,MacIntel,60,3322,,,z,1,0.538,,,,,,,,0,16,16,20,1
,,,,,,,,,,,,Images/CongruentLeft.jpeg,Congruent Left,z,SAQ,18,female,1,N,Y,Chinese,English,none,2021-02-20_08h28.43.026,Tse_Altarriba_Simon1,2020.1.2,MacIntel,60,3322,,,z,1,0.537,,,,,,,,0,17,17,0,1
,,,,,,,,,,,,Images/IncongruentLeft.jpeg,Incongruent Left,z,SAQ,18,female,1,N,Y,Chinese,English,none,2021-02-20_08h28.43.026,Tse_Altarriba_Simon1,2020.1.2,MacIntel,60,3322,,,z,1,0.497,,,,,,,,0,18,18,29,1
,,,,,,,,,,,,Images/CongruentRight.jpeg,Congruent Right,m,SAQ,18,female,1,N,Y,Chinese,English,none,2021-02-20_08h28.43.026,Tse_Altarriba_Simon1,2020.1.2,MacIntel,60,3322,,,m,1,0.465,,,,,,,,0,19,19,17,1
,,,,,,,,,,,,Images/IncongruentRight.jpeg,Incongruent Right,m,SAQ,18,female,1,N,Y,Chinese,English,none,2021-02-20_08h28.43.026,Tse_Altarriba_Simon1,2020.1.2,MacIntel,60,3322,,,m,1,0.539,,,,,,,,0,20,20,32,1
,,,,,,,,,,,,Images/CongruentLeft.jpeg,Congruent Left,z,SAQ,18,female,1,N,Y,Chinese,English,none,2021-02-20_08h28.43.026,Tse_Altarriba_Simon1,2020.1.2,MacIntel,60,3322,,,z,1,0.492,,,,,,,,0,21,21,1,1
,,,,,,,,,,,,Images/CongruentRight.jpeg,Congruent Right,m,SAQ,18,female,1,N,Y,Chinese,English,none,2021-02-20_08h28.43.026,Tse_Altarriba_Simon1,2020.1.2,MacIntel,60,3322,,,m,1,0.483,,,,,,,,0,22,22,18,1
,,,,,,,,,,,,Images/IncongruentRight.jpeg,Incongruent Right,m,SAQ,18,female,1,N,Y,Chinese,English,none,2021-02-20_08h28.43.026,Tse_Altarriba_Simon1,2020.1.2,MacIntel,60,3322,,,m,1,0.554,,,,,,,,0,23,23,30,1
,,,,,,,,,,,,Images/IncongruentLeft.jpeg,Incongruent Left,z,SAQ,18,female,1,N,Y,Chinese,English,none,2021-02-20_08h28.43.026,Tse_Altarriba_Simon1,2020.1.2,MacIntel,60,3322,,,z,1,0.597,,,,,,,,0,24,24,23,1
,,,,,,,,,,,,Images/IncongruentLeft.jpeg,Incongruent Left,z,SAQ,18,female,1,N,Y,Chinese,English,none,2021-02-20_08h28.43.026,Tse_Altarriba_Simon1,2020.1.2,MacIntel,60,3322,,,z,1,0.534,,,,,,,,0,25,25,24,1
,,,,,,,,,,,,Images/NeutralLeft.jpeg,Neutral Left,z,SAQ,18,female,1,N,Y,Chinese,English,none,2021-02-20_08h28.43.026,Tse_Altarriba_Simon1,2020.1.2,MacIntel,60,3322,,,z,1,0.522,,,,,,,,0,26,26,44,1
,,,,,,,,,,,,Images/IncongruentLeft.jpeg,Incongruent Left,z,SAQ,18,female,1,N,Y,Chinese,English,none,2021-02-20_08h28.43.026,Tse_Altarriba_Simon1,2020.1.2,MacIntel,60,3322,,,z,1,0.512,,,,,,,,0,27,27,26,1
,,,,,,,,,,,,Images/NeutralLeft.jpeg,Neutral Left,z,SAQ,18,female,1,N,Y,Chinese,English,none,2021-02-20_08h28.43.026,Tse_Altarriba_Simon1,2020.1.2,MacIntel,60,3322,,,z,1,0.523,,,,,,,,0,28,28,40,1
,,,,,,,,,,,,Images/CongruentLeft.jpeg,Congruent Left,z,SAQ,18,female,1,N,Y,Chinese,English,none,2021-02-20_08h28.43.026,Tse_Altarriba_Simon1,2020.1.2,MacIntel,60,3322,,,z,1,0.465,,,,,,,,0,29,29,8,1
,,,,,,,,,,,,Images/CongruentLeft.jpeg,Congruent Left,z,SAQ,18,female,1,N,Y,Chinese,English,none,2021-02-20_08h28.43.026,Tse_Altarriba_Simon1,2020.1.2,MacIntel,60,3322,,,z,1,0.449,,,,,,,,0,30,30,3,1
,,,,,,,,,,,,Images/IncongruentLeft.jpeg,Incongruent Left,z,SAQ,18,female,1,N,Y,Chinese,English,none,2021-02-20_08h28.43.026,Tse_Altarriba_Simon1,2020.1.2,MacIntel,60,3322,,,z,1,0.5,,,,,,,,0,31,31,28,1
,,,,,,,,,,,,Images/IncongruentLeft.jpeg,Incongruent Left,z,SAQ,18,female,1,N,Y,Chinese,English,none,2021-02-20_08h28.43.026,Tse_Altarriba_Simon1,2020.1.2,MacIntel,60,3322,,,z,1,0.492,,,,,,,,0,32,32,25,1
,,,,,,,,,,,,Images/NeurtalRight.jpeg,Neutral Right,m,SAQ,18,female,1,N,Y,Chinese,English,none,2021-02-20_08h28.43.026,Tse_Altarriba_Simon1,2020.1.2,MacIntel,60,3322,,,m,1,0.531,,,,,,,,0,33,33,53,1
,,,,,,,,,,,,Images/NeutralLeft.jpeg,Neutral Left,z,SAQ,18,female,1,N,Y,Chinese,English,none,2021-02-20_08h28.43.026,Tse_Altarriba_Simon1,2020.1.2,MacIntel,60,3322,,,z,1,0.468,,,,,,,,0,34,34,42,1
,,,,,,,,,,,,Images/IncongruentRight.jpeg,Incongruent Right,m,SAQ,18,female,1,N,Y,Chinese,English,none,2021-02-20_08h28.43.026,Tse_Altarriba_Simon1,2020.1.2,MacIntel,60,3322,,,m,1,0.529,,,,,,,,0,35,35,33,1
,,,,,,,,,,,,Images/IncongruentRight.jpeg,Incongruent Right,m,SAQ,18,female,1,N,Y,Chinese,English,none,2021-02-20_08h28.43.026,Tse_Altarriba_Simon1,2020.1.2,MacIntel,60,3322,,,m,1,0.484,,,,,,,,0,36,36,39,1
,,,,,,,,,,,,Images/NeutralLeft.jpeg,Neutral Left,z,SAQ,18,female,1,N,Y,Chinese,English,none,2021-02-20_08h28.43.026,Tse_Altarriba_Simon1,2020.1.2,MacIntel,60,3322,,,z,1,0.488,,,,,,,,0,37,37,43,1
,,,,,,,,,,,,Images/CongruentLeft.jpeg,Congruent Left,z,SAQ,18,female,1,N,Y,Chinese,English,none,2021-02-20_08h28.43.026,Tse_Altarriba_Simon1,2020.1.2,MacIntel,60,3322,,,z,1,0.504,,,,,,,,0,38,38,2,1
,,,,,,,,,,,,Images/CongruentRight.jpeg,Congruent Right,m,SAQ,18,female,1,N,Y,Chinese,English,none,2021-02-20_08h28.43.026,Tse_Altarriba_Simon1,2020.1.2,MacIntel,60,3322,,,m,1,0.534,,,,,,,,0,39,39,12,1
,,,,,,,,,,,,Images/NeurtalRight.jpeg,Neutral Right,m,SAQ,18,female,1,N,Y,Chinese,English,none,2021-02-20_08h28.43.026,Tse_Altarriba_Simon1,2020.1.2,MacIntel,60,3322,,,m,1,0.448,,,,,,,,0,40,40,59,1
,,,,,,,,,,,,Images/CongruentLeft.jpeg,Congruent Left,z,SAQ,18,female,1,N,Y,Chinese,English,none,2021-02-20_08h28.43.026,Tse_Altarriba_Simon1,2020.1.2,MacIntel,60,3322,,,z,1,0.416,,,,,,,,0,41,41,4,1
,,,,,,,,,,,,Images/CongruentLeft.jpeg,Congruent Left,z,SAQ,18,female,1,N,Y,Chinese,English,none,2021-02-20_08h28.43.026,Tse_Altarriba_Simon1,2020.1.2,MacIntel,60,3322,,,z,1,0.405,,,,,,,,0,42,42,7,1
,,,,,,,,,,,,Images/NeurtalRight.jpeg,Neutral Right,m,SAQ,18,female,1,N,Y,Chinese,English,none,2021-02-20_08h28.43.026,Tse_Altarriba_Simon1,2020.1.2,MacIntel,60,3322,,,m,1,0.518,,,,,,,,0,43,43,52,1
,,,,,,,,,,,,Images/CongruentRight.jpeg,Congruent Right,m,SAQ,18,female,1,N,Y,Chinese,English,none,2021-02-20_08h28.43.026,Tse_Altarriba_Simon1,2020.1.2,MacIntel,60,3322,,,m,1,0.463,,,,,,,,0,44,44,13,1
,,,,,,,,,,,,Images/CongruentRight.jpeg,Congruent Right,m,SAQ,18,female,1,N,Y,Chinese,English,none,2021-02-20_08h28.43.026,Tse_Altarriba_Simon1,2020.1.2,MacIntel,60,3322,,,m,1,0.397,,,,,,,,0,45,45,16,1
,,,,,,,,,,,,Images/NeurtalRight.jpeg,Neutral Right,m,SAQ,18,female,1,N,Y,Chinese,English,none,2021-02-20_08h28.43.026,Tse_Altarriba_Simon1,2020.1.2,MacIntel,60,3322,,,m,1,0.435,,,,,,,,0,46,46,56,1
,,,,,,,,,,,,Images/NeurtalRight.jpeg,Neutral Right,m,SAQ,18,female,1,N,Y,Chinese,English,none,2021-02-20_08h28.43.026,Tse_Altarriba_Simon1,2020.1.2,MacIntel,60,3322,,,m,1,0.404,,,,,,,,0,47,47,51,1
,,,,,,,,,,,,Images/CongruentRight.jpeg,Congruent Right,m,SAQ,18,female,1,N,Y,Chinese,English,none,2021-02-20_08h28.43.026,Tse_Altarriba_Simon1,2020.1.2,MacIntel,60,3322,,,m,1,0.387,,,,,,,,0,48,48,14,1
,,,,,,,,,,,,Images/CongruentLeft.jpeg,Congruent Left,z,SAQ,18,female,1,N,Y,Chinese,English,none,2021-02-20_08h28.43.026,Tse_Altarriba_Simon1,2020.1.2,MacIntel,60,3322,,,z,1,0.43,,,,,,,,0,49,49,9,1
,,,,,,,,,,,,Images/NeutralLeft.jpeg,Neutral Left,z,SAQ,18,female,1,N,Y,Chinese,English,none,2021-02-20_08h28.43.026,Tse_Altarriba_Simon1,2020.1.2,MacIntel,60,3322,,,z,1,0.437,,,,,,,,0,50,50,48,1
,,,,,,,,,,,,Images/NeurtalRight.jpeg,Neutral Right,m,SAQ,18,female,1,N,Y,Chinese,English,none,2021-02-20_08h28.43.026,Tse_Altarriba_Simon1,2020.1.2,MacIntel,60,3322,,,m,1,0.482,,,,,,,,0,51,51,54,1
,,,,,,,,,,,,Images/IncongruentRight.jpeg,Incongruent Right,m,SAQ,18,female,1,N,Y,Chinese,English,none,2021-02-20_08h28.43.026,Tse_Altarriba_Simon1,2020.1.2,MacIntel,60,3322,,,m,1,0.509,,,,,,,,0,52,52,34,1
,,,,,,,,,,,,Images/IncongruentRight.jpeg,Incongruent Right,m,SAQ,18,female,1,N,Y,Chinese,English,none,2021-02-20_08h28.43.026,Tse_Altarriba_Simon1,2020.1.2,MacIntel,60,3322,,,m,1,0.471,,,,,,,,0,53,53,38,1
,,,,,,,,,,,,Images/CongruentRight.jpeg,Congruent Right,m,SAQ,18,female,1,N,Y,Chinese,English,none,2021-02-20_08h28.43.026,Tse_Altarriba_Simon1,2020.1.2,MacIntel,60,3322,,,m,1,0.451,,,,,,,,0,54,54,15,1
,,,,,,,,,,,,Images/CongruentRight.jpeg,Congruent Right,m,SAQ,18,female,1,N,Y,Chinese,English,none,2021-02-20_08h28.43.026,Tse_Altarriba_Simon1,2020.1.2,MacIntel,60,3322,,,m,1,0.443,,,,,,,,0,55,55,10,1
,,,,,,,,,,,,Images/IncongruentRight.jpeg,Incongruent Right,m,SAQ,18,female,1,N,Y,Chinese,English,none,2021-02-20_08h28.43.026,Tse_Altarriba_Simon1,2020.1.2,MacIntel,60,3322,,,m,1,0.62,,,,,,,,0,56,56,31,1
,,,,,,,,,,,,Images/NeurtalRight.jpeg,Neutral Right,m,SAQ,18,female,1,N,Y,Chinese,English,none,2021-02-20_08h28.43.026,Tse_Altarriba_Simon1,2020.1.2,MacIntel,60,3322,,,m,1,0.402,,,,,,,,0,57,57,58,1
,,,,,,,,,,,,Images/CongruentLeft.jpeg,Congruent Left,z,SAQ,18,female,1,N,Y,Chinese,English,none,2021-02-20_08h28.43.026,Tse_Altarriba_Simon1,2020.1.2,MacIntel,60,3322,,,z,1,0.574,,,,,,,,0,58,58,5,1
,,,,,,,,,,,,Images/IncongruentRight.jpeg,Incongruent Right,m,SAQ,18,female,1,N,Y,Chinese,English,none,2021-02-20_08h28.43.026,Tse_Altarriba_Simon1,2020.1.2,MacIntel,60,3322,,,m,1,0.506,,,,,,,,0,59,59,37,1
