Space1.keys,Space1.rt,Space2.keys,Space2.rt,response.keys,response.corr,response.rt,Practice_loop.thisRepN,Practice_loop.thisTrialN,Practice_loop.thisN,Practice_loop.thisIndex,Practice_loop.ran,ImageFile,Condition,CorrAns,Your initials,What is your age?,What is your gender?,What year are you in?,Are you Dyslexic? (Y/N),Are you bi/multilingual? (Y/N),What is your first language?,"What is your second language? (if you are monollingual, leave blank)",What other languages do you speak?,date,expName,psychopyVersion,OS,frameRate,participant,Space3.keys,Space3.rt,key_resp_2.keys,key_resp_2.corr,key_resp_2.rt,trials.thisRepN,trials.thisTrialN,trials.thisN,trials.thisIndex,trials.ran,Space4.keys,Space4.rt,trials_2.thisRepN,trials_2.thisTrialN,trials_2.thisN,trials_2.thisIndex,trials_2.ran
space,7.918,space,20.968,z,1,0.969,0,0,0,9,1,Images/NeutralLeft.jpeg,Neutral Left,z,ZJN,19,male,1,N,N,CHINESE,,English,2021-02-22_14h19.58.587,Tse_Altarriba_Simon1,2020.1.2,MacIntel,60,3325,,,,,,,,,,,,,,,,,
,,,,m,1,0.687,0,1,1,2,1,Images/CongruentRight.jpeg,Congruent Right,m,ZJN,19,male,1,N,N,CHINESE,,English,2021-02-22_14h19.58.587,Tse_Altarriba_Simon1,2020.1.2,MacIntel,60,3325,,,,,,,,,,,,,,,,,
,,,,m,1,0.554,0,2,2,10,1,Images/NeurtalRight.jpeg,Neutral Right,m,ZJN,19,male,1,N,N,CHINESE,,English,2021-02-22_14h19.58.587,Tse_Altarriba_Simon1,2020.1.2,MacIntel,60,3325,,,,,,,,,,,,,,,,,
,,,,m,1,0.642,0,3,3,7,1,Images/IncongruentRight.jpeg,Incongruent Right,m,ZJN,19,male,1,N,N,CHINESE,,English,2021-02-22_14h19.58.587,Tse_Altarriba_Simon1,2020.1.2,MacIntel,60,3325,,,,,,,,,,,,,,,,,
,,,,m,1,0.435,0,4,4,11,1,Images/NeurtalRight.jpeg,Neutral Right,m,ZJN,19,male,1,N,N,CHINESE,,English,2021-02-22_14h19.58.587,Tse_Altarriba_Simon1,2020.1.2,MacIntel,60,3325,,,,,,,,,,,,,,,,,
,,,,z,1,0.464,0,5,5,8,1,Images/NeutralLeft.jpeg,Neutral Left,z,ZJN,19,male,1,N,N,CHINESE,,English,2021-02-22_14h19.58.587,Tse_Altarriba_Simon1,2020.1.2,MacIntel,60,3325,,,,,,,,,,,,,,,,,
,,,,m,1,0.386,0,6,6,3,1,Images/CongruentRight.jpeg,Congruent Right,m,ZJN,19,male,1,N,N,CHINESE,,English,2021-02-22_14h19.58.587,Tse_Altarriba_Simon1,2020.1.2,MacIntel,60,3325,,,,,,,,,,,,,,,,,
,,,,z,1,0.579,0,7,7,4,1,Images/IncongruentLeft.jpeg,Incongruent Left,z,ZJN,19,male,1,N,N,CHINESE,,English,2021-02-22_14h19.58.587,Tse_Altarriba_Simon1,2020.1.2,MacIntel,60,3325,,,,,,,,,,,,,,,,,
,,,,m,1,0.602,0,8,8,6,1,Images/IncongruentRight.jpeg,Incongruent Right,m,ZJN,19,male,1,N,N,CHINESE,,English,2021-02-22_14h19.58.587,Tse_Altarriba_Simon1,2020.1.2,MacIntel,60,3325,,,,,,,,,,,,,,,,,
,,,,z,1,0.551,0,9,9,0,1,Images/CongruentLeft.jpeg,Congruent Left,z,ZJN,19,male,1,N,N,CHINESE,,English,2021-02-22_14h19.58.587,Tse_Altarriba_Simon1,2020.1.2,MacIntel,60,3325,,,,,,,,,,,,,,,,,
,,,,z,1,0.536,0,10,10,1,1,Images/CongruentLeft.jpeg,Congruent Left,z,ZJN,19,male,1,N,N,CHINESE,,English,2021-02-22_14h19.58.587,Tse_Altarriba_Simon1,2020.1.2,MacIntel,60,3325,,,,,,,,,,,,,,,,,
,,,,z,1,0.519,0,11,11,5,1,Images/IncongruentLeft.jpeg,Incongruent Left,z,ZJN,19,male,1,N,N,CHINESE,,English,2021-02-22_14h19.58.587,Tse_Altarriba_Simon1,2020.1.2,MacIntel,60,3325,,,,,,,,,,,,,,,,,
,,,,,,,,,,,,Images/NeutralLeft.jpeg,Neutral Left,z,ZJN,19,male,1,N,N,CHINESE,,English,2021-02-22_14h19.58.587,Tse_Altarriba_Simon1,2020.1.2,MacIntel,60,3325,space,13.655,z,1,0.646,0,0,0,43,1,,,,,,,
,,,,,,,,,,,,Images/IncongruentLeft.jpeg,Incongruent Left,z,ZJN,19,male,1,N,N,CHINESE,,English,2021-02-22_14h19.58.587,Tse_Altarriba_Simon1,2020.1.2,MacIntel,60,3325,,,z,1,0.53,0,1,1,24,1,,,,,,,
,,,,,,,,,,,,Images/NeutralLeft.jpeg,Neutral Left,z,ZJN,19,male,1,N,N,CHINESE,,English,2021-02-22_14h19.58.587,Tse_Altarriba_Simon1,2020.1.2,MacIntel,60,3325,,,z,1,0.49,0,2,2,40,1,,,,,,,
,,,,,,,,,,,,Images/CongruentRight.jpeg,Congruent Right,m,ZJN,19,male,1,N,N,CHINESE,,English,2021-02-22_14h19.58.587,Tse_Altarriba_Simon1,2020.1.2,MacIntel,60,3325,,,m,1,0.543,0,3,3,15,1,,,,,,,
,,,,,,,,,,,,Images/IncongruentLeft.jpeg,Incongruent Left,z,ZJN,19,male,1,N,N,CHINESE,,English,2021-02-22_14h19.58.587,Tse_Altarriba_Simon1,2020.1.2,MacIntel,60,3325,,,z,1,0.529,0,4,4,27,1,,,,,,,
,,,,,,,,,,,,Images/NeurtalRight.jpeg,Neutral Right,m,ZJN,19,male,1,N,N,CHINESE,,English,2021-02-22_14h19.58.587,Tse_Altarriba_Simon1,2020.1.2,MacIntel,60,3325,,,m,1,0.518,0,5,5,57,1,,,,,,,
,,,,,,,,,,,,Images/NeurtalRight.jpeg,Neutral Right,m,ZJN,19,male,1,N,N,CHINESE,,English,2021-02-22_14h19.58.587,Tse_Altarriba_Simon1,2020.1.2,MacIntel,60,3325,,,m,1,0.557,0,6,6,51,1,,,,,,,
,,,,,,,,,,,,Images/CongruentRight.jpeg,Congruent Right,m,ZJN,19,male,1,N,N,CHINESE,,English,2021-02-22_14h19.58.587,Tse_Altarriba_Simon1,2020.1.2,MacIntel,60,3325,,,m,1,0.43,0,7,7,13,1,,,,,,,
,,,,,,,,,,,,Images/IncongruentLeft.jpeg,Incongruent Left,z,ZJN,19,male,1,N,N,CHINESE,,English,2021-02-22_14h19.58.587,Tse_Altarriba_Simon1,2020.1.2,MacIntel,60,3325,,,z,1,0.474,0,8,8,22,1,,,,,,,
,,,,,,,,,,,,Images/CongruentLeft.jpeg,Congruent Left,z,ZJN,19,male,1,N,N,CHINESE,,English,2021-02-22_14h19.58.587,Tse_Altarriba_Simon1,2020.1.2,MacIntel,60,3325,,,z,1,0.488,0,9,9,4,1,,,,,,,
,,,,,,,,,,,,Images/CongruentLeft.jpeg,Congruent Left,z,ZJN,19,male,1,N,N,CHINESE,,English,2021-02-22_14h19.58.587,Tse_Altarriba_Simon1,2020.1.2,MacIntel,60,3325,,,z,1,0.45,0,10,10,7,1,,,,,,,
,,,,,,,,,,,,Images/CongruentRight.jpeg,Congruent Right,m,ZJN,19,male,1,N,N,CHINESE,,English,2021-02-22_14h19.58.587,Tse_Altarriba_Simon1,2020.1.2,MacIntel,60,3325,,,m,1,0.435,0,11,11,14,1,,,,,,,
,,,,,,,,,,,,Images/NeutralLeft.jpeg,Neutral Left,z,ZJN,19,male,1,N,N,CHINESE,,English,2021-02-22_14h19.58.587,Tse_Altarriba_Simon1,2020.1.2,MacIntel,60,3325,,,z,1,0.452,0,12,12,46,1,,,,,,,
,,,,,,,,,,,,Images/NeutralLeft.jpeg,Neutral Left,z,ZJN,19,male,1,N,N,CHINESE,,English,2021-02-22_14h19.58.587,Tse_Altarriba_Simon1,2020.1.2,MacIntel,60,3325,,,z,1,0.436,0,13,13,44,1,,,,,,,
,,,,,,,,,,,,Images/NeutralLeft.jpeg,Neutral Left,z,ZJN,19,male,1,N,N,CHINESE,,English,2021-02-22_14h19.58.587,Tse_Altarriba_Simon1,2020.1.2,MacIntel,60,3325,,,z,1,0.438,0,14,14,47,1,,,,,,,
,,,,,,,,,,,,Images/IncongruentLeft.jpeg,Incongruent Left,z,ZJN,19,male,1,N,N,CHINESE,,English,2021-02-22_14h19.58.587,Tse_Altarriba_Simon1,2020.1.2,MacIntel,60,3325,,,z,1,0.515,0,15,15,29,1,,,,,,,
,,,,,,,,,,,,Images/NeurtalRight.jpeg,Neutral Right,m,ZJN,19,male,1,N,N,CHINESE,,English,2021-02-22_14h19.58.587,Tse_Altarriba_Simon1,2020.1.2,MacIntel,60,3325,,,m,1,0.55,0,16,16,58,1,,,,,,,
,,,,,,,,,,,,Images/NeurtalRight.jpeg,Neutral Right,m,ZJN,19,male,1,N,N,CHINESE,,English,2021-02-22_14h19.58.587,Tse_Altarriba_Simon1,2020.1.2,MacIntel,60,3325,,,m,1,0.568,0,17,17,54,1,,,,,,,
,,,,,,,,,,,,Images/CongruentLeft.jpeg,Congruent Left,z,ZJN,19,male,1,N,N,CHINESE,,English,2021-02-22_14h19.58.587,Tse_Altarriba_Simon1,2020.1.2,MacIntel,60,3325,,,z,1,0.452,0,18,18,0,1,,,,,,,
,,,,,,,,,,,,Images/NeurtalRight.jpeg,Neutral Right,m,ZJN,19,male,1,N,N,CHINESE,,English,2021-02-22_14h19.58.587,Tse_Altarriba_Simon1,2020.1.2,MacIntel,60,3325,,,m,1,0.447,0,19,19,52,1,,,,,,,
,,,,,,,,,,,,Images/NeutralLeft.jpeg,Neutral Left,z,ZJN,19,male,1,N,N,CHINESE,,English,2021-02-22_14h19.58.587,Tse_Altarriba_Simon1,2020.1.2,MacIntel,60,3325,,,z,1,0.531,0,20,20,48,1,,,,,,,
,,,,,,,,,,,,Images/IncongruentRight.jpeg,Incongruent Right,m,ZJN,19,male,1,N,N,CHINESE,,English,2021-02-22_14h19.58.587,Tse_Altarriba_Simon1,2020.1.2,MacIntel,60,3325,,,m,1,0.601,0,21,21,31,1,,,,,,,
,,,,,,,,,,,,Images/IncongruentRight.jpeg,Incongruent Right,m,ZJN,19,male,1,N,N,CHINESE,,English,2021-02-22_14h19.58.587,Tse_Altarriba_Simon1,2020.1.2,MacIntel,60,3325,,,m,1,0.531,0,22,22,39,1,,,,,,,
,,,,,,,,,,,,Images/IncongruentRight.jpeg,Incongruent Right,m,ZJN,19,male,1,N,N,CHINESE,,English,2021-02-22_14h19.58.587,Tse_Altarriba_Simon1,2020.1.2,MacIntel,60,3325,,,m,1,0.551,0,23,23,36,1,,,,,,,
,,,,,,,,,,,,Images/CongruentRight.jpeg,Congruent Right,m,ZJN,19,male,1,N,N,CHINESE,,English,2021-02-22_14h19.58.587,Tse_Altarriba_Simon1,2020.1.2,MacIntel,60,3325,,,m,1,0.599,0,24,24,10,1,,,,,,,
,,,,,,,,,,,,Images/NeurtalRight.jpeg,Neutral Right,m,ZJN,19,male,1,N,N,CHINESE,,English,2021-02-22_14h19.58.587,Tse_Altarriba_Simon1,2020.1.2,MacIntel,60,3325,,,m,1,0.487,0,25,25,53,1,,,,,,,
,,,,,,,,,,,,Images/IncongruentLeft.jpeg,Incongruent Left,z,ZJN,19,male,1,N,N,CHINESE,,English,2021-02-22_14h19.58.587,Tse_Altarriba_Simon1,2020.1.2,MacIntel,60,3325,,,z,1,0.669,0,26,26,23,1,,,,,,,
,,,,,,,,,,,,Images/CongruentLeft.jpeg,Congruent Left,z,ZJN,19,male,1,N,N,CHINESE,,English,2021-02-22_14h19.58.587,Tse_Altarriba_Simon1,2020.1.2,MacIntel,60,3325,,,z,1,0.542,0,27,27,9,1,,,,,,,
,,,,,,,,,,,,Images/IncongruentLeft.jpeg,Incongruent Left,z,ZJN,19,male,1,N,N,CHINESE,,English,2021-02-22_14h19.58.587,Tse_Altarriba_Simon1,2020.1.2,MacIntel,60,3325,,,z,1,0.557,0,28,28,26,1,,,,,,,
,,,,,,,,,,,,Images/CongruentLeft.jpeg,Congruent Left,z,ZJN,19,male,1,N,N,CHINESE,,English,2021-02-22_14h19.58.587,Tse_Altarriba_Simon1,2020.1.2,MacIntel,60,3325,,,z,1,0.53,0,29,29,6,1,,,,,,,
,,,,,,,,,,,,Images/IncongruentRight.jpeg,Incongruent Right,m,ZJN,19,male,1,N,N,CHINESE,,English,2021-02-22_14h19.58.587,Tse_Altarriba_Simon1,2020.1.2,MacIntel,60,3325,,,m,1,0.552,0,30,30,35,1,,,,,,,
,,,,,,,,,,,,Images/CongruentLeft.jpeg,Congruent Left,z,ZJN,19,male,1,N,N,CHINESE,,English,2021-02-22_14h19.58.587,Tse_Altarriba_Simon1,2020.1.2,MacIntel,60,3325,,,z,1,0.536,0,31,31,1,1,,,,,,,
,,,,,,,,,,,,Images/NeurtalRight.jpeg,Neutral Right,m,ZJN,19,male,1,N,N,CHINESE,,English,2021-02-22_14h19.58.587,Tse_Altarriba_Simon1,2020.1.2,MacIntel,60,3325,,,m,1,0.405,0,32,32,55,1,,,,,,,
,,,,,,,,,,,,Images/IncongruentRight.jpeg,Incongruent Right,m,ZJN,19,male,1,N,N,CHINESE,,English,2021-02-22_14h19.58.587,Tse_Altarriba_Simon1,2020.1.2,MacIntel,60,3325,,,m,1,0.67,0,33,33,32,1,,,,,,,
,,,,,,,,,,,,Images/IncongruentLeft.jpeg,Incongruent Left,z,ZJN,19,male,1,N,N,CHINESE,,English,2021-02-22_14h19.58.587,Tse_Altarriba_Simon1,2020.1.2,MacIntel,60,3325,,,z,1,0.483,0,34,34,25,1,,,,,,,
,,,,,,,,,,,,Images/CongruentRight.jpeg,Congruent Right,m,ZJN,19,male,1,N,N,CHINESE,,English,2021-02-22_14h19.58.587,Tse_Altarriba_Simon1,2020.1.2,MacIntel,60,3325,,,m,1,0.529,0,35,35,16,1,,,,,,,
,,,,,,,,,,,,Images/IncongruentRight.jpeg,Incongruent Right,m,ZJN,19,male,1,N,N,CHINESE,,English,2021-02-22_14h19.58.587,Tse_Altarriba_Simon1,2020.1.2,MacIntel,60,3325,,,m,1,0.47,0,36,36,30,1,,,,,,,
,,,,,,,,,,,,Images/CongruentRight.jpeg,Congruent Right,m,ZJN,19,male,1,N,N,CHINESE,,English,2021-02-22_14h19.58.587,Tse_Altarriba_Simon1,2020.1.2,MacIntel,60,3325,,,m,1,0.467,0,37,37,12,1,,,,,,,
,,,,,,,,,,,,Images/CongruentRight.jpeg,Congruent Right,m,ZJN,19,male,1,N,N,CHINESE,,English,2021-02-22_14h19.58.587,Tse_Altarriba_Simon1,2020.1.2,MacIntel,60,3325,,,m,1,0.399,0,38,38,11,1,,,,,,,
,,,,,,,,,,,,Images/CongruentLeft.jpeg,Congruent Left,z,ZJN,19,male,1,N,N,CHINESE,,English,2021-02-22_14h19.58.587,Tse_Altarriba_Simon1,2020.1.2,MacIntel,60,3325,,,z,1,0.5,0,39,39,8,1,,,,,,,
,,,,,,,,,,,,Images/IncongruentRight.jpeg,Incongruent Right,m,ZJN,19,male,1,N,N,CHINESE,,English,2021-02-22_14h19.58.587,Tse_Altarriba_Simon1,2020.1.2,MacIntel,60,3325,,,m,1,0.431,0,40,40,33,1,,,,,,,
,,,,,,,,,,,,Images/IncongruentRight.jpeg,Incongruent Right,m,ZJN,19,male,1,N,N,CHINESE,,English,2021-02-22_14h19.58.587,Tse_Altarriba_Simon1,2020.1.2,MacIntel,60,3325,,,m,1,0.412,0,41,41,37,1,,,,,,,
,,,,,,,,,,,,Images/NeurtalRight.jpeg,Neutral Right,m,ZJN,19,male,1,N,N,CHINESE,,English,2021-02-22_14h19.58.587,Tse_Altarriba_Simon1,2020.1.2,MacIntel,60,3325,,,m,1,0.413,0,42,42,56,1,,,,,,,
,,,,,,,,,,,,Images/NeutralLeft.jpeg,Neutral Left,z,ZJN,19,male,1,N,N,CHINESE,,English,2021-02-22_14h19.58.587,Tse_Altarriba_Simon1,2020.1.2,MacIntel,60,3325,,,z,1,0.553,0,43,43,42,1,,,,,,,
,,,,,,,,,,,,Images/CongruentRight.jpeg,Congruent Right,m,ZJN,19,male,1,N,N,CHINESE,,English,2021-02-22_14h19.58.587,Tse_Altarriba_Simon1,2020.1.2,MacIntel,60,3325,,,m,1,0.369,0,44,44,17,1,,,,,,,
,,,,,,,,,,,,Images/CongruentLeft.jpeg,Congruent Left,z,ZJN,19,male,1,N,N,CHINESE,,English,2021-02-22_14h19.58.587,Tse_Altarriba_Simon1,2020.1.2,MacIntel,60,3325,,,z,1,0.457,0,45,45,5,1,,,,,,,
,,,,,,,,,,,,Images/NeurtalRight.jpeg,Neutral Right,m,ZJN,19,male,1,N,N,CHINESE,,English,2021-02-22_14h19.58.587,Tse_Altarriba_Simon1,2020.1.2,MacIntel,60,3325,,,m,1,0.392,0,46,46,59,1,,,,,,,
,,,,,,,,,,,,Images/NeutralLeft.jpeg,Neutral Left,z,ZJN,19,male,1,N,N,CHINESE,,English,2021-02-22_14h19.58.587,Tse_Altarriba_Simon1,2020.1.2,MacIntel,60,3325,,,z,1,0.424,0,47,47,49,1,,,,,,,
,,,,,,,,,,,,Images/IncongruentLeft.jpeg,Incongruent Left,z,ZJN,19,male,1,N,N,CHINESE,,English,2021-02-22_14h19.58.587,Tse_Altarriba_Simon1,2020.1.2,MacIntel,60,3325,,,z,1,0.504,0,48,48,28,1,,,,,,,
,,,,,,,,,,,,Images/IncongruentLeft.jpeg,Incongruent Left,z,ZJN,19,male,1,N,N,CHINESE,,English,2021-02-22_14h19.58.587,Tse_Altarriba_Simon1,2020.1.2,MacIntel,60,3325,,,z,1,0.448,0,49,49,21,1,,,,,,,
,,,,,,,,,,,,Images/IncongruentLeft.jpeg,Incongruent Left,z,ZJN,19,male,1,N,N,CHINESE,,English,2021-02-22_14h19.58.587,Tse_Altarriba_Simon1,2020.1.2,MacIntel,60,3325,,,z,1,0.502,0,50,50,20,1,,,,,,,
,,,,,,,,,,,,Images/IncongruentRight.jpeg,Incongruent Right,m,ZJN,19,male,1,N,N,CHINESE,,English,2021-02-22_14h19.58.587,Tse_Altarriba_Simon1,2020.1.2,MacIntel,60,3325,,,m,1,0.524,0,51,51,34,1,,,,,,,
,,,,,,,,,,,,Images/NeutralLeft.jpeg,Neutral Left,z,ZJN,19,male,1,N,N,CHINESE,,English,2021-02-22_14h19.58.587,Tse_Altarriba_Simon1,2020.1.2,MacIntel,60,3325,,,z,1,0.469,0,52,52,45,1,,,,,,,
,,,,,,,,,,,,Images/CongruentRight.jpeg,Congruent Right,m,ZJN,19,male,1,N,N,CHINESE,,English,2021-02-22_14h19.58.587,Tse_Altarriba_Simon1,2020.1.2,MacIntel,60,3325,,,m,1,0.42,0,53,53,19,1,,,,,,,
,,,,,,,,,,,,Images/CongruentLeft.jpeg,Congruent Left,z,ZJN,19,male,1,N,N,CHINESE,,English,2021-02-22_14h19.58.587,Tse_Altarriba_Simon1,2020.1.2,MacIntel,60,3325,,,z,1,0.436,0,54,54,2,1,,,,,,,
,,,,,,,,,,,,Images/NeurtalRight.jpeg,Neutral Right,m,ZJN,19,male,1,N,N,CHINESE,,English,2021-02-22_14h19.58.587,Tse_Altarriba_Simon1,2020.1.2,MacIntel,60,3325,,,m,1,0.434,0,55,55,50,1,,,,,,,
,,,,,,,,,,,,Images/NeutralLeft.jpeg,Neutral Left,z,ZJN,19,male,1,N,N,CHINESE,,English,2021-02-22_14h19.58.587,Tse_Altarriba_Simon1,2020.1.2,MacIntel,60,3325,,,z,1,0.415,0,56,56,41,1,,,,,,,
,,,,,,,,,,,,Images/CongruentLeft.jpeg,Congruent Left,z,ZJN,19,male,1,N,N,CHINESE,,English,2021-02-22_14h19.58.587,Tse_Altarriba_Simon1,2020.1.2,MacIntel,60,3325,,,z,1,0.422,0,57,57,3,1,,,,,,,
,,,,,,,,,,,,Images/IncongruentRight.jpeg,Incongruent Right,m,ZJN,19,male,1,N,N,CHINESE,,English,2021-02-22_14h19.58.587,Tse_Altarriba_Simon1,2020.1.2,MacIntel,60,3325,,,m,1,0.384,0,58,58,38,1,,,,,,,
,,,,,,,,,,,,Images/CongruentRight.jpeg,Congruent Right,m,ZJN,19,male,1,N,N,CHINESE,,English,2021-02-22_14h19.58.587,Tse_Altarriba_Simon1,2020.1.2,MacIntel,60,3325,,,m,1,0.397,0,59,59,18,1,,,,,,,
,,,,,,,,,,,,Images/IncongruentRight.jpeg,Incongruent Right,m,ZJN,19,male,1,N,N,CHINESE,,English,2021-02-22_14h19.58.587,Tse_Altarriba_Simon1,2020.1.2,MacIntel,60,3325,,,m,1,0.701,,,,,,space,189.91,0,0,0,34,1
,,,,,,,,,,,,Images/IncongruentLeft.jpeg,Incongruent Left,z,ZJN,19,male,1,N,N,CHINESE,,English,2021-02-22_14h19.58.587,Tse_Altarriba_Simon1,2020.1.2,MacIntel,60,3325,,,z,1,0.558,,,,,,,,0,1,1,24,1
,,,,,,,,,,,,Images/IncongruentLeft.jpeg,Incongruent Left,z,ZJN,19,male,1,N,N,CHINESE,,English,2021-02-22_14h19.58.587,Tse_Altarriba_Simon1,2020.1.2,MacIntel,60,3325,,,z,1,0.522,,,,,,,,0,2,2,22,1
,,,,,,,,,,,,Images/IncongruentLeft.jpeg,Incongruent Left,z,ZJN,19,male,1,N,N,CHINESE,,English,2021-02-22_14h19.58.587,Tse_Altarriba_Simon1,2020.1.2,MacIntel,60,3325,,,z,1,0.478,,,,,,,,0,3,3,28,1
,,,,,,,,,,,,Images/CongruentLeft.jpeg,Congruent Left,z,ZJN,19,male,1,N,N,CHINESE,,English,2021-02-22_14h19.58.587,Tse_Altarriba_Simon1,2020.1.2,MacIntel,60,3325,,,z,1,0.453,,,,,,,,0,4,4,8,1
,,,,,,,,,,,,Images/CongruentRight.jpeg,Congruent Right,m,ZJN,19,male,1,N,N,CHINESE,,English,2021-02-22_14h19.58.587,Tse_Altarriba_Simon1,2020.1.2,MacIntel,60,3325,,,m,1,0.445,,,,,,,,0,5,5,10,1
,,,,,,,,,,,,Images/IncongruentLeft.jpeg,Incongruent Left,z,ZJN,19,male,1,N,N,CHINESE,,English,2021-02-22_14h19.58.587,Tse_Altarriba_Simon1,2020.1.2,MacIntel,60,3325,,,z,1,0.494,,,,,,,,0,6,6,20,1
,,,,,,,,,,,,Images/CongruentLeft.jpeg,Congruent Left,z,ZJN,19,male,1,N,N,CHINESE,,English,2021-02-22_14h19.58.587,Tse_Altarriba_Simon1,2020.1.2,MacIntel,60,3325,,,z,1,0.416,,,,,,,,0,7,7,2,1
,,,,,,,,,,,,Images/CongruentRight.jpeg,Congruent Right,m,ZJN,19,male,1,N,N,CHINESE,,English,2021-02-22_14h19.58.587,Tse_Altarriba_Simon1,2020.1.2,MacIntel,60,3325,,,m,1,0.434,,,,,,,,0,8,8,19,1
,,,,,,,,,,,,Images/NeutralLeft.jpeg,Neutral Left,z,ZJN,19,male,1,N,N,CHINESE,,English,2021-02-22_14h19.58.587,Tse_Altarriba_Simon1,2020.1.2,MacIntel,60,3325,,,z,1,0.467,,,,,,,,0,9,9,47,1
,,,,,,,,,,,,Images/NeurtalRight.jpeg,Neutral Right,m,ZJN,19,male,1,N,N,CHINESE,,English,2021-02-22_14h19.58.587,Tse_Altarriba_Simon1,2020.1.2,MacIntel,60,3325,,,m,1,0.434,,,,,,,,0,10,10,59,1
,,,,,,,,,,,,Images/CongruentLeft.jpeg,Congruent Left,z,ZJN,19,male,1,N,N,CHINESE,,English,2021-02-22_14h19.58.587,Tse_Altarriba_Simon1,2020.1.2,MacIntel,60,3325,,,z,1,0.4,,,,,,,,0,11,11,7,1
,,,,,,,,,,,,Images/NeurtalRight.jpeg,Neutral Right,m,ZJN,19,male,1,N,N,CHINESE,,English,2021-02-22_14h19.58.587,Tse_Altarriba_Simon1,2020.1.2,MacIntel,60,3325,,,m,1,0.436,,,,,,,,0,12,12,51,1
,,,,,,,,,,,,Images/NeutralLeft.jpeg,Neutral Left,z,ZJN,19,male,1,N,N,CHINESE,,English,2021-02-22_14h19.58.587,Tse_Altarriba_Simon1,2020.1.2,MacIntel,60,3325,,,z,1,0.424,,,,,,,,0,13,13,45,1
,,,,,,,,,,,,Images/CongruentRight.jpeg,Congruent Right,m,ZJN,19,male,1,N,N,CHINESE,,English,2021-02-22_14h19.58.587,Tse_Altarriba_Simon1,2020.1.2,MacIntel,60,3325,,,m,1,0.356,,,,,,,,0,14,14,11,1
,,,,,,,,,,,,Images/CongruentLeft.jpeg,Congruent Left,z,ZJN,19,male,1,N,N,CHINESE,,English,2021-02-22_14h19.58.587,Tse_Altarriba_Simon1,2020.1.2,MacIntel,60,3325,,,z,1,0.346,,,,,,,,0,15,15,1,1
,,,,,,,,,,,,Images/CongruentRight.jpeg,Congruent Right,m,ZJN,19,male,1,N,N,CHINESE,,English,2021-02-22_14h19.58.587,Tse_Altarriba_Simon1,2020.1.2,MacIntel,60,3325,,,m,1,0.332,,,,,,,,0,16,16,13,1
,,,,,,,,,,,,Images/IncongruentRight.jpeg,Incongruent Right,m,ZJN,19,male,1,N,N,CHINESE,,English,2021-02-22_14h19.58.587,Tse_Altarriba_Simon1,2020.1.2,MacIntel,60,3325,,,z,0,0.356,,,,,,,,0,17,17,33,1
,,,,,,,,,,,,Images/CongruentLeft.jpeg,Congruent Left,z,ZJN,19,male,1,N,N,CHINESE,,English,2021-02-22_14h19.58.587,Tse_Altarriba_Simon1,2020.1.2,MacIntel,60,3325,,,z,1,0.483,,,,,,,,0,18,18,0,1
,,,,,,,,,,,,Images/IncongruentLeft.jpeg,Incongruent Left,z,ZJN,19,male,1,N,N,CHINESE,,English,2021-02-22_14h19.58.587,Tse_Altarriba_Simon1,2020.1.2,MacIntel,60,3325,,,z,1,0.642,,,,,,,,0,19,19,25,1
,,,,,,,,,,,,Images/IncongruentRight.jpeg,Incongruent Right,m,ZJN,19,male,1,N,N,CHINESE,,English,2021-02-22_14h19.58.587,Tse_Altarriba_Simon1,2020.1.2,MacIntel,60,3325,,,m,1,0.568,,,,,,,,0,20,20,35,1
,,,,,,,,,,,,Images/NeurtalRight.jpeg,Neutral Right,m,ZJN,19,male,1,N,N,CHINESE,,English,2021-02-22_14h19.58.587,Tse_Altarriba_Simon1,2020.1.2,MacIntel,60,3325,,,m,1,0.468,,,,,,,,0,21,21,56,1
,,,,,,,,,,,,Images/NeurtalRight.jpeg,Neutral Right,m,ZJN,19,male,1,N,N,CHINESE,,English,2021-02-22_14h19.58.587,Tse_Altarriba_Simon1,2020.1.2,MacIntel,60,3325,,,m,1,0.469,,,,,,,,0,22,22,55,1
,,,,,,,,,,,,Images/IncongruentRight.jpeg,Incongruent Right,m,ZJN,19,male,1,N,N,CHINESE,,English,2021-02-22_14h19.58.587,Tse_Altarriba_Simon1,2020.1.2,MacIntel,60,3325,,,m,1,0.538,,,,,,,,0,23,23,32,1
,,,,,,,,,,,,Images/CongruentRight.jpeg,Congruent Right,m,ZJN,19,male,1,N,N,CHINESE,,English,2021-02-22_14h19.58.587,Tse_Altarriba_Simon1,2020.1.2,MacIntel,60,3325,,,m,1,0.453,,,,,,,,0,24,24,14,1
,,,,,,,,,,,,Images/CongruentLeft.jpeg,Congruent Left,z,ZJN,19,male,1,N,N,CHINESE,,English,2021-02-22_14h19.58.587,Tse_Altarriba_Simon1,2020.1.2,MacIntel,60,3325,,,z,1,0.537,,,,,,,,0,25,25,6,1
,,,,,,,,,,,,Images/NeurtalRight.jpeg,Neutral Right,m,ZJN,19,male,1,N,N,CHINESE,,English,2021-02-22_14h19.58.587,Tse_Altarriba_Simon1,2020.1.2,MacIntel,60,3325,,,m,1,0.546,,,,,,,,0,26,26,57,1
,,,,,,,,,,,,Images/IncongruentRight.jpeg,Incongruent Right,m,ZJN,19,male,1,N,N,CHINESE,,English,2021-02-22_14h19.58.587,Tse_Altarriba_Simon1,2020.1.2,MacIntel,60,3325,,,m,1,0.556,,,,,,,,0,27,27,36,1
,,,,,,,,,,,,Images/IncongruentLeft.jpeg,Incongruent Left,z,ZJN,19,male,1,N,N,CHINESE,,English,2021-02-22_14h19.58.587,Tse_Altarriba_Simon1,2020.1.2,MacIntel,60,3325,,,z,1,0.624,,,,,,,,0,28,28,26,1
,,,,,,,,,,,,Images/IncongruentRight.jpeg,Incongruent Right,m,ZJN,19,male,1,N,N,CHINESE,,English,2021-02-22_14h19.58.587,Tse_Altarriba_Simon1,2020.1.2,MacIntel,60,3325,,,m,1,0.522,,,,,,,,0,29,29,30,1
,,,,,,,,,,,,Images/NeutralLeft.jpeg,Neutral Left,z,ZJN,19,male,1,N,N,CHINESE,,English,2021-02-22_14h19.58.587,Tse_Altarriba_Simon1,2020.1.2,MacIntel,60,3325,,,z,1,0.535,,,,,,,,0,30,30,49,1
,,,,,,,,,,,,Images/IncongruentRight.jpeg,Incongruent Right,m,ZJN,19,male,1,N,N,CHINESE,,English,2021-02-22_14h19.58.587,Tse_Altarriba_Simon1,2020.1.2,MacIntel,60,3325,,,m,1,0.497,,,,,,,,0,31,31,38,1
,,,,,,,,,,,,Images/CongruentRight.jpeg,Congruent Right,m,ZJN,19,male,1,N,N,CHINESE,,English,2021-02-22_14h19.58.587,Tse_Altarriba_Simon1,2020.1.2,MacIntel,60,3325,,,m,1,0.387,,,,,,,,0,32,32,12,1
,,,,,,,,,,,,Images/NeutralLeft.jpeg,Neutral Left,z,ZJN,19,male,1,N,N,CHINESE,,English,2021-02-22_14h19.58.587,Tse_Altarriba_Simon1,2020.1.2,MacIntel,60,3325,,,z,1,0.512,,,,,,,,0,33,33,46,1
,,,,,,,,,,,,Images/CongruentRight.jpeg,Congruent Right,m,ZJN,19,male,1,N,N,CHINESE,,English,2021-02-22_14h19.58.587,Tse_Altarriba_Simon1,2020.1.2,MacIntel,60,3325,,,m,1,0.43,,,,,,,,0,34,34,15,1
,,,,,,,,,,,,Images/NeutralLeft.jpeg,Neutral Left,z,ZJN,19,male,1,N,N,CHINESE,,English,2021-02-22_14h19.58.587,Tse_Altarriba_Simon1,2020.1.2,MacIntel,60,3325,,,z,1,0.652,,,,,,,,0,35,35,48,1
,,,,,,,,,,,,Images/NeurtalRight.jpeg,Neutral Right,m,ZJN,19,male,1,N,N,CHINESE,,English,2021-02-22_14h19.58.587,Tse_Altarriba_Simon1,2020.1.2,MacIntel,60,3325,,,m,1,0.516,,,,,,,,0,36,36,54,1
,,,,,,,,,,,,Images/IncongruentLeft.jpeg,Incongruent Left,z,ZJN,19,male,1,N,N,CHINESE,,English,2021-02-22_14h19.58.587,Tse_Altarriba_Simon1,2020.1.2,MacIntel,60,3325,,,z,1,0.552,,,,,,,,0,37,37,23,1
,,,,,,,,,,,,Images/CongruentRight.jpeg,Congruent Right,m,ZJN,19,male,1,N,N,CHINESE,,English,2021-02-22_14h19.58.587,Tse_Altarriba_Simon1,2020.1.2,MacIntel,60,3325,,,m,1,0.382,,,,,,,,0,38,38,17,1
,,,,,,,,,,,,Images/CongruentLeft.jpeg,Congruent Left,z,ZJN,19,male,1,N,N,CHINESE,,English,2021-02-22_14h19.58.587,Tse_Altarriba_Simon1,2020.1.2,MacIntel,60,3325,,,z,1,0.446,,,,,,,,0,39,39,4,1
,,,,,,,,,,,,Images/NeutralLeft.jpeg,Neutral Left,z,ZJN,19,male,1,N,N,CHINESE,,English,2021-02-22_14h19.58.587,Tse_Altarriba_Simon1,2020.1.2,MacIntel,60,3325,,,z,1,0.466,,,,,,,,0,40,40,40,1
,,,,,,,,,,,,Images/CongruentLeft.jpeg,Congruent Left,z,ZJN,19,male,1,N,N,CHINESE,,English,2021-02-22_14h19.58.587,Tse_Altarriba_Simon1,2020.1.2,MacIntel,60,3325,,,z,1,0.434,,,,,,,,0,41,41,3,1
,,,,,,,,,,,,Images/NeurtalRight.jpeg,Neutral Right,m,ZJN,19,male,1,N,N,CHINESE,,English,2021-02-22_14h19.58.587,Tse_Altarriba_Simon1,2020.1.2,MacIntel,60,3325,,,m,1,0.452,,,,,,,,0,42,42,58,1
,,,,,,,,,,,,Images/CongruentRight.jpeg,Congruent Right,m,ZJN,19,male,1,N,N,CHINESE,,English,2021-02-22_14h19.58.587,Tse_Altarriba_Simon1,2020.1.2,MacIntel,60,3325,,,m,1,0.387,,,,,,,,0,43,43,18,1
,,,,,,,,,,,,Images/NeutralLeft.jpeg,Neutral Left,z,ZJN,19,male,1,N,N,CHINESE,,English,2021-02-22_14h19.58.587,Tse_Altarriba_Simon1,2020.1.2,MacIntel,60,3325,,,z,1,0.469,,,,,,,,0,44,44,41,1
,,,,,,,,,,,,Images/NeurtalRight.jpeg,Neutral Right,m,ZJN,19,male,1,N,N,CHINESE,,English,2021-02-22_14h19.58.587,Tse_Altarriba_Simon1,2020.1.2,MacIntel,60,3325,,,m,1,0.376,,,,,,,,0,45,45,52,1
,,,,,,,,,,,,Images/IncongruentLeft.jpeg,Incongruent Left,z,ZJN,19,male,1,N,N,CHINESE,,English,2021-02-22_14h19.58.587,Tse_Altarriba_Simon1,2020.1.2,MacIntel,60,3325,,,z,1,0.547,,,,,,,,0,46,46,29,1
,,,,,,,,,,,,Images/IncongruentLeft.jpeg,Incongruent Left,z,ZJN,19,male,1,N,N,CHINESE,,English,2021-02-22_14h19.58.587,Tse_Altarriba_Simon1,2020.1.2,MacIntel,60,3325,,,z,1,0.519,,,,,,,,0,47,47,21,1
,,,,,,,,,,,,Images/NeurtalRight.jpeg,Neutral Right,m,ZJN,19,male,1,N,N,CHINESE,,English,2021-02-22_14h19.58.587,Tse_Altarriba_Simon1,2020.1.2,MacIntel,60,3325,,,m,1,0.452,,,,,,,,0,48,48,53,1
,,,,,,,,,,,,Images/CongruentLeft.jpeg,Congruent Left,z,ZJN,19,male,1,N,N,CHINESE,,English,2021-02-22_14h19.58.587,Tse_Altarriba_Simon1,2020.1.2,MacIntel,60,3325,,,z,1,0.404,,,,,,,,0,49,49,9,1
,,,,,,,,,,,,Images/IncongruentRight.jpeg,Incongruent Right,m,ZJN,19,male,1,N,N,CHINESE,,English,2021-02-22_14h19.58.587,Tse_Altarriba_Simon1,2020.1.2,MacIntel,60,3325,,,m,1,0.454,,,,,,,,0,50,50,31,1
,,,,,,,,,,,,Images/CongruentRight.jpeg,Congruent Right,m,ZJN,19,male,1,N,N,CHINESE,,English,2021-02-22_14h19.58.587,Tse_Altarriba_Simon1,2020.1.2,MacIntel,60,3325,,,m,1,0.435,,,,,,,,0,51,51,16,1
,,,,,,,,,,,,Images/NeutralLeft.jpeg,Neutral Left,z,ZJN,19,male,1,N,N,CHINESE,,English,2021-02-22_14h19.58.587,Tse_Altarriba_Simon1,2020.1.2,MacIntel,60,3325,,,z,1,0.459,,,,,,,,0,52,52,44,1
,,,,,,,,,,,,Images/IncongruentRight.jpeg,Incongruent Right,m,ZJN,19,male,1,N,N,CHINESE,,English,2021-02-22_14h19.58.587,Tse_Altarriba_Simon1,2020.1.2,MacIntel,60,3325,,,m,1,0.378,,,,,,,,0,53,53,37,1
,,,,,,,,,,,,Images/IncongruentRight.jpeg,Incongruent Right,m,ZJN,19,male,1,N,N,CHINESE,,English,2021-02-22_14h19.58.587,Tse_Altarriba_Simon1,2020.1.2,MacIntel,60,3325,,,m,1,0.457,,,,,,,,0,54,54,39,1
,,,,,,,,,,,,Images/NeutralLeft.jpeg,Neutral Left,z,ZJN,19,male,1,N,N,CHINESE,,English,2021-02-22_14h19.58.587,Tse_Altarriba_Simon1,2020.1.2,MacIntel,60,3325,,,z,1,0.487,,,,,,,,0,55,55,42,1
,,,,,,,,,,,,Images/CongruentLeft.jpeg,Congruent Left,z,ZJN,19,male,1,N,N,CHINESE,,English,2021-02-22_14h19.58.587,Tse_Altarriba_Simon1,2020.1.2,MacIntel,60,3325,,,z,1,0.438,,,,,,,,0,56,56,5,1
,,,,,,,,,,,,Images/NeurtalRight.jpeg,Neutral Right,m,ZJN,19,male,1,N,N,CHINESE,,English,2021-02-22_14h19.58.587,Tse_Altarriba_Simon1,2020.1.2,MacIntel,60,3325,,,m,1,0.412,,,,,,,,0,57,57,50,1
,,,,,,,,,,,,Images/NeutralLeft.jpeg,Neutral Left,z,ZJN,19,male,1,N,N,CHINESE,,English,2021-02-22_14h19.58.587,Tse_Altarriba_Simon1,2020.1.2,MacIntel,60,3325,,,z,1,0.511,,,,,,,,0,58,58,43,1
,,,,,,,,,,,,Images/IncongruentLeft.jpeg,Incongruent Left,z,ZJN,19,male,1,N,N,CHINESE,,English,2021-02-22_14h19.58.587,Tse_Altarriba_Simon1,2020.1.2,MacIntel,60,3325,,,z,1,0.551,,,,,,,,0,59,59,27,1
