Space1.keys,Space1.rt,Space2.keys,Space2.rt,response.keys,response.corr,response.rt,Practice_loop.thisRepN,Practice_loop.thisTrialN,Practice_loop.thisN,Practice_loop.thisIndex,Practice_loop.ran,ImageFile,Condition,CorrAns,Your initials,What is your age?,What is your gender?,What year are you in?,Are you Dyslexic? (Y/N),Are you bi/multilingual? (Y/N),What is your first language?,"What is your second language? (if you are monollingual, leave blank)",What other languages do you speak?,date,expName,psychopyVersion,OS,frameRate,participant,Space3.keys,Space3.rt,key_resp_2.keys,key_resp_2.corr,key_resp_2.rt,trials.thisRepN,trials.thisTrialN,trials.thisN,trials.thisIndex,trials.ran,Space4.keys,Space4.rt,trials_2.thisRepN,trials_2.thisTrialN,trials_2.thisN,trials_2.thisIndex,trials_2.ran
space,2.3927,space,13.33596,z,1,0.681005,0,0,0,1,1,Images/CongruentLeft.jpeg,Congruent Left,z,EM,19,Male,1st,N,N,English,,"French, Spanish",2021-02-21_13h30.55.312,Tse_Altarriba_Simon1,2020.1.2,MacIntel,60,3340,,,,,,,,,,,,,,,,,
,,,,z,1,0.54796,0,1,1,5,1,Images/IncongruentLeft.jpeg,Incongruent Left,z,EM,19,Male,1st,N,N,English,,"French, Spanish",2021-02-21_13h30.55.312,Tse_Altarriba_Simon1,2020.1.2,MacIntel,60,3340,,,,,,,,,,,,,,,,,
,,,,m,1,0.410615,0,2,2,3,1,Images/CongruentRight.jpeg,Congruent Right,m,EM,19,Male,1st,N,N,English,,"French, Spanish",2021-02-21_13h30.55.312,Tse_Altarriba_Simon1,2020.1.2,MacIntel,60,3340,,,,,,,,,,,,,,,,,
,,,,z,0,0.2964,0,3,3,6,1,Images/IncongruentRight.jpeg,Incongruent Right,m,EM,19,Male,1st,N,N,English,,"French, Spanish",2021-02-21_13h30.55.312,Tse_Altarriba_Simon1,2020.1.2,MacIntel,60,3340,,,,,,,,,,,,,,,,,
,,,,m,1,0.682175,0,4,4,2,1,Images/CongruentRight.jpeg,Congruent Right,m,EM,19,Male,1st,N,N,English,,"French, Spanish",2021-02-21_13h30.55.312,Tse_Altarriba_Simon1,2020.1.2,MacIntel,60,3340,,,,,,,,,,,,,,,,,
,,,,m,1,0.629985,0,5,5,7,1,Images/IncongruentRight.jpeg,Incongruent Right,m,EM,19,Male,1st,N,N,English,,"French, Spanish",2021-02-21_13h30.55.312,Tse_Altarriba_Simon1,2020.1.2,MacIntel,60,3340,,,,,,,,,,,,,,,,,
,,,,m,1,0.43222,0,6,6,10,1,Images/NeurtalRight.jpeg,Neutral Right,m,EM,19,Male,1st,N,N,English,,"French, Spanish",2021-02-21_13h30.55.312,Tse_Altarriba_Simon1,2020.1.2,MacIntel,60,3340,,,,,,,,,,,,,,,,,
,,,,z,1,0.464455,0,7,7,9,1,Images/NeutralLeft.jpeg,Neutral Left,z,EM,19,Male,1st,N,N,English,,"French, Spanish",2021-02-21_13h30.55.312,Tse_Altarriba_Simon1,2020.1.2,MacIntel,60,3340,,,,,,,,,,,,,,,,,
,,,,z,1,0.480845,0,8,8,0,1,Images/CongruentLeft.jpeg,Congruent Left,z,EM,19,Male,1st,N,N,English,,"French, Spanish",2021-02-21_13h30.55.312,Tse_Altarriba_Simon1,2020.1.2,MacIntel,60,3340,,,,,,,,,,,,,,,,,
,,,,m,1,0.381345,0,9,9,11,1,Images/NeurtalRight.jpeg,Neutral Right,m,EM,19,Male,1st,N,N,English,,"French, Spanish",2021-02-21_13h30.55.312,Tse_Altarriba_Simon1,2020.1.2,MacIntel,60,3340,,,,,,,,,,,,,,,,,
,,,,z,1,0.497885,0,10,10,4,1,Images/IncongruentLeft.jpeg,Incongruent Left,z,EM,19,Male,1st,N,N,English,,"French, Spanish",2021-02-21_13h30.55.312,Tse_Altarriba_Simon1,2020.1.2,MacIntel,60,3340,,,,,,,,,,,,,,,,,
,,,,z,1,0.52602,0,11,11,8,1,Images/NeutralLeft.jpeg,Neutral Left,z,EM,19,Male,1st,N,N,English,,"French, Spanish",2021-02-21_13h30.55.312,Tse_Altarriba_Simon1,2020.1.2,MacIntel,60,3340,,,,,,,,,,,,,,,,,
,,,,,,,,,,,,Images/IncongruentLeft.jpeg,Incongruent Left,z,EM,19,Male,1st,N,N,English,,"French, Spanish",2021-02-21_13h30.55.312,Tse_Altarriba_Simon1,2020.1.2,MacIntel,60,3340,space,9.49861,z,1,0.46556,0,0,0,27,1,,,,,,,
,,,,,,,,,,,,Images/IncongruentRight.jpeg,Incongruent Right,m,EM,19,Male,1st,N,N,English,,"French, Spanish",2021-02-21_13h30.55.312,Tse_Altarriba_Simon1,2020.1.2,MacIntel,60,3340,,,m,1,0.59981,0,1,1,38,1,,,,,,,
,,,,,,,,,,,,Images/CongruentRight.jpeg,Congruent Right,m,EM,19,Male,1st,N,N,English,,"French, Spanish",2021-02-21_13h30.55.312,Tse_Altarriba_Simon1,2020.1.2,MacIntel,60,3340,,,m,1,0.49689,0,2,2,19,1,,,,,,,
,,,,,,,,,,,,Images/CongruentLeft.jpeg,Congruent Left,z,EM,19,Male,1st,N,N,English,,"French, Spanish",2021-02-21_13h30.55.312,Tse_Altarriba_Simon1,2020.1.2,MacIntel,60,3340,,,m,0,0.577915,0,3,3,5,1,,,,,,,
,,,,,,,,,,,,Images/NeutralLeft.jpeg,Neutral Left,z,EM,19,Male,1st,N,N,English,,"French, Spanish",2021-02-21_13h30.55.312,Tse_Altarriba_Simon1,2020.1.2,MacIntel,60,3340,,,z,1,0.501925,0,4,4,41,1,,,,,,,
,,,,,,,,,,,,Images/CongruentLeft.jpeg,Congruent Left,z,EM,19,Male,1st,N,N,English,,"French, Spanish",2021-02-21_13h30.55.312,Tse_Altarriba_Simon1,2020.1.2,MacIntel,60,3340,,,z,1,0.48328,0,5,5,6,1,,,,,,,
,,,,,,,,,,,,Images/IncongruentLeft.jpeg,Incongruent Left,z,EM,19,Male,1st,N,N,English,,"French, Spanish",2021-02-21_13h30.55.312,Tse_Altarriba_Simon1,2020.1.2,MacIntel,60,3340,,,z,1,0.51638,0,6,6,21,1,,,,,,,
,,,,,,,,,,,,Images/NeurtalRight.jpeg,Neutral Right,m,EM,19,Male,1st,N,N,English,,"French, Spanish",2021-02-21_13h30.55.312,Tse_Altarriba_Simon1,2020.1.2,MacIntel,60,3340,,,m,1,0.51582,0,7,7,58,1,,,,,,,
,,,,,,,,,,,,Images/CongruentLeft.jpeg,Congruent Left,z,EM,19,Male,1st,N,N,English,,"French, Spanish",2021-02-21_13h30.55.312,Tse_Altarriba_Simon1,2020.1.2,MacIntel,60,3340,,,z,1,0.645745,0,8,8,1,1,,,,,,,
,,,,,,,,,,,,Images/NeurtalRight.jpeg,Neutral Right,m,EM,19,Male,1st,N,N,English,,"French, Spanish",2021-02-21_13h30.55.312,Tse_Altarriba_Simon1,2020.1.2,MacIntel,60,3340,,,m,1,0.415805,0,9,9,51,1,,,,,,,
,,,,,,,,,,,,Images/IncongruentRight.jpeg,Incongruent Right,m,EM,19,Male,1st,N,N,English,,"French, Spanish",2021-02-21_13h30.55.312,Tse_Altarriba_Simon1,2020.1.2,MacIntel,60,3340,,,m,1,0.482885,0,10,10,33,1,,,,,,,
,,,,,,,,,,,,Images/CongruentRight.jpeg,Congruent Right,m,EM,19,Male,1st,N,N,English,,"French, Spanish",2021-02-21_13h30.55.312,Tse_Altarriba_Simon1,2020.1.2,MacIntel,60,3340,,,m,1,0.53211,0,11,11,13,1,,,,,,,
,,,,,,,,,,,,Images/NeurtalRight.jpeg,Neutral Right,m,EM,19,Male,1st,N,N,English,,"French, Spanish",2021-02-21_13h30.55.312,Tse_Altarriba_Simon1,2020.1.2,MacIntel,60,3340,,,m,1,0.414455,0,12,12,54,1,,,,,,,
,,,,,,,,,,,,Images/CongruentLeft.jpeg,Congruent Left,z,EM,19,Male,1st,N,N,English,,"French, Spanish",2021-02-21_13h30.55.312,Tse_Altarriba_Simon1,2020.1.2,MacIntel,60,3340,,,z,1,0.38459,0,13,13,9,1,,,,,,,
,,,,,,,,,,,,Images/NeutralLeft.jpeg,Neutral Left,z,EM,19,Male,1st,N,N,English,,"French, Spanish",2021-02-21_13h30.55.312,Tse_Altarriba_Simon1,2020.1.2,MacIntel,60,3340,,,z,1,0.495635,0,14,14,49,1,,,,,,,
,,,,,,,,,,,,Images/NeutralLeft.jpeg,Neutral Left,z,EM,19,Male,1st,N,N,English,,"French, Spanish",2021-02-21_13h30.55.312,Tse_Altarriba_Simon1,2020.1.2,MacIntel,60,3340,,,z,1,0.398745,0,15,15,48,1,,,,,,,
,,,,,,,,,,,,Images/IncongruentRight.jpeg,Incongruent Right,m,EM,19,Male,1st,N,N,English,,"French, Spanish",2021-02-21_13h30.55.312,Tse_Altarriba_Simon1,2020.1.2,MacIntel,60,3340,,,m,1,0.46603,0,16,16,32,1,,,,,,,
,,,,,,,,,,,,Images/IncongruentLeft.jpeg,Incongruent Left,z,EM,19,Male,1st,N,N,English,,"French, Spanish",2021-02-21_13h30.55.312,Tse_Altarriba_Simon1,2020.1.2,MacIntel,60,3340,,,z,1,0.485385,0,17,17,28,1,,,,,,,
,,,,,,,,,,,,Images/CongruentLeft.jpeg,Congruent Left,z,EM,19,Male,1st,N,N,English,,"French, Spanish",2021-02-21_13h30.55.312,Tse_Altarriba_Simon1,2020.1.2,MacIntel,60,3340,,,z,1,0.515805,0,18,18,2,1,,,,,,,
,,,,,,,,,,,,Images/NeurtalRight.jpeg,Neutral Right,m,EM,19,Male,1st,N,N,English,,"French, Spanish",2021-02-21_13h30.55.312,Tse_Altarriba_Simon1,2020.1.2,MacIntel,60,3340,,,m,1,0.3835,0,19,19,59,1,,,,,,,
,,,,,,,,,,,,Images/IncongruentRight.jpeg,Incongruent Right,m,EM,19,Male,1st,N,N,English,,"French, Spanish",2021-02-21_13h30.55.312,Tse_Altarriba_Simon1,2020.1.2,MacIntel,60,3340,,,m,1,0.46558,0,20,20,39,1,,,,,,,
,,,,,,,,,,,,Images/NeurtalRight.jpeg,Neutral Right,m,EM,19,Male,1st,N,N,English,,"French, Spanish",2021-02-21_13h30.55.312,Tse_Altarriba_Simon1,2020.1.2,MacIntel,60,3340,,,m,1,0.448805,0,21,21,53,1,,,,,,,
,,,,,,,,,,,,Images/NeutralLeft.jpeg,Neutral Left,z,EM,19,Male,1st,N,N,English,,"French, Spanish",2021-02-21_13h30.55.312,Tse_Altarriba_Simon1,2020.1.2,MacIntel,60,3340,,,z,1,0.433245,0,22,22,42,1,,,,,,,
,,,,,,,,,,,,Images/IncongruentLeft.jpeg,Incongruent Left,z,EM,19,Male,1st,N,N,English,,"French, Spanish",2021-02-21_13h30.55.312,Tse_Altarriba_Simon1,2020.1.2,MacIntel,60,3340,,,z,1,0.515455,0,23,23,23,1,,,,,,,
,,,,,,,,,,,,Images/NeutralLeft.jpeg,Neutral Left,z,EM,19,Male,1st,N,N,English,,"French, Spanish",2021-02-21_13h30.55.312,Tse_Altarriba_Simon1,2020.1.2,MacIntel,60,3340,,,z,1,0.482075,0,24,24,47,1,,,,,,,
,,,,,,,,,,,,Images/NeutralLeft.jpeg,Neutral Left,z,EM,19,Male,1st,N,N,English,,"French, Spanish",2021-02-21_13h30.55.312,Tse_Altarriba_Simon1,2020.1.2,MacIntel,60,3340,,,z,1,0.366035,0,25,25,43,1,,,,,,,
,,,,,,,,,,,,Images/IncongruentRight.jpeg,Incongruent Right,m,EM,19,Male,1st,N,N,English,,"French, Spanish",2021-02-21_13h30.55.312,Tse_Altarriba_Simon1,2020.1.2,MacIntel,60,3340,,,m,1,0.430505,0,26,26,37,1,,,,,,,
,,,,,,,,,,,,Images/CongruentRight.jpeg,Congruent Right,m,EM,19,Male,1st,N,N,English,,"French, Spanish",2021-02-21_13h30.55.312,Tse_Altarriba_Simon1,2020.1.2,MacIntel,60,3340,,,m,1,0.48208,0,27,27,18,1,,,,,,,
,,,,,,,,,,,,Images/CongruentRight.jpeg,Congruent Right,m,EM,19,Male,1st,N,N,English,,"French, Spanish",2021-02-21_13h30.55.312,Tse_Altarriba_Simon1,2020.1.2,MacIntel,60,3340,,,m,1,0.413095,0,28,28,10,1,,,,,,,
,,,,,,,,,,,,Images/IncongruentRight.jpeg,Incongruent Right,m,EM,19,Male,1st,N,N,English,,"French, Spanish",2021-02-21_13h30.55.312,Tse_Altarriba_Simon1,2020.1.2,MacIntel,60,3340,,,z,0,0.57886,0,29,29,34,1,,,,,,,
,,,,,,,,,,,,Images/IncongruentRight.jpeg,Incongruent Right,m,EM,19,Male,1st,N,N,English,,"French, Spanish",2021-02-21_13h30.55.312,Tse_Altarriba_Simon1,2020.1.2,MacIntel,60,3340,,,m,1,0.667665,0,30,30,35,1,,,,,,,
,,,,,,,,,,,,Images/NeutralLeft.jpeg,Neutral Left,z,EM,19,Male,1st,N,N,English,,"French, Spanish",2021-02-21_13h30.55.312,Tse_Altarriba_Simon1,2020.1.2,MacIntel,60,3340,,,z,1,0.668645,0,31,31,40,1,,,,,,,
,,,,,,,,,,,,Images/IncongruentLeft.jpeg,Incongruent Left,z,EM,19,Male,1st,N,N,English,,"French, Spanish",2021-02-21_13h30.55.312,Tse_Altarriba_Simon1,2020.1.2,MacIntel,60,3340,,,z,1,0.53354,0,32,32,25,1,,,,,,,
,,,,,,,,,,,,Images/CongruentRight.jpeg,Congruent Right,m,EM,19,Male,1st,N,N,English,,"French, Spanish",2021-02-21_13h30.55.312,Tse_Altarriba_Simon1,2020.1.2,MacIntel,60,3340,,,m,1,0.446725,0,33,33,16,1,,,,,,,
,,,,,,,,,,,,Images/IncongruentRight.jpeg,Incongruent Right,m,EM,19,Male,1st,N,N,English,,"French, Spanish",2021-02-21_13h30.55.312,Tse_Altarriba_Simon1,2020.1.2,MacIntel,60,3340,,,m,1,0.64877,0,34,34,36,1,,,,,,,
,,,,,,,,,,,,Images/NeutralLeft.jpeg,Neutral Left,z,EM,19,Male,1st,N,N,English,,"French, Spanish",2021-02-21_13h30.55.312,Tse_Altarriba_Simon1,2020.1.2,MacIntel,60,3340,,,z,1,0.477935,0,35,35,45,1,,,,,,,
,,,,,,,,,,,,Images/NeurtalRight.jpeg,Neutral Right,m,EM,19,Male,1st,N,N,English,,"French, Spanish",2021-02-21_13h30.55.312,Tse_Altarriba_Simon1,2020.1.2,MacIntel,60,3340,,,m,1,0.531265,0,36,36,52,1,,,,,,,
,,,,,,,,,,,,Images/IncongruentRight.jpeg,Incongruent Right,m,EM,19,Male,1st,N,N,English,,"French, Spanish",2021-02-21_13h30.55.312,Tse_Altarriba_Simon1,2020.1.2,MacIntel,60,3340,,,m,1,0.468025,0,37,37,30,1,,,,,,,
,,,,,,,,,,,,Images/IncongruentLeft.jpeg,Incongruent Left,z,EM,19,Male,1st,N,N,English,,"French, Spanish",2021-02-21_13h30.55.312,Tse_Altarriba_Simon1,2020.1.2,MacIntel,60,3340,,,z,1,0.552925,0,38,38,29,1,,,,,,,
,,,,,,,,,,,,Images/CongruentRight.jpeg,Congruent Right,m,EM,19,Male,1st,N,N,English,,"French, Spanish",2021-02-21_13h30.55.312,Tse_Altarriba_Simon1,2020.1.2,MacIntel,60,3340,,,m,1,0.613065,0,39,39,11,1,,,,,,,
,,,,,,,,,,,,Images/IncongruentLeft.jpeg,Incongruent Left,z,EM,19,Male,1st,N,N,English,,"French, Spanish",2021-02-21_13h30.55.312,Tse_Altarriba_Simon1,2020.1.2,MacIntel,60,3340,,,z,1,0.595595,0,40,40,26,1,,,,,,,
,,,,,,,,,,,,Images/IncongruentRight.jpeg,Incongruent Right,m,EM,19,Male,1st,N,N,English,,"French, Spanish",2021-02-21_13h30.55.312,Tse_Altarriba_Simon1,2020.1.2,MacIntel,60,3340,,,m,1,0.46429,0,41,41,31,1,,,,,,,
,,,,,,,,,,,,Images/IncongruentLeft.jpeg,Incongruent Left,z,EM,19,Male,1st,N,N,English,,"French, Spanish",2021-02-21_13h30.55.312,Tse_Altarriba_Simon1,2020.1.2,MacIntel,60,3340,,,z,1,0.499515,0,42,42,20,1,,,,,,,
,,,,,,,,,,,,Images/CongruentRight.jpeg,Congruent Right,m,EM,19,Male,1st,N,N,English,,"French, Spanish",2021-02-21_13h30.55.312,Tse_Altarriba_Simon1,2020.1.2,MacIntel,60,3340,,,m,1,0.70097,0,43,43,12,1,,,,,,,
,,,,,,,,,,,,Images/CongruentLeft.jpeg,Congruent Left,z,EM,19,Male,1st,N,N,English,,"French, Spanish",2021-02-21_13h30.55.312,Tse_Altarriba_Simon1,2020.1.2,MacIntel,60,3340,,,z,1,0.49931,0,44,44,4,1,,,,,,,
,,,,,,,,,,,,Images/NeurtalRight.jpeg,Neutral Right,m,EM,19,Male,1st,N,N,English,,"French, Spanish",2021-02-21_13h30.55.312,Tse_Altarriba_Simon1,2020.1.2,MacIntel,60,3340,,,m,1,0.450275,0,45,45,57,1,,,,,,,
,,,,,,,,,,,,Images/CongruentRight.jpeg,Congruent Right,m,EM,19,Male,1st,N,N,English,,"French, Spanish",2021-02-21_13h30.55.312,Tse_Altarriba_Simon1,2020.1.2,MacIntel,60,3340,,,m,1,0.484315,0,46,46,14,1,,,,,,,
,,,,,,,,,,,,Images/CongruentLeft.jpeg,Congruent Left,z,EM,19,Male,1st,N,N,English,,"French, Spanish",2021-02-21_13h30.55.312,Tse_Altarriba_Simon1,2020.1.2,MacIntel,60,3340,,,z,1,0.46547,0,47,47,0,1,,,,,,,
,,,,,,,,,,,,Images/CongruentRight.jpeg,Congruent Right,m,EM,19,Male,1st,N,N,English,,"French, Spanish",2021-02-21_13h30.55.312,Tse_Altarriba_Simon1,2020.1.2,MacIntel,60,3340,,,m,1,0.382875,0,48,48,17,1,,,,,,,
,,,,,,,,,,,,Images/IncongruentLeft.jpeg,Incongruent Left,z,EM,19,Male,1st,N,N,English,,"French, Spanish",2021-02-21_13h30.55.312,Tse_Altarriba_Simon1,2020.1.2,MacIntel,60,3340,,,z,1,0.49847,0,49,49,24,1,,,,,,,
,,,,,,,,,,,,Images/NeurtalRight.jpeg,Neutral Right,m,EM,19,Male,1st,N,N,English,,"French, Spanish",2021-02-21_13h30.55.312,Tse_Altarriba_Simon1,2020.1.2,MacIntel,60,3340,,,m,1,0.613345,0,50,50,56,1,,,,,,,
,,,,,,,,,,,,Images/NeutralLeft.jpeg,Neutral Left,z,EM,19,Male,1st,N,N,English,,"French, Spanish",2021-02-21_13h30.55.312,Tse_Altarriba_Simon1,2020.1.2,MacIntel,60,3340,,,z,1,0.395435,0,51,51,44,1,,,,,,,
,,,,,,,,,,,,Images/NeutralLeft.jpeg,Neutral Left,z,EM,19,Male,1st,N,N,English,,"French, Spanish",2021-02-21_13h30.55.312,Tse_Altarriba_Simon1,2020.1.2,MacIntel,60,3340,,,z,1,0.44969,0,52,52,46,1,,,,,,,
,,,,,,,,,,,,Images/CongruentLeft.jpeg,Congruent Left,z,EM,19,Male,1st,N,N,English,,"French, Spanish",2021-02-21_13h30.55.312,Tse_Altarriba_Simon1,2020.1.2,MacIntel,60,3340,,,z,1,0.38266,0,53,53,8,1,,,,,,,
,,,,,,,,,,,,Images/CongruentLeft.jpeg,Congruent Left,z,EM,19,Male,1st,N,N,English,,"French, Spanish",2021-02-21_13h30.55.312,Tse_Altarriba_Simon1,2020.1.2,MacIntel,60,3340,,,z,1,0.383185,0,54,54,7,1,,,,,,,
,,,,,,,,,,,,Images/CongruentRight.jpeg,Congruent Right,m,EM,19,Male,1st,N,N,English,,"French, Spanish",2021-02-21_13h30.55.312,Tse_Altarriba_Simon1,2020.1.2,MacIntel,60,3340,,,m,1,0.41198,0,55,55,15,1,,,,,,,
,,,,,,,,,,,,Images/IncongruentLeft.jpeg,Incongruent Left,z,EM,19,Male,1st,N,N,English,,"French, Spanish",2021-02-21_13h30.55.312,Tse_Altarriba_Simon1,2020.1.2,MacIntel,60,3340,,,z,1,0.479165,0,56,56,22,1,,,,,,,
,,,,,,,,,,,,Images/CongruentLeft.jpeg,Congruent Left,z,EM,19,Male,1st,N,N,English,,"French, Spanish",2021-02-21_13h30.55.312,Tse_Altarriba_Simon1,2020.1.2,MacIntel,60,3340,,,z,1,0.3782,0,57,57,3,1,,,,,,,
,,,,,,,,,,,,Images/NeurtalRight.jpeg,Neutral Right,m,EM,19,Male,1st,N,N,English,,"French, Spanish",2021-02-21_13h30.55.312,Tse_Altarriba_Simon1,2020.1.2,MacIntel,60,3340,,,m,1,0.43298,0,58,58,50,1,,,,,,,
,,,,,,,,,,,,Images/NeurtalRight.jpeg,Neutral Right,m,EM,19,Male,1st,N,N,English,,"French, Spanish",2021-02-21_13h30.55.312,Tse_Altarriba_Simon1,2020.1.2,MacIntel,60,3340,,,m,1,0.43021,0,59,59,55,1,,,,,,,
,,,,,,,,,,,,Images/IncongruentLeft.jpeg,Incongruent Left,z,EM,19,Male,1st,N,N,English,,"French, Spanish",2021-02-21_13h30.55.312,Tse_Altarriba_Simon1,2020.1.2,MacIntel,60,3340,,,z,1,0.461855,,,,,,space,4.28205,0,0,0,23,1
,,,,,,,,,,,,Images/NeurtalRight.jpeg,Neutral Right,m,EM,19,Male,1st,N,N,English,,"French, Spanish",2021-02-21_13h30.55.312,Tse_Altarriba_Simon1,2020.1.2,MacIntel,60,3340,,,m,1,0.481045,,,,,,,,0,1,1,51,1
,,,,,,,,,,,,Images/CongruentLeft.jpeg,Congruent Left,z,EM,19,Male,1st,N,N,English,,"French, Spanish",2021-02-21_13h30.55.312,Tse_Altarriba_Simon1,2020.1.2,MacIntel,60,3340,,,z,1,0.39723,,,,,,,,0,2,2,9,1
,,,,,,,,,,,,Images/NeurtalRight.jpeg,Neutral Right,m,EM,19,Male,1st,N,N,English,,"French, Spanish",2021-02-21_13h30.55.312,Tse_Altarriba_Simon1,2020.1.2,MacIntel,60,3340,,,m,1,0.73363,,,,,,,,0,3,3,53,1
,,,,,,,,,,,,Images/IncongruentLeft.jpeg,Incongruent Left,z,EM,19,Male,1st,N,N,English,,"French, Spanish",2021-02-21_13h30.55.312,Tse_Altarriba_Simon1,2020.1.2,MacIntel,60,3340,,,z,1,0.55106,,,,,,,,0,4,4,28,1
,,,,,,,,,,,,Images/NeurtalRight.jpeg,Neutral Right,m,EM,19,Male,1st,N,N,English,,"French, Spanish",2021-02-21_13h30.55.312,Tse_Altarriba_Simon1,2020.1.2,MacIntel,60,3340,,,m,1,0.431815,,,,,,,,0,5,5,57,1
,,,,,,,,,,,,Images/NeurtalRight.jpeg,Neutral Right,m,EM,19,Male,1st,N,N,English,,"French, Spanish",2021-02-21_13h30.55.312,Tse_Altarriba_Simon1,2020.1.2,MacIntel,60,3340,,,m,1,0.42907,,,,,,,,0,6,6,55,1
,,,,,,,,,,,,Images/CongruentLeft.jpeg,Congruent Left,z,EM,19,Male,1st,N,N,English,,"French, Spanish",2021-02-21_13h30.55.312,Tse_Altarriba_Simon1,2020.1.2,MacIntel,60,3340,,,z,1,0.432635,,,,,,,,0,7,7,3,1
,,,,,,,,,,,,Images/CongruentRight.jpeg,Congruent Right,m,EM,19,Male,1st,N,N,English,,"French, Spanish",2021-02-21_13h30.55.312,Tse_Altarriba_Simon1,2020.1.2,MacIntel,60,3340,,,m,1,0.413425,,,,,,,,0,8,8,13,1
,,,,,,,,,,,,Images/IncongruentLeft.jpeg,Incongruent Left,z,EM,19,Male,1st,N,N,English,,"French, Spanish",2021-02-21_13h30.55.312,Tse_Altarriba_Simon1,2020.1.2,MacIntel,60,3340,,,z,1,0.467455,,,,,,,,0,9,9,22,1
,,,,,,,,,,,,Images/IncongruentRight.jpeg,Incongruent Right,m,EM,19,Male,1st,N,N,English,,"French, Spanish",2021-02-21_13h30.55.312,Tse_Altarriba_Simon1,2020.1.2,MacIntel,60,3340,,,m,1,0.497195,,,,,,,,0,10,10,33,1
,,,,,,,,,,,,Images/CongruentLeft.jpeg,Congruent Left,z,EM,19,Male,1st,N,N,English,,"French, Spanish",2021-02-21_13h30.55.312,Tse_Altarriba_Simon1,2020.1.2,MacIntel,60,3340,,,z,1,0.39845,,,,,,,,0,11,11,5,1
,,,,,,,,,,,,Images/NeutralLeft.jpeg,Neutral Left,z,EM,19,Male,1st,N,N,English,,"French, Spanish",2021-02-21_13h30.55.312,Tse_Altarriba_Simon1,2020.1.2,MacIntel,60,3340,,,z,1,0.399805,,,,,,,,0,12,12,41,1
,,,,,,,,,,,,Images/NeurtalRight.jpeg,Neutral Right,m,EM,19,Male,1st,N,N,English,,"French, Spanish",2021-02-21_13h30.55.312,Tse_Altarriba_Simon1,2020.1.2,MacIntel,60,3340,,,m,1,0.45008,,,,,,,,0,13,13,58,1
,,,,,,,,,,,,Images/CongruentRight.jpeg,Congruent Right,m,EM,19,Male,1st,N,N,English,,"French, Spanish",2021-02-21_13h30.55.312,Tse_Altarriba_Simon1,2020.1.2,MacIntel,60,3340,,,m,1,0.382765,,,,,,,,0,14,14,11,1
,,,,,,,,,,,,Images/NeurtalRight.jpeg,Neutral Right,m,EM,19,Male,1st,N,N,English,,"French, Spanish",2021-02-21_13h30.55.312,Tse_Altarriba_Simon1,2020.1.2,MacIntel,60,3340,,,m,1,0.41407,,,,,,,,0,15,15,50,1
,,,,,,,,,,,,Images/NeurtalRight.jpeg,Neutral Right,m,EM,19,Male,1st,N,N,English,,"French, Spanish",2021-02-21_13h30.55.312,Tse_Altarriba_Simon1,2020.1.2,MacIntel,60,3340,,,m,1,0.35034,,,,,,,,0,16,16,54,1
,,,,,,,,,,,,Images/CongruentRight.jpeg,Congruent Right,m,EM,19,Male,1st,N,N,English,,"French, Spanish",2021-02-21_13h30.55.312,Tse_Altarriba_Simon1,2020.1.2,MacIntel,60,3340,,,m,1,0.554325,,,,,,,,0,17,17,15,1
,,,,,,,,,,,,Images/CongruentRight.jpeg,Congruent Right,m,EM,19,Male,1st,N,N,English,,"French, Spanish",2021-02-21_13h30.55.312,Tse_Altarriba_Simon1,2020.1.2,MacIntel,60,3340,,,m,1,0.36967,,,,,,,,0,18,18,18,1
,,,,,,,,,,,,Images/NeutralLeft.jpeg,Neutral Left,z,EM,19,Male,1st,N,N,English,,"French, Spanish",2021-02-21_13h30.55.312,Tse_Altarriba_Simon1,2020.1.2,MacIntel,60,3340,,,z,1,0.366295,,,,,,,,0,19,19,45,1
,,,,,,,,,,,,Images/NeutralLeft.jpeg,Neutral Left,z,EM,19,Male,1st,N,N,English,,"French, Spanish",2021-02-21_13h30.55.312,Tse_Altarriba_Simon1,2020.1.2,MacIntel,60,3340,,,z,1,0.37016,,,,,,,,0,20,20,42,1
,,,,,,,,,,,,Images/CongruentLeft.jpeg,Congruent Left,z,EM,19,Male,1st,N,N,English,,"French, Spanish",2021-02-21_13h30.55.312,Tse_Altarriba_Simon1,2020.1.2,MacIntel,60,3340,,,z,1,0.39983,,,,,,,,0,21,21,1,1
,,,,,,,,,,,,Images/IncongruentRight.jpeg,Incongruent Right,m,EM,19,Male,1st,N,N,English,,"French, Spanish",2021-02-21_13h30.55.312,Tse_Altarriba_Simon1,2020.1.2,MacIntel,60,3340,,,m,1,0.503485,,,,,,,,0,22,22,38,1
,,,,,,,,,,,,Images/CongruentLeft.jpeg,Congruent Left,z,EM,19,Male,1st,N,N,English,,"French, Spanish",2021-02-21_13h30.55.312,Tse_Altarriba_Simon1,2020.1.2,MacIntel,60,3340,,,z,1,0.45026,,,,,,,,0,23,23,0,1
,,,,,,,,,,,,Images/NeurtalRight.jpeg,Neutral Right,m,EM,19,Male,1st,N,N,English,,"French, Spanish",2021-02-21_13h30.55.312,Tse_Altarriba_Simon1,2020.1.2,MacIntel,60,3340,,,m,1,0.42982,,,,,,,,0,24,24,59,1
,,,,,,,,,,,,Images/CongruentRight.jpeg,Congruent Right,m,EM,19,Male,1st,N,N,English,,"French, Spanish",2021-02-21_13h30.55.312,Tse_Altarriba_Simon1,2020.1.2,MacIntel,60,3340,,,m,1,0.35014,,,,,,,,0,25,25,19,1
,,,,,,,,,,,,Images/CongruentLeft.jpeg,Congruent Left,z,EM,19,Male,1st,N,N,English,,"French, Spanish",2021-02-21_13h30.55.312,Tse_Altarriba_Simon1,2020.1.2,MacIntel,60,3340,,,z,1,0.365065,,,,,,,,0,26,26,2,1
,,,,,,,,,,,,Images/IncongruentRight.jpeg,Incongruent Right,m,EM,19,Male,1st,N,N,English,,"French, Spanish",2021-02-21_13h30.55.312,Tse_Altarriba_Simon1,2020.1.2,MacIntel,60,3340,,,m,1,0.463395,,,,,,,,0,27,27,35,1
,,,,,,,,,,,,Images/IncongruentRight.jpeg,Incongruent Right,m,EM,19,Male,1st,N,N,English,,"French, Spanish",2021-02-21_13h30.55.312,Tse_Altarriba_Simon1,2020.1.2,MacIntel,60,3340,,,m,1,0.52991,,,,,,,,0,28,28,39,1
,,,,,,,,,,,,Images/IncongruentLeft.jpeg,Incongruent Left,z,EM,19,Male,1st,N,N,English,,"French, Spanish",2021-02-21_13h30.55.312,Tse_Altarriba_Simon1,2020.1.2,MacIntel,60,3340,,,z,1,0.449865,,,,,,,,0,29,29,26,1
,,,,,,,,,,,,Images/NeurtalRight.jpeg,Neutral Right,m,EM,19,Male,1st,N,N,English,,"French, Spanish",2021-02-21_13h30.55.312,Tse_Altarriba_Simon1,2020.1.2,MacIntel,60,3340,,,m,1,0.466445,,,,,,,,0,30,30,56,1
,,,,,,,,,,,,Images/CongruentRight.jpeg,Congruent Right,m,EM,19,Male,1st,N,N,English,,"French, Spanish",2021-02-21_13h30.55.312,Tse_Altarriba_Simon1,2020.1.2,MacIntel,60,3340,,,m,1,0.399145,,,,,,,,0,31,31,17,1
,,,,,,,,,,,,Images/NeutralLeft.jpeg,Neutral Left,z,EM,19,Male,1st,N,N,English,,"French, Spanish",2021-02-21_13h30.55.312,Tse_Altarriba_Simon1,2020.1.2,MacIntel,60,3340,,,z,1,0.45143,,,,,,,,0,32,32,49,1
,,,,,,,,,,,,Images/IncongruentLeft.jpeg,Incongruent Left,z,EM,19,Male,1st,N,N,English,,"French, Spanish",2021-02-21_13h30.55.312,Tse_Altarriba_Simon1,2020.1.2,MacIntel,60,3340,,,z,1,0.470285,,,,,,,,0,33,33,24,1
,,,,,,,,,,,,Images/NeutralLeft.jpeg,Neutral Left,z,EM,19,Male,1st,N,N,English,,"French, Spanish",2021-02-21_13h30.55.312,Tse_Altarriba_Simon1,2020.1.2,MacIntel,60,3340,,,z,1,0.43339,,,,,,,,0,34,34,47,1
,,,,,,,,,,,,Images/CongruentRight.jpeg,Congruent Right,m,EM,19,Male,1st,N,N,English,,"French, Spanish",2021-02-21_13h30.55.312,Tse_Altarriba_Simon1,2020.1.2,MacIntel,60,3340,,,m,1,0.429905,,,,,,,,0,35,35,14,1
,,,,,,,,,,,,Images/NeutralLeft.jpeg,Neutral Left,z,EM,19,Male,1st,N,N,English,,"French, Spanish",2021-02-21_13h30.55.312,Tse_Altarriba_Simon1,2020.1.2,MacIntel,60,3340,,,z,1,0.411465,,,,,,,,0,36,36,46,1
,,,,,,,,,,,,Images/IncongruentLeft.jpeg,Incongruent Left,z,EM,19,Male,1st,N,N,English,,"French, Spanish",2021-02-21_13h30.55.312,Tse_Altarriba_Simon1,2020.1.2,MacIntel,60,3340,,,z,1,0.483985,,,,,,,,0,37,37,29,1
,,,,,,,,,,,,Images/NeutralLeft.jpeg,Neutral Left,z,EM,19,Male,1st,N,N,English,,"French, Spanish",2021-02-21_13h30.55.312,Tse_Altarriba_Simon1,2020.1.2,MacIntel,60,3340,,,z,1,0.417465,,,,,,,,0,38,38,44,1
,,,,,,,,,,,,Images/IncongruentRight.jpeg,Incongruent Right,m,EM,19,Male,1st,N,N,English,,"French, Spanish",2021-02-21_13h30.55.312,Tse_Altarriba_Simon1,2020.1.2,MacIntel,60,3340,,,m,1,0.448975,,,,,,,,0,39,39,34,1
,,,,,,,,,,,,Images/IncongruentRight.jpeg,Incongruent Right,m,EM,19,Male,1st,N,N,English,,"French, Spanish",2021-02-21_13h30.55.312,Tse_Altarriba_Simon1,2020.1.2,MacIntel,60,3340,,,m,1,0.43584,,,,,,,,0,40,40,36,1
,,,,,,,,,,,,Images/IncongruentLeft.jpeg,Incongruent Left,z,EM,19,Male,1st,N,N,English,,"French, Spanish",2021-02-21_13h30.55.312,Tse_Altarriba_Simon1,2020.1.2,MacIntel,60,3340,,,z,1,0.466355,,,,,,,,0,41,41,20,1
,,,,,,,,,,,,Images/NeutralLeft.jpeg,Neutral Left,z,EM,19,Male,1st,N,N,English,,"French, Spanish",2021-02-21_13h30.55.312,Tse_Altarriba_Simon1,2020.1.2,MacIntel,60,3340,,,z,1,0.394795,,,,,,,,0,42,42,48,1
,,,,,,,,,,,,Images/IncongruentLeft.jpeg,Incongruent Left,z,EM,19,Male,1st,N,N,English,,"French, Spanish",2021-02-21_13h30.55.312,Tse_Altarriba_Simon1,2020.1.2,MacIntel,60,3340,,,z,1,0.399765,,,,,,,,0,43,43,21,1
,,,,,,,,,,,,Images/IncongruentRight.jpeg,Incongruent Right,m,EM,19,Male,1st,N,N,English,,"French, Spanish",2021-02-21_13h30.55.312,Tse_Altarriba_Simon1,2020.1.2,MacIntel,60,3340,,,m,1,0.429965,,,,,,,,0,44,44,31,1
,,,,,,,,,,,,Images/IncongruentLeft.jpeg,Incongruent Left,z,EM,19,Male,1st,N,N,English,,"French, Spanish",2021-02-21_13h30.55.312,Tse_Altarriba_Simon1,2020.1.2,MacIntel,60,3340,,,z,1,0.40046,,,,,,,,0,45,45,25,1
,,,,,,,,,,,,Images/NeutralLeft.jpeg,Neutral Left,z,EM,19,Male,1st,N,N,English,,"French, Spanish",2021-02-21_13h30.55.312,Tse_Altarriba_Simon1,2020.1.2,MacIntel,60,3340,,,z,1,0.43462,,,,,,,,0,46,46,40,1
,,,,,,,,,,,,Images/IncongruentRight.jpeg,Incongruent Right,m,EM,19,Male,1st,N,N,English,,"French, Spanish",2021-02-21_13h30.55.312,Tse_Altarriba_Simon1,2020.1.2,MacIntel,60,3340,,,m,1,0.56345,,,,,,,,0,47,47,32,1
,,,,,,,,,,,,Images/IncongruentRight.jpeg,Incongruent Right,m,EM,19,Male,1st,N,N,English,,"French, Spanish",2021-02-21_13h30.55.312,Tse_Altarriba_Simon1,2020.1.2,MacIntel,60,3340,,,m,1,0.565895,,,,,,,,0,48,48,30,1
,,,,,,,,,,,,Images/CongruentRight.jpeg,Congruent Right,m,EM,19,Male,1st,N,N,English,,"French, Spanish",2021-02-21_13h30.55.312,Tse_Altarriba_Simon1,2020.1.2,MacIntel,60,3340,,,m,1,0.446985,,,,,,,,0,49,49,12,1
,,,,,,,,,,,,Images/CongruentRight.jpeg,Congruent Right,m,EM,19,Male,1st,N,N,English,,"French, Spanish",2021-02-21_13h30.55.312,Tse_Altarriba_Simon1,2020.1.2,MacIntel,60,3340,,,m,1,0.433105,,,,,,,,0,50,50,16,1
,,,,,,,,,,,,Images/CongruentLeft.jpeg,Congruent Left,z,EM,19,Male,1st,N,N,English,,"French, Spanish",2021-02-21_13h30.55.312,Tse_Altarriba_Simon1,2020.1.2,MacIntel,60,3340,,,z,1,0.412885,,,,,,,,0,51,51,6,1
,,,,,,,,,,,,Images/CongruentLeft.jpeg,Congruent Left,z,EM,19,Male,1st,N,N,English,,"French, Spanish",2021-02-21_13h30.55.312,Tse_Altarriba_Simon1,2020.1.2,MacIntel,60,3340,,,z,1,0.41213,,,,,,,,0,52,52,7,1
,,,,,,,,,,,,Images/NeurtalRight.jpeg,Neutral Right,m,EM,19,Male,1st,N,N,English,,"French, Spanish",2021-02-21_13h30.55.312,Tse_Altarriba_Simon1,2020.1.2,MacIntel,60,3340,,,m,1,0.56663,,,,,,,,0,53,53,52,1
,,,,,,,,,,,,Images/CongruentLeft.jpeg,Congruent Left,z,EM,19,Male,1st,N,N,English,,"French, Spanish",2021-02-21_13h30.55.312,Tse_Altarriba_Simon1,2020.1.2,MacIntel,60,3340,,,z,1,0.45211,,,,,,,,0,54,54,4,1
,,,,,,,,,,,,Images/CongruentRight.jpeg,Congruent Right,m,EM,19,Male,1st,N,N,English,,"French, Spanish",2021-02-21_13h30.55.312,Tse_Altarriba_Simon1,2020.1.2,MacIntel,60,3340,,,m,1,0.329455,,,,,,,,0,55,55,10,1
,,,,,,,,,,,,Images/CongruentLeft.jpeg,Congruent Left,z,EM,19,Male,1st,N,N,English,,"French, Spanish",2021-02-21_13h30.55.312,Tse_Altarriba_Simon1,2020.1.2,MacIntel,60,3340,,,z,1,0.33152,,,,,,,,0,56,56,8,1
,,,,,,,,,,,,Images/NeutralLeft.jpeg,Neutral Left,z,EM,19,Male,1st,N,N,English,,"French, Spanish",2021-02-21_13h30.55.312,Tse_Altarriba_Simon1,2020.1.2,MacIntel,60,3340,,,z,1,0.41715,,,,,,,,0,57,57,43,1
,,,,,,,,,,,,Images/IncongruentRight.jpeg,Incongruent Right,m,EM,19,Male,1st,N,N,English,,"French, Spanish",2021-02-21_13h30.55.312,Tse_Altarriba_Simon1,2020.1.2,MacIntel,60,3340,,,m,1,0.4504,,,,,,,,0,58,58,37,1
,,,,,,,,,,,,Images/IncongruentLeft.jpeg,Incongruent Left,z,EM,19,Male,1st,N,N,English,,"French, Spanish",2021-02-21_13h30.55.312,Tse_Altarriba_Simon1,2020.1.2,MacIntel,60,3340,,,z,1,0.46865,,,,,,,,0,59,59,27,1
