Space1.keys,Space1.rt,Space2.keys,Space2.rt,response.keys,response.corr,response.rt,Practice_loop.thisRepN,Practice_loop.thisTrialN,Practice_loop.thisN,Practice_loop.thisIndex,Practice_loop.ran,ImageFile,Condition,CorrAns,Your initials,What is your age?,What is your gender?,What year are you in?,Are you Dyslexic? (Y/N),Are you bi/multilingual? (Y/N),What is your first language?,"What is your second language? (if you are monollingual, leave blank)",What other languages do you speak?,date,expName,psychopyVersion,OS,frameRate,participant,Space3.keys,Space3.rt,key_resp_2.keys,key_resp_2.corr,key_resp_2.rt,trials.thisRepN,trials.thisTrialN,trials.thisN,trials.thisIndex,trials.ran,Space4.keys,Space4.rt,trials_2.thisRepN,trials_2.thisTrialN,trials_2.thisN,trials_2.thisIndex,trials_2.ran
space,5.2266,space,20.66801,z,1,0.54626,0,0,0,1,1,Images/CongruentLeft.jpeg,Congruent Left,z,F,19,female,1,N,N,Chinese,,English,2021-02-22_18h44.17.394,Tse_Altarriba_Simon1,2020.1.2,Win32,60,3343,,,,,,,,,,,,,,,,,
,,,,z,1,0.530635,0,1,1,5,1,Images/IncongruentLeft.jpeg,Incongruent Left,z,F,19,female,1,N,N,Chinese,,English,2021-02-22_18h44.17.394,Tse_Altarriba_Simon1,2020.1.2,Win32,60,3343,,,,,,,,,,,,,,,,,
,,,,z,1,0.379645,0,2,2,0,1,Images/CongruentLeft.jpeg,Congruent Left,z,F,19,female,1,N,N,Chinese,,English,2021-02-22_18h44.17.394,Tse_Altarriba_Simon1,2020.1.2,Win32,60,3343,,,,,,,,,,,,,,,,,
,,,,m,1,0.46109,0,3,3,6,1,Images/IncongruentRight.jpeg,Incongruent Right,m,F,19,female,1,N,N,Chinese,,English,2021-02-22_18h44.17.394,Tse_Altarriba_Simon1,2020.1.2,Win32,60,3343,,,,,,,,,,,,,,,,,
,,,,z,1,0.50715,0,4,4,9,1,Images/NeutralLeft.jpeg,Neutral Left,z,F,19,female,1,N,N,Chinese,,English,2021-02-22_18h44.17.394,Tse_Altarriba_Simon1,2020.1.2,Win32,60,3343,,,,,,,,,,,,,,,,,
,,,,m,1,0.379135,0,5,5,2,1,Images/CongruentRight.jpeg,Congruent Right,m,F,19,female,1,N,N,Chinese,,English,2021-02-22_18h44.17.394,Tse_Altarriba_Simon1,2020.1.2,Win32,60,3343,,,,,,,,,,,,,,,,,
,,,,m,1,0.418715,0,6,6,7,1,Images/IncongruentRight.jpeg,Incongruent Right,m,F,19,female,1,N,N,Chinese,,English,2021-02-22_18h44.17.394,Tse_Altarriba_Simon1,2020.1.2,Win32,60,3343,,,,,,,,,,,,,,,,,
,,,,m,1,0.44352,0,7,7,10,1,Images/NeurtalRight.jpeg,Neutral Right,m,F,19,female,1,N,N,Chinese,,English,2021-02-22_18h44.17.394,Tse_Altarriba_Simon1,2020.1.2,Win32,60,3343,,,,,,,,,,,,,,,,,
,,,,z,1,0.34673,0,8,8,4,1,Images/IncongruentLeft.jpeg,Incongruent Left,z,F,19,female,1,N,N,Chinese,,English,2021-02-22_18h44.17.394,Tse_Altarriba_Simon1,2020.1.2,Win32,60,3343,,,,,,,,,,,,,,,,,
,,,,m,1,0.36314,0,9,9,11,1,Images/NeurtalRight.jpeg,Neutral Right,m,F,19,female,1,N,N,Chinese,,English,2021-02-22_18h44.17.394,Tse_Altarriba_Simon1,2020.1.2,Win32,60,3343,,,,,,,,,,,,,,,,,
,,,,z,1,0.32891,0,10,10,8,1,Images/NeutralLeft.jpeg,Neutral Left,z,F,19,female,1,N,N,Chinese,,English,2021-02-22_18h44.17.394,Tse_Altarriba_Simon1,2020.1.2,Win32,60,3343,,,,,,,,,,,,,,,,,
,,,,z,0,0.45634,0,11,11,3,1,Images/CongruentRight.jpeg,Congruent Right,m,F,19,female,1,N,N,Chinese,,English,2021-02-22_18h44.17.394,Tse_Altarriba_Simon1,2020.1.2,Win32,60,3343,,,,,,,,,,,,,,,,,
,,,,,,,,,,,,Images/NeutralLeft.jpeg,Neutral Left,z,F,19,female,1,N,N,Chinese,,English,2021-02-22_18h44.17.394,Tse_Altarriba_Simon1,2020.1.2,Win32,60,3343,space,10.799285,z,1,0.44937,0,0,0,43,1,,,,,,,
,,,,,,,,,,,,Images/IncongruentLeft.jpeg,Incongruent Left,z,F,19,female,1,N,N,Chinese,,English,2021-02-22_18h44.17.394,Tse_Altarriba_Simon1,2020.1.2,Win32,60,3343,,,z,1,0.396875,0,1,1,28,1,,,,,,,
,,,,,,,,,,,,Images/NeutralLeft.jpeg,Neutral Left,z,F,19,female,1,N,N,Chinese,,English,2021-02-22_18h44.17.394,Tse_Altarriba_Simon1,2020.1.2,Win32,60,3343,,,z,1,0.351405,0,2,2,45,1,,,,,,,
,,,,,,,,,,,,Images/NeurtalRight.jpeg,Neutral Right,m,F,19,female,1,N,N,Chinese,,English,2021-02-22_18h44.17.394,Tse_Altarriba_Simon1,2020.1.2,Win32,60,3343,,,m,1,0.34644,0,3,3,59,1,,,,,,,
,,,,,,,,,,,,Images/NeurtalRight.jpeg,Neutral Right,m,F,19,female,1,N,N,Chinese,,English,2021-02-22_18h44.17.394,Tse_Altarriba_Simon1,2020.1.2,Win32,60,3343,,,m,1,0.36917,0,4,4,52,1,,,,,,,
,,,,,,,,,,,,Images/CongruentLeft.jpeg,Congruent Left,z,F,19,female,1,N,N,Chinese,,English,2021-02-22_18h44.17.394,Tse_Altarriba_Simon1,2020.1.2,Win32,60,3343,,,z,1,0.313725,0,5,5,4,1,,,,,,,
,,,,,,,,,,,,Images/CongruentLeft.jpeg,Congruent Left,z,F,19,female,1,N,N,Chinese,,English,2021-02-22_18h44.17.394,Tse_Altarriba_Simon1,2020.1.2,Win32,60,3343,,,z,1,0.296705,0,6,6,8,1,,,,,,,
,,,,,,,,,,,,Images/NeurtalRight.jpeg,Neutral Right,m,F,19,female,1,N,N,Chinese,,English,2021-02-22_18h44.17.394,Tse_Altarriba_Simon1,2020.1.2,Win32,60,3343,,,m,1,0.41364,0,7,7,56,1,,,,,,,
,,,,,,,,,,,,Images/CongruentLeft.jpeg,Congruent Left,z,F,19,female,1,N,N,Chinese,,English,2021-02-22_18h44.17.394,Tse_Altarriba_Simon1,2020.1.2,Win32,60,3343,,,z,1,0.39725,0,8,8,1,1,,,,,,,
,,,,,,,,,,,,Images/CongruentRight.jpeg,Congruent Right,m,F,19,female,1,N,N,Chinese,,English,2021-02-22_18h44.17.394,Tse_Altarriba_Simon1,2020.1.2,Win32,60,3343,,,m,1,0.315175,0,9,9,11,1,,,,,,,
,,,,,,,,,,,,Images/IncongruentLeft.jpeg,Incongruent Left,z,F,19,female,1,N,N,Chinese,,English,2021-02-22_18h44.17.394,Tse_Altarriba_Simon1,2020.1.2,Win32,60,3343,,,z,1,0.369425,0,10,10,20,1,,,,,,,
,,,,,,,,,,,,Images/IncongruentRight.jpeg,Incongruent Right,m,F,19,female,1,N,N,Chinese,,English,2021-02-22_18h44.17.394,Tse_Altarriba_Simon1,2020.1.2,Win32,60,3343,,,m,1,0.43532,0,11,11,32,1,,,,,,,
,,,,,,,,,,,,Images/CongruentLeft.jpeg,Congruent Left,z,F,19,female,1,N,N,Chinese,,English,2021-02-22_18h44.17.394,Tse_Altarriba_Simon1,2020.1.2,Win32,60,3343,,,z,1,0.381015,0,12,12,2,1,,,,,,,
,,,,,,,,,,,,Images/CongruentRight.jpeg,Congruent Right,m,F,19,female,1,N,N,Chinese,,English,2021-02-22_18h44.17.394,Tse_Altarriba_Simon1,2020.1.2,Win32,60,3343,,,m,1,0.332625,0,13,13,13,1,,,,,,,
,,,,,,,,,,,,Images/IncongruentRight.jpeg,Incongruent Right,m,F,19,female,1,N,N,Chinese,,English,2021-02-22_18h44.17.394,Tse_Altarriba_Simon1,2020.1.2,Win32,60,3343,,,m,1,0.367835,0,14,14,39,1,,,,,,,
,,,,,,,,,,,,Images/NeurtalRight.jpeg,Neutral Right,m,F,19,female,1,N,N,Chinese,,English,2021-02-22_18h44.17.394,Tse_Altarriba_Simon1,2020.1.2,Win32,60,3343,,,m,1,0.32578,0,15,15,53,1,,,,,,,
,,,,,,,,,,,,Images/NeurtalRight.jpeg,Neutral Right,m,F,19,female,1,N,N,Chinese,,English,2021-02-22_18h44.17.394,Tse_Altarriba_Simon1,2020.1.2,Win32,60,3343,,,m,1,0.313315,0,16,16,58,1,,,,,,,
,,,,,,,,,,,,Images/NeurtalRight.jpeg,Neutral Right,m,F,19,female,1,N,N,Chinese,,English,2021-02-22_18h44.17.394,Tse_Altarriba_Simon1,2020.1.2,Win32,60,3343,,,m,1,0.337535,0,17,17,55,1,,,,,,,
,,,,,,,,,,,,Images/CongruentRight.jpeg,Congruent Right,m,F,19,female,1,N,N,Chinese,,English,2021-02-22_18h44.17.394,Tse_Altarriba_Simon1,2020.1.2,Win32,60,3343,,,m,1,0.507155,0,18,18,14,1,,,,,,,
,,,,,,,,,,,,Images/CongruentRight.jpeg,Congruent Right,m,F,19,female,1,N,N,Chinese,,English,2021-02-22_18h44.17.394,Tse_Altarriba_Simon1,2020.1.2,Win32,60,3343,,,m,1,0.37493,0,19,19,15,1,,,,,,,
,,,,,,,,,,,,Images/IncongruentLeft.jpeg,Incongruent Left,z,F,19,female,1,N,N,Chinese,,English,2021-02-22_18h44.17.394,Tse_Altarriba_Simon1,2020.1.2,Win32,60,3343,,,z,1,0.39666,0,20,20,27,1,,,,,,,
,,,,,,,,,,,,Images/IncongruentLeft.jpeg,Incongruent Left,z,F,19,female,1,N,N,Chinese,,English,2021-02-22_18h44.17.394,Tse_Altarriba_Simon1,2020.1.2,Win32,60,3343,,,z,1,0.366005,0,21,21,29,1,,,,,,,
,,,,,,,,,,,,Images/NeutralLeft.jpeg,Neutral Left,z,F,19,female,1,N,N,Chinese,,English,2021-02-22_18h44.17.394,Tse_Altarriba_Simon1,2020.1.2,Win32,60,3343,,,z,1,0.340285,0,22,22,47,1,,,,,,,
,,,,,,,,,,,,Images/NeutralLeft.jpeg,Neutral Left,z,F,19,female,1,N,N,Chinese,,English,2021-02-22_18h44.17.394,Tse_Altarriba_Simon1,2020.1.2,Win32,60,3343,,,z,1,0.3378,0,23,23,46,1,,,,,,,
,,,,,,,,,,,,Images/IncongruentLeft.jpeg,Incongruent Left,z,F,19,female,1,N,N,Chinese,,English,2021-02-22_18h44.17.394,Tse_Altarriba_Simon1,2020.1.2,Win32,60,3343,,,m,0,0.323455,0,24,24,24,1,,,,,,,
,,,,,,,,,,,,Images/CongruentLeft.jpeg,Congruent Left,z,F,19,female,1,N,N,Chinese,,English,2021-02-22_18h44.17.394,Tse_Altarriba_Simon1,2020.1.2,Win32,60,3343,,,z,1,0.606695,0,25,25,3,1,,,,,,,
,,,,,,,,,,,,Images/NeutralLeft.jpeg,Neutral Left,z,F,19,female,1,N,N,Chinese,,English,2021-02-22_18h44.17.394,Tse_Altarriba_Simon1,2020.1.2,Win32,60,3343,,,z,1,0.36215,0,26,26,49,1,,,,,,,
,,,,,,,,,,,,Images/IncongruentLeft.jpeg,Incongruent Left,z,F,19,female,1,N,N,Chinese,,English,2021-02-22_18h44.17.394,Tse_Altarriba_Simon1,2020.1.2,Win32,60,3343,,,z,1,0.35776,0,27,27,21,1,,,,,,,
,,,,,,,,,,,,Images/CongruentLeft.jpeg,Congruent Left,z,F,19,female,1,N,N,Chinese,,English,2021-02-22_18h44.17.394,Tse_Altarriba_Simon1,2020.1.2,Win32,60,3343,,,z,1,0.39696,0,28,28,6,1,,,,,,,
,,,,,,,,,,,,Images/IncongruentRight.jpeg,Incongruent Right,m,F,19,female,1,N,N,Chinese,,English,2021-02-22_18h44.17.394,Tse_Altarriba_Simon1,2020.1.2,Win32,60,3343,,,m,1,0.41483,0,29,29,35,1,,,,,,,
,,,,,,,,,,,,Images/IncongruentRight.jpeg,Incongruent Right,m,F,19,female,1,N,N,Chinese,,English,2021-02-22_18h44.17.394,Tse_Altarriba_Simon1,2020.1.2,Win32,60,3343,,,m,1,0.39883,0,30,30,31,1,,,,,,,
,,,,,,,,,,,,Images/IncongruentRight.jpeg,Incongruent Right,m,F,19,female,1,N,N,Chinese,,English,2021-02-22_18h44.17.394,Tse_Altarriba_Simon1,2020.1.2,Win32,60,3343,,,m,1,0.36895,0,31,31,37,1,,,,,,,
,,,,,,,,,,,,Images/NeurtalRight.jpeg,Neutral Right,m,F,19,female,1,N,N,Chinese,,English,2021-02-22_18h44.17.394,Tse_Altarriba_Simon1,2020.1.2,Win32,60,3343,,,m,1,0.3714,0,32,32,57,1,,,,,,,
,,,,,,,,,,,,Images/NeutralLeft.jpeg,Neutral Left,z,F,19,female,1,N,N,Chinese,,English,2021-02-22_18h44.17.394,Tse_Altarriba_Simon1,2020.1.2,Win32,60,3343,,,z,1,0.38339,0,33,33,40,1,,,,,,,
,,,,,,,,,,,,Images/IncongruentLeft.jpeg,Incongruent Left,z,F,19,female,1,N,N,Chinese,,English,2021-02-22_18h44.17.394,Tse_Altarriba_Simon1,2020.1.2,Win32,60,3343,,,z,1,0.369855,0,34,34,22,1,,,,,,,
,,,,,,,,,,,,Images/CongruentRight.jpeg,Congruent Right,m,F,19,female,1,N,N,Chinese,,English,2021-02-22_18h44.17.394,Tse_Altarriba_Simon1,2020.1.2,Win32,60,3343,,,m,1,0.400305,0,35,35,12,1,,,,,,,
,,,,,,,,,,,,Images/NeurtalRight.jpeg,Neutral Right,m,F,19,female,1,N,N,Chinese,,English,2021-02-22_18h44.17.394,Tse_Altarriba_Simon1,2020.1.2,Win32,60,3343,,,m,1,0.40344,0,36,36,50,1,,,,,,,
,,,,,,,,,,,,Images/IncongruentRight.jpeg,Incongruent Right,m,F,19,female,1,N,N,Chinese,,English,2021-02-22_18h44.17.394,Tse_Altarriba_Simon1,2020.1.2,Win32,60,3343,,,m,1,0.429625,0,37,37,34,1,,,,,,,
,,,,,,,,,,,,Images/NeutralLeft.jpeg,Neutral Left,z,F,19,female,1,N,N,Chinese,,English,2021-02-22_18h44.17.394,Tse_Altarriba_Simon1,2020.1.2,Win32,60,3343,,,z,1,0.371475,0,38,38,41,1,,,,,,,
,,,,,,,,,,,,Images/CongruentRight.jpeg,Congruent Right,m,F,19,female,1,N,N,Chinese,,English,2021-02-22_18h44.17.394,Tse_Altarriba_Simon1,2020.1.2,Win32,60,3343,,,m,1,0.546515,0,39,39,18,1,,,,,,,
,,,,,,,,,,,,Images/IncongruentLeft.jpeg,Incongruent Left,z,F,19,female,1,N,N,Chinese,,English,2021-02-22_18h44.17.394,Tse_Altarriba_Simon1,2020.1.2,Win32,60,3343,,,z,1,0.373255,0,40,40,26,1,,,,,,,
,,,,,,,,,,,,Images/IncongruentRight.jpeg,Incongruent Right,m,F,19,female,1,N,N,Chinese,,English,2021-02-22_18h44.17.394,Tse_Altarriba_Simon1,2020.1.2,Win32,60,3343,,,m,1,0.365565,0,41,41,33,1,,,,,,,
,,,,,,,,,,,,Images/IncongruentRight.jpeg,Incongruent Right,m,F,19,female,1,N,N,Chinese,,English,2021-02-22_18h44.17.394,Tse_Altarriba_Simon1,2020.1.2,Win32,60,3343,,,m,1,0.35346,0,42,42,30,1,,,,,,,
,,,,,,,,,,,,Images/IncongruentLeft.jpeg,Incongruent Left,z,F,19,female,1,N,N,Chinese,,English,2021-02-22_18h44.17.394,Tse_Altarriba_Simon1,2020.1.2,Win32,60,3343,,,z,1,0.38339,0,43,43,25,1,,,,,,,
,,,,,,,,,,,,Images/NeutralLeft.jpeg,Neutral Left,z,F,19,female,1,N,N,Chinese,,English,2021-02-22_18h44.17.394,Tse_Altarriba_Simon1,2020.1.2,Win32,60,3343,,,z,1,0.322635,0,44,44,44,1,,,,,,,
,,,,,,,,,,,,Images/NeurtalRight.jpeg,Neutral Right,m,F,19,female,1,N,N,Chinese,,English,2021-02-22_18h44.17.394,Tse_Altarriba_Simon1,2020.1.2,Win32,60,3343,,,m,1,0.38979,0,45,45,54,1,,,,,,,
,,,,,,,,,,,,Images/NeurtalRight.jpeg,Neutral Right,m,F,19,female,1,N,N,Chinese,,English,2021-02-22_18h44.17.394,Tse_Altarriba_Simon1,2020.1.2,Win32,60,3343,,,m,1,0.317555,0,46,46,51,1,,,,,,,
,,,,,,,,,,,,Images/NeutralLeft.jpeg,Neutral Left,z,F,19,female,1,N,N,Chinese,,English,2021-02-22_18h44.17.394,Tse_Altarriba_Simon1,2020.1.2,Win32,60,3343,,,z,1,0.389815,0,47,47,48,1,,,,,,,
,,,,,,,,,,,,Images/IncongruentLeft.jpeg,Incongruent Left,z,F,19,female,1,N,N,Chinese,,English,2021-02-22_18h44.17.394,Tse_Altarriba_Simon1,2020.1.2,Win32,60,3343,,,z,1,0.358565,0,48,48,23,1,,,,,,,
,,,,,,,,,,,,Images/CongruentRight.jpeg,Congruent Right,m,F,19,female,1,N,N,Chinese,,English,2021-02-22_18h44.17.394,Tse_Altarriba_Simon1,2020.1.2,Win32,60,3343,,,m,1,0.44669,0,49,49,17,1,,,,,,,
,,,,,,,,,,,,Images/IncongruentRight.jpeg,Incongruent Right,m,F,19,female,1,N,N,Chinese,,English,2021-02-22_18h44.17.394,Tse_Altarriba_Simon1,2020.1.2,Win32,60,3343,,,m,1,0.3564,0,50,50,36,1,,,,,,,
,,,,,,,,,,,,Images/CongruentRight.jpeg,Congruent Right,m,F,19,female,1,N,N,Chinese,,English,2021-02-22_18h44.17.394,Tse_Altarriba_Simon1,2020.1.2,Win32,60,3343,,,m,1,0.381615,0,51,51,19,1,,,,,,,
,,,,,,,,,,,,Images/IncongruentRight.jpeg,Incongruent Right,m,F,19,female,1,N,N,Chinese,,English,2021-02-22_18h44.17.394,Tse_Altarriba_Simon1,2020.1.2,Win32,60,3343,,,m,1,0.374425,0,52,52,38,1,,,,,,,
,,,,,,,,,,,,Images/CongruentRight.jpeg,Congruent Right,m,F,19,female,1,N,N,Chinese,,English,2021-02-22_18h44.17.394,Tse_Altarriba_Simon1,2020.1.2,Win32,60,3343,,,m,1,0.316435,0,53,53,10,1,,,,,,,
,,,,,,,,,,,,Images/CongruentLeft.jpeg,Congruent Left,z,F,19,female,1,N,N,Chinese,,English,2021-02-22_18h44.17.394,Tse_Altarriba_Simon1,2020.1.2,Win32,60,3343,,,z,1,0.30577,0,54,54,7,1,,,,,,,
,,,,,,,,,,,,Images/CongruentLeft.jpeg,Congruent Left,z,F,19,female,1,N,N,Chinese,,English,2021-02-22_18h44.17.394,Tse_Altarriba_Simon1,2020.1.2,Win32,60,3343,,,z,1,0.30076,0,55,55,0,1,,,,,,,
,,,,,,,,,,,,Images/CongruentLeft.jpeg,Congruent Left,z,F,19,female,1,N,N,Chinese,,English,2021-02-22_18h44.17.394,Tse_Altarriba_Simon1,2020.1.2,Win32,60,3343,,,z,1,0.28562,0,56,56,5,1,,,,,,,
,,,,,,,,,,,,Images/NeutralLeft.jpeg,Neutral Left,z,F,19,female,1,N,N,Chinese,,English,2021-02-22_18h44.17.394,Tse_Altarriba_Simon1,2020.1.2,Win32,60,3343,,,z,1,0.32377,0,57,57,42,1,,,,,,,
,,,,,,,,,,,,Images/CongruentRight.jpeg,Congruent Right,m,F,19,female,1,N,N,Chinese,,English,2021-02-22_18h44.17.394,Tse_Altarriba_Simon1,2020.1.2,Win32,60,3343,,,m,1,0.39058,0,58,58,16,1,,,,,,,
,,,,,,,,,,,,Images/CongruentLeft.jpeg,Congruent Left,z,F,19,female,1,N,N,Chinese,,English,2021-02-22_18h44.17.394,Tse_Altarriba_Simon1,2020.1.2,Win32,60,3343,,,z,1,0.34708,0,59,59,9,1,,,,,,,
,,,,,,,,,,,,Images/IncongruentRight.jpeg,Incongruent Right,m,F,19,female,1,N,N,Chinese,,English,2021-02-22_18h44.17.394,Tse_Altarriba_Simon1,2020.1.2,Win32,60,3343,,,m,1,0.375235,,,,,,space,6.916025,0,0,0,36,1
,,,,,,,,,,,,Images/IncongruentLeft.jpeg,Incongruent Left,z,F,19,female,1,N,N,Chinese,,English,2021-02-22_18h44.17.394,Tse_Altarriba_Simon1,2020.1.2,Win32,60,3343,,,z,1,0.33248,,,,,,,,0,1,1,20,1
,,,,,,,,,,,,Images/IncongruentLeft.jpeg,Incongruent Left,z,F,19,female,1,N,N,Chinese,,English,2021-02-22_18h44.17.394,Tse_Altarriba_Simon1,2020.1.2,Win32,60,3343,,,z,1,0.353215,,,,,,,,0,2,2,22,1
,,,,,,,,,,,,Images/CongruentLeft.jpeg,Congruent Left,z,F,19,female,1,N,N,Chinese,,English,2021-02-22_18h44.17.394,Tse_Altarriba_Simon1,2020.1.2,Win32,60,3343,,,z,1,0.3224,,,,,,,,0,3,3,0,1
,,,,,,,,,,,,Images/CongruentRight.jpeg,Congruent Right,m,F,19,female,1,N,N,Chinese,,English,2021-02-22_18h44.17.394,Tse_Altarriba_Simon1,2020.1.2,Win32,60,3343,,,m,1,0.4163,,,,,,,,0,4,4,18,1
,,,,,,,,,,,,Images/IncongruentLeft.jpeg,Incongruent Left,z,F,19,female,1,N,N,Chinese,,English,2021-02-22_18h44.17.394,Tse_Altarriba_Simon1,2020.1.2,Win32,60,3343,,,z,1,0.36832,,,,,,,,0,5,5,27,1
,,,,,,,,,,,,Images/IncongruentRight.jpeg,Incongruent Right,m,F,19,female,1,N,N,Chinese,,English,2021-02-22_18h44.17.394,Tse_Altarriba_Simon1,2020.1.2,Win32,60,3343,,,m,1,0.431265,,,,,,,,0,6,6,35,1
,,,,,,,,,,,,Images/IncongruentLeft.jpeg,Incongruent Left,z,F,19,female,1,N,N,Chinese,,English,2021-02-22_18h44.17.394,Tse_Altarriba_Simon1,2020.1.2,Win32,60,3343,,,z,1,0.421515,,,,,,,,0,7,7,25,1
,,,,,,,,,,,,Images/NeutralLeft.jpeg,Neutral Left,z,F,19,female,1,N,N,Chinese,,English,2021-02-22_18h44.17.394,Tse_Altarriba_Simon1,2020.1.2,Win32,60,3343,,,z,1,0.36374,,,,,,,,0,8,8,45,1
,,,,,,,,,,,,Images/IncongruentLeft.jpeg,Incongruent Left,z,F,19,female,1,N,N,Chinese,,English,2021-02-22_18h44.17.394,Tse_Altarriba_Simon1,2020.1.2,Win32,60,3343,,,z,1,0.33051,,,,,,,,0,9,9,24,1
,,,,,,,,,,,,Images/CongruentLeft.jpeg,Congruent Left,z,F,19,female,1,N,N,Chinese,,English,2021-02-22_18h44.17.394,Tse_Altarriba_Simon1,2020.1.2,Win32,60,3343,,,z,1,0.34729,,,,,,,,0,10,10,1,1
,,,,,,,,,,,,Images/NeurtalRight.jpeg,Neutral Right,m,F,19,female,1,N,N,Chinese,,English,2021-02-22_18h44.17.394,Tse_Altarriba_Simon1,2020.1.2,Win32,60,3343,,,m,1,0.35191,,,,,,,,0,11,11,59,1
,,,,,,,,,,,,Images/NeurtalRight.jpeg,Neutral Right,m,F,19,female,1,N,N,Chinese,,English,2021-02-22_18h44.17.394,Tse_Altarriba_Simon1,2020.1.2,Win32,60,3343,,,m,1,0.31869,,,,,,,,0,12,12,55,1
,,,,,,,,,,,,Images/CongruentLeft.jpeg,Congruent Left,z,F,19,female,1,N,N,Chinese,,English,2021-02-22_18h44.17.394,Tse_Altarriba_Simon1,2020.1.2,Win32,60,3343,,,z,1,0.330375,,,,,,,,0,13,13,2,1
,,,,,,,,,,,,Images/CongruentRight.jpeg,Congruent Right,m,F,19,female,1,N,N,Chinese,,English,2021-02-22_18h44.17.394,Tse_Altarriba_Simon1,2020.1.2,Win32,60,3343,,,m,1,0.31903,,,,,,,,0,14,14,10,1
,,,,,,,,,,,,Images/NeurtalRight.jpeg,Neutral Right,m,F,19,female,1,N,N,Chinese,,English,2021-02-22_18h44.17.394,Tse_Altarriba_Simon1,2020.1.2,Win32,60,3343,,,m,1,0.340755,,,,,,,,0,15,15,52,1
,,,,,,,,,,,,Images/NeutralLeft.jpeg,Neutral Left,z,F,19,female,1,N,N,Chinese,,English,2021-02-22_18h44.17.394,Tse_Altarriba_Simon1,2020.1.2,Win32,60,3343,,,z,1,0.333285,,,,,,,,0,16,16,40,1
,,,,,,,,,,,,Images/IncongruentRight.jpeg,Incongruent Right,m,F,19,female,1,N,N,Chinese,,English,2021-02-22_18h44.17.394,Tse_Altarriba_Simon1,2020.1.2,Win32,60,3343,,,m,1,0.35731,,,,,,,,0,17,17,31,1
,,,,,,,,,,,,Images/CongruentRight.jpeg,Congruent Right,m,F,19,female,1,N,N,Chinese,,English,2021-02-22_18h44.17.394,Tse_Altarriba_Simon1,2020.1.2,Win32,60,3343,,,m,1,0.38858,,,,,,,,0,18,18,13,1
,,,,,,,,,,,,Images/IncongruentLeft.jpeg,Incongruent Left,z,F,19,female,1,N,N,Chinese,,English,2021-02-22_18h44.17.394,Tse_Altarriba_Simon1,2020.1.2,Win32,60,3343,,,z,1,0.3299,,,,,,,,0,19,19,28,1
,,,,,,,,,,,,Images/CongruentLeft.jpeg,Congruent Left,z,F,19,female,1,N,N,Chinese,,English,2021-02-22_18h44.17.394,Tse_Altarriba_Simon1,2020.1.2,Win32,60,3343,,,z,1,0.307975,,,,,,,,0,20,20,3,1
,,,,,,,,,,,,Images/CongruentLeft.jpeg,Congruent Left,z,F,19,female,1,N,N,Chinese,,English,2021-02-22_18h44.17.394,Tse_Altarriba_Simon1,2020.1.2,Win32,60,3343,,,z,1,0.300775,,,,,,,,0,21,21,4,1
,,,,,,,,,,,,Images/NeutralLeft.jpeg,Neutral Left,z,F,19,female,1,N,N,Chinese,,English,2021-02-22_18h44.17.394,Tse_Altarriba_Simon1,2020.1.2,Win32,60,3343,,,z,1,0.29898,,,,,,,,0,22,22,47,1
,,,,,,,,,,,,Images/CongruentLeft.jpeg,Congruent Left,z,F,19,female,1,N,N,Chinese,,English,2021-02-22_18h44.17.394,Tse_Altarriba_Simon1,2020.1.2,Win32,60,3343,,,z,1,0.3157,,,,,,,,0,23,23,9,1
,,,,,,,,,,,,Images/CongruentRight.jpeg,Congruent Right,m,F,19,female,1,N,N,Chinese,,English,2021-02-22_18h44.17.394,Tse_Altarriba_Simon1,2020.1.2,Win32,60,3343,,,m,1,0.3384,,,,,,,,0,24,24,12,1
,,,,,,,,,,,,Images/NeurtalRight.jpeg,Neutral Right,m,F,19,female,1,N,N,Chinese,,English,2021-02-22_18h44.17.394,Tse_Altarriba_Simon1,2020.1.2,Win32,60,3343,,,m,1,0.33154,,,,,,,,0,25,25,51,1
,,,,,,,,,,,,Images/NeurtalRight.jpeg,Neutral Right,m,F,19,female,1,N,N,Chinese,,English,2021-02-22_18h44.17.394,Tse_Altarriba_Simon1,2020.1.2,Win32,60,3343,,,m,1,0.3214,,,,,,,,0,26,26,54,1
,,,,,,,,,,,,Images/CongruentLeft.jpeg,Congruent Left,z,F,19,female,1,N,N,Chinese,,English,2021-02-22_18h44.17.394,Tse_Altarriba_Simon1,2020.1.2,Win32,60,3343,,,z,1,0.333365,,,,,,,,0,27,27,6,1
,,,,,,,,,,,,Images/NeutralLeft.jpeg,Neutral Left,z,F,19,female,1,N,N,Chinese,,English,2021-02-22_18h44.17.394,Tse_Altarriba_Simon1,2020.1.2,Win32,60,3343,,,z,1,0.379895,,,,,,,,0,28,28,46,1
,,,,,,,,,,,,Images/CongruentRight.jpeg,Congruent Right,m,F,19,female,1,N,N,Chinese,,English,2021-02-22_18h44.17.394,Tse_Altarriba_Simon1,2020.1.2,Win32,60,3343,,,m,1,0.420295,,,,,,,,0,29,29,19,1
,,,,,,,,,,,,Images/NeutralLeft.jpeg,Neutral Left,z,F,19,female,1,N,N,Chinese,,English,2021-02-22_18h44.17.394,Tse_Altarriba_Simon1,2020.1.2,Win32,60,3343,,,z,1,0.37571,,,,,,,,0,30,30,41,1
,,,,,,,,,,,,Images/IncongruentLeft.jpeg,Incongruent Left,z,F,19,female,1,N,N,Chinese,,English,2021-02-22_18h44.17.394,Tse_Altarriba_Simon1,2020.1.2,Win32,60,3343,,,z,1,0.413535,,,,,,,,0,31,31,23,1
,,,,,,,,,,,,Images/NeurtalRight.jpeg,Neutral Right,m,F,19,female,1,N,N,Chinese,,English,2021-02-22_18h44.17.394,Tse_Altarriba_Simon1,2020.1.2,Win32,60,3343,,,m,1,0.38832,,,,,,,,0,32,32,56,1
,,,,,,,,,,,,Images/NeutralLeft.jpeg,Neutral Left,z,F,19,female,1,N,N,Chinese,,English,2021-02-22_18h44.17.394,Tse_Altarriba_Simon1,2020.1.2,Win32,60,3343,,,z,1,0.36617,,,,,,,,0,33,33,43,1
,,,,,,,,,,,,Images/IncongruentRight.jpeg,Incongruent Right,m,F,19,female,1,N,N,Chinese,,English,2021-02-22_18h44.17.394,Tse_Altarriba_Simon1,2020.1.2,Win32,60,3343,,,m,1,0.43954,,,,,,,,0,34,34,39,1
,,,,,,,,,,,,Images/IncongruentRight.jpeg,Incongruent Right,m,F,19,female,1,N,N,Chinese,,English,2021-02-22_18h44.17.394,Tse_Altarriba_Simon1,2020.1.2,Win32,60,3343,,,m,1,0.39211,,,,,,,,0,35,35,38,1
,,,,,,,,,,,,Images/CongruentRight.jpeg,Congruent Right,m,F,19,female,1,N,N,Chinese,,English,2021-02-22_18h44.17.394,Tse_Altarriba_Simon1,2020.1.2,Win32,60,3343,,,m,1,0.449335,,,,,,,,0,36,36,17,1
,,,,,,,,,,,,Images/NeutralLeft.jpeg,Neutral Left,z,F,19,female,1,N,N,Chinese,,English,2021-02-22_18h44.17.394,Tse_Altarriba_Simon1,2020.1.2,Win32,60,3343,,,z,1,0.364055,,,,,,,,0,37,37,42,1
,,,,,,,,,,,,Images/IncongruentLeft.jpeg,Incongruent Left,z,F,19,female,1,N,N,Chinese,,English,2021-02-22_18h44.17.394,Tse_Altarriba_Simon1,2020.1.2,Win32,60,3343,,,z,1,0.36856,,,,,,,,0,38,38,29,1
,,,,,,,,,,,,Images/IncongruentLeft.jpeg,Incongruent Left,z,F,19,female,1,N,N,Chinese,,English,2021-02-22_18h44.17.394,Tse_Altarriba_Simon1,2020.1.2,Win32,60,3343,,,z,1,0.37206,,,,,,,,0,39,39,26,1
,,,,,,,,,,,,Images/IncongruentRight.jpeg,Incongruent Right,m,F,19,female,1,N,N,Chinese,,English,2021-02-22_18h44.17.394,Tse_Altarriba_Simon1,2020.1.2,Win32,60,3343,,,m,1,0.42168,,,,,,,,0,40,40,33,1
,,,,,,,,,,,,Images/NeurtalRight.jpeg,Neutral Right,m,F,19,female,1,N,N,Chinese,,English,2021-02-22_18h44.17.394,Tse_Altarriba_Simon1,2020.1.2,Win32,60,3343,,,m,1,0.38236,,,,,,,,0,41,41,57,1
,,,,,,,,,,,,Images/CongruentRight.jpeg,Congruent Right,m,F,19,female,1,N,N,Chinese,,English,2021-02-22_18h44.17.394,Tse_Altarriba_Simon1,2020.1.2,Win32,60,3343,,,m,1,0.466745,,,,,,,,0,42,42,14,1
,,,,,,,,,,,,Images/CongruentLeft.jpeg,Congruent Left,z,F,19,female,1,N,N,Chinese,,English,2021-02-22_18h44.17.394,Tse_Altarriba_Simon1,2020.1.2,Win32,60,3343,,,z,1,0.43855,,,,,,,,0,43,43,5,1
,,,,,,,,,,,,Images/CongruentRight.jpeg,Congruent Right,m,F,19,female,1,N,N,Chinese,,English,2021-02-22_18h44.17.394,Tse_Altarriba_Simon1,2020.1.2,Win32,60,3343,,,m,1,0.332335,,,,,,,,0,44,44,11,1
,,,,,,,,,,,,Images/NeurtalRight.jpeg,Neutral Right,m,F,19,female,1,N,N,Chinese,,English,2021-02-22_18h44.17.394,Tse_Altarriba_Simon1,2020.1.2,Win32,60,3343,,,m,1,0.352865,,,,,,,,0,45,45,50,1
,,,,,,,,,,,,Images/IncongruentRight.jpeg,Incongruent Right,m,F,19,female,1,N,N,Chinese,,English,2021-02-22_18h44.17.394,Tse_Altarriba_Simon1,2020.1.2,Win32,60,3343,,,z,0,0.312905,,,,,,,,0,46,46,37,1
,,,,,,,,,,,,Images/IncongruentRight.jpeg,Incongruent Right,m,F,19,female,1,N,N,Chinese,,English,2021-02-22_18h44.17.394,Tse_Altarriba_Simon1,2020.1.2,Win32,60,3343,,,m,1,0.51288,,,,,,,,0,47,47,30,1
,,,,,,,,,,,,Images/NeutralLeft.jpeg,Neutral Left,z,F,19,female,1,N,N,Chinese,,English,2021-02-22_18h44.17.394,Tse_Altarriba_Simon1,2020.1.2,Win32,60,3343,,,z,1,0.45057,,,,,,,,0,48,48,49,1
,,,,,,,,,,,,Images/NeutralLeft.jpeg,Neutral Left,z,F,19,female,1,N,N,Chinese,,English,2021-02-22_18h44.17.394,Tse_Altarriba_Simon1,2020.1.2,Win32,60,3343,,,z,1,0.337765,,,,,,,,0,49,49,44,1
,,,,,,,,,,,,Images/NeurtalRight.jpeg,Neutral Right,m,F,19,female,1,N,N,Chinese,,English,2021-02-22_18h44.17.394,Tse_Altarriba_Simon1,2020.1.2,Win32,60,3343,,,m,1,0.380555,,,,,,,,0,50,50,58,1
,,,,,,,,,,,,Images/CongruentLeft.jpeg,Congruent Left,z,F,19,female,1,N,N,Chinese,,English,2021-02-22_18h44.17.394,Tse_Altarriba_Simon1,2020.1.2,Win32,60,3343,,,z,1,0.46872,,,,,,,,0,51,51,8,1
,,,,,,,,,,,,Images/IncongruentRight.jpeg,Incongruent Right,m,F,19,female,1,N,N,Chinese,,English,2021-02-22_18h44.17.394,Tse_Altarriba_Simon1,2020.1.2,Win32,60,3343,,,m,1,0.37422,,,,,,,,0,52,52,32,1
,,,,,,,,,,,,Images/IncongruentRight.jpeg,Incongruent Right,m,F,19,female,1,N,N,Chinese,,English,2021-02-22_18h44.17.394,Tse_Altarriba_Simon1,2020.1.2,Win32,60,3343,,,m,1,0.358665,,,,,,,,0,53,53,34,1
,,,,,,,,,,,,Images/NeutralLeft.jpeg,Neutral Left,z,F,19,female,1,N,N,Chinese,,English,2021-02-22_18h44.17.394,Tse_Altarriba_Simon1,2020.1.2,Win32,60,3343,,,z,1,0.38159,,,,,,,,0,54,54,48,1
,,,,,,,,,,,,Images/CongruentRight.jpeg,Congruent Right,m,F,19,female,1,N,N,Chinese,,English,2021-02-22_18h44.17.394,Tse_Altarriba_Simon1,2020.1.2,Win32,60,3343,,,m,1,0.33598,,,,,,,,0,55,55,15,1
,,,,,,,,,,,,Images/CongruentRight.jpeg,Congruent Right,m,F,19,female,1,N,N,Chinese,,English,2021-02-22_18h44.17.394,Tse_Altarriba_Simon1,2020.1.2,Win32,60,3343,,,m,1,0.33936,,,,,,,,0,56,56,16,1
,,,,,,,,,,,,Images/CongruentLeft.jpeg,Congruent Left,z,F,19,female,1,N,N,Chinese,,English,2021-02-22_18h44.17.394,Tse_Altarriba_Simon1,2020.1.2,Win32,60,3343,,,z,1,0.359415,,,,,,,,0,57,57,7,1
,,,,,,,,,,,,Images/IncongruentLeft.jpeg,Incongruent Left,z,F,19,female,1,N,N,Chinese,,English,2021-02-22_18h44.17.394,Tse_Altarriba_Simon1,2020.1.2,Win32,60,3343,,,z,1,0.437775,,,,,,,,0,58,58,21,1
,,,,,,,,,,,,Images/NeurtalRight.jpeg,Neutral Right,m,F,19,female,1,N,N,Chinese,,English,2021-02-22_18h44.17.394,Tse_Altarriba_Simon1,2020.1.2,Win32,60,3343,,,m,1,0.355025,,,,,,,,0,59,59,53,1
