Space1.keys,Space1.rt,Space2.keys,Space2.rt,response.keys,response.corr,response.rt,Practice_loop.thisRepN,Practice_loop.thisTrialN,Practice_loop.thisN,Practice_loop.thisIndex,Practice_loop.ran,ImageFile,Condition,CorrAns,Your initials,What is your age?,What is your gender?,What year are you in?,Are you Dyslexic? (Y/N),Are you bi/multilingual? (Y/N),What is your first language?,"What is your second language? (if you are monollingual, leave blank)",What other languages do you speak?,date,expName,psychopyVersion,OS,frameRate,participant,Space3.keys,Space3.rt,key_resp_2.keys,key_resp_2.corr,key_resp_2.rt,trials.thisRepN,trials.thisTrialN,trials.thisN,trials.thisIndex,trials.ran,Space4.keys,Space4.rt,trials_2.thisRepN,trials_2.thisTrialN,trials_2.thisN,trials_2.thisIndex,trials_2.ran
space,34.57448,space,8.48564,z,1,0.795155,0,0,0,5,1,Images/IncongruentLeft.jpeg,Incongruent Left,z,HW,19,Female ,Year 1 ,,,,,,2021-02-22_18h48.36.214,Tse_Altarriba_Simon1,2020.1.2,MacIntel,60,3349,,,,,,,,,,,,,,,,,
,,,,m,1,0.44687,0,1,1,11,1,Images/NeurtalRight.jpeg,Neutral Right,m,HW,19,Female ,Year 1 ,,,,,,2021-02-22_18h48.36.214,Tse_Altarriba_Simon1,2020.1.2,MacIntel,60,3349,,,,,,,,,,,,,,,,,
,,,,z,1,0.527305,0,2,2,9,1,Images/NeutralLeft.jpeg,Neutral Left,z,HW,19,Female ,Year 1 ,,,,,,2021-02-22_18h48.36.214,Tse_Altarriba_Simon1,2020.1.2,MacIntel,60,3349,,,,,,,,,,,,,,,,,
,,,,m,1,0.446865,0,3,3,3,1,Images/CongruentRight.jpeg,Congruent Right,m,HW,19,Female ,Year 1 ,,,,,,2021-02-22_18h48.36.214,Tse_Altarriba_Simon1,2020.1.2,MacIntel,60,3349,,,,,,,,,,,,,,,,,
,,,,m,1,0.456185,0,4,4,7,1,Images/IncongruentRight.jpeg,Incongruent Right,m,HW,19,Female ,Year 1 ,,,,,,2021-02-22_18h48.36.214,Tse_Altarriba_Simon1,2020.1.2,MacIntel,60,3349,,,,,,,,,,,,,,,,,
,,,,m,1,0.432395,0,5,5,2,1,Images/CongruentRight.jpeg,Congruent Right,m,HW,19,Female ,Year 1 ,,,,,,2021-02-22_18h48.36.214,Tse_Altarriba_Simon1,2020.1.2,MacIntel,60,3349,,,,,,,,,,,,,,,,,
,,,,z,1,0.44422,0,6,6,8,1,Images/NeutralLeft.jpeg,Neutral Left,z,HW,19,Female ,Year 1 ,,,,,,2021-02-22_18h48.36.214,Tse_Altarriba_Simon1,2020.1.2,MacIntel,60,3349,,,,,,,,,,,,,,,,,
,,,,z,1,1.07414,0,7,7,4,1,Images/IncongruentLeft.jpeg,Incongruent Left,z,HW,19,Female ,Year 1 ,,,,,,2021-02-22_18h48.36.214,Tse_Altarriba_Simon1,2020.1.2,MacIntel,60,3349,,,,,,,,,,,,,,,,,
,,,,z,1,0.555125,0,8,8,1,1,Images/CongruentLeft.jpeg,Congruent Left,z,HW,19,Female ,Year 1 ,,,,,,2021-02-22_18h48.36.214,Tse_Altarriba_Simon1,2020.1.2,MacIntel,60,3349,,,,,,,,,,,,,,,,,
,,,,m,1,1.10981,0,9,9,6,1,Images/IncongruentRight.jpeg,Incongruent Right,m,HW,19,Female ,Year 1 ,,,,,,2021-02-22_18h48.36.214,Tse_Altarriba_Simon1,2020.1.2,MacIntel,60,3349,,,,,,,,,,,,,,,,,
,,,,m,1,0.63101,0,10,10,10,1,Images/NeurtalRight.jpeg,Neutral Right,m,HW,19,Female ,Year 1 ,,,,,,2021-02-22_18h48.36.214,Tse_Altarriba_Simon1,2020.1.2,MacIntel,60,3349,,,,,,,,,,,,,,,,,
,,,,z,1,0.499335,0,11,11,0,1,Images/CongruentLeft.jpeg,Congruent Left,z,HW,19,Female ,Year 1 ,,,,,,2021-02-22_18h48.36.214,Tse_Altarriba_Simon1,2020.1.2,MacIntel,60,3349,,,,,,,,,,,,,,,,,
,,,,,,,,,,,,Images/NeutralLeft.jpeg,Neutral Left,z,HW,19,Female ,Year 1 ,,,,,,2021-02-22_18h48.36.214,Tse_Altarriba_Simon1,2020.1.2,MacIntel,60,3349,space,6.56353,z,1,0.665495,0,0,0,48,1,,,,,,,
,,,,,,,,,,,,Images/NeurtalRight.jpeg,Neutral Right,m,HW,19,Female ,Year 1 ,,,,,,2021-02-22_18h48.36.214,Tse_Altarriba_Simon1,2020.1.2,MacIntel,60,3349,,,m,1,0.4495,0,1,1,53,1,,,,,,,
,,,,,,,,,,,,Images/NeurtalRight.jpeg,Neutral Right,m,HW,19,Female ,Year 1 ,,,,,,2021-02-22_18h48.36.214,Tse_Altarriba_Simon1,2020.1.2,MacIntel,60,3349,,,m,1,0.45165,0,2,2,59,1,,,,,,,
,,,,,,,,,,,,Images/CongruentLeft.jpeg,Congruent Left,z,HW,19,Female ,Year 1 ,,,,,,2021-02-22_18h48.36.214,Tse_Altarriba_Simon1,2020.1.2,MacIntel,60,3349,,,z,1,0.567215,0,3,3,0,1,,,,,,,
,,,,,,,,,,,,Images/NeutralLeft.jpeg,Neutral Left,z,HW,19,Female ,Year 1 ,,,,,,2021-02-22_18h48.36.214,Tse_Altarriba_Simon1,2020.1.2,MacIntel,60,3349,,,z,1,0.43279,0,4,4,47,1,,,,,,,
,,,,,,,,,,,,Images/NeurtalRight.jpeg,Neutral Right,m,HW,19,Female ,Year 1 ,,,,,,2021-02-22_18h48.36.214,Tse_Altarriba_Simon1,2020.1.2,MacIntel,60,3349,,,m,1,0.63752,0,5,5,50,1,,,,,,,
,,,,,,,,,,,,Images/NeutralLeft.jpeg,Neutral Left,z,HW,19,Female ,Year 1 ,,,,,,2021-02-22_18h48.36.214,Tse_Altarriba_Simon1,2020.1.2,MacIntel,60,3349,,,z,1,0.565635,0,6,6,44,1,,,,,,,
,,,,,,,,,,,,Images/CongruentRight.jpeg,Congruent Right,m,HW,19,Female ,Year 1 ,,,,,,2021-02-22_18h48.36.214,Tse_Altarriba_Simon1,2020.1.2,MacIntel,60,3349,,,m,1,0.757655,0,7,7,19,1,,,,,,,
,,,,,,,,,,,,Images/CongruentLeft.jpeg,Congruent Left,z,HW,19,Female ,Year 1 ,,,,,,2021-02-22_18h48.36.214,Tse_Altarriba_Simon1,2020.1.2,MacIntel,60,3349,,,z,1,1.08448,0,8,8,9,1,,,,,,,
,,,,,,,,,,,,Images/CongruentRight.jpeg,Congruent Right,m,HW,19,Female ,Year 1 ,,,,,,2021-02-22_18h48.36.214,Tse_Altarriba_Simon1,2020.1.2,MacIntel,60,3349,,,m,1,0.467065,0,9,9,18,1,,,,,,,
,,,,,,,,,,,,Images/IncongruentRight.jpeg,Incongruent Right,m,HW,19,Female ,Year 1 ,,,,,,2021-02-22_18h48.36.214,Tse_Altarriba_Simon1,2020.1.2,MacIntel,60,3349,,,m,1,0.452635,0,10,10,31,1,,,,,,,
,,,,,,,,,,,,Images/IncongruentLeft.jpeg,Incongruent Left,z,HW,19,Female ,Year 1 ,,,,,,2021-02-22_18h48.36.214,Tse_Altarriba_Simon1,2020.1.2,MacIntel,60,3349,,,z,1,0.50498,0,11,11,21,1,,,,,,,
,,,,,,,,,,,,Images/NeurtalRight.jpeg,Neutral Right,m,HW,19,Female ,Year 1 ,,,,,,2021-02-22_18h48.36.214,Tse_Altarriba_Simon1,2020.1.2,MacIntel,60,3349,,,m,1,0.36527,0,12,12,52,1,,,,,,,
,,,,,,,,,,,,Images/IncongruentRight.jpeg,Incongruent Right,m,HW,19,Female ,Year 1 ,,,,,,2021-02-22_18h48.36.214,Tse_Altarriba_Simon1,2020.1.2,MacIntel,60,3349,,,m,1,0.43646,0,13,13,30,1,,,,,,,
,,,,,,,,,,,,Images/NeutralLeft.jpeg,Neutral Left,z,HW,19,Female ,Year 1 ,,,,,,2021-02-22_18h48.36.214,Tse_Altarriba_Simon1,2020.1.2,MacIntel,60,3349,,,z,1,0.44729,0,14,14,40,1,,,,,,,
,,,,,,,,,,,,Images/NeurtalRight.jpeg,Neutral Right,m,HW,19,Female ,Year 1 ,,,,,,2021-02-22_18h48.36.214,Tse_Altarriba_Simon1,2020.1.2,MacIntel,60,3349,,,m,1,0.36091,0,15,15,55,1,,,,,,,
,,,,,,,,,,,,Images/CongruentLeft.jpeg,Congruent Left,z,HW,19,Female ,Year 1 ,,,,,,2021-02-22_18h48.36.214,Tse_Altarriba_Simon1,2020.1.2,MacIntel,60,3349,,,z,1,0.38183,0,16,16,8,1,,,,,,,
,,,,,,,,,,,,Images/CongruentLeft.jpeg,Congruent Left,z,HW,19,Female ,Year 1 ,,,,,,2021-02-22_18h48.36.214,Tse_Altarriba_Simon1,2020.1.2,MacIntel,60,3349,,,z,1,0.339555,0,17,17,2,1,,,,,,,
,,,,,,,,,,,,Images/CongruentRight.jpeg,Congruent Right,m,HW,19,Female ,Year 1 ,,,,,,2021-02-22_18h48.36.214,Tse_Altarriba_Simon1,2020.1.2,MacIntel,60,3349,,,m,1,0.518805,0,18,18,12,1,,,,,,,
,,,,,,,,,,,,Images/NeurtalRight.jpeg,Neutral Right,m,HW,19,Female ,Year 1 ,,,,,,2021-02-22_18h48.36.214,Tse_Altarriba_Simon1,2020.1.2,MacIntel,60,3349,,,m,1,0.49833,0,19,19,51,1,,,,,,,
,,,,,,,,,,,,Images/IncongruentRight.jpeg,Incongruent Right,m,HW,19,Female ,Year 1 ,,,,,,2021-02-22_18h48.36.214,Tse_Altarriba_Simon1,2020.1.2,MacIntel,60,3349,,,m,1,0.597835,0,20,20,34,1,,,,,,,
,,,,,,,,,,,,Images/CongruentRight.jpeg,Congruent Right,m,HW,19,Female ,Year 1 ,,,,,,2021-02-22_18h48.36.214,Tse_Altarriba_Simon1,2020.1.2,MacIntel,60,3349,,,m,1,0.49145,0,21,21,10,1,,,,,,,
,,,,,,,,,,,,Images/IncongruentLeft.jpeg,Incongruent Left,z,HW,19,Female ,Year 1 ,,,,,,2021-02-22_18h48.36.214,Tse_Altarriba_Simon1,2020.1.2,MacIntel,60,3349,,,z,1,0.719075,0,22,22,23,1,,,,,,,
,,,,,,,,,,,,Images/IncongruentRight.jpeg,Incongruent Right,m,HW,19,Female ,Year 1 ,,,,,,2021-02-22_18h48.36.214,Tse_Altarriba_Simon1,2020.1.2,MacIntel,60,3349,,,m,1,0.452735,0,23,23,38,1,,,,,,,
,,,,,,,,,,,,Images/IncongruentRight.jpeg,Incongruent Right,m,HW,19,Female ,Year 1 ,,,,,,2021-02-22_18h48.36.214,Tse_Altarriba_Simon1,2020.1.2,MacIntel,60,3349,,,m,1,0.714975,0,24,24,35,1,,,,,,,
,,,,,,,,,,,,Images/IncongruentLeft.jpeg,Incongruent Left,z,HW,19,Female ,Year 1 ,,,,,,2021-02-22_18h48.36.214,Tse_Altarriba_Simon1,2020.1.2,MacIntel,60,3349,,,z,1,0.530965,0,25,25,20,1,,,,,,,
,,,,,,,,,,,,Images/IncongruentRight.jpeg,Incongruent Right,m,HW,19,Female ,Year 1 ,,,,,,2021-02-22_18h48.36.214,Tse_Altarriba_Simon1,2020.1.2,MacIntel,60,3349,,,m,1,0.4694,0,26,26,37,1,,,,,,,
,,,,,,,,,,,,Images/CongruentLeft.jpeg,Congruent Left,z,HW,19,Female ,Year 1 ,,,,,,2021-02-22_18h48.36.214,Tse_Altarriba_Simon1,2020.1.2,MacIntel,60,3349,,,z,1,0.63187,0,27,27,1,1,,,,,,,
,,,,,,,,,,,,Images/CongruentLeft.jpeg,Congruent Left,z,HW,19,Female ,Year 1 ,,,,,,2021-02-22_18h48.36.214,Tse_Altarriba_Simon1,2020.1.2,MacIntel,60,3349,,,z,1,0.60756,0,28,28,6,1,,,,,,,
,,,,,,,,,,,,Images/CongruentRight.jpeg,Congruent Right,m,HW,19,Female ,Year 1 ,,,,,,2021-02-22_18h48.36.214,Tse_Altarriba_Simon1,2020.1.2,MacIntel,60,3349,,,m,1,1.556285,0,29,29,14,1,,,,,,,
,,,,,,,,,,,,Images/NeutralLeft.jpeg,Neutral Left,z,HW,19,Female ,Year 1 ,,,,,,2021-02-22_18h48.36.214,Tse_Altarriba_Simon1,2020.1.2,MacIntel,60,3349,,,z,1,0.83387,0,30,30,45,1,,,,,,,
,,,,,,,,,,,,Images/IncongruentLeft.jpeg,Incongruent Left,z,HW,19,Female ,Year 1 ,,,,,,2021-02-22_18h48.36.214,Tse_Altarriba_Simon1,2020.1.2,MacIntel,60,3349,,,m,0,0.596435,0,31,31,26,1,,,,,,,
,,,,,,,,,,,,Images/IncongruentLeft.jpeg,Incongruent Left,z,HW,19,Female ,Year 1 ,,,,,,2021-02-22_18h48.36.214,Tse_Altarriba_Simon1,2020.1.2,MacIntel,60,3349,,,z,1,0.53248,0,32,32,25,1,,,,,,,
,,,,,,,,,,,,Images/IncongruentLeft.jpeg,Incongruent Left,z,HW,19,Female ,Year 1 ,,,,,,2021-02-22_18h48.36.214,Tse_Altarriba_Simon1,2020.1.2,MacIntel,60,3349,,,z,1,0.482935,0,33,33,27,1,,,,,,,
,,,,,,,,,,,,Images/IncongruentRight.jpeg,Incongruent Right,m,HW,19,Female ,Year 1 ,,,,,,2021-02-22_18h48.36.214,Tse_Altarriba_Simon1,2020.1.2,MacIntel,60,3349,,,m,1,0.66627,0,34,34,39,1,,,,,,,
,,,,,,,,,,,,Images/CongruentRight.jpeg,Congruent Right,m,HW,19,Female ,Year 1 ,,,,,,2021-02-22_18h48.36.214,Tse_Altarriba_Simon1,2020.1.2,MacIntel,60,3349,,,m,1,0.355465,0,35,35,15,1,,,,,,,
,,,,,,,,,,,,Images/NeutralLeft.jpeg,Neutral Left,z,HW,19,Female ,Year 1 ,,,,,,2021-02-22_18h48.36.214,Tse_Altarriba_Simon1,2020.1.2,MacIntel,60,3349,,,z,1,0.43218,0,36,36,41,1,,,,,,,
,,,,,,,,,,,,Images/IncongruentRight.jpeg,Incongruent Right,m,HW,19,Female ,Year 1 ,,,,,,2021-02-22_18h48.36.214,Tse_Altarriba_Simon1,2020.1.2,MacIntel,60,3349,,,m,1,0.533605,0,37,37,36,1,,,,,,,
,,,,,,,,,,,,Images/IncongruentLeft.jpeg,Incongruent Left,z,HW,19,Female ,Year 1 ,,,,,,2021-02-22_18h48.36.214,Tse_Altarriba_Simon1,2020.1.2,MacIntel,60,3349,,,z,1,0.566015,0,38,38,29,1,,,,,,,
,,,,,,,,,,,,Images/NeurtalRight.jpeg,Neutral Right,m,HW,19,Female ,Year 1 ,,,,,,2021-02-22_18h48.36.214,Tse_Altarriba_Simon1,2020.1.2,MacIntel,60,3349,,,m,1,0.433085,0,39,39,58,1,,,,,,,
,,,,,,,,,,,,Images/NeurtalRight.jpeg,Neutral Right,m,HW,19,Female ,Year 1 ,,,,,,2021-02-22_18h48.36.214,Tse_Altarriba_Simon1,2020.1.2,MacIntel,60,3349,,,z,0,0.66657,0,40,40,57,1,,,,,,,
,,,,,,,,,,,,Images/CongruentRight.jpeg,Congruent Right,m,HW,19,Female ,Year 1 ,,,,,,2021-02-22_18h48.36.214,Tse_Altarriba_Simon1,2020.1.2,MacIntel,60,3349,,,m,1,0.43182,0,41,41,11,1,,,,,,,
,,,,,,,,,,,,Images/NeutralLeft.jpeg,Neutral Left,z,HW,19,Female ,Year 1 ,,,,,,2021-02-22_18h48.36.214,Tse_Altarriba_Simon1,2020.1.2,MacIntel,60,3349,,,z,1,0.401685,0,42,42,46,1,,,,,,,
,,,,,,,,,,,,Images/NeutralLeft.jpeg,Neutral Left,z,HW,19,Female ,Year 1 ,,,,,,2021-02-22_18h48.36.214,Tse_Altarriba_Simon1,2020.1.2,MacIntel,60,3349,,,z,1,0.413435,0,43,43,43,1,,,,,,,
,,,,,,,,,,,,Images/NeurtalRight.jpeg,Neutral Right,m,HW,19,Female ,Year 1 ,,,,,,2021-02-22_18h48.36.214,Tse_Altarriba_Simon1,2020.1.2,MacIntel,60,3349,,,m,1,0.3997,0,44,44,56,1,,,,,,,
,,,,,,,,,,,,Images/CongruentLeft.jpeg,Congruent Left,z,HW,19,Female ,Year 1 ,,,,,,2021-02-22_18h48.36.214,Tse_Altarriba_Simon1,2020.1.2,MacIntel,60,3349,,,z,1,0.38289,0,45,45,3,1,,,,,,,
,,,,,,,,,,,,Images/IncongruentRight.jpeg,Incongruent Right,m,HW,19,Female ,Year 1 ,,,,,,2021-02-22_18h48.36.214,Tse_Altarriba_Simon1,2020.1.2,MacIntel,60,3349,,,m,1,0.396215,0,46,46,32,1,,,,,,,
,,,,,,,,,,,,Images/IncongruentLeft.jpeg,Incongruent Left,z,HW,19,Female ,Year 1 ,,,,,,2021-02-22_18h48.36.214,Tse_Altarriba_Simon1,2020.1.2,MacIntel,60,3349,,,z,1,0.417415,0,47,47,28,1,,,,,,,
,,,,,,,,,,,,Images/CongruentLeft.jpeg,Congruent Left,z,HW,19,Female ,Year 1 ,,,,,,2021-02-22_18h48.36.214,Tse_Altarriba_Simon1,2020.1.2,MacIntel,60,3349,,,z,1,0.36756,0,48,48,5,1,,,,,,,
,,,,,,,,,,,,Images/NeurtalRight.jpeg,Neutral Right,m,HW,19,Female ,Year 1 ,,,,,,2021-02-22_18h48.36.214,Tse_Altarriba_Simon1,2020.1.2,MacIntel,60,3349,,,m,1,0.427685,0,49,49,54,1,,,,,,,
,,,,,,,,,,,,Images/IncongruentLeft.jpeg,Incongruent Left,z,HW,19,Female ,Year 1 ,,,,,,2021-02-22_18h48.36.214,Tse_Altarriba_Simon1,2020.1.2,MacIntel,60,3349,,,z,1,0.398315,0,50,50,22,1,,,,,,,
,,,,,,,,,,,,Images/CongruentRight.jpeg,Congruent Right,m,HW,19,Female ,Year 1 ,,,,,,2021-02-22_18h48.36.214,Tse_Altarriba_Simon1,2020.1.2,MacIntel,60,3349,,,m,1,0.43277,0,51,51,13,1,,,,,,,
,,,,,,,,,,,,Images/CongruentRight.jpeg,Congruent Right,m,HW,19,Female ,Year 1 ,,,,,,2021-02-22_18h48.36.214,Tse_Altarriba_Simon1,2020.1.2,MacIntel,60,3349,,,m,1,0.35742,0,52,52,17,1,,,,,,,
,,,,,,,,,,,,Images/NeutralLeft.jpeg,Neutral Left,z,HW,19,Female ,Year 1 ,,,,,,2021-02-22_18h48.36.214,Tse_Altarriba_Simon1,2020.1.2,MacIntel,60,3349,,,z,1,0.350995,0,53,53,49,1,,,,,,,
,,,,,,,,,,,,Images/IncongruentRight.jpeg,Incongruent Right,m,HW,19,Female ,Year 1 ,,,,,,2021-02-22_18h48.36.214,Tse_Altarriba_Simon1,2020.1.2,MacIntel,60,3349,,,m,1,0.51403,0,54,54,33,1,,,,,,,
,,,,,,,,,,,,Images/IncongruentLeft.jpeg,Incongruent Left,z,HW,19,Female ,Year 1 ,,,,,,2021-02-22_18h48.36.214,Tse_Altarriba_Simon1,2020.1.2,MacIntel,60,3349,,,z,1,0.485875,0,55,55,24,1,,,,,,,
,,,,,,,,,,,,Images/NeutralLeft.jpeg,Neutral Left,z,HW,19,Female ,Year 1 ,,,,,,2021-02-22_18h48.36.214,Tse_Altarriba_Simon1,2020.1.2,MacIntel,60,3349,,,z,1,0.603375,0,56,56,42,1,,,,,,,
,,,,,,,,,,,,Images/CongruentLeft.jpeg,Congruent Left,z,HW,19,Female ,Year 1 ,,,,,,2021-02-22_18h48.36.214,Tse_Altarriba_Simon1,2020.1.2,MacIntel,60,3349,,,z,1,0.936035,0,57,57,4,1,,,,,,,
,,,,,,,,,,,,Images/CongruentRight.jpeg,Congruent Right,m,HW,19,Female ,Year 1 ,,,,,,2021-02-22_18h48.36.214,Tse_Altarriba_Simon1,2020.1.2,MacIntel,60,3349,,,m,1,0.54097,0,58,58,16,1,,,,,,,
,,,,,,,,,,,,Images/CongruentLeft.jpeg,Congruent Left,z,HW,19,Female ,Year 1 ,,,,,,2021-02-22_18h48.36.214,Tse_Altarriba_Simon1,2020.1.2,MacIntel,60,3349,,,z,1,0.8059,0,59,59,7,1,,,,,,,
,,,,,,,,,,,,Images/NeutralLeft.jpeg,Neutral Left,z,HW,19,Female ,Year 1 ,,,,,,2021-02-22_18h48.36.214,Tse_Altarriba_Simon1,2020.1.2,MacIntel,60,3349,,,z,1,0.579815,,,,,,space,2.349125,0,0,0,46,1
,,,,,,,,,,,,Images/CongruentLeft.jpeg,Congruent Left,z,HW,19,Female ,Year 1 ,,,,,,2021-02-22_18h48.36.214,Tse_Altarriba_Simon1,2020.1.2,MacIntel,60,3349,,,z,1,0.433605,,,,,,,,0,1,1,6,1
,,,,,,,,,,,,Images/CongruentLeft.jpeg,Congruent Left,z,HW,19,Female ,Year 1 ,,,,,,2021-02-22_18h48.36.214,Tse_Altarriba_Simon1,2020.1.2,MacIntel,60,3349,,,z,1,0.40589,,,,,,,,0,2,2,9,1
,,,,,,,,,,,,Images/IncongruentRight.jpeg,Incongruent Right,m,HW,19,Female ,Year 1 ,,,,,,2021-02-22_18h48.36.214,Tse_Altarriba_Simon1,2020.1.2,MacIntel,60,3349,,,m,1,0.44546,,,,,,,,0,3,3,34,1
,,,,,,,,,,,,Images/IncongruentRight.jpeg,Incongruent Right,m,HW,19,Female ,Year 1 ,,,,,,2021-02-22_18h48.36.214,Tse_Altarriba_Simon1,2020.1.2,MacIntel,60,3349,,,m,1,0.436765,,,,,,,,0,4,4,31,1
,,,,,,,,,,,,Images/CongruentRight.jpeg,Congruent Right,m,HW,19,Female ,Year 1 ,,,,,,2021-02-22_18h48.36.214,Tse_Altarriba_Simon1,2020.1.2,MacIntel,60,3349,,,m,1,0.38296,,,,,,,,0,5,5,10,1
,,,,,,,,,,,,Images/IncongruentLeft.jpeg,Incongruent Left,z,HW,19,Female ,Year 1 ,,,,,,2021-02-22_18h48.36.214,Tse_Altarriba_Simon1,2020.1.2,MacIntel,60,3349,,,z,1,0.61573,,,,,,,,0,6,6,21,1
,,,,,,,,,,,,Images/IncongruentLeft.jpeg,Incongruent Left,z,HW,19,Female ,Year 1 ,,,,,,2021-02-22_18h48.36.214,Tse_Altarriba_Simon1,2020.1.2,MacIntel,60,3349,,,z,1,0.365775,,,,,,,,0,7,7,25,1
,,,,,,,,,,,,Images/CongruentRight.jpeg,Congruent Right,m,HW,19,Female ,Year 1 ,,,,,,2021-02-22_18h48.36.214,Tse_Altarriba_Simon1,2020.1.2,MacIntel,60,3349,,,m,1,0.520365,,,,,,,,0,8,8,13,1
,,,,,,,,,,,,Images/IncongruentLeft.jpeg,Incongruent Left,z,HW,19,Female ,Year 1 ,,,,,,2021-02-22_18h48.36.214,Tse_Altarriba_Simon1,2020.1.2,MacIntel,60,3349,,,z,1,0.48127,,,,,,,,0,9,9,23,1
,,,,,,,,,,,,Images/NeutralLeft.jpeg,Neutral Left,z,HW,19,Female ,Year 1 ,,,,,,2021-02-22_18h48.36.214,Tse_Altarriba_Simon1,2020.1.2,MacIntel,60,3349,,,z,1,0.465695,,,,,,,,0,10,10,45,1
,,,,,,,,,,,,Images/NeutralLeft.jpeg,Neutral Left,z,HW,19,Female ,Year 1 ,,,,,,2021-02-22_18h48.36.214,Tse_Altarriba_Simon1,2020.1.2,MacIntel,60,3349,,,z,1,0.52228,,,,,,,,0,11,11,47,1
,,,,,,,,,,,,Images/CongruentLeft.jpeg,Congruent Left,z,HW,19,Female ,Year 1 ,,,,,,2021-02-22_18h48.36.214,Tse_Altarriba_Simon1,2020.1.2,MacIntel,60,3349,,,z,1,0.40608,,,,,,,,0,12,12,3,1
,,,,,,,,,,,,Images/NeurtalRight.jpeg,Neutral Right,m,HW,19,Female ,Year 1 ,,,,,,2021-02-22_18h48.36.214,Tse_Altarriba_Simon1,2020.1.2,MacIntel,60,3349,,,m,1,0.50166,,,,,,,,0,13,13,52,1
,,,,,,,,,,,,Images/NeurtalRight.jpeg,Neutral Right,m,HW,19,Female ,Year 1 ,,,,,,2021-02-22_18h48.36.214,Tse_Altarriba_Simon1,2020.1.2,MacIntel,60,3349,,,m,1,0.44962,,,,,,,,0,14,14,51,1
,,,,,,,,,,,,Images/NeurtalRight.jpeg,Neutral Right,m,HW,19,Female ,Year 1 ,,,,,,2021-02-22_18h48.36.214,Tse_Altarriba_Simon1,2020.1.2,MacIntel,60,3349,,,m,1,0.515055,,,,,,,,0,15,15,50,1
,,,,,,,,,,,,Images/CongruentRight.jpeg,Congruent Right,m,HW,19,Female ,Year 1 ,,,,,,2021-02-22_18h48.36.214,Tse_Altarriba_Simon1,2020.1.2,MacIntel,60,3349,,,m,1,0.43788,,,,,,,,0,16,16,11,1
,,,,,,,,,,,,Images/IncongruentRight.jpeg,Incongruent Right,m,HW,19,Female ,Year 1 ,,,,,,2021-02-22_18h48.36.214,Tse_Altarriba_Simon1,2020.1.2,MacIntel,60,3349,,,m,1,0.37841,,,,,,,,0,17,17,39,1
,,,,,,,,,,,,Images/NeutralLeft.jpeg,Neutral Left,z,HW,19,Female ,Year 1 ,,,,,,2021-02-22_18h48.36.214,Tse_Altarriba_Simon1,2020.1.2,MacIntel,60,3349,,,z,1,0.44552,,,,,,,,0,18,18,43,1
,,,,,,,,,,,,Images/CongruentRight.jpeg,Congruent Right,m,HW,19,Female ,Year 1 ,,,,,,2021-02-22_18h48.36.214,Tse_Altarriba_Simon1,2020.1.2,MacIntel,60,3349,,,m,1,0.43202,,,,,,,,0,19,19,18,1
,,,,,,,,,,,,Images/NeurtalRight.jpeg,Neutral Right,m,HW,19,Female ,Year 1 ,,,,,,2021-02-22_18h48.36.214,Tse_Altarriba_Simon1,2020.1.2,MacIntel,60,3349,,,m,1,0.400785,,,,,,,,0,20,20,54,1
,,,,,,,,,,,,Images/CongruentLeft.jpeg,Congruent Left,z,HW,19,Female ,Year 1 ,,,,,,2021-02-22_18h48.36.214,Tse_Altarriba_Simon1,2020.1.2,MacIntel,60,3349,,,z,1,0.366735,,,,,,,,0,21,21,4,1
,,,,,,,,,,,,Images/IncongruentLeft.jpeg,Incongruent Left,z,HW,19,Female ,Year 1 ,,,,,,2021-02-22_18h48.36.214,Tse_Altarriba_Simon1,2020.1.2,MacIntel,60,3349,,,z,1,0.534325,,,,,,,,0,22,22,26,1
,,,,,,,,,,,,Images/NeutralLeft.jpeg,Neutral Left,z,HW,19,Female ,Year 1 ,,,,,,2021-02-22_18h48.36.214,Tse_Altarriba_Simon1,2020.1.2,MacIntel,60,3349,,,z,1,0.469545,,,,,,,,0,23,23,48,1
,,,,,,,,,,,,Images/CongruentLeft.jpeg,Congruent Left,z,HW,19,Female ,Year 1 ,,,,,,2021-02-22_18h48.36.214,Tse_Altarriba_Simon1,2020.1.2,MacIntel,60,3349,,,z,1,0.39893,,,,,,,,0,24,24,5,1
,,,,,,,,,,,,Images/NeutralLeft.jpeg,Neutral Left,z,HW,19,Female ,Year 1 ,,,,,,2021-02-22_18h48.36.214,Tse_Altarriba_Simon1,2020.1.2,MacIntel,60,3349,,,z,1,0.446335,,,,,,,,0,25,25,41,1
,,,,,,,,,,,,Images/NeurtalRight.jpeg,Neutral Right,m,HW,19,Female ,Year 1 ,,,,,,2021-02-22_18h48.36.214,Tse_Altarriba_Simon1,2020.1.2,MacIntel,60,3349,,,m,1,0.432395,,,,,,,,0,26,26,57,1
,,,,,,,,,,,,Images/IncongruentRight.jpeg,Incongruent Right,m,HW,19,Female ,Year 1 ,,,,,,2021-02-22_18h48.36.214,Tse_Altarriba_Simon1,2020.1.2,MacIntel,60,3349,,,m,1,0.50107,,,,,,,,0,27,27,37,1
,,,,,,,,,,,,Images/CongruentLeft.jpeg,Congruent Left,z,HW,19,Female ,Year 1 ,,,,,,2021-02-22_18h48.36.214,Tse_Altarriba_Simon1,2020.1.2,MacIntel,60,3349,,,z,1,0.416705,,,,,,,,0,28,28,1,1
,,,,,,,,,,,,Images/IncongruentRight.jpeg,Incongruent Right,m,HW,19,Female ,Year 1 ,,,,,,2021-02-22_18h48.36.214,Tse_Altarriba_Simon1,2020.1.2,MacIntel,60,3349,,,m,1,0.43701,,,,,,,,0,29,29,36,1
,,,,,,,,,,,,Images/NeurtalRight.jpeg,Neutral Right,m,HW,19,Female ,Year 1 ,,,,,,2021-02-22_18h48.36.214,Tse_Altarriba_Simon1,2020.1.2,MacIntel,60,3349,,,m,1,0.46754,,,,,,,,0,30,30,56,1
,,,,,,,,,,,,Images/IncongruentRight.jpeg,Incongruent Right,m,HW,19,Female ,Year 1 ,,,,,,2021-02-22_18h48.36.214,Tse_Altarriba_Simon1,2020.1.2,MacIntel,60,3349,,,m,1,0.468055,,,,,,,,0,31,31,38,1
,,,,,,,,,,,,Images/NeurtalRight.jpeg,Neutral Right,m,HW,19,Female ,Year 1 ,,,,,,2021-02-22_18h48.36.214,Tse_Altarriba_Simon1,2020.1.2,MacIntel,60,3349,,,m,1,0.517025,,,,,,,,0,32,32,53,1
,,,,,,,,,,,,Images/CongruentLeft.jpeg,Congruent Left,z,HW,19,Female ,Year 1 ,,,,,,2021-02-22_18h48.36.214,Tse_Altarriba_Simon1,2020.1.2,MacIntel,60,3349,,,z,1,0.442615,,,,,,,,0,33,33,7,1
,,,,,,,,,,,,Images/IncongruentLeft.jpeg,Incongruent Left,z,HW,19,Female ,Year 1 ,,,,,,2021-02-22_18h48.36.214,Tse_Altarriba_Simon1,2020.1.2,MacIntel,60,3349,,,m,0,0.399835,,,,,,,,0,34,34,24,1
,,,,,,,,,,,,Images/IncongruentRight.jpeg,Incongruent Right,m,HW,19,Female ,Year 1 ,,,,,,2021-02-22_18h48.36.214,Tse_Altarriba_Simon1,2020.1.2,MacIntel,60,3349,,,m,1,0.633045,,,,,,,,0,35,35,35,1
,,,,,,,,,,,,Images/CongruentRight.jpeg,Congruent Right,m,HW,19,Female ,Year 1 ,,,,,,2021-02-22_18h48.36.214,Tse_Altarriba_Simon1,2020.1.2,MacIntel,60,3349,,,m,1,0.41656,,,,,,,,0,36,36,19,1
,,,,,,,,,,,,Images/IncongruentRight.jpeg,Incongruent Right,m,HW,19,Female ,Year 1 ,,,,,,2021-02-22_18h48.36.214,Tse_Altarriba_Simon1,2020.1.2,MacIntel,60,3349,,,m,1,0.43416,,,,,,,,0,37,37,32,1
,,,,,,,,,,,,Images/CongruentRight.jpeg,Congruent Right,m,HW,19,Female ,Year 1 ,,,,,,2021-02-22_18h48.36.214,Tse_Altarriba_Simon1,2020.1.2,MacIntel,60,3349,,,m,1,0.38232,,,,,,,,0,38,38,17,1
,,,,,,,,,,,,Images/CongruentRight.jpeg,Congruent Right,m,HW,19,Female ,Year 1 ,,,,,,2021-02-22_18h48.36.214,Tse_Altarriba_Simon1,2020.1.2,MacIntel,60,3349,,,m,1,0.370135,,,,,,,,0,39,39,16,1
,,,,,,,,,,,,Images/IncongruentLeft.jpeg,Incongruent Left,z,HW,19,Female ,Year 1 ,,,,,,2021-02-22_18h48.36.214,Tse_Altarriba_Simon1,2020.1.2,MacIntel,60,3349,,,z,1,0.439405,,,,,,,,0,40,40,27,1
,,,,,,,,,,,,Images/NeutralLeft.jpeg,Neutral Left,z,HW,19,Female ,Year 1 ,,,,,,2021-02-22_18h48.36.214,Tse_Altarriba_Simon1,2020.1.2,MacIntel,60,3349,,,z,1,0.41148,,,,,,,,0,41,41,49,1
,,,,,,,,,,,,Images/CongruentRight.jpeg,Congruent Right,m,HW,19,Female ,Year 1 ,,,,,,2021-02-22_18h48.36.214,Tse_Altarriba_Simon1,2020.1.2,MacIntel,60,3349,,,m,1,0.549605,,,,,,,,0,42,42,15,1
,,,,,,,,,,,,Images/NeutralLeft.jpeg,Neutral Left,z,HW,19,Female ,Year 1 ,,,,,,2021-02-22_18h48.36.214,Tse_Altarriba_Simon1,2020.1.2,MacIntel,60,3349,,,z,1,0.5026,,,,,,,,0,43,43,42,1
,,,,,,,,,,,,Images/CongruentLeft.jpeg,Congruent Left,z,HW,19,Female ,Year 1 ,,,,,,2021-02-22_18h48.36.214,Tse_Altarriba_Simon1,2020.1.2,MacIntel,60,3349,,,z,1,0.519815,,,,,,,,0,44,44,2,1
,,,,,,,,,,,,Images/NeurtalRight.jpeg,Neutral Right,m,HW,19,Female ,Year 1 ,,,,,,2021-02-22_18h48.36.214,Tse_Altarriba_Simon1,2020.1.2,MacIntel,60,3349,,,m,1,0.45085,,,,,,,,0,45,45,58,1
,,,,,,,,,,,,Images/CongruentRight.jpeg,Congruent Right,m,HW,19,Female ,Year 1 ,,,,,,2021-02-22_18h48.36.214,Tse_Altarriba_Simon1,2020.1.2,MacIntel,60,3349,,,m,1,0.465505,,,,,,,,0,46,46,12,1
,,,,,,,,,,,,Images/NeutralLeft.jpeg,Neutral Left,z,HW,19,Female ,Year 1 ,,,,,,2021-02-22_18h48.36.214,Tse_Altarriba_Simon1,2020.1.2,MacIntel,60,3349,,,z,1,0.49895,,,,,,,,0,47,47,40,1
,,,,,,,,,,,,Images/IncongruentLeft.jpeg,Incongruent Left,z,HW,19,Female ,Year 1 ,,,,,,2021-02-22_18h48.36.214,Tse_Altarriba_Simon1,2020.1.2,MacIntel,60,3349,,,z,1,1.368145,,,,,,,,0,48,48,28,1
,,,,,,,,,,,,Images/NeutralLeft.jpeg,Neutral Left,z,HW,19,Female ,Year 1 ,,,,,,2021-02-22_18h48.36.214,Tse_Altarriba_Simon1,2020.1.2,MacIntel,60,3349,,,z,1,0.546125,,,,,,,,0,49,49,44,1
,,,,,,,,,,,,Images/NeurtalRight.jpeg,Neutral Right,m,HW,19,Female ,Year 1 ,,,,,,2021-02-22_18h48.36.214,Tse_Altarriba_Simon1,2020.1.2,MacIntel,60,3349,,,m,1,1.200185,,,,,,,,0,50,50,55,1
,,,,,,,,,,,,Images/CongruentRight.jpeg,Congruent Right,m,HW,19,Female ,Year 1 ,,,,,,2021-02-22_18h48.36.214,Tse_Altarriba_Simon1,2020.1.2,MacIntel,60,3349,,,m,1,0.566485,,,,,,,,0,51,51,14,1
,,,,,,,,,,,,Images/IncongruentLeft.jpeg,Incongruent Left,z,HW,19,Female ,Year 1 ,,,,,,2021-02-22_18h48.36.214,Tse_Altarriba_Simon1,2020.1.2,MacIntel,60,3349,,,z,1,0.432155,,,,,,,,0,52,52,22,1
,,,,,,,,,,,,Images/IncongruentLeft.jpeg,Incongruent Left,z,HW,19,Female ,Year 1 ,,,,,,2021-02-22_18h48.36.214,Tse_Altarriba_Simon1,2020.1.2,MacIntel,60,3349,,,z,1,0.500365,,,,,,,,0,53,53,20,1
,,,,,,,,,,,,Images/IncongruentRight.jpeg,Incongruent Right,m,HW,19,Female ,Year 1 ,,,,,,2021-02-22_18h48.36.214,Tse_Altarriba_Simon1,2020.1.2,MacIntel,60,3349,,,m,1,0.517345,,,,,,,,0,54,54,30,1
,,,,,,,,,,,,Images/CongruentLeft.jpeg,Congruent Left,z,HW,19,Female ,Year 1 ,,,,,,2021-02-22_18h48.36.214,Tse_Altarriba_Simon1,2020.1.2,MacIntel,60,3349,,,z,1,0.532885,,,,,,,,0,55,55,8,1
,,,,,,,,,,,,Images/CongruentLeft.jpeg,Congruent Left,z,HW,19,Female ,Year 1 ,,,,,,2021-02-22_18h48.36.214,Tse_Altarriba_Simon1,2020.1.2,MacIntel,60,3349,,,z,1,0.366115,,,,,,,,0,56,56,0,1
,,,,,,,,,,,,Images/IncongruentRight.jpeg,Incongruent Right,m,HW,19,Female ,Year 1 ,,,,,,2021-02-22_18h48.36.214,Tse_Altarriba_Simon1,2020.1.2,MacIntel,60,3349,,,m,1,0.449535,,,,,,,,0,57,57,33,1
,,,,,,,,,,,,Images/NeurtalRight.jpeg,Neutral Right,m,HW,19,Female ,Year 1 ,,,,,,2021-02-22_18h48.36.214,Tse_Altarriba_Simon1,2020.1.2,MacIntel,60,3349,,,m,1,0.415425,,,,,,,,0,58,58,59,1
,,,,,,,,,,,,Images/IncongruentLeft.jpeg,Incongruent Left,z,HW,19,Female ,Year 1 ,,,,,,2021-02-22_18h48.36.214,Tse_Altarriba_Simon1,2020.1.2,MacIntel,60,3349,,,z,1,0.483345,,,,,,,,0,59,59,29,1
