Space1.keys,Space1.rt,Space2.keys,Space2.rt,response.keys,response.corr,response.rt,Practice_loop.thisRepN,Practice_loop.thisTrialN,Practice_loop.thisN,Practice_loop.thisIndex,Practice_loop.ran,ImageFile,Condition,CorrAns,Your initials,What is your age?,What is your gender?,What year are you in?,Are you Dyslexic? (Y/N),Are you bi/multilingual? (Y/N),What is your first language?,"What is your second language? (if you are monollingual, leave blank)",What other languages do you speak?,date,expName,psychopyVersion,OS,frameRate,participant,Space3.keys,Space3.rt,key_resp_2.keys,key_resp_2.corr,key_resp_2.rt,trials.thisRepN,trials.thisTrialN,trials.thisN,trials.thisIndex,trials.ran,Space4.keys,Space4.rt,trials_2.thisRepN,trials_2.thisTrialN,trials_2.thisN,trials_2.thisIndex,trials_2.ran
space,2.5971,space,21.544985,m,1,1.564125,0,0,0,10,1,Images/NeurtalRight.jpeg,Neutral Right,m,HW,19,Female ,Year 1 ,,,,,,2021-02-10_00h37.13.651,Tse_Altarriba_Simon1,2020.1.2,MacIntel,60,3349,,,,,,,,,,,,,,,,,
,,,,m,1,0.716415,0,1,1,2,1,Images/CongruentRight.jpeg,Congruent Right,m,HW,19,Female ,Year 1 ,,,,,,2021-02-10_00h37.13.651,Tse_Altarriba_Simon1,2020.1.2,MacIntel,60,3349,,,,,,,,,,,,,,,,,
,,,,z,1,0.83047,0,2,2,4,1,Images/IncongruentLeft.jpeg,Incongruent Left,z,HW,19,Female ,Year 1 ,,,,,,2021-02-10_00h37.13.651,Tse_Altarriba_Simon1,2020.1.2,MacIntel,60,3349,,,,,,,,,,,,,,,,,
,,,,m,1,0.683045,0,3,3,7,1,Images/IncongruentRight.jpeg,Incongruent Right,m,HW,19,Female ,Year 1 ,,,,,,2021-02-10_00h37.13.651,Tse_Altarriba_Simon1,2020.1.2,MacIntel,60,3349,,,,,,,,,,,,,,,,,
,,,,m,1,0.597925,0,4,4,6,1,Images/IncongruentRight.jpeg,Incongruent Right,m,HW,19,Female ,Year 1 ,,,,,,2021-02-10_00h37.13.651,Tse_Altarriba_Simon1,2020.1.2,MacIntel,60,3349,,,,,,,,,,,,,,,,,
,,,,z,1,0.513535,0,5,5,8,1,Images/NeutralLeft.jpeg,Neutral Left,z,HW,19,Female ,Year 1 ,,,,,,2021-02-10_00h37.13.651,Tse_Altarriba_Simon1,2020.1.2,MacIntel,60,3349,,,,,,,,,,,,,,,,,
,,,,m,1,0.530965,0,6,6,3,1,Images/CongruentRight.jpeg,Congruent Right,m,HW,19,Female ,Year 1 ,,,,,,2021-02-10_00h37.13.651,Tse_Altarriba_Simon1,2020.1.2,MacIntel,60,3349,,,,,,,,,,,,,,,,,
,,,,m,1,0.481135,0,7,7,11,1,Images/NeurtalRight.jpeg,Neutral Right,m,HW,19,Female ,Year 1 ,,,,,,2021-02-10_00h37.13.651,Tse_Altarriba_Simon1,2020.1.2,MacIntel,60,3349,,,,,,,,,,,,,,,,,
,,,,z,1,0.51849,0,8,8,9,1,Images/NeutralLeft.jpeg,Neutral Left,z,HW,19,Female ,Year 1 ,,,,,,2021-02-10_00h37.13.651,Tse_Altarriba_Simon1,2020.1.2,MacIntel,60,3349,,,,,,,,,,,,,,,,,
,,,,z,1,0.787835,0,9,9,5,1,Images/IncongruentLeft.jpeg,Incongruent Left,z,HW,19,Female ,Year 1 ,,,,,,2021-02-10_00h37.13.651,Tse_Altarriba_Simon1,2020.1.2,MacIntel,60,3349,,,,,,,,,,,,,,,,,
,,,,z,1,0.49906,0,10,10,0,1,Images/CongruentLeft.jpeg,Congruent Left,z,HW,19,Female ,Year 1 ,,,,,,2021-02-10_00h37.13.651,Tse_Altarriba_Simon1,2020.1.2,MacIntel,60,3349,,,,,,,,,,,,,,,,,
,,,,z,1,0.634825,0,11,11,1,1,Images/CongruentLeft.jpeg,Congruent Left,z,HW,19,Female ,Year 1 ,,,,,,2021-02-10_00h37.13.651,Tse_Altarriba_Simon1,2020.1.2,MacIntel,60,3349,,,,,,,,,,,,,,,,,
,,,,,,,,,,,,Images/NeurtalRight.jpeg,Neutral Right,m,HW,19,Female ,Year 1 ,,,,,,2021-02-10_00h37.13.651,Tse_Altarriba_Simon1,2020.1.2,MacIntel,60,3349,space,7.150495,m,1,0.616295,0,0,0,59,1,,,,,,,
,,,,,,,,,,,,Images/NeutralLeft.jpeg,Neutral Left,z,HW,19,Female ,Year 1 ,,,,,,2021-02-10_00h37.13.651,Tse_Altarriba_Simon1,2020.1.2,MacIntel,60,3349,,,z,1,0.567645,0,1,1,40,1,,,,,,,
,,,,,,,,,,,,Images/NeurtalRight.jpeg,Neutral Right,m,HW,19,Female ,Year 1 ,,,,,,2021-02-10_00h37.13.651,Tse_Altarriba_Simon1,2020.1.2,MacIntel,60,3349,,,m,1,0.50572,0,2,2,51,1,,,,,,,
,,,,,,,,,,,,Images/CongruentRight.jpeg,Congruent Right,m,HW,19,Female ,Year 1 ,,,,,,2021-02-10_00h37.13.651,Tse_Altarriba_Simon1,2020.1.2,MacIntel,60,3349,,,m,1,0.501705,0,3,3,15,1,,,,,,,
,,,,,,,,,,,,Images/IncongruentRight.jpeg,Incongruent Right,m,HW,19,Female ,Year 1 ,,,,,,2021-02-10_00h37.13.651,Tse_Altarriba_Simon1,2020.1.2,MacIntel,60,3349,,,m,1,0.86607,0,4,4,32,1,,,,,,,
,,,,,,,,,,,,Images/CongruentRight.jpeg,Congruent Right,m,HW,19,Female ,Year 1 ,,,,,,2021-02-10_00h37.13.651,Tse_Altarriba_Simon1,2020.1.2,MacIntel,60,3349,,,m,1,0.5013,0,5,5,11,1,,,,,,,
,,,,,,,,,,,,Images/CongruentRight.jpeg,Congruent Right,m,HW,19,Female ,Year 1 ,,,,,,2021-02-10_00h37.13.651,Tse_Altarriba_Simon1,2020.1.2,MacIntel,60,3349,,,m,1,0.58179,0,6,6,13,1,,,,,,,
,,,,,,,,,,,,Images/IncongruentLeft.jpeg,Incongruent Left,z,HW,19,Female ,Year 1 ,,,,,,2021-02-10_00h37.13.651,Tse_Altarriba_Simon1,2020.1.2,MacIntel,60,3349,,,z,1,0.565415,0,7,7,29,1,,,,,,,
,,,,,,,,,,,,Images/IncongruentRight.jpeg,Incongruent Right,m,HW,19,Female ,Year 1 ,,,,,,2021-02-10_00h37.13.651,Tse_Altarriba_Simon1,2020.1.2,MacIntel,60,3349,,,m,1,1.005355,0,8,8,36,1,,,,,,,
,,,,,,,,,,,,Images/CongruentRight.jpeg,Congruent Right,m,HW,19,Female ,Year 1 ,,,,,,2021-02-10_00h37.13.651,Tse_Altarriba_Simon1,2020.1.2,MacIntel,60,3349,,,m,1,0.500385,0,9,9,19,1,,,,,,,
,,,,,,,,,,,,Images/NeurtalRight.jpeg,Neutral Right,m,HW,19,Female ,Year 1 ,,,,,,2021-02-10_00h37.13.651,Tse_Altarriba_Simon1,2020.1.2,MacIntel,60,3349,,,m,1,0.51662,0,10,10,53,1,,,,,,,
,,,,,,,,,,,,Images/CongruentRight.jpeg,Congruent Right,m,HW,19,Female ,Year 1 ,,,,,,2021-02-10_00h37.13.651,Tse_Altarriba_Simon1,2020.1.2,MacIntel,60,3349,,,m,1,0.61607,0,11,11,12,1,,,,,,,
,,,,,,,,,,,,Images/IncongruentRight.jpeg,Incongruent Right,m,HW,19,Female ,Year 1 ,,,,,,2021-02-10_00h37.13.651,Tse_Altarriba_Simon1,2020.1.2,MacIntel,60,3349,,,m,1,0.5185,0,12,12,30,1,,,,,,,
,,,,,,,,,,,,Images/CongruentLeft.jpeg,Congruent Left,z,HW,19,Female ,Year 1 ,,,,,,2021-02-10_00h37.13.651,Tse_Altarriba_Simon1,2020.1.2,MacIntel,60,3349,,,z,1,0.53452,0,13,13,5,1,,,,,,,
,,,,,,,,,,,,Images/NeurtalRight.jpeg,Neutral Right,m,HW,19,Female ,Year 1 ,,,,,,2021-02-10_00h37.13.651,Tse_Altarriba_Simon1,2020.1.2,MacIntel,60,3349,,,m,1,0.418245,0,14,14,56,1,,,,,,,
,,,,,,,,,,,,Images/CongruentRight.jpeg,Congruent Right,m,HW,19,Female ,Year 1 ,,,,,,2021-02-10_00h37.13.651,Tse_Altarriba_Simon1,2020.1.2,MacIntel,60,3349,,,m,1,0.46283,0,15,15,17,1,,,,,,,
,,,,,,,,,,,,Images/IncongruentLeft.jpeg,Incongruent Left,z,HW,19,Female ,Year 1 ,,,,,,2021-02-10_00h37.13.651,Tse_Altarriba_Simon1,2020.1.2,MacIntel,60,3349,,,z,1,0.535735,0,16,16,28,1,,,,,,,
,,,,,,,,,,,,Images/NeutralLeft.jpeg,Neutral Left,z,HW,19,Female ,Year 1 ,,,,,,2021-02-10_00h37.13.651,Tse_Altarriba_Simon1,2020.1.2,MacIntel,60,3349,,,z,1,0.534365,0,17,17,48,1,,,,,,,
,,,,,,,,,,,,Images/IncongruentLeft.jpeg,Incongruent Left,z,HW,19,Female ,Year 1 ,,,,,,2021-02-10_00h37.13.651,Tse_Altarriba_Simon1,2020.1.2,MacIntel,60,3349,,,z,1,0.48453,0,18,18,22,1,,,,,,,
,,,,,,,,,,,,Images/IncongruentRight.jpeg,Incongruent Right,m,HW,19,Female ,Year 1 ,,,,,,2021-02-10_00h37.13.651,Tse_Altarriba_Simon1,2020.1.2,MacIntel,60,3349,,,m,1,0.449905,0,19,19,35,1,,,,,,,
,,,,,,,,,,,,Images/CongruentLeft.jpeg,Congruent Left,z,HW,19,Female ,Year 1 ,,,,,,2021-02-10_00h37.13.651,Tse_Altarriba_Simon1,2020.1.2,MacIntel,60,3349,,,z,1,0.68318,0,20,20,8,1,,,,,,,
,,,,,,,,,,,,Images/CongruentRight.jpeg,Congruent Right,m,HW,19,Female ,Year 1 ,,,,,,2021-02-10_00h37.13.651,Tse_Altarriba_Simon1,2020.1.2,MacIntel,60,3349,,,m,1,0.715335,0,21,21,10,1,,,,,,,
,,,,,,,,,,,,Images/CongruentRight.jpeg,Congruent Right,m,HW,19,Female ,Year 1 ,,,,,,2021-02-10_00h37.13.651,Tse_Altarriba_Simon1,2020.1.2,MacIntel,60,3349,,,m,1,0.62268,0,22,22,16,1,,,,,,,
,,,,,,,,,,,,Images/NeutralLeft.jpeg,Neutral Left,z,HW,19,Female ,Year 1 ,,,,,,2021-02-10_00h37.13.651,Tse_Altarriba_Simon1,2020.1.2,MacIntel,60,3349,,,z,1,0.61647,0,23,23,47,1,,,,,,,
,,,,,,,,,,,,Images/IncongruentRight.jpeg,Incongruent Right,m,HW,19,Female ,Year 1 ,,,,,,2021-02-10_00h37.13.651,Tse_Altarriba_Simon1,2020.1.2,MacIntel,60,3349,,,m,1,0.59251,0,24,24,31,1,,,,,,,
,,,,,,,,,,,,Images/NeurtalRight.jpeg,Neutral Right,m,HW,19,Female ,Year 1 ,,,,,,2021-02-10_00h37.13.651,Tse_Altarriba_Simon1,2020.1.2,MacIntel,60,3349,,,m,1,0.48468,0,25,25,54,1,,,,,,,
,,,,,,,,,,,,Images/IncongruentLeft.jpeg,Incongruent Left,z,HW,19,Female ,Year 1 ,,,,,,2021-02-10_00h37.13.651,Tse_Altarriba_Simon1,2020.1.2,MacIntel,60,3349,,,z,1,0.701335,0,26,26,25,1,,,,,,,
,,,,,,,,,,,,Images/CongruentLeft.jpeg,Congruent Left,z,HW,19,Female ,Year 1 ,,,,,,2021-02-10_00h37.13.651,Tse_Altarriba_Simon1,2020.1.2,MacIntel,60,3349,,,z,1,0.666795,0,27,27,6,1,,,,,,,
,,,,,,,,,,,,Images/IncongruentLeft.jpeg,Incongruent Left,z,HW,19,Female ,Year 1 ,,,,,,2021-02-10_00h37.13.651,Tse_Altarriba_Simon1,2020.1.2,MacIntel,60,3349,,,z,1,0.93647,0,28,28,27,1,,,,,,,
,,,,,,,,,,,,Images/IncongruentLeft.jpeg,Incongruent Left,z,HW,19,Female ,Year 1 ,,,,,,2021-02-10_00h37.13.651,Tse_Altarriba_Simon1,2020.1.2,MacIntel,60,3349,,,z,1,0.46641,0,29,29,26,1,,,,,,,
,,,,,,,,,,,,Images/CongruentLeft.jpeg,Congruent Left,z,HW,19,Female ,Year 1 ,,,,,,2021-02-10_00h37.13.651,Tse_Altarriba_Simon1,2020.1.2,MacIntel,60,3349,,,z,1,0.46653,0,30,30,2,1,,,,,,,
,,,,,,,,,,,,Images/IncongruentRight.jpeg,Incongruent Right,m,HW,19,Female ,Year 1 ,,,,,,2021-02-10_00h37.13.651,Tse_Altarriba_Simon1,2020.1.2,MacIntel,60,3349,,,m,1,0.49113,0,31,31,37,1,,,,,,,
,,,,,,,,,,,,Images/NeurtalRight.jpeg,Neutral Right,m,HW,19,Female ,Year 1 ,,,,,,2021-02-10_00h37.13.651,Tse_Altarriba_Simon1,2020.1.2,MacIntel,60,3349,,,m,1,0.431995,0,32,32,55,1,,,,,,,
,,,,,,,,,,,,Images/IncongruentRight.jpeg,Incongruent Right,m,HW,19,Female ,Year 1 ,,,,,,2021-02-10_00h37.13.651,Tse_Altarriba_Simon1,2020.1.2,MacIntel,60,3349,,,z,0,0.55009,0,33,33,33,1,,,,,,,
,,,,,,,,,,,,Images/CongruentLeft.jpeg,Congruent Left,z,HW,19,Female ,Year 1 ,,,,,,2021-02-10_00h37.13.651,Tse_Altarriba_Simon1,2020.1.2,MacIntel,60,3349,,,z,1,0.61616,0,34,34,7,1,,,,,,,
,,,,,,,,,,,,Images/IncongruentRight.jpeg,Incongruent Right,m,HW,19,Female ,Year 1 ,,,,,,2021-02-10_00h37.13.651,Tse_Altarriba_Simon1,2020.1.2,MacIntel,60,3349,,,m,1,0.79908,0,35,35,38,1,,,,,,,
,,,,,,,,,,,,Images/NeurtalRight.jpeg,Neutral Right,m,HW,19,Female ,Year 1 ,,,,,,2021-02-10_00h37.13.651,Tse_Altarriba_Simon1,2020.1.2,MacIntel,60,3349,,,m,1,0.4653,0,36,36,50,1,,,,,,,
,,,,,,,,,,,,Images/NeutralLeft.jpeg,Neutral Left,z,HW,19,Female ,Year 1 ,,,,,,2021-02-10_00h37.13.651,Tse_Altarriba_Simon1,2020.1.2,MacIntel,60,3349,,,z,1,0.51865,0,37,37,43,1,,,,,,,
,,,,,,,,,,,,Images/CongruentLeft.jpeg,Congruent Left,z,HW,19,Female ,Year 1 ,,,,,,2021-02-10_00h37.13.651,Tse_Altarriba_Simon1,2020.1.2,MacIntel,60,3349,,,z,1,0.734255,0,38,38,3,1,,,,,,,
,,,,,,,,,,,,Images/NeurtalRight.jpeg,Neutral Right,m,HW,19,Female ,Year 1 ,,,,,,2021-02-10_00h37.13.651,Tse_Altarriba_Simon1,2020.1.2,MacIntel,60,3349,,,m,1,0.45052,0,39,39,52,1,,,,,,,
,,,,,,,,,,,,Images/NeutralLeft.jpeg,Neutral Left,z,HW,19,Female ,Year 1 ,,,,,,2021-02-10_00h37.13.651,Tse_Altarriba_Simon1,2020.1.2,MacIntel,60,3349,,,z,1,0.733585,0,40,40,46,1,,,,,,,
,,,,,,,,,,,,Images/IncongruentLeft.jpeg,Incongruent Left,z,HW,19,Female ,Year 1 ,,,,,,2021-02-10_00h37.13.651,Tse_Altarriba_Simon1,2020.1.2,MacIntel,60,3349,,,z,1,0.749345,0,41,41,20,1,,,,,,,
,,,,,,,,,,,,Images/CongruentLeft.jpeg,Congruent Left,z,HW,19,Female ,Year 1 ,,,,,,2021-02-10_00h37.13.651,Tse_Altarriba_Simon1,2020.1.2,MacIntel,60,3349,,,z,1,0.51572,0,42,42,4,1,,,,,,,
,,,,,,,,,,,,Images/NeutralLeft.jpeg,Neutral Left,z,HW,19,Female ,Year 1 ,,,,,,2021-02-10_00h37.13.651,Tse_Altarriba_Simon1,2020.1.2,MacIntel,60,3349,,,z,1,0.59843,0,43,43,41,1,,,,,,,
,,,,,,,,,,,,Images/CongruentRight.jpeg,Congruent Right,m,HW,19,Female ,Year 1 ,,,,,,2021-02-10_00h37.13.651,Tse_Altarriba_Simon1,2020.1.2,MacIntel,60,3349,,,m,1,0.58082,0,44,44,14,1,,,,,,,
,,,,,,,,,,,,Images/NeurtalRight.jpeg,Neutral Right,m,HW,19,Female ,Year 1 ,,,,,,2021-02-10_00h37.13.651,Tse_Altarriba_Simon1,2020.1.2,MacIntel,60,3349,,,m,1,0.56595,0,45,45,57,1,,,,,,,
,,,,,,,,,,,,Images/IncongruentRight.jpeg,Incongruent Right,m,HW,19,Female ,Year 1 ,,,,,,2021-02-10_00h37.13.651,Tse_Altarriba_Simon1,2020.1.2,MacIntel,60,3349,,,m,1,0.664565,0,46,46,39,1,,,,,,,
,,,,,,,,,,,,Images/CongruentRight.jpeg,Congruent Right,m,HW,19,Female ,Year 1 ,,,,,,2021-02-10_00h37.13.651,Tse_Altarriba_Simon1,2020.1.2,MacIntel,60,3349,,,m,1,0.466845,0,47,47,18,1,,,,,,,
,,,,,,,,,,,,Images/IncongruentRight.jpeg,Incongruent Right,m,HW,19,Female ,Year 1 ,,,,,,2021-02-10_00h37.13.651,Tse_Altarriba_Simon1,2020.1.2,MacIntel,60,3349,,,m,1,0.59992,0,48,48,34,1,,,,,,,
,,,,,,,,,,,,Images/IncongruentLeft.jpeg,Incongruent Left,z,HW,19,Female ,Year 1 ,,,,,,2021-02-10_00h37.13.651,Tse_Altarriba_Simon1,2020.1.2,MacIntel,60,3349,,,z,1,0.565295,0,49,49,21,1,,,,,,,
,,,,,,,,,,,,Images/NeutralLeft.jpeg,Neutral Left,z,HW,19,Female ,Year 1 ,,,,,,2021-02-10_00h37.13.651,Tse_Altarriba_Simon1,2020.1.2,MacIntel,60,3349,,,z,1,0.728565,0,50,50,42,1,,,,,,,
,,,,,,,,,,,,Images/NeurtalRight.jpeg,Neutral Right,m,HW,19,Female ,Year 1 ,,,,,,2021-02-10_00h37.13.651,Tse_Altarriba_Simon1,2020.1.2,MacIntel,60,3349,,,m,1,0.569455,0,51,51,58,1,,,,,,,
,,,,,,,,,,,,Images/CongruentLeft.jpeg,Congruent Left,z,HW,19,Female ,Year 1 ,,,,,,2021-02-10_00h37.13.651,Tse_Altarriba_Simon1,2020.1.2,MacIntel,60,3349,,,z,1,0.81779,0,52,52,0,1,,,,,,,
,,,,,,,,,,,,Images/NeutralLeft.jpeg,Neutral Left,z,HW,19,Female ,Year 1 ,,,,,,2021-02-10_00h37.13.651,Tse_Altarriba_Simon1,2020.1.2,MacIntel,60,3349,,,z,1,0.490975,0,53,53,49,1,,,,,,,
,,,,,,,,,,,,Images/IncongruentLeft.jpeg,Incongruent Left,z,HW,19,Female ,Year 1 ,,,,,,2021-02-10_00h37.13.651,Tse_Altarriba_Simon1,2020.1.2,MacIntel,60,3349,,,z,1,0.519005,0,54,54,24,1,,,,,,,
,,,,,,,,,,,,Images/CongruentLeft.jpeg,Congruent Left,z,HW,19,Female ,Year 1 ,,,,,,2021-02-10_00h37.13.651,Tse_Altarriba_Simon1,2020.1.2,MacIntel,60,3349,,,z,1,0.398655,0,55,55,9,1,,,,,,,
,,,,,,,,,,,,Images/NeutralLeft.jpeg,Neutral Left,z,HW,19,Female ,Year 1 ,,,,,,2021-02-10_00h37.13.651,Tse_Altarriba_Simon1,2020.1.2,MacIntel,60,3349,,,z,1,0.43587,0,56,56,44,1,,,,,,,
,,,,,,,,,,,,Images/CongruentLeft.jpeg,Congruent Left,z,HW,19,Female ,Year 1 ,,,,,,2021-02-10_00h37.13.651,Tse_Altarriba_Simon1,2020.1.2,MacIntel,60,3349,,,z,1,1.13282,0,57,57,1,1,,,,,,,
,,,,,,,,,,,,Images/IncongruentLeft.jpeg,Incongruent Left,z,HW,19,Female ,Year 1 ,,,,,,2021-02-10_00h37.13.651,Tse_Altarriba_Simon1,2020.1.2,MacIntel,60,3349,,,z,1,1.067335,0,58,58,23,1,,,,,,,
,,,,,,,,,,,,Images/NeutralLeft.jpeg,Neutral Left,z,HW,19,Female ,Year 1 ,,,,,,2021-02-10_00h37.13.651,Tse_Altarriba_Simon1,2020.1.2,MacIntel,60,3349,,,z,1,0.47906,0,59,59,45,1,,,,,,,
,,,,,,,,,,,,Images/NeutralLeft.jpeg,Neutral Left,z,HW,19,Female ,Year 1 ,,,,,,2021-02-10_00h37.13.651,Tse_Altarriba_Simon1,2020.1.2,MacIntel,60,3349,,,z,1,0.684345,,,,,,space,7.484165,0,0,0,43,1
,,,,,,,,,,,,Images/CongruentRight.jpeg,Congruent Right,m,HW,19,Female ,Year 1 ,,,,,,2021-02-10_00h37.13.651,Tse_Altarriba_Simon1,2020.1.2,MacIntel,60,3349,,,m,1,0.45156,,,,,,,,0,1,1,13,1
,,,,,,,,,,,,Images/CongruentLeft.jpeg,Congruent Left,z,HW,19,Female ,Year 1 ,,,,,,2021-02-10_00h37.13.651,Tse_Altarriba_Simon1,2020.1.2,MacIntel,60,3349,,,z,1,0.50158,,,,,,,,0,2,2,0,1
,,,,,,,,,,,,Images/CongruentRight.jpeg,Congruent Right,m,HW,19,Female ,Year 1 ,,,,,,2021-02-10_00h37.13.651,Tse_Altarriba_Simon1,2020.1.2,MacIntel,60,3349,,,m,1,0.5509,,,,,,,,0,3,3,15,1
,,,,,,,,,,,,Images/CongruentRight.jpeg,Congruent Right,m,HW,19,Female ,Year 1 ,,,,,,2021-02-10_00h37.13.651,Tse_Altarriba_Simon1,2020.1.2,MacIntel,60,3349,,,m,1,0.550005,,,,,,,,0,4,4,11,1
,,,,,,,,,,,,Images/NeurtalRight.jpeg,Neutral Right,m,HW,19,Female ,Year 1 ,,,,,,2021-02-10_00h37.13.651,Tse_Altarriba_Simon1,2020.1.2,MacIntel,60,3349,,,m,1,0.441045,,,,,,,,0,5,5,57,1
,,,,,,,,,,,,Images/CongruentLeft.jpeg,Congruent Left,z,HW,19,Female ,Year 1 ,,,,,,2021-02-10_00h37.13.651,Tse_Altarriba_Simon1,2020.1.2,MacIntel,60,3349,,,z,1,0.402795,,,,,,,,0,6,6,6,1
,,,,,,,,,,,,Images/IncongruentRight.jpeg,Incongruent Right,m,HW,19,Female ,Year 1 ,,,,,,2021-02-10_00h37.13.651,Tse_Altarriba_Simon1,2020.1.2,MacIntel,60,3349,,,m,1,0.51571,,,,,,,,0,7,7,37,1
,,,,,,,,,,,,Images/NeutralLeft.jpeg,Neutral Left,z,HW,19,Female ,Year 1 ,,,,,,2021-02-10_00h37.13.651,Tse_Altarriba_Simon1,2020.1.2,MacIntel,60,3349,,,z,1,0.54854,,,,,,,,0,8,8,47,1
,,,,,,,,,,,,Images/CongruentLeft.jpeg,Congruent Left,z,HW,19,Female ,Year 1 ,,,,,,2021-02-10_00h37.13.651,Tse_Altarriba_Simon1,2020.1.2,MacIntel,60,3349,,,z,1,0.440315,,,,,,,,0,9,9,9,1
,,,,,,,,,,,,Images/CongruentRight.jpeg,Congruent Right,m,HW,19,Female ,Year 1 ,,,,,,2021-02-10_00h37.13.651,Tse_Altarriba_Simon1,2020.1.2,MacIntel,60,3349,,,m,1,0.365305,,,,,,,,0,10,10,18,1
,,,,,,,,,,,,Images/CongruentLeft.jpeg,Congruent Left,z,HW,19,Female ,Year 1 ,,,,,,2021-02-10_00h37.13.651,Tse_Altarriba_Simon1,2020.1.2,MacIntel,60,3349,,,z,1,0.433265,,,,,,,,0,11,11,3,1
,,,,,,,,,,,,Images/CongruentRight.jpeg,Congruent Right,m,HW,19,Female ,Year 1 ,,,,,,2021-02-10_00h37.13.651,Tse_Altarriba_Simon1,2020.1.2,MacIntel,60,3349,,,m,1,0.567505,,,,,,,,0,12,12,17,1
,,,,,,,,,,,,Images/IncongruentRight.jpeg,Incongruent Right,m,HW,19,Female ,Year 1 ,,,,,,2021-02-10_00h37.13.651,Tse_Altarriba_Simon1,2020.1.2,MacIntel,60,3349,,,m,1,0.58431,,,,,,,,0,13,13,38,1
,,,,,,,,,,,,Images/NeurtalRight.jpeg,Neutral Right,m,HW,19,Female ,Year 1 ,,,,,,2021-02-10_00h37.13.651,Tse_Altarriba_Simon1,2020.1.2,MacIntel,60,3349,,,m,1,0.483715,,,,,,,,0,14,14,53,1
,,,,,,,,,,,,Images/IncongruentLeft.jpeg,Incongruent Left,z,HW,19,Female ,Year 1 ,,,,,,2021-02-10_00h37.13.651,Tse_Altarriba_Simon1,2020.1.2,MacIntel,60,3349,,,z,1,0.61774,,,,,,,,0,15,15,27,1
,,,,,,,,,,,,Images/IncongruentLeft.jpeg,Incongruent Left,z,HW,19,Female ,Year 1 ,,,,,,2021-02-10_00h37.13.651,Tse_Altarriba_Simon1,2020.1.2,MacIntel,60,3349,,,z,1,0.81667,,,,,,,,0,16,16,29,1
,,,,,,,,,,,,Images/IncongruentLeft.jpeg,Incongruent Left,z,HW,19,Female ,Year 1 ,,,,,,2021-02-10_00h37.13.651,Tse_Altarriba_Simon1,2020.1.2,MacIntel,60,3349,,,z,1,0.498555,,,,,,,,0,17,17,26,1
,,,,,,,,,,,,Images/IncongruentLeft.jpeg,Incongruent Left,z,HW,19,Female ,Year 1 ,,,,,,2021-02-10_00h37.13.651,Tse_Altarriba_Simon1,2020.1.2,MacIntel,60,3349,,,z,1,0.46588,,,,,,,,0,18,18,24,1
,,,,,,,,,,,,Images/IncongruentRight.jpeg,Incongruent Right,m,HW,19,Female ,Year 1 ,,,,,,2021-02-10_00h37.13.651,Tse_Altarriba_Simon1,2020.1.2,MacIntel,60,3349,,,m,1,0.58229,,,,,,,,0,19,19,31,1
,,,,,,,,,,,,Images/CongruentLeft.jpeg,Congruent Left,z,HW,19,Female ,Year 1 ,,,,,,2021-02-10_00h37.13.651,Tse_Altarriba_Simon1,2020.1.2,MacIntel,60,3349,,,z,1,0.652935,,,,,,,,0,20,20,8,1
,,,,,,,,,,,,Images/NeutralLeft.jpeg,Neutral Left,z,HW,19,Female ,Year 1 ,,,,,,2021-02-10_00h37.13.651,Tse_Altarriba_Simon1,2020.1.2,MacIntel,60,3349,,,z,1,0.5392,,,,,,,,0,21,21,45,1
,,,,,,,,,,,,Images/CongruentLeft.jpeg,Congruent Left,z,HW,19,Female ,Year 1 ,,,,,,2021-02-10_00h37.13.651,Tse_Altarriba_Simon1,2020.1.2,MacIntel,60,3349,,,z,1,0.53403,,,,,,,,0,22,22,5,1
,,,,,,,,,,,,Images/NeutralLeft.jpeg,Neutral Left,z,HW,19,Female ,Year 1 ,,,,,,2021-02-10_00h37.13.651,Tse_Altarriba_Simon1,2020.1.2,MacIntel,60,3349,,,z,1,0.46728,,,,,,,,0,23,23,48,1
,,,,,,,,,,,,Images/IncongruentRight.jpeg,Incongruent Right,m,HW,19,Female ,Year 1 ,,,,,,2021-02-10_00h37.13.651,Tse_Altarriba_Simon1,2020.1.2,MacIntel,60,3349,,,m,1,0.566945,,,,,,,,0,24,24,36,1
,,,,,,,,,,,,Images/NeurtalRight.jpeg,Neutral Right,m,HW,19,Female ,Year 1 ,,,,,,2021-02-10_00h37.13.651,Tse_Altarriba_Simon1,2020.1.2,MacIntel,60,3349,,,m,1,0.49244,,,,,,,,0,25,25,51,1
,,,,,,,,,,,,Images/CongruentRight.jpeg,Congruent Right,m,HW,19,Female ,Year 1 ,,,,,,2021-02-10_00h37.13.651,Tse_Altarriba_Simon1,2020.1.2,MacIntel,60,3349,,,m,1,0.466805,,,,,,,,0,26,26,12,1
,,,,,,,,,,,,Images/NeutralLeft.jpeg,Neutral Left,z,HW,19,Female ,Year 1 ,,,,,,2021-02-10_00h37.13.651,Tse_Altarriba_Simon1,2020.1.2,MacIntel,60,3349,,,z,1,0.54882,,,,,,,,0,27,27,41,1
,,,,,,,,,,,,Images/IncongruentLeft.jpeg,Incongruent Left,z,HW,19,Female ,Year 1 ,,,,,,2021-02-10_00h37.13.651,Tse_Altarriba_Simon1,2020.1.2,MacIntel,60,3349,,,z,1,0.51953,,,,,,,,0,28,28,25,1
,,,,,,,,,,,,Images/NeurtalRight.jpeg,Neutral Right,m,HW,19,Female ,Year 1 ,,,,,,2021-02-10_00h37.13.651,Tse_Altarriba_Simon1,2020.1.2,MacIntel,60,3349,,,m,1,0.458245,,,,,,,,0,29,29,55,1
,,,,,,,,,,,,Images/IncongruentLeft.jpeg,Incongruent Left,z,HW,19,Female ,Year 1 ,,,,,,2021-02-10_00h37.13.651,Tse_Altarriba_Simon1,2020.1.2,MacIntel,60,3349,,,z,1,0.66678,,,,,,,,0,30,30,21,1
,,,,,,,,,,,,Images/IncongruentRight.jpeg,Incongruent Right,m,HW,19,Female ,Year 1 ,,,,,,2021-02-10_00h37.13.651,Tse_Altarriba_Simon1,2020.1.2,MacIntel,60,3349,,,m,1,0.5,,,,,,,,0,31,31,30,1
,,,,,,,,,,,,Images/IncongruentRight.jpeg,Incongruent Right,m,HW,19,Female ,Year 1 ,,,,,,2021-02-10_00h37.13.651,Tse_Altarriba_Simon1,2020.1.2,MacIntel,60,3349,,,m,1,0.483435,,,,,,,,0,32,32,33,1
,,,,,,,,,,,,Images/IncongruentRight.jpeg,Incongruent Right,m,HW,19,Female ,Year 1 ,,,,,,2021-02-10_00h37.13.651,Tse_Altarriba_Simon1,2020.1.2,MacIntel,60,3349,,,m,1,0.432935,,,,,,,,0,33,33,39,1
,,,,,,,,,,,,Images/NeurtalRight.jpeg,Neutral Right,m,HW,19,Female ,Year 1 ,,,,,,2021-02-10_00h37.13.651,Tse_Altarriba_Simon1,2020.1.2,MacIntel,60,3349,,,m,1,0.485785,,,,,,,,0,34,34,50,1
,,,,,,,,,,,,Images/IncongruentLeft.jpeg,Incongruent Left,z,HW,19,Female ,Year 1 ,,,,,,2021-02-10_00h37.13.651,Tse_Altarriba_Simon1,2020.1.2,MacIntel,60,3349,,,z,1,0.932795,,,,,,,,0,35,35,28,1
,,,,,,,,,,,,Images/IncongruentLeft.jpeg,Incongruent Left,z,HW,19,Female ,Year 1 ,,,,,,2021-02-10_00h37.13.651,Tse_Altarriba_Simon1,2020.1.2,MacIntel,60,3349,,,z,1,0.47072,,,,,,,,0,36,36,20,1
,,,,,,,,,,,,Images/CongruentRight.jpeg,Congruent Right,m,HW,19,Female ,Year 1 ,,,,,,2021-02-10_00h37.13.651,Tse_Altarriba_Simon1,2020.1.2,MacIntel,60,3349,,,m,1,0.5688,,,,,,,,0,37,37,10,1
,,,,,,,,,,,,Images/NeurtalRight.jpeg,Neutral Right,m,HW,19,Female ,Year 1 ,,,,,,2021-02-10_00h37.13.651,Tse_Altarriba_Simon1,2020.1.2,MacIntel,60,3349,,,m,1,0.41406,,,,,,,,0,38,38,58,1
,,,,,,,,,,,,Images/NeurtalRight.jpeg,Neutral Right,m,HW,19,Female ,Year 1 ,,,,,,2021-02-10_00h37.13.651,Tse_Altarriba_Simon1,2020.1.2,MacIntel,60,3349,,,m,1,0.391815,,,,,,,,0,39,39,56,1
,,,,,,,,,,,,Images/CongruentRight.jpeg,Congruent Right,m,HW,19,Female ,Year 1 ,,,,,,2021-02-10_00h37.13.651,Tse_Altarriba_Simon1,2020.1.2,MacIntel,60,3349,,,m,1,0.41737,,,,,,,,0,40,40,19,1
,,,,,,,,,,,,Images/NeutralLeft.jpeg,Neutral Left,z,HW,19,Female ,Year 1 ,,,,,,2021-02-10_00h37.13.651,Tse_Altarriba_Simon1,2020.1.2,MacIntel,60,3349,,,z,1,0.516905,,,,,,,,0,41,41,44,1
,,,,,,,,,,,,Images/CongruentRight.jpeg,Congruent Right,m,HW,19,Female ,Year 1 ,,,,,,2021-02-10_00h37.13.651,Tse_Altarriba_Simon1,2020.1.2,MacIntel,60,3349,,,m,1,0.46775,,,,,,,,0,42,42,14,1
,,,,,,,,,,,,Images/NeurtalRight.jpeg,Neutral Right,m,HW,19,Female ,Year 1 ,,,,,,2021-02-10_00h37.13.651,Tse_Altarriba_Simon1,2020.1.2,MacIntel,60,3349,,,m,1,0.50095,,,,,,,,0,43,43,52,1
,,,,,,,,,,,,Images/NeurtalRight.jpeg,Neutral Right,m,HW,19,Female ,Year 1 ,,,,,,2021-02-10_00h37.13.651,Tse_Altarriba_Simon1,2020.1.2,MacIntel,60,3349,,,m,1,0.41508,,,,,,,,0,44,44,59,1
,,,,,,,,,,,,Images/IncongruentRight.jpeg,Incongruent Right,m,HW,19,Female ,Year 1 ,,,,,,2021-02-10_00h37.13.651,Tse_Altarriba_Simon1,2020.1.2,MacIntel,60,3349,,,m,1,0.532955,,,,,,,,0,45,45,35,1
,,,,,,,,,,,,Images/IncongruentLeft.jpeg,Incongruent Left,z,HW,19,Female ,Year 1 ,,,,,,2021-02-10_00h37.13.651,Tse_Altarriba_Simon1,2020.1.2,MacIntel,60,3349,,,z,1,0.58635,,,,,,,,0,46,46,23,1
,,,,,,,,,,,,Images/CongruentLeft.jpeg,Congruent Left,z,HW,19,Female ,Year 1 ,,,,,,2021-02-10_00h37.13.651,Tse_Altarriba_Simon1,2020.1.2,MacIntel,60,3349,,,z,1,0.43335,,,,,,,,0,47,47,2,1
,,,,,,,,,,,,Images/NeutralLeft.jpeg,Neutral Left,z,HW,19,Female ,Year 1 ,,,,,,2021-02-10_00h37.13.651,Tse_Altarriba_Simon1,2020.1.2,MacIntel,60,3349,,,z,1,0.466025,,,,,,,,0,48,48,42,1
,,,,,,,,,,,,Images/NeurtalRight.jpeg,Neutral Right,m,HW,19,Female ,Year 1 ,,,,,,2021-02-10_00h37.13.651,Tse_Altarriba_Simon1,2020.1.2,MacIntel,60,3349,,,m,1,0.449875,,,,,,,,0,49,49,54,1
,,,,,,,,,,,,Images/CongruentLeft.jpeg,Congruent Left,z,HW,19,Female ,Year 1 ,,,,,,2021-02-10_00h37.13.651,Tse_Altarriba_Simon1,2020.1.2,MacIntel,60,3349,,,z,1,0.35777,,,,,,,,0,50,50,4,1
,,,,,,,,,,,,Images/NeutralLeft.jpeg,Neutral Left,z,HW,19,Female ,Year 1 ,,,,,,2021-02-10_00h37.13.651,Tse_Altarriba_Simon1,2020.1.2,MacIntel,60,3349,,,z,1,0.56853,,,,,,,,0,51,51,46,1
,,,,,,,,,,,,Images/IncongruentRight.jpeg,Incongruent Right,m,HW,19,Female ,Year 1 ,,,,,,2021-02-10_00h37.13.651,Tse_Altarriba_Simon1,2020.1.2,MacIntel,60,3349,,,m,1,0.4661,,,,,,,,0,52,52,34,1
,,,,,,,,,,,,Images/CongruentLeft.jpeg,Congruent Left,z,HW,19,Female ,Year 1 ,,,,,,2021-02-10_00h37.13.651,Tse_Altarriba_Simon1,2020.1.2,MacIntel,60,3349,,,z,1,0.61651,,,,,,,,0,53,53,7,1
,,,,,,,,,,,,Images/CongruentLeft.jpeg,Congruent Left,z,HW,19,Female ,Year 1 ,,,,,,2021-02-10_00h37.13.651,Tse_Altarriba_Simon1,2020.1.2,MacIntel,60,3349,,,z,1,0.416315,,,,,,,,0,54,54,1,1
,,,,,,,,,,,,Images/IncongruentLeft.jpeg,Incongruent Left,z,HW,19,Female ,Year 1 ,,,,,,2021-02-10_00h37.13.651,Tse_Altarriba_Simon1,2020.1.2,MacIntel,60,3349,,,z,1,0.523665,,,,,,,,0,55,55,22,1
,,,,,,,,,,,,Images/NeutralLeft.jpeg,Neutral Left,z,HW,19,Female ,Year 1 ,,,,,,2021-02-10_00h37.13.651,Tse_Altarriba_Simon1,2020.1.2,MacIntel,60,3349,,,z,1,0.38215,,,,,,,,0,56,56,40,1
,,,,,,,,,,,,Images/IncongruentRight.jpeg,Incongruent Right,m,HW,19,Female ,Year 1 ,,,,,,2021-02-10_00h37.13.651,Tse_Altarriba_Simon1,2020.1.2,MacIntel,60,3349,,,m,1,0.54925,,,,,,,,0,57,57,32,1
,,,,,,,,,,,,Images/NeutralLeft.jpeg,Neutral Left,z,HW,19,Female ,Year 1 ,,,,,,2021-02-10_00h37.13.651,Tse_Altarriba_Simon1,2020.1.2,MacIntel,60,3349,,,z,1,0.63267,,,,,,,,0,58,58,49,1
,,,,,,,,,,,,Images/CongruentRight.jpeg,Congruent Right,m,HW,19,Female ,Year 1 ,,,,,,2021-02-10_00h37.13.651,Tse_Altarriba_Simon1,2020.1.2,MacIntel,60,3349,,,m,1,0.46999,,,,,,,,0,59,59,16,1
