Space1.keys,Space1.rt,Space2.keys,Space2.rt,response.keys,response.corr,response.rt,Practice_loop.thisRepN,Practice_loop.thisTrialN,Practice_loop.thisN,Practice_loop.thisIndex,Practice_loop.ran,ImageFile,Condition,CorrAns,Your initials,What is your age?,What is your gender?,What year are you in?,Are you Dyslexic? (Y/N),Are you bi/multilingual? (Y/N),What is your first language?,"What is your second language? (if you are monollingual, leave blank)",What other languages do you speak?,date,expName,psychopyVersion,OS,frameRate,participant,Space3.keys,Space3.rt,key_resp_2.keys,key_resp_2.corr,key_resp_2.rt,trials.thisRepN,trials.thisTrialN,trials.thisN,trials.thisIndex,trials.ran,Space4.keys,Space4.rt,trials_2.thisRepN,trials_2.thisTrialN,trials_2.thisN,trials_2.thisIndex,trials_2.ran
space,4.00096,space,66.532585,z,1,0.8457,0,0,0,4,1,Images/IncongruentLeft.jpeg,Incongruent Left,z,HHA,18,Female,1,N,Y,Urdu,English,Punjabi,2021-02-17_17h55.51.507,Tse_Altarriba_Simon1,2020.1.2,MacIntel,60,3352,,,,,,,,,,,,,,,,,
,,,,m,1,0.68358,0,1,1,6,1,Images/IncongruentRight.jpeg,Incongruent Right,m,HHA,18,Female,1,N,Y,Urdu,English,Punjabi,2021-02-17_17h55.51.507,Tse_Altarriba_Simon1,2020.1.2,MacIntel,60,3352,,,,,,,,,,,,,,,,,
,,,,m,0,0.99848,0,2,2,5,1,Images/IncongruentLeft.jpeg,Incongruent Left,z,HHA,18,Female,1,N,Y,Urdu,English,Punjabi,2021-02-17_17h55.51.507,Tse_Altarriba_Simon1,2020.1.2,MacIntel,60,3352,,,,,,,,,,,,,,,,,
,,,,z,0,1.047755,0,3,3,7,1,Images/IncongruentRight.jpeg,Incongruent Right,m,HHA,18,Female,1,N,Y,Urdu,English,Punjabi,2021-02-17_17h55.51.507,Tse_Altarriba_Simon1,2020.1.2,MacIntel,60,3352,,,,,,,,,,,,,,,,,
,,,,m,1,1.447205,0,4,4,11,1,Images/NeurtalRight.jpeg,Neutral Right,m,HHA,18,Female,1,N,Y,Urdu,English,Punjabi,2021-02-17_17h55.51.507,Tse_Altarriba_Simon1,2020.1.2,MacIntel,60,3352,,,,,,,,,,,,,,,,,
,,,,z,1,1.381685,0,5,5,0,1,Images/CongruentLeft.jpeg,Congruent Left,z,HHA,18,Female,1,N,Y,Urdu,English,Punjabi,2021-02-17_17h55.51.507,Tse_Altarriba_Simon1,2020.1.2,MacIntel,60,3352,,,,,,,,,,,,,,,,,
,,,,m,1,0.84712,0,6,6,2,1,Images/CongruentRight.jpeg,Congruent Right,m,HHA,18,Female,1,N,Y,Urdu,English,Punjabi,2021-02-17_17h55.51.507,Tse_Altarriba_Simon1,2020.1.2,MacIntel,60,3352,,,,,,,,,,,,,,,,,
,,,,m,1,0.44701,0,7,7,3,1,Images/CongruentRight.jpeg,Congruent Right,m,HHA,18,Female,1,N,Y,Urdu,English,Punjabi,2021-02-17_17h55.51.507,Tse_Altarriba_Simon1,2020.1.2,MacIntel,60,3352,,,,,,,,,,,,,,,,,
,,,,z,1,0.649095,0,8,8,9,1,Images/NeutralLeft.jpeg,Neutral Left,z,HHA,18,Female,1,N,Y,Urdu,English,Punjabi,2021-02-17_17h55.51.507,Tse_Altarriba_Simon1,2020.1.2,MacIntel,60,3352,,,,,,,,,,,,,,,,,
,,,,z,1,0.665665,0,9,9,8,1,Images/NeutralLeft.jpeg,Neutral Left,z,HHA,18,Female,1,N,Y,Urdu,English,Punjabi,2021-02-17_17h55.51.507,Tse_Altarriba_Simon1,2020.1.2,MacIntel,60,3352,,,,,,,,,,,,,,,,,
,,,,m,1,0.63032,0,10,10,10,1,Images/NeurtalRight.jpeg,Neutral Right,m,HHA,18,Female,1,N,Y,Urdu,English,Punjabi,2021-02-17_17h55.51.507,Tse_Altarriba_Simon1,2020.1.2,MacIntel,60,3352,,,,,,,,,,,,,,,,,
,,,,z,1,0.681135,0,11,11,1,1,Images/CongruentLeft.jpeg,Congruent Left,z,HHA,18,Female,1,N,Y,Urdu,English,Punjabi,2021-02-17_17h55.51.507,Tse_Altarriba_Simon1,2020.1.2,MacIntel,60,3352,,,,,,,,,,,,,,,,,
,,,,,,,,,,,,Images/NeutralLeft.jpeg,Neutral Left,z,HHA,18,Female,1,N,Y,Urdu,English,Punjabi,2021-02-17_17h55.51.507,Tse_Altarriba_Simon1,2020.1.2,MacIntel,60,3352,space,42.550465,z,1,0.53151,0,0,0,43,1,,,,,,,
,,,,,,,,,,,,Images/CongruentLeft.jpeg,Congruent Left,z,HHA,18,Female,1,N,Y,Urdu,English,Punjabi,2021-02-17_17h55.51.507,Tse_Altarriba_Simon1,2020.1.2,MacIntel,60,3352,,,z,1,0.683295,0,1,1,2,1,,,,,,,
,,,,,,,,,,,,Images/NeurtalRight.jpeg,Neutral Right,m,HHA,18,Female,1,N,Y,Urdu,English,Punjabi,2021-02-17_17h55.51.507,Tse_Altarriba_Simon1,2020.1.2,MacIntel,60,3352,,,m,1,0.499845,0,2,2,59,1,,,,,,,
,,,,,,,,,,,,Images/IncongruentRight.jpeg,Incongruent Right,m,HHA,18,Female,1,N,Y,Urdu,English,Punjabi,2021-02-17_17h55.51.507,Tse_Altarriba_Simon1,2020.1.2,MacIntel,60,3352,,,m,1,0.64893,0,3,3,30,1,,,,,,,
,,,,,,,,,,,,Images/NeutralLeft.jpeg,Neutral Left,z,HHA,18,Female,1,N,Y,Urdu,English,Punjabi,2021-02-17_17h55.51.507,Tse_Altarriba_Simon1,2020.1.2,MacIntel,60,3352,,,z,1,0.532985,0,4,4,42,1,,,,,,,
,,,,,,,,,,,,Images/IncongruentRight.jpeg,Incongruent Right,m,HHA,18,Female,1,N,Y,Urdu,English,Punjabi,2021-02-17_17h55.51.507,Tse_Altarriba_Simon1,2020.1.2,MacIntel,60,3352,,,m,1,0.60154,0,5,5,38,1,,,,,,,
,,,,,,,,,,,,Images/NeutralLeft.jpeg,Neutral Left,z,HHA,18,Female,1,N,Y,Urdu,English,Punjabi,2021-02-17_17h55.51.507,Tse_Altarriba_Simon1,2020.1.2,MacIntel,60,3352,,,z,1,0.633125,0,6,6,46,1,,,,,,,
,,,,,,,,,,,,Images/IncongruentRight.jpeg,Incongruent Right,m,HHA,18,Female,1,N,Y,Urdu,English,Punjabi,2021-02-17_17h55.51.507,Tse_Altarriba_Simon1,2020.1.2,MacIntel,60,3352,,,m,1,0.481545,0,7,7,32,1,,,,,,,
,,,,,,,,,,,,Images/IncongruentLeft.jpeg,Incongruent Left,z,HHA,18,Female,1,N,Y,Urdu,English,Punjabi,2021-02-17_17h55.51.507,Tse_Altarriba_Simon1,2020.1.2,MacIntel,60,3352,,,z,1,0.532925,0,8,8,20,1,,,,,,,
,,,,,,,,,,,,Images/CongruentLeft.jpeg,Congruent Left,z,HHA,18,Female,1,N,Y,Urdu,English,Punjabi,2021-02-17_17h55.51.507,Tse_Altarriba_Simon1,2020.1.2,MacIntel,60,3352,,,z,1,0.65095,0,9,9,7,1,,,,,,,
,,,,,,,,,,,,Images/NeurtalRight.jpeg,Neutral Right,m,HHA,18,Female,1,N,Y,Urdu,English,Punjabi,2021-02-17_17h55.51.507,Tse_Altarriba_Simon1,2020.1.2,MacIntel,60,3352,,,m,1,0.449605,0,10,10,54,1,,,,,,,
,,,,,,,,,,,,Images/CongruentRight.jpeg,Congruent Right,m,HHA,18,Female,1,N,Y,Urdu,English,Punjabi,2021-02-17_17h55.51.507,Tse_Altarriba_Simon1,2020.1.2,MacIntel,60,3352,,,m,1,0.46695,0,11,11,14,1,,,,,,,
,,,,,,,,,,,,Images/CongruentLeft.jpeg,Congruent Left,z,HHA,18,Female,1,N,Y,Urdu,English,Punjabi,2021-02-17_17h55.51.507,Tse_Altarriba_Simon1,2020.1.2,MacIntel,60,3352,,,z,1,0.367675,0,12,12,9,1,,,,,,,
,,,,,,,,,,,,Images/IncongruentLeft.jpeg,Incongruent Left,z,HHA,18,Female,1,N,Y,Urdu,English,Punjabi,2021-02-17_17h55.51.507,Tse_Altarriba_Simon1,2020.1.2,MacIntel,60,3352,,,z,1,0.65083,0,13,13,24,1,,,,,,,
,,,,,,,,,,,,Images/IncongruentLeft.jpeg,Incongruent Left,z,HHA,18,Female,1,N,Y,Urdu,English,Punjabi,2021-02-17_17h55.51.507,Tse_Altarriba_Simon1,2020.1.2,MacIntel,60,3352,,,z,1,0.45366,0,14,14,28,1,,,,,,,
,,,,,,,,,,,,Images/CongruentLeft.jpeg,Congruent Left,z,HHA,18,Female,1,N,Y,Urdu,English,Punjabi,2021-02-17_17h55.51.507,Tse_Altarriba_Simon1,2020.1.2,MacIntel,60,3352,,,z,1,0.382845,0,15,15,0,1,,,,,,,
,,,,,,,,,,,,Images/NeurtalRight.jpeg,Neutral Right,m,HHA,18,Female,1,N,Y,Urdu,English,Punjabi,2021-02-17_17h55.51.507,Tse_Altarriba_Simon1,2020.1.2,MacIntel,60,3352,,,m,1,0.44846,0,16,16,53,1,,,,,,,
,,,,,,,,,,,,Images/NeurtalRight.jpeg,Neutral Right,m,HHA,18,Female,1,N,Y,Urdu,English,Punjabi,2021-02-17_17h55.51.507,Tse_Altarriba_Simon1,2020.1.2,MacIntel,60,3352,,,m,1,0.40093,0,17,17,51,1,,,,,,,
,,,,,,,,,,,,Images/CongruentRight.jpeg,Congruent Right,m,HHA,18,Female,1,N,Y,Urdu,English,Punjabi,2021-02-17_17h55.51.507,Tse_Altarriba_Simon1,2020.1.2,MacIntel,60,3352,,,m,1,0.41471,0,18,18,12,1,,,,,,,
,,,,,,,,,,,,Images/CongruentRight.jpeg,Congruent Right,m,HHA,18,Female,1,N,Y,Urdu,English,Punjabi,2021-02-17_17h55.51.507,Tse_Altarriba_Simon1,2020.1.2,MacIntel,60,3352,,,m,1,0.39934,0,19,19,17,1,,,,,,,
,,,,,,,,,,,,Images/CongruentLeft.jpeg,Congruent Left,z,HHA,18,Female,1,N,Y,Urdu,English,Punjabi,2021-02-17_17h55.51.507,Tse_Altarriba_Simon1,2020.1.2,MacIntel,60,3352,,,z,1,0.46524,0,20,20,3,1,,,,,,,
,,,,,,,,,,,,Images/CongruentLeft.jpeg,Congruent Left,z,HHA,18,Female,1,N,Y,Urdu,English,Punjabi,2021-02-17_17h55.51.507,Tse_Altarriba_Simon1,2020.1.2,MacIntel,60,3352,,,z,1,0.483445,0,21,21,1,1,,,,,,,
,,,,,,,,,,,,Images/IncongruentRight.jpeg,Incongruent Right,m,HHA,18,Female,1,N,Y,Urdu,English,Punjabi,2021-02-17_17h55.51.507,Tse_Altarriba_Simon1,2020.1.2,MacIntel,60,3352,,,m,1,0.565325,0,22,22,37,1,,,,,,,
,,,,,,,,,,,,Images/IncongruentLeft.jpeg,Incongruent Left,z,HHA,18,Female,1,N,Y,Urdu,English,Punjabi,2021-02-17_17h55.51.507,Tse_Altarriba_Simon1,2020.1.2,MacIntel,60,3352,,,z,1,0.535295,0,23,23,26,1,,,,,,,
,,,,,,,,,,,,Images/IncongruentRight.jpeg,Incongruent Right,m,HHA,18,Female,1,N,Y,Urdu,English,Punjabi,2021-02-17_17h55.51.507,Tse_Altarriba_Simon1,2020.1.2,MacIntel,60,3352,,,m,1,0.58551,0,24,24,31,1,,,,,,,
,,,,,,,,,,,,Images/NeurtalRight.jpeg,Neutral Right,m,HHA,18,Female,1,N,Y,Urdu,English,Punjabi,2021-02-17_17h55.51.507,Tse_Altarriba_Simon1,2020.1.2,MacIntel,60,3352,,,m,1,0.5327,0,25,25,58,1,,,,,,,
,,,,,,,,,,,,Images/NeutralLeft.jpeg,Neutral Left,z,HHA,18,Female,1,N,Y,Urdu,English,Punjabi,2021-02-17_17h55.51.507,Tse_Altarriba_Simon1,2020.1.2,MacIntel,60,3352,,,z,1,0.449575,0,26,26,49,1,,,,,,,
,,,,,,,,,,,,Images/IncongruentLeft.jpeg,Incongruent Left,z,HHA,18,Female,1,N,Y,Urdu,English,Punjabi,2021-02-17_17h55.51.507,Tse_Altarriba_Simon1,2020.1.2,MacIntel,60,3352,,,m,0,0.599055,0,27,27,25,1,,,,,,,
,,,,,,,,,,,,Images/NeurtalRight.jpeg,Neutral Right,m,HHA,18,Female,1,N,Y,Urdu,English,Punjabi,2021-02-17_17h55.51.507,Tse_Altarriba_Simon1,2020.1.2,MacIntel,60,3352,,,z,0,1.31495,0,28,28,52,1,,,,,,,
,,,,,,,,,,,,Images/IncongruentLeft.jpeg,Incongruent Left,z,HHA,18,Female,1,N,Y,Urdu,English,Punjabi,2021-02-17_17h55.51.507,Tse_Altarriba_Simon1,2020.1.2,MacIntel,60,3352,,,z,1,0.848835,0,29,29,23,1,,,,,,,
,,,,,,,,,,,,Images/CongruentLeft.jpeg,Congruent Left,z,HHA,18,Female,1,N,Y,Urdu,English,Punjabi,2021-02-17_17h55.51.507,Tse_Altarriba_Simon1,2020.1.2,MacIntel,60,3352,,,z,1,0.61733,0,30,30,8,1,,,,,,,
,,,,,,,,,,,,Images/NeutralLeft.jpeg,Neutral Left,z,HHA,18,Female,1,N,Y,Urdu,English,Punjabi,2021-02-17_17h55.51.507,Tse_Altarriba_Simon1,2020.1.2,MacIntel,60,3352,,,z,1,0.552035,0,31,31,40,1,,,,,,,
,,,,,,,,,,,,Images/NeurtalRight.jpeg,Neutral Right,m,HHA,18,Female,1,N,Y,Urdu,English,Punjabi,2021-02-17_17h55.51.507,Tse_Altarriba_Simon1,2020.1.2,MacIntel,60,3352,,,m,1,0.415085,0,32,32,50,1,,,,,,,
,,,,,,,,,,,,Images/CongruentRight.jpeg,Congruent Right,m,HHA,18,Female,1,N,Y,Urdu,English,Punjabi,2021-02-17_17h55.51.507,Tse_Altarriba_Simon1,2020.1.2,MacIntel,60,3352,,,m,1,0.433115,0,33,33,16,1,,,,,,,
,,,,,,,,,,,,Images/IncongruentLeft.jpeg,Incongruent Left,z,HHA,18,Female,1,N,Y,Urdu,English,Punjabi,2021-02-17_17h55.51.507,Tse_Altarriba_Simon1,2020.1.2,MacIntel,60,3352,,,z,1,0.58222,0,34,34,22,1,,,,,,,
,,,,,,,,,,,,Images/NeurtalRight.jpeg,Neutral Right,m,HHA,18,Female,1,N,Y,Urdu,English,Punjabi,2021-02-17_17h55.51.507,Tse_Altarriba_Simon1,2020.1.2,MacIntel,60,3352,,,m,1,0.45082,0,35,35,56,1,,,,,,,
,,,,,,,,,,,,Images/IncongruentRight.jpeg,Incongruent Right,m,HHA,18,Female,1,N,Y,Urdu,English,Punjabi,2021-02-17_17h55.51.507,Tse_Altarriba_Simon1,2020.1.2,MacIntel,60,3352,,,m,1,0.516575,0,36,36,33,1,,,,,,,
,,,,,,,,,,,,Images/IncongruentRight.jpeg,Incongruent Right,m,HHA,18,Female,1,N,Y,Urdu,English,Punjabi,2021-02-17_17h55.51.507,Tse_Altarriba_Simon1,2020.1.2,MacIntel,60,3352,,,m,1,0.44874,0,37,37,36,1,,,,,,,
,,,,,,,,,,,,Images/NeutralLeft.jpeg,Neutral Left,z,HHA,18,Female,1,N,Y,Urdu,English,Punjabi,2021-02-17_17h55.51.507,Tse_Altarriba_Simon1,2020.1.2,MacIntel,60,3352,,,z,1,0.48315,0,38,38,48,1,,,,,,,
,,,,,,,,,,,,Images/CongruentLeft.jpeg,Congruent Left,z,HHA,18,Female,1,N,Y,Urdu,English,Punjabi,2021-02-17_17h55.51.507,Tse_Altarriba_Simon1,2020.1.2,MacIntel,60,3352,,,z,1,0.483695,0,39,39,5,1,,,,,,,
,,,,,,,,,,,,Images/NeutralLeft.jpeg,Neutral Left,z,HHA,18,Female,1,N,Y,Urdu,English,Punjabi,2021-02-17_17h55.51.507,Tse_Altarriba_Simon1,2020.1.2,MacIntel,60,3352,,,z,1,0.49911,0,40,40,41,1,,,,,,,
,,,,,,,,,,,,Images/CongruentRight.jpeg,Congruent Right,m,HHA,18,Female,1,N,Y,Urdu,English,Punjabi,2021-02-17_17h55.51.507,Tse_Altarriba_Simon1,2020.1.2,MacIntel,60,3352,,,m,1,0.46584,0,41,41,13,1,,,,,,,
,,,,,,,,,,,,Images/IncongruentRight.jpeg,Incongruent Right,m,HHA,18,Female,1,N,Y,Urdu,English,Punjabi,2021-02-17_17h55.51.507,Tse_Altarriba_Simon1,2020.1.2,MacIntel,60,3352,,,m,1,0.48423,0,42,42,35,1,,,,,,,
,,,,,,,,,,,,Images/IncongruentLeft.jpeg,Incongruent Left,z,HHA,18,Female,1,N,Y,Urdu,English,Punjabi,2021-02-17_17h55.51.507,Tse_Altarriba_Simon1,2020.1.2,MacIntel,60,3352,,,z,1,0.517215,0,43,43,29,1,,,,,,,
,,,,,,,,,,,,Images/CongruentRight.jpeg,Congruent Right,m,HHA,18,Female,1,N,Y,Urdu,English,Punjabi,2021-02-17_17h55.51.507,Tse_Altarriba_Simon1,2020.1.2,MacIntel,60,3352,,,m,1,0.48249,0,44,44,11,1,,,,,,,
,,,,,,,,,,,,Images/NeurtalRight.jpeg,Neutral Right,m,HHA,18,Female,1,N,Y,Urdu,English,Punjabi,2021-02-17_17h55.51.507,Tse_Altarriba_Simon1,2020.1.2,MacIntel,60,3352,,,m,1,0.48269,0,45,45,57,1,,,,,,,
,,,,,,,,,,,,Images/CongruentRight.jpeg,Congruent Right,m,HHA,18,Female,1,N,Y,Urdu,English,Punjabi,2021-02-17_17h55.51.507,Tse_Altarriba_Simon1,2020.1.2,MacIntel,60,3352,,,m,1,0.448795,0,46,46,18,1,,,,,,,
,,,,,,,,,,,,Images/IncongruentLeft.jpeg,Incongruent Left,z,HHA,18,Female,1,N,Y,Urdu,English,Punjabi,2021-02-17_17h55.51.507,Tse_Altarriba_Simon1,2020.1.2,MacIntel,60,3352,,,z,1,0.450035,0,47,47,27,1,,,,,,,
,,,,,,,,,,,,Images/CongruentRight.jpeg,Congruent Right,m,HHA,18,Female,1,N,Y,Urdu,English,Punjabi,2021-02-17_17h55.51.507,Tse_Altarriba_Simon1,2020.1.2,MacIntel,60,3352,,,m,1,1.01932,0,48,48,10,1,,,,,,,
,,,,,,,,,,,,Images/NeutralLeft.jpeg,Neutral Left,z,HHA,18,Female,1,N,Y,Urdu,English,Punjabi,2021-02-17_17h55.51.507,Tse_Altarriba_Simon1,2020.1.2,MacIntel,60,3352,,,z,1,0.532275,0,49,49,44,1,,,,,,,
,,,,,,,,,,,,Images/IncongruentLeft.jpeg,Incongruent Left,z,HHA,18,Female,1,N,Y,Urdu,English,Punjabi,2021-02-17_17h55.51.507,Tse_Altarriba_Simon1,2020.1.2,MacIntel,60,3352,,,z,1,0.61667,0,50,50,21,1,,,,,,,
,,,,,,,,,,,,Images/CongruentRight.jpeg,Congruent Right,m,HHA,18,Female,1,N,Y,Urdu,English,Punjabi,2021-02-17_17h55.51.507,Tse_Altarriba_Simon1,2020.1.2,MacIntel,60,3352,,,m,1,0.499855,0,51,51,19,1,,,,,,,
,,,,,,,,,,,,Images/NeutralLeft.jpeg,Neutral Left,z,HHA,18,Female,1,N,Y,Urdu,English,Punjabi,2021-02-17_17h55.51.507,Tse_Altarriba_Simon1,2020.1.2,MacIntel,60,3352,,,z,1,0.53188,0,52,52,47,1,,,,,,,
,,,,,,,,,,,,Images/NeurtalRight.jpeg,Neutral Right,m,HHA,18,Female,1,N,Y,Urdu,English,Punjabi,2021-02-17_17h55.51.507,Tse_Altarriba_Simon1,2020.1.2,MacIntel,60,3352,,,m,1,0.469155,0,53,53,55,1,,,,,,,
,,,,,,,,,,,,Images/IncongruentRight.jpeg,Incongruent Right,m,HHA,18,Female,1,N,Y,Urdu,English,Punjabi,2021-02-17_17h55.51.507,Tse_Altarriba_Simon1,2020.1.2,MacIntel,60,3352,,,m,1,0.56579,0,54,54,39,1,,,,,,,
,,,,,,,,,,,,Images/CongruentRight.jpeg,Congruent Right,m,HHA,18,Female,1,N,Y,Urdu,English,Punjabi,2021-02-17_17h55.51.507,Tse_Altarriba_Simon1,2020.1.2,MacIntel,60,3352,,,m,1,0.46682,0,55,55,15,1,,,,,,,
,,,,,,,,,,,,Images/IncongruentRight.jpeg,Incongruent Right,m,HHA,18,Female,1,N,Y,Urdu,English,Punjabi,2021-02-17_17h55.51.507,Tse_Altarriba_Simon1,2020.1.2,MacIntel,60,3352,,,z,0,0.499585,0,56,56,34,1,,,,,,,
,,,,,,,,,,,,Images/NeutralLeft.jpeg,Neutral Left,z,HHA,18,Female,1,N,Y,Urdu,English,Punjabi,2021-02-17_17h55.51.507,Tse_Altarriba_Simon1,2020.1.2,MacIntel,60,3352,,,z,1,0.615865,0,57,57,45,1,,,,,,,
,,,,,,,,,,,,Images/CongruentLeft.jpeg,Congruent Left,z,HHA,18,Female,1,N,Y,Urdu,English,Punjabi,2021-02-17_17h55.51.507,Tse_Altarriba_Simon1,2020.1.2,MacIntel,60,3352,,,z,1,0.453965,0,58,58,4,1,,,,,,,
,,,,,,,,,,,,Images/CongruentLeft.jpeg,Congruent Left,z,HHA,18,Female,1,N,Y,Urdu,English,Punjabi,2021-02-17_17h55.51.507,Tse_Altarriba_Simon1,2020.1.2,MacIntel,60,3352,,,z,1,0.400505,0,59,59,6,1,,,,,,,
,,,,,,,,,,,,Images/NeurtalRight.jpeg,Neutral Right,m,HHA,18,Female,1,N,Y,Urdu,English,Punjabi,2021-02-17_17h55.51.507,Tse_Altarriba_Simon1,2020.1.2,MacIntel,60,3352,,,m,1,0.384575,,,,,,space,7.68082,0,0,0,59,1
,,,,,,,,,,,,Images/NeurtalRight.jpeg,Neutral Right,m,HHA,18,Female,1,N,Y,Urdu,English,Punjabi,2021-02-17_17h55.51.507,Tse_Altarriba_Simon1,2020.1.2,MacIntel,60,3352,,,m,1,0.41645,,,,,,,,0,1,1,55,1
,,,,,,,,,,,,Images/IncongruentLeft.jpeg,Incongruent Left,z,HHA,18,Female,1,N,Y,Urdu,English,Punjabi,2021-02-17_17h55.51.507,Tse_Altarriba_Simon1,2020.1.2,MacIntel,60,3352,,,z,1,0.548985,,,,,,,,0,2,2,23,1
,,,,,,,,,,,,Images/NeutralLeft.jpeg,Neutral Left,z,HHA,18,Female,1,N,Y,Urdu,English,Punjabi,2021-02-17_17h55.51.507,Tse_Altarriba_Simon1,2020.1.2,MacIntel,60,3352,,,z,1,0.41667,,,,,,,,0,3,3,42,1
,,,,,,,,,,,,Images/CongruentLeft.jpeg,Congruent Left,z,HHA,18,Female,1,N,Y,Urdu,English,Punjabi,2021-02-17_17h55.51.507,Tse_Altarriba_Simon1,2020.1.2,MacIntel,60,3352,,,z,1,0.399255,,,,,,,,0,4,4,9,1
,,,,,,,,,,,,Images/CongruentLeft.jpeg,Congruent Left,z,HHA,18,Female,1,N,Y,Urdu,English,Punjabi,2021-02-17_17h55.51.507,Tse_Altarriba_Simon1,2020.1.2,MacIntel,60,3352,,,z,1,0.399885,,,,,,,,0,5,5,4,1
,,,,,,,,,,,,Images/CongruentRight.jpeg,Congruent Right,m,HHA,18,Female,1,N,Y,Urdu,English,Punjabi,2021-02-17_17h55.51.507,Tse_Altarriba_Simon1,2020.1.2,MacIntel,60,3352,,,m,1,0.40201,,,,,,,,0,6,6,12,1
,,,,,,,,,,,,Images/NeutralLeft.jpeg,Neutral Left,z,HHA,18,Female,1,N,Y,Urdu,English,Punjabi,2021-02-17_17h55.51.507,Tse_Altarriba_Simon1,2020.1.2,MacIntel,60,3352,,,z,1,0.58296,,,,,,,,0,7,7,45,1
,,,,,,,,,,,,Images/IncongruentLeft.jpeg,Incongruent Left,z,HHA,18,Female,1,N,Y,Urdu,English,Punjabi,2021-02-17_17h55.51.507,Tse_Altarriba_Simon1,2020.1.2,MacIntel,60,3352,,,z,1,0.649675,,,,,,,,0,8,8,28,1
,,,,,,,,,,,,Images/NeutralLeft.jpeg,Neutral Left,z,HHA,18,Female,1,N,Y,Urdu,English,Punjabi,2021-02-17_17h55.51.507,Tse_Altarriba_Simon1,2020.1.2,MacIntel,60,3352,,,z,1,0.46732,,,,,,,,0,9,9,44,1
,,,,,,,,,,,,Images/NeurtalRight.jpeg,Neutral Right,m,HHA,18,Female,1,N,Y,Urdu,English,Punjabi,2021-02-17_17h55.51.507,Tse_Altarriba_Simon1,2020.1.2,MacIntel,60,3352,,,m,1,0.517415,,,,,,,,0,10,10,52,1
,,,,,,,,,,,,Images/CongruentRight.jpeg,Congruent Right,m,HHA,18,Female,1,N,Y,Urdu,English,Punjabi,2021-02-17_17h55.51.507,Tse_Altarriba_Simon1,2020.1.2,MacIntel,60,3352,,,m,1,0.454005,,,,,,,,0,11,11,19,1
,,,,,,,,,,,,Images/CongruentRight.jpeg,Congruent Right,m,HHA,18,Female,1,N,Y,Urdu,English,Punjabi,2021-02-17_17h55.51.507,Tse_Altarriba_Simon1,2020.1.2,MacIntel,60,3352,,,m,1,0.43331,,,,,,,,0,12,12,10,1
,,,,,,,,,,,,Images/IncongruentRight.jpeg,Incongruent Right,m,HHA,18,Female,1,N,Y,Urdu,English,Punjabi,2021-02-17_17h55.51.507,Tse_Altarriba_Simon1,2020.1.2,MacIntel,60,3352,,,m,1,0.533915,,,,,,,,0,13,13,39,1
,,,,,,,,,,,,Images/NeutralLeft.jpeg,Neutral Left,z,HHA,18,Female,1,N,Y,Urdu,English,Punjabi,2021-02-17_17h55.51.507,Tse_Altarriba_Simon1,2020.1.2,MacIntel,60,3352,,,z,1,0.499795,,,,,,,,0,14,14,43,1
,,,,,,,,,,,,Images/NeutralLeft.jpeg,Neutral Left,z,HHA,18,Female,1,N,Y,Urdu,English,Punjabi,2021-02-17_17h55.51.507,Tse_Altarriba_Simon1,2020.1.2,MacIntel,60,3352,,,z,1,0.38586,,,,,,,,0,15,15,40,1
,,,,,,,,,,,,Images/NeutralLeft.jpeg,Neutral Left,z,HHA,18,Female,1,N,Y,Urdu,English,Punjabi,2021-02-17_17h55.51.507,Tse_Altarriba_Simon1,2020.1.2,MacIntel,60,3352,,,z,1,0.36608,,,,,,,,0,16,16,49,1
,,,,,,,,,,,,Images/IncongruentLeft.jpeg,Incongruent Left,z,HHA,18,Female,1,N,Y,Urdu,English,Punjabi,2021-02-17_17h55.51.507,Tse_Altarriba_Simon1,2020.1.2,MacIntel,60,3352,,,m,0,0.399905,,,,,,,,0,17,17,22,1
,,,,,,,,,,,,Images/CongruentRight.jpeg,Congruent Right,m,HHA,18,Female,1,N,Y,Urdu,English,Punjabi,2021-02-17_17h55.51.507,Tse_Altarriba_Simon1,2020.1.2,MacIntel,60,3352,,,m,1,0.75263,,,,,,,,0,18,18,17,1
,,,,,,,,,,,,Images/CongruentLeft.jpeg,Congruent Left,z,HHA,18,Female,1,N,Y,Urdu,English,Punjabi,2021-02-17_17h55.51.507,Tse_Altarriba_Simon1,2020.1.2,MacIntel,60,3352,,,z,1,0.465625,,,,,,,,0,19,19,8,1
,,,,,,,,,,,,Images/NeutralLeft.jpeg,Neutral Left,z,HHA,18,Female,1,N,Y,Urdu,English,Punjabi,2021-02-17_17h55.51.507,Tse_Altarriba_Simon1,2020.1.2,MacIntel,60,3352,,,z,1,0.466145,,,,,,,,0,20,20,41,1
,,,,,,,,,,,,Images/CongruentLeft.jpeg,Congruent Left,z,HHA,18,Female,1,N,Y,Urdu,English,Punjabi,2021-02-17_17h55.51.507,Tse_Altarriba_Simon1,2020.1.2,MacIntel,60,3352,,,z,1,0.450675,,,,,,,,0,21,21,7,1
,,,,,,,,,,,,Images/CongruentLeft.jpeg,Congruent Left,z,HHA,18,Female,1,N,Y,Urdu,English,Punjabi,2021-02-17_17h55.51.507,Tse_Altarriba_Simon1,2020.1.2,MacIntel,60,3352,,,z,1,0.537185,,,,,,,,0,22,22,0,1
,,,,,,,,,,,,Images/NeurtalRight.jpeg,Neutral Right,m,HHA,18,Female,1,N,Y,Urdu,English,Punjabi,2021-02-17_17h55.51.507,Tse_Altarriba_Simon1,2020.1.2,MacIntel,60,3352,,,m,1,0.503475,,,,,,,,0,23,23,58,1
,,,,,,,,,,,,Images/IncongruentLeft.jpeg,Incongruent Left,z,HHA,18,Female,1,N,Y,Urdu,English,Punjabi,2021-02-17_17h55.51.507,Tse_Altarriba_Simon1,2020.1.2,MacIntel,60,3352,,,z,1,0.56602,,,,,,,,0,24,24,27,1
,,,,,,,,,,,,Images/CongruentRight.jpeg,Congruent Right,m,HHA,18,Female,1,N,Y,Urdu,English,Punjabi,2021-02-17_17h55.51.507,Tse_Altarriba_Simon1,2020.1.2,MacIntel,60,3352,,,m,1,0.536385,,,,,,,,0,25,25,18,1
,,,,,,,,,,,,Images/IncongruentLeft.jpeg,Incongruent Left,z,HHA,18,Female,1,N,Y,Urdu,English,Punjabi,2021-02-17_17h55.51.507,Tse_Altarriba_Simon1,2020.1.2,MacIntel,60,3352,,,z,1,0.766155,,,,,,,,0,26,26,21,1
,,,,,,,,,,,,Images/CongruentRight.jpeg,Congruent Right,m,HHA,18,Female,1,N,Y,Urdu,English,Punjabi,2021-02-17_17h55.51.507,Tse_Altarriba_Simon1,2020.1.2,MacIntel,60,3352,,,m,1,0.48289,,,,,,,,0,27,27,14,1
,,,,,,,,,,,,Images/CongruentRight.jpeg,Congruent Right,m,HHA,18,Female,1,N,Y,Urdu,English,Punjabi,2021-02-17_17h55.51.507,Tse_Altarriba_Simon1,2020.1.2,MacIntel,60,3352,,,m,1,0.466105,,,,,,,,0,28,28,16,1
,,,,,,,,,,,,Images/CongruentRight.jpeg,Congruent Right,m,HHA,18,Female,1,N,Y,Urdu,English,Punjabi,2021-02-17_17h55.51.507,Tse_Altarriba_Simon1,2020.1.2,MacIntel,60,3352,,,m,1,0.499235,,,,,,,,0,29,29,15,1
,,,,,,,,,,,,Images/NeurtalRight.jpeg,Neutral Right,m,HHA,18,Female,1,N,Y,Urdu,English,Punjabi,2021-02-17_17h55.51.507,Tse_Altarriba_Simon1,2020.1.2,MacIntel,60,3352,,,m,1,0.51612,,,,,,,,0,30,30,53,1
,,,,,,,,,,,,Images/IncongruentLeft.jpeg,Incongruent Left,z,HHA,18,Female,1,N,Y,Urdu,English,Punjabi,2021-02-17_17h55.51.507,Tse_Altarriba_Simon1,2020.1.2,MacIntel,60,3352,,,z,1,0.566625,,,,,,,,0,31,31,25,1
,,,,,,,,,,,,Images/CongruentRight.jpeg,Congruent Right,m,HHA,18,Female,1,N,Y,Urdu,English,Punjabi,2021-02-17_17h55.51.507,Tse_Altarriba_Simon1,2020.1.2,MacIntel,60,3352,,,m,1,0.766835,,,,,,,,0,32,32,13,1
,,,,,,,,,,,,Images/IncongruentRight.jpeg,Incongruent Right,m,HHA,18,Female,1,N,Y,Urdu,English,Punjabi,2021-02-17_17h55.51.507,Tse_Altarriba_Simon1,2020.1.2,MacIntel,60,3352,,,m,1,0.66711,,,,,,,,0,33,33,34,1
,,,,,,,,,,,,Images/CongruentLeft.jpeg,Congruent Left,z,HHA,18,Female,1,N,Y,Urdu,English,Punjabi,2021-02-17_17h55.51.507,Tse_Altarriba_Simon1,2020.1.2,MacIntel,60,3352,,,z,1,0.499615,,,,,,,,0,34,34,1,1
,,,,,,,,,,,,Images/IncongruentRight.jpeg,Incongruent Right,m,HHA,18,Female,1,N,Y,Urdu,English,Punjabi,2021-02-17_17h55.51.507,Tse_Altarriba_Simon1,2020.1.2,MacIntel,60,3352,,,m,1,0.569445,,,,,,,,0,35,35,30,1
,,,,,,,,,,,,Images/IncongruentRight.jpeg,Incongruent Right,m,HHA,18,Female,1,N,Y,Urdu,English,Punjabi,2021-02-17_17h55.51.507,Tse_Altarriba_Simon1,2020.1.2,MacIntel,60,3352,,,m,1,0.51539,,,,,,,,0,36,36,33,1
,,,,,,,,,,,,Images/IncongruentLeft.jpeg,Incongruent Left,z,HHA,18,Female,1,N,Y,Urdu,English,Punjabi,2021-02-17_17h55.51.507,Tse_Altarriba_Simon1,2020.1.2,MacIntel,60,3352,,,z,1,0.484055,,,,,,,,0,37,37,20,1
,,,,,,,,,,,,Images/IncongruentRight.jpeg,Incongruent Right,m,HHA,18,Female,1,N,Y,Urdu,English,Punjabi,2021-02-17_17h55.51.507,Tse_Altarriba_Simon1,2020.1.2,MacIntel,60,3352,,,m,1,0.566855,,,,,,,,0,38,38,32,1
,,,,,,,,,,,,Images/CongruentLeft.jpeg,Congruent Left,z,HHA,18,Female,1,N,Y,Urdu,English,Punjabi,2021-02-17_17h55.51.507,Tse_Altarriba_Simon1,2020.1.2,MacIntel,60,3352,,,z,1,0.401035,,,,,,,,0,39,39,5,1
,,,,,,,,,,,,Images/NeurtalRight.jpeg,Neutral Right,m,HHA,18,Female,1,N,Y,Urdu,English,Punjabi,2021-02-17_17h55.51.507,Tse_Altarriba_Simon1,2020.1.2,MacIntel,60,3352,,,m,1,0.433285,,,,,,,,0,40,40,54,1
,,,,,,,,,,,,Images/IncongruentLeft.jpeg,Incongruent Left,z,HHA,18,Female,1,N,Y,Urdu,English,Punjabi,2021-02-17_17h55.51.507,Tse_Altarriba_Simon1,2020.1.2,MacIntel,60,3352,,,z,1,0.517015,,,,,,,,0,41,41,26,1
,,,,,,,,,,,,Images/IncongruentLeft.jpeg,Incongruent Left,z,HHA,18,Female,1,N,Y,Urdu,English,Punjabi,2021-02-17_17h55.51.507,Tse_Altarriba_Simon1,2020.1.2,MacIntel,60,3352,,,z,1,0.53306,,,,,,,,0,42,42,24,1
,,,,,,,,,,,,Images/IncongruentRight.jpeg,Incongruent Right,m,HHA,18,Female,1,N,Y,Urdu,English,Punjabi,2021-02-17_17h55.51.507,Tse_Altarriba_Simon1,2020.1.2,MacIntel,60,3352,,,m,1,0.55201,,,,,,,,0,43,43,31,1
,,,,,,,,,,,,Images/NeutralLeft.jpeg,Neutral Left,z,HHA,18,Female,1,N,Y,Urdu,English,Punjabi,2021-02-17_17h55.51.507,Tse_Altarriba_Simon1,2020.1.2,MacIntel,60,3352,,,z,1,0.416115,,,,,,,,0,44,44,47,1
,,,,,,,,,,,,Images/CongruentRight.jpeg,Congruent Right,m,HHA,18,Female,1,N,Y,Urdu,English,Punjabi,2021-02-17_17h55.51.507,Tse_Altarriba_Simon1,2020.1.2,MacIntel,60,3352,,,m,1,0.517,,,,,,,,0,45,45,11,1
,,,,,,,,,,,,Images/IncongruentLeft.jpeg,Incongruent Left,z,HHA,18,Female,1,N,Y,Urdu,English,Punjabi,2021-02-17_17h55.51.507,Tse_Altarriba_Simon1,2020.1.2,MacIntel,60,3352,,,z,1,0.63255,,,,,,,,0,46,46,29,1
,,,,,,,,,,,,Images/IncongruentRight.jpeg,Incongruent Right,m,HHA,18,Female,1,N,Y,Urdu,English,Punjabi,2021-02-17_17h55.51.507,Tse_Altarriba_Simon1,2020.1.2,MacIntel,60,3352,,,m,1,0.550175,,,,,,,,0,47,47,36,1
,,,,,,,,,,,,Images/NeurtalRight.jpeg,Neutral Right,m,HHA,18,Female,1,N,Y,Urdu,English,Punjabi,2021-02-17_17h55.51.507,Tse_Altarriba_Simon1,2020.1.2,MacIntel,60,3352,,,m,1,0.599655,,,,,,,,0,48,48,56,1
,,,,,,,,,,,,Images/IncongruentRight.jpeg,Incongruent Right,m,HHA,18,Female,1,N,Y,Urdu,English,Punjabi,2021-02-17_17h55.51.507,Tse_Altarriba_Simon1,2020.1.2,MacIntel,60,3352,,,m,1,0.533145,,,,,,,,0,49,49,38,1
,,,,,,,,,,,,Images/IncongruentRight.jpeg,Incongruent Right,m,HHA,18,Female,1,N,Y,Urdu,English,Punjabi,2021-02-17_17h55.51.507,Tse_Altarriba_Simon1,2020.1.2,MacIntel,60,3352,,,m,1,0.46673,,,,,,,,0,50,50,37,1
,,,,,,,,,,,,Images/IncongruentRight.jpeg,Incongruent Right,m,HHA,18,Female,1,N,Y,Urdu,English,Punjabi,2021-02-17_17h55.51.507,Tse_Altarriba_Simon1,2020.1.2,MacIntel,60,3352,,,m,1,0.43453,,,,,,,,0,51,51,35,1
,,,,,,,,,,,,Images/CongruentLeft.jpeg,Congruent Left,z,HHA,18,Female,1,N,Y,Urdu,English,Punjabi,2021-02-17_17h55.51.507,Tse_Altarriba_Simon1,2020.1.2,MacIntel,60,3352,,,z,1,0.49973,,,,,,,,0,52,52,2,1
,,,,,,,,,,,,Images/NeutralLeft.jpeg,Neutral Left,z,HHA,18,Female,1,N,Y,Urdu,English,Punjabi,2021-02-17_17h55.51.507,Tse_Altarriba_Simon1,2020.1.2,MacIntel,60,3352,,,z,1,0.48414,,,,,,,,0,53,53,48,1
,,,,,,,,,,,,Images/CongruentLeft.jpeg,Congruent Left,z,HHA,18,Female,1,N,Y,Urdu,English,Punjabi,2021-02-17_17h55.51.507,Tse_Altarriba_Simon1,2020.1.2,MacIntel,60,3352,,,z,1,0.39985,,,,,,,,0,54,54,6,1
,,,,,,,,,,,,Images/CongruentLeft.jpeg,Congruent Left,z,HHA,18,Female,1,N,Y,Urdu,English,Punjabi,2021-02-17_17h55.51.507,Tse_Altarriba_Simon1,2020.1.2,MacIntel,60,3352,,,z,1,0.366035,,,,,,,,0,55,55,3,1
,,,,,,,,,,,,Images/NeurtalRight.jpeg,Neutral Right,m,HHA,18,Female,1,N,Y,Urdu,English,Punjabi,2021-02-17_17h55.51.507,Tse_Altarriba_Simon1,2020.1.2,MacIntel,60,3352,,,m,1,0.449695,,,,,,,,0,56,56,57,1
,,,,,,,,,,,,Images/NeutralLeft.jpeg,Neutral Left,z,HHA,18,Female,1,N,Y,Urdu,English,Punjabi,2021-02-17_17h55.51.507,Tse_Altarriba_Simon1,2020.1.2,MacIntel,60,3352,,,m,0,0.43322,,,,,,,,0,57,57,46,1
,,,,,,,,,,,,Images/NeurtalRight.jpeg,Neutral Right,m,HHA,18,Female,1,N,Y,Urdu,English,Punjabi,2021-02-17_17h55.51.507,Tse_Altarriba_Simon1,2020.1.2,MacIntel,60,3352,,,z,0,0.55012,,,,,,,,0,58,58,50,1
,,,,,,,,,,,,Images/NeurtalRight.jpeg,Neutral Right,m,HHA,18,Female,1,N,Y,Urdu,English,Punjabi,2021-02-17_17h55.51.507,Tse_Altarriba_Simon1,2020.1.2,MacIntel,60,3352,,,m,1,0.63393,,,,,,,,0,59,59,51,1
