Space1.keys,Space1.rt,Space2.keys,Space2.rt,response.keys,response.corr,response.rt,Practice_loop.thisRepN,Practice_loop.thisTrialN,Practice_loop.thisN,Practice_loop.thisIndex,Practice_loop.ran,ImageFile,Condition,CorrAns,Your initials,What is your age?,What is your gender?,What year are you in?,Are you Dyslexic? (Y/N),Are you bi/multilingual? (Y/N),What is your first language?,"What is your second language? (if you are monollingual, leave blank)",What other languages do you speak?,date,expName,psychopyVersion,OS,frameRate,participant,Space3.keys,Space3.rt,key_resp_2.keys,key_resp_2.corr,key_resp_2.rt,trials.thisRepN,trials.thisTrialN,trials.thisN,trials.thisIndex,trials.ran,Space4.keys,Space4.rt,trials_2.thisRepN,trials_2.thisTrialN,trials_2.thisN,trials_2.thisIndex,trials_2.ran
space,3.119,space,29.735,m,1,0.714,0,0,0,10,1,Images/NeurtalRight.jpeg,Neutral Right,m,KZ,19,female,y1,N,Y,Mandarin,English,,2021-02-22_12h50.16.557,Tse_Altarriba_Simon1,2020.1.2,MacIntel,60,3358,,,,,,,,,,,,,,,,,
,,,,z,1,0.497,0,1,1,4,1,Images/IncongruentLeft.jpeg,Incongruent Left,z,KZ,19,female,y1,N,Y,Mandarin,English,,2021-02-22_12h50.16.557,Tse_Altarriba_Simon1,2020.1.2,MacIntel,60,3358,,,,,,,,,,,,,,,,,
,,,,z,1,0.414,0,2,2,9,1,Images/NeutralLeft.jpeg,Neutral Left,z,KZ,19,female,y1,N,Y,Mandarin,English,,2021-02-22_12h50.16.557,Tse_Altarriba_Simon1,2020.1.2,MacIntel,60,3358,,,,,,,,,,,,,,,,,
,,,,z,1,0.348,0,3,3,1,1,Images/CongruentLeft.jpeg,Congruent Left,z,KZ,19,female,y1,N,Y,Mandarin,English,,2021-02-22_12h50.16.557,Tse_Altarriba_Simon1,2020.1.2,MacIntel,60,3358,,,,,,,,,,,,,,,,,
,,,,m,0,0.283,0,4,4,5,1,Images/IncongruentLeft.jpeg,Incongruent Left,z,KZ,19,female,y1,N,Y,Mandarin,English,,2021-02-22_12h50.16.557,Tse_Altarriba_Simon1,2020.1.2,MacIntel,60,3358,,,,,,,,,,,,,,,,,
,,,,z,1,0.383,0,5,5,8,1,Images/NeutralLeft.jpeg,Neutral Left,z,KZ,19,female,y1,N,Y,Mandarin,English,,2021-02-22_12h50.16.557,Tse_Altarriba_Simon1,2020.1.2,MacIntel,60,3358,,,,,,,,,,,,,,,,,
,,,,z,1,0.332,0,6,6,0,1,Images/CongruentLeft.jpeg,Congruent Left,z,KZ,19,female,y1,N,Y,Mandarin,English,,2021-02-22_12h50.16.557,Tse_Altarriba_Simon1,2020.1.2,MacIntel,60,3358,,,,,,,,,,,,,,,,,
,,,,z,0,0.348,0,7,7,7,1,Images/IncongruentRight.jpeg,Incongruent Right,m,KZ,19,female,y1,N,Y,Mandarin,English,,2021-02-22_12h50.16.557,Tse_Altarriba_Simon1,2020.1.2,MacIntel,60,3358,,,,,,,,,,,,,,,,,
,,,,m,1,0.399,0,8,8,11,1,Images/NeurtalRight.jpeg,Neutral Right,m,KZ,19,female,y1,N,Y,Mandarin,English,,2021-02-22_12h50.16.557,Tse_Altarriba_Simon1,2020.1.2,MacIntel,60,3358,,,,,,,,,,,,,,,,,
,,,,m,1,0.381,0,9,9,2,1,Images/CongruentRight.jpeg,Congruent Right,m,KZ,19,female,y1,N,Y,Mandarin,English,,2021-02-22_12h50.16.557,Tse_Altarriba_Simon1,2020.1.2,MacIntel,60,3358,,,,,,,,,,,,,,,,,
,,,,z,0,0.299,0,10,10,6,1,Images/IncongruentRight.jpeg,Incongruent Right,m,KZ,19,female,y1,N,Y,Mandarin,English,,2021-02-22_12h50.16.557,Tse_Altarriba_Simon1,2020.1.2,MacIntel,60,3358,,,,,,,,,,,,,,,,,
,,,,m,1,0.665,0,11,11,3,1,Images/CongruentRight.jpeg,Congruent Right,m,KZ,19,female,y1,N,Y,Mandarin,English,,2021-02-22_12h50.16.557,Tse_Altarriba_Simon1,2020.1.2,MacIntel,60,3358,,,,,,,,,,,,,,,,,
,,,,,,,,,,,,Images/IncongruentLeft.jpeg,Incongruent Left,z,KZ,19,female,y1,N,Y,Mandarin,English,,2021-02-22_12h50.16.557,Tse_Altarriba_Simon1,2020.1.2,MacIntel,60,3358,space,3.516,z,1,0.482,0,0,0,22,1,,,,,,,
,,,,,,,,,,,,Images/CongruentRight.jpeg,Congruent Right,m,KZ,19,female,y1,N,Y,Mandarin,English,,2021-02-22_12h50.16.557,Tse_Altarriba_Simon1,2020.1.2,MacIntel,60,3358,,,m,1,0.515,0,1,1,11,1,,,,,,,
,,,,,,,,,,,,Images/NeutralLeft.jpeg,Neutral Left,z,KZ,19,female,y1,N,Y,Mandarin,English,,2021-02-22_12h50.16.557,Tse_Altarriba_Simon1,2020.1.2,MacIntel,60,3358,,,z,1,0.398,0,2,2,46,1,,,,,,,
,,,,,,,,,,,,Images/IncongruentRight.jpeg,Incongruent Right,m,KZ,19,female,y1,N,Y,Mandarin,English,,2021-02-22_12h50.16.557,Tse_Altarriba_Simon1,2020.1.2,MacIntel,60,3358,,,m,1,0.45,0,3,3,34,1,,,,,,,
,,,,,,,,,,,,Images/NeurtalRight.jpeg,Neutral Right,m,KZ,19,female,y1,N,Y,Mandarin,English,,2021-02-22_12h50.16.557,Tse_Altarriba_Simon1,2020.1.2,MacIntel,60,3358,,,m,1,0.415,0,4,4,56,1,,,,,,,
,,,,,,,,,,,,Images/NeutralLeft.jpeg,Neutral Left,z,KZ,19,female,y1,N,Y,Mandarin,English,,2021-02-22_12h50.16.557,Tse_Altarriba_Simon1,2020.1.2,MacIntel,60,3358,,,z,1,0.485,0,5,5,42,1,,,,,,,
,,,,,,,,,,,,Images/IncongruentRight.jpeg,Incongruent Right,m,KZ,19,female,y1,N,Y,Mandarin,English,,2021-02-22_12h50.16.557,Tse_Altarriba_Simon1,2020.1.2,MacIntel,60,3358,,,m,1,0.447,0,6,6,38,1,,,,,,,
,,,,,,,,,,,,Images/CongruentLeft.jpeg,Congruent Left,z,KZ,19,female,y1,N,Y,Mandarin,English,,2021-02-22_12h50.16.557,Tse_Altarriba_Simon1,2020.1.2,MacIntel,60,3358,,,z,1,0.449,0,7,7,2,1,,,,,,,
,,,,,,,,,,,,Images/CongruentLeft.jpeg,Congruent Left,z,KZ,19,female,y1,N,Y,Mandarin,English,,2021-02-22_12h50.16.557,Tse_Altarriba_Simon1,2020.1.2,MacIntel,60,3358,,,z,1,0.417,0,8,8,0,1,,,,,,,
,,,,,,,,,,,,Images/IncongruentLeft.jpeg,Incongruent Left,z,KZ,19,female,y1,N,Y,Mandarin,English,,2021-02-22_12h50.16.557,Tse_Altarriba_Simon1,2020.1.2,MacIntel,60,3358,,,z,1,0.499,0,9,9,25,1,,,,,,,
,,,,,,,,,,,,Images/IncongruentLeft.jpeg,Incongruent Left,z,KZ,19,female,y1,N,Y,Mandarin,English,,2021-02-22_12h50.16.557,Tse_Altarriba_Simon1,2020.1.2,MacIntel,60,3358,,,z,1,0.483,0,10,10,20,1,,,,,,,
,,,,,,,,,,,,Images/IncongruentRight.jpeg,Incongruent Right,m,KZ,19,female,y1,N,Y,Mandarin,English,,2021-02-22_12h50.16.557,Tse_Altarriba_Simon1,2020.1.2,MacIntel,60,3358,,,m,1,0.45,0,11,11,36,1,,,,,,,
,,,,,,,,,,,,Images/NeutralLeft.jpeg,Neutral Left,z,KZ,19,female,y1,N,Y,Mandarin,English,,2021-02-22_12h50.16.557,Tse_Altarriba_Simon1,2020.1.2,MacIntel,60,3358,,,z,1,0.416,0,12,12,48,1,,,,,,,
,,,,,,,,,,,,Images/CongruentRight.jpeg,Congruent Right,m,KZ,19,female,y1,N,Y,Mandarin,English,,2021-02-22_12h50.16.557,Tse_Altarriba_Simon1,2020.1.2,MacIntel,60,3358,,,m,1,0.517,0,13,13,18,1,,,,,,,
,,,,,,,,,,,,Images/IncongruentLeft.jpeg,Incongruent Left,z,KZ,19,female,y1,N,Y,Mandarin,English,,2021-02-22_12h50.16.557,Tse_Altarriba_Simon1,2020.1.2,MacIntel,60,3358,,,z,1,0.383,0,14,14,26,1,,,,,,,
,,,,,,,,,,,,Images/IncongruentRight.jpeg,Incongruent Right,m,KZ,19,female,y1,N,Y,Mandarin,English,,2021-02-22_12h50.16.557,Tse_Altarriba_Simon1,2020.1.2,MacIntel,60,3358,,,m,1,0.433,0,15,15,33,1,,,,,,,
,,,,,,,,,,,,Images/IncongruentLeft.jpeg,Incongruent Left,z,KZ,19,female,y1,N,Y,Mandarin,English,,2021-02-22_12h50.16.557,Tse_Altarriba_Simon1,2020.1.2,MacIntel,60,3358,,,z,1,0.466,0,16,16,27,1,,,,,,,
,,,,,,,,,,,,Images/IncongruentLeft.jpeg,Incongruent Left,z,KZ,19,female,y1,N,Y,Mandarin,English,,2021-02-22_12h50.16.557,Tse_Altarriba_Simon1,2020.1.2,MacIntel,60,3358,,,z,1,0.466,0,17,17,28,1,,,,,,,
,,,,,,,,,,,,Images/NeurtalRight.jpeg,Neutral Right,m,KZ,19,female,y1,N,Y,Mandarin,English,,2021-02-22_12h50.16.557,Tse_Altarriba_Simon1,2020.1.2,MacIntel,60,3358,,,m,1,0.415,0,18,18,59,1,,,,,,,
,,,,,,,,,,,,Images/NeurtalRight.jpeg,Neutral Right,m,KZ,19,female,y1,N,Y,Mandarin,English,,2021-02-22_12h50.16.557,Tse_Altarriba_Simon1,2020.1.2,MacIntel,60,3358,,,m,1,0.483,0,19,19,53,1,,,,,,,
,,,,,,,,,,,,Images/CongruentLeft.jpeg,Congruent Left,z,KZ,19,female,y1,N,Y,Mandarin,English,,2021-02-22_12h50.16.557,Tse_Altarriba_Simon1,2020.1.2,MacIntel,60,3358,,,z,1,0.5,0,20,20,5,1,,,,,,,
,,,,,,,,,,,,Images/CongruentRight.jpeg,Congruent Right,m,KZ,19,female,y1,N,Y,Mandarin,English,,2021-02-22_12h50.16.557,Tse_Altarriba_Simon1,2020.1.2,MacIntel,60,3358,,,m,1,0.349,0,21,21,15,1,,,,,,,
,,,,,,,,,,,,Images/CongruentRight.jpeg,Congruent Right,m,KZ,19,female,y1,N,Y,Mandarin,English,,2021-02-22_12h50.16.557,Tse_Altarriba_Simon1,2020.1.2,MacIntel,60,3358,,,m,1,0.35,0,22,22,14,1,,,,,,,
,,,,,,,,,,,,Images/NeutralLeft.jpeg,Neutral Left,z,KZ,19,female,y1,N,Y,Mandarin,English,,2021-02-22_12h50.16.557,Tse_Altarriba_Simon1,2020.1.2,MacIntel,60,3358,,,z,1,0.384,0,23,23,44,1,,,,,,,
,,,,,,,,,,,,Images/NeutralLeft.jpeg,Neutral Left,z,KZ,19,female,y1,N,Y,Mandarin,English,,2021-02-22_12h50.16.557,Tse_Altarriba_Simon1,2020.1.2,MacIntel,60,3358,,,z,1,0.365,0,24,24,43,1,,,,,,,
,,,,,,,,,,,,Images/CongruentLeft.jpeg,Congruent Left,z,KZ,19,female,y1,N,Y,Mandarin,English,,2021-02-22_12h50.16.557,Tse_Altarriba_Simon1,2020.1.2,MacIntel,60,3358,,,z,1,0.333,0,25,25,7,1,,,,,,,
,,,,,,,,,,,,Images/CongruentRight.jpeg,Congruent Right,m,KZ,19,female,y1,N,Y,Mandarin,English,,2021-02-22_12h50.16.557,Tse_Altarriba_Simon1,2020.1.2,MacIntel,60,3358,,,m,1,0.282,0,26,26,16,1,,,,,,,
,,,,,,,,,,,,Images/CongruentLeft.jpeg,Congruent Left,z,KZ,19,female,y1,N,Y,Mandarin,English,,2021-02-22_12h50.16.557,Tse_Altarriba_Simon1,2020.1.2,MacIntel,60,3358,,,z,1,0.316,0,27,27,6,1,,,,,,,
,,,,,,,,,,,,Images/NeurtalRight.jpeg,Neutral Right,m,KZ,19,female,y1,N,Y,Mandarin,English,,2021-02-22_12h50.16.557,Tse_Altarriba_Simon1,2020.1.2,MacIntel,60,3358,,,m,1,0.333,0,28,28,55,1,,,,,,,
,,,,,,,,,,,,Images/CongruentRight.jpeg,Congruent Right,m,KZ,19,female,y1,N,Y,Mandarin,English,,2021-02-22_12h50.16.557,Tse_Altarriba_Simon1,2020.1.2,MacIntel,60,3358,,,m,1,0.317,0,29,29,19,1,,,,,,,
,,,,,,,,,,,,Images/CongruentLeft.jpeg,Congruent Left,z,KZ,19,female,y1,N,Y,Mandarin,English,,2021-02-22_12h50.16.557,Tse_Altarriba_Simon1,2020.1.2,MacIntel,60,3358,,,z,1,0.331,0,30,30,1,1,,,,,,,
,,,,,,,,,,,,Images/IncongruentLeft.jpeg,Incongruent Left,z,KZ,19,female,y1,N,Y,Mandarin,English,,2021-02-22_12h50.16.557,Tse_Altarriba_Simon1,2020.1.2,MacIntel,60,3358,,,m,0,0.332,0,31,31,24,1,,,,,,,
,,,,,,,,,,,,Images/CongruentLeft.jpeg,Congruent Left,z,KZ,19,female,y1,N,Y,Mandarin,English,,2021-02-22_12h50.16.557,Tse_Altarriba_Simon1,2020.1.2,MacIntel,60,3358,,,z,1,0.316,0,32,32,3,1,,,,,,,
,,,,,,,,,,,,Images/IncongruentLeft.jpeg,Incongruent Left,z,KZ,19,female,y1,N,Y,Mandarin,English,,2021-02-22_12h50.16.557,Tse_Altarriba_Simon1,2020.1.2,MacIntel,60,3358,,,z,1,0.484,0,33,33,29,1,,,,,,,
,,,,,,,,,,,,Images/IncongruentRight.jpeg,Incongruent Right,m,KZ,19,female,y1,N,Y,Mandarin,English,,2021-02-22_12h50.16.557,Tse_Altarriba_Simon1,2020.1.2,MacIntel,60,3358,,,m,1,0.432,0,34,34,39,1,,,,,,,
,,,,,,,,,,,,Images/CongruentRight.jpeg,Congruent Right,m,KZ,19,female,y1,N,Y,Mandarin,English,,2021-02-22_12h50.16.557,Tse_Altarriba_Simon1,2020.1.2,MacIntel,60,3358,,,m,1,0.565,0,35,35,12,1,,,,,,,
,,,,,,,,,,,,Images/IncongruentRight.jpeg,Incongruent Right,m,KZ,19,female,y1,N,Y,Mandarin,English,,2021-02-22_12h50.16.557,Tse_Altarriba_Simon1,2020.1.2,MacIntel,60,3358,,,z,0,0.3,0,36,36,30,1,,,,,,,
,,,,,,,,,,,,Images/NeurtalRight.jpeg,Neutral Right,m,KZ,19,female,y1,N,Y,Mandarin,English,,2021-02-22_12h50.16.557,Tse_Altarriba_Simon1,2020.1.2,MacIntel,60,3358,,,m,1,0.382,0,37,37,50,1,,,,,,,
,,,,,,,,,,,,Images/NeurtalRight.jpeg,Neutral Right,m,KZ,19,female,y1,N,Y,Mandarin,English,,2021-02-22_12h50.16.557,Tse_Altarriba_Simon1,2020.1.2,MacIntel,60,3358,,,m,1,0.383,0,38,38,58,1,,,,,,,
,,,,,,,,,,,,Images/IncongruentRight.jpeg,Incongruent Right,m,KZ,19,female,y1,N,Y,Mandarin,English,,2021-02-22_12h50.16.557,Tse_Altarriba_Simon1,2020.1.2,MacIntel,60,3358,,,m,1,0.466,0,39,39,32,1,,,,,,,
,,,,,,,,,,,,Images/NeutralLeft.jpeg,Neutral Left,z,KZ,19,female,y1,N,Y,Mandarin,English,,2021-02-22_12h50.16.557,Tse_Altarriba_Simon1,2020.1.2,MacIntel,60,3358,,,z,1,0.431,0,40,40,49,1,,,,,,,
,,,,,,,,,,,,Images/NeutralLeft.jpeg,Neutral Left,z,KZ,19,female,y1,N,Y,Mandarin,English,,2021-02-22_12h50.16.557,Tse_Altarriba_Simon1,2020.1.2,MacIntel,60,3358,,,z,1,0.434,0,41,41,40,1,,,,,,,
,,,,,,,,,,,,Images/CongruentLeft.jpeg,Congruent Left,z,KZ,19,female,y1,N,Y,Mandarin,English,,2021-02-22_12h50.16.557,Tse_Altarriba_Simon1,2020.1.2,MacIntel,60,3358,,,z,1,0.449,0,42,42,4,1,,,,,,,
,,,,,,,,,,,,Images/IncongruentRight.jpeg,Incongruent Right,m,KZ,19,female,y1,N,Y,Mandarin,English,,2021-02-22_12h50.16.557,Tse_Altarriba_Simon1,2020.1.2,MacIntel,60,3358,,,m,1,0.433,0,43,43,31,1,,,,,,,
,,,,,,,,,,,,Images/NeutralLeft.jpeg,Neutral Left,z,KZ,19,female,y1,N,Y,Mandarin,English,,2021-02-22_12h50.16.557,Tse_Altarriba_Simon1,2020.1.2,MacIntel,60,3358,,,z,1,0.5,0,44,44,45,1,,,,,,,
,,,,,,,,,,,,Images/CongruentRight.jpeg,Congruent Right,m,KZ,19,female,y1,N,Y,Mandarin,English,,2021-02-22_12h50.16.557,Tse_Altarriba_Simon1,2020.1.2,MacIntel,60,3358,,,m,1,0.366,0,45,45,10,1,,,,,,,
,,,,,,,,,,,,Images/NeutralLeft.jpeg,Neutral Left,z,KZ,19,female,y1,N,Y,Mandarin,English,,2021-02-22_12h50.16.557,Tse_Altarriba_Simon1,2020.1.2,MacIntel,60,3358,,,z,1,0.349,0,46,46,41,1,,,,,,,
,,,,,,,,,,,,Images/NeutralLeft.jpeg,Neutral Left,z,KZ,19,female,y1,N,Y,Mandarin,English,,2021-02-22_12h50.16.557,Tse_Altarriba_Simon1,2020.1.2,MacIntel,60,3358,,,z,1,0.35,0,47,47,47,1,,,,,,,
,,,,,,,,,,,,Images/NeurtalRight.jpeg,Neutral Right,m,KZ,19,female,y1,N,Y,Mandarin,English,,2021-02-22_12h50.16.557,Tse_Altarriba_Simon1,2020.1.2,MacIntel,60,3358,,,m,1,0.398,0,48,48,54,1,,,,,,,
,,,,,,,,,,,,Images/CongruentLeft.jpeg,Congruent Left,z,KZ,19,female,y1,N,Y,Mandarin,English,,2021-02-22_12h50.16.557,Tse_Altarriba_Simon1,2020.1.2,MacIntel,60,3358,,,z,1,0.381,0,49,49,8,1,,,,,,,
,,,,,,,,,,,,Images/IncongruentLeft.jpeg,Incongruent Left,z,KZ,19,female,y1,N,Y,Mandarin,English,,2021-02-22_12h50.16.557,Tse_Altarriba_Simon1,2020.1.2,MacIntel,60,3358,,,z,1,0.415,0,50,50,21,1,,,,,,,
,,,,,,,,,,,,Images/NeurtalRight.jpeg,Neutral Right,m,KZ,19,female,y1,N,Y,Mandarin,English,,2021-02-22_12h50.16.557,Tse_Altarriba_Simon1,2020.1.2,MacIntel,60,3358,,,m,1,0.415,0,51,51,52,1,,,,,,,
,,,,,,,,,,,,Images/IncongruentLeft.jpeg,Incongruent Left,z,KZ,19,female,y1,N,Y,Mandarin,English,,2021-02-22_12h50.16.557,Tse_Altarriba_Simon1,2020.1.2,MacIntel,60,3358,,,z,1,0.399,0,52,52,23,1,,,,,,,
,,,,,,,,,,,,Images/IncongruentRight.jpeg,Incongruent Right,m,KZ,19,female,y1,N,Y,Mandarin,English,,2021-02-22_12h50.16.557,Tse_Altarriba_Simon1,2020.1.2,MacIntel,60,3358,,,m,1,0.396,0,53,53,35,1,,,,,,,
,,,,,,,,,,,,Images/NeurtalRight.jpeg,Neutral Right,m,KZ,19,female,y1,N,Y,Mandarin,English,,2021-02-22_12h50.16.557,Tse_Altarriba_Simon1,2020.1.2,MacIntel,60,3358,,,m,1,0.382,0,54,54,51,1,,,,,,,
,,,,,,,,,,,,Images/NeurtalRight.jpeg,Neutral Right,m,KZ,19,female,y1,N,Y,Mandarin,English,,2021-02-22_12h50.16.557,Tse_Altarriba_Simon1,2020.1.2,MacIntel,60,3358,,,m,1,0.416,0,55,55,57,1,,,,,,,
,,,,,,,,,,,,Images/IncongruentRight.jpeg,Incongruent Right,m,KZ,19,female,y1,N,Y,Mandarin,English,,2021-02-22_12h50.16.557,Tse_Altarriba_Simon1,2020.1.2,MacIntel,60,3358,,,m,1,0.533,0,56,56,37,1,,,,,,,
,,,,,,,,,,,,Images/CongruentRight.jpeg,Congruent Right,m,KZ,19,female,y1,N,Y,Mandarin,English,,2021-02-22_12h50.16.557,Tse_Altarriba_Simon1,2020.1.2,MacIntel,60,3358,,,m,1,0.331,0,57,57,13,1,,,,,,,
,,,,,,,,,,,,Images/CongruentRight.jpeg,Congruent Right,m,KZ,19,female,y1,N,Y,Mandarin,English,,2021-02-22_12h50.16.557,Tse_Altarriba_Simon1,2020.1.2,MacIntel,60,3358,,,m,1,0.367,0,58,58,17,1,,,,,,,
,,,,,,,,,,,,Images/CongruentLeft.jpeg,Congruent Left,z,KZ,19,female,y1,N,Y,Mandarin,English,,2021-02-22_12h50.16.557,Tse_Altarriba_Simon1,2020.1.2,MacIntel,60,3358,,,z,1,0.399,0,59,59,9,1,,,,,,,
,,,,,,,,,,,,Images/NeutralLeft.jpeg,Neutral Left,z,KZ,19,female,y1,N,Y,Mandarin,English,,2021-02-22_12h50.16.557,Tse_Altarriba_Simon1,2020.1.2,MacIntel,60,3358,,,z,1,0.415,,,,,,space,6.589,0,0,0,49,1
,,,,,,,,,,,,Images/CongruentRight.jpeg,Congruent Right,m,KZ,19,female,y1,N,Y,Mandarin,English,,2021-02-22_12h50.16.557,Tse_Altarriba_Simon1,2020.1.2,MacIntel,60,3358,,,m,1,0.314,,,,,,,,0,1,1,11,1
,,,,,,,,,,,,Images/IncongruentRight.jpeg,Incongruent Right,m,KZ,19,female,y1,N,Y,Mandarin,English,,2021-02-22_12h50.16.557,Tse_Altarriba_Simon1,2020.1.2,MacIntel,60,3358,,,z,0,0.348,,,,,,,,0,2,2,32,1
,,,,,,,,,,,,Images/IncongruentLeft.jpeg,Incongruent Left,z,KZ,19,female,y1,N,Y,Mandarin,English,,2021-02-22_12h50.16.557,Tse_Altarriba_Simon1,2020.1.2,MacIntel,60,3358,,,z,1,0.466,,,,,,,,0,3,3,23,1
,,,,,,,,,,,,Images/NeurtalRight.jpeg,Neutral Right,m,KZ,19,female,y1,N,Y,Mandarin,English,,2021-02-22_12h50.16.557,Tse_Altarriba_Simon1,2020.1.2,MacIntel,60,3358,,,m,1,0.399,,,,,,,,0,4,4,58,1
,,,,,,,,,,,,Images/NeurtalRight.jpeg,Neutral Right,m,KZ,19,female,y1,N,Y,Mandarin,English,,2021-02-22_12h50.16.557,Tse_Altarriba_Simon1,2020.1.2,MacIntel,60,3358,,,m,1,0.348,,,,,,,,0,5,5,59,1
,,,,,,,,,,,,Images/CongruentRight.jpeg,Congruent Right,m,KZ,19,female,y1,N,Y,Mandarin,English,,2021-02-22_12h50.16.557,Tse_Altarriba_Simon1,2020.1.2,MacIntel,60,3358,,,m,1,0.366,,,,,,,,0,6,6,17,1
,,,,,,,,,,,,Images/IncongruentRight.jpeg,Incongruent Right,m,KZ,19,female,y1,N,Y,Mandarin,English,,2021-02-22_12h50.16.557,Tse_Altarriba_Simon1,2020.1.2,MacIntel,60,3358,,,m,1,0.534,,,,,,,,0,7,7,31,1
,,,,,,,,,,,,Images/NeutralLeft.jpeg,Neutral Left,z,KZ,19,female,y1,N,Y,Mandarin,English,,2021-02-22_12h50.16.557,Tse_Altarriba_Simon1,2020.1.2,MacIntel,60,3358,,,z,1,0.431,,,,,,,,0,8,8,48,1
,,,,,,,,,,,,Images/IncongruentRight.jpeg,Incongruent Right,m,KZ,19,female,y1,N,Y,Mandarin,English,,2021-02-22_12h50.16.557,Tse_Altarriba_Simon1,2020.1.2,MacIntel,60,3358,,,m,1,0.831,,,,,,,,0,9,9,36,1
,,,,,,,,,,,,Images/NeurtalRight.jpeg,Neutral Right,m,KZ,19,female,y1,N,Y,Mandarin,English,,2021-02-22_12h50.16.557,Tse_Altarriba_Simon1,2020.1.2,MacIntel,60,3358,,,m,1,0.401,,,,,,,,0,10,10,51,1
,,,,,,,,,,,,Images/CongruentRight.jpeg,Congruent Right,m,KZ,19,female,y1,N,Y,Mandarin,English,,2021-02-22_12h50.16.557,Tse_Altarriba_Simon1,2020.1.2,MacIntel,60,3358,,,m,1,0.381,,,,,,,,0,11,11,19,1
,,,,,,,,,,,,Images/IncongruentRight.jpeg,Incongruent Right,m,KZ,19,female,y1,N,Y,Mandarin,English,,2021-02-22_12h50.16.557,Tse_Altarriba_Simon1,2020.1.2,MacIntel,60,3358,,,m,1,0.448,,,,,,,,0,12,12,37,1
,,,,,,,,,,,,Images/NeutralLeft.jpeg,Neutral Left,z,KZ,19,female,y1,N,Y,Mandarin,English,,2021-02-22_12h50.16.557,Tse_Altarriba_Simon1,2020.1.2,MacIntel,60,3358,,,z,1,0.384,,,,,,,,0,13,13,40,1
,,,,,,,,,,,,Images/NeurtalRight.jpeg,Neutral Right,m,KZ,19,female,y1,N,Y,Mandarin,English,,2021-02-22_12h50.16.557,Tse_Altarriba_Simon1,2020.1.2,MacIntel,60,3358,,,m,1,0.548,,,,,,,,0,14,14,54,1
,,,,,,,,,,,,Images/CongruentLeft.jpeg,Congruent Left,z,KZ,19,female,y1,N,Y,Mandarin,English,,2021-02-22_12h50.16.557,Tse_Altarriba_Simon1,2020.1.2,MacIntel,60,3358,,,z,1,0.399,,,,,,,,0,15,15,1,1
,,,,,,,,,,,,Images/NeutralLeft.jpeg,Neutral Left,z,KZ,19,female,y1,N,Y,Mandarin,English,,2021-02-22_12h50.16.557,Tse_Altarriba_Simon1,2020.1.2,MacIntel,60,3358,,,z,1,0.4,,,,,,,,0,16,16,43,1
,,,,,,,,,,,,Images/IncongruentRight.jpeg,Incongruent Right,m,KZ,19,female,y1,N,Y,Mandarin,English,,2021-02-22_12h50.16.557,Tse_Altarriba_Simon1,2020.1.2,MacIntel,60,3358,,,m,1,0.433,,,,,,,,0,17,17,35,1
,,,,,,,,,,,,Images/NeutralLeft.jpeg,Neutral Left,z,KZ,19,female,y1,N,Y,Mandarin,English,,2021-02-22_12h50.16.557,Tse_Altarriba_Simon1,2020.1.2,MacIntel,60,3358,,,z,1,0.466,,,,,,,,0,18,18,45,1
,,,,,,,,,,,,Images/IncongruentLeft.jpeg,Incongruent Left,z,KZ,19,female,y1,N,Y,Mandarin,English,,2021-02-22_12h50.16.557,Tse_Altarriba_Simon1,2020.1.2,MacIntel,60,3358,,,z,1,0.482,,,,,,,,0,19,19,28,1
,,,,,,,,,,,,Images/CongruentRight.jpeg,Congruent Right,m,KZ,19,female,y1,N,Y,Mandarin,English,,2021-02-22_12h50.16.557,Tse_Altarriba_Simon1,2020.1.2,MacIntel,60,3358,,,m,1,0.333,,,,,,,,0,20,20,13,1
,,,,,,,,,,,,Images/NeurtalRight.jpeg,Neutral Right,m,KZ,19,female,y1,N,Y,Mandarin,English,,2021-02-22_12h50.16.557,Tse_Altarriba_Simon1,2020.1.2,MacIntel,60,3358,,,m,1,0.483,,,,,,,,0,21,21,55,1
,,,,,,,,,,,,Images/IncongruentLeft.jpeg,Incongruent Left,z,KZ,19,female,y1,N,Y,Mandarin,English,,2021-02-22_12h50.16.557,Tse_Altarriba_Simon1,2020.1.2,MacIntel,60,3358,,,z,1,0.449,,,,,,,,0,22,22,26,1
,,,,,,,,,,,,Images/CongruentLeft.jpeg,Congruent Left,z,KZ,19,female,y1,N,Y,Mandarin,English,,2021-02-22_12h50.16.557,Tse_Altarriba_Simon1,2020.1.2,MacIntel,60,3358,,,z,1,0.515,,,,,,,,0,23,23,0,1
,,,,,,,,,,,,Images/CongruentLeft.jpeg,Congruent Left,z,KZ,19,female,y1,N,Y,Mandarin,English,,2021-02-22_12h50.16.557,Tse_Altarriba_Simon1,2020.1.2,MacIntel,60,3358,,,z,1,0.384,,,,,,,,0,24,24,6,1
,,,,,,,,,,,,Images/NeurtalRight.jpeg,Neutral Right,m,KZ,19,female,y1,N,Y,Mandarin,English,,2021-02-22_12h50.16.557,Tse_Altarriba_Simon1,2020.1.2,MacIntel,60,3358,,,m,1,0.348,,,,,,,,0,25,25,52,1
,,,,,,,,,,,,Images/CongruentRight.jpeg,Congruent Right,m,KZ,19,female,y1,N,Y,Mandarin,English,,2021-02-22_12h50.16.557,Tse_Altarriba_Simon1,2020.1.2,MacIntel,60,3358,,,m,1,0.349,,,,,,,,0,26,26,15,1
,,,,,,,,,,,,Images/NeurtalRight.jpeg,Neutral Right,m,KZ,19,female,y1,N,Y,Mandarin,English,,2021-02-22_12h50.16.557,Tse_Altarriba_Simon1,2020.1.2,MacIntel,60,3358,,,m,1,0.382,,,,,,,,0,27,27,53,1
,,,,,,,,,,,,Images/IncongruentLeft.jpeg,Incongruent Left,z,KZ,19,female,y1,N,Y,Mandarin,English,,2021-02-22_12h50.16.557,Tse_Altarriba_Simon1,2020.1.2,MacIntel,60,3358,,,z,1,0.567,,,,,,,,0,28,28,22,1
,,,,,,,,,,,,Images/IncongruentRight.jpeg,Incongruent Right,m,KZ,19,female,y1,N,Y,Mandarin,English,,2021-02-22_12h50.16.557,Tse_Altarriba_Simon1,2020.1.2,MacIntel,60,3358,,,m,1,0.434,,,,,,,,0,29,29,39,1
,,,,,,,,,,,,Images/IncongruentLeft.jpeg,Incongruent Left,z,KZ,19,female,y1,N,Y,Mandarin,English,,2021-02-22_12h50.16.557,Tse_Altarriba_Simon1,2020.1.2,MacIntel,60,3358,,,z,1,0.481,,,,,,,,0,30,30,27,1
,,,,,,,,,,,,Images/CongruentRight.jpeg,Congruent Right,m,KZ,19,female,y1,N,Y,Mandarin,English,,2021-02-22_12h50.16.557,Tse_Altarriba_Simon1,2020.1.2,MacIntel,60,3358,,,m,1,0.382,,,,,,,,0,31,31,12,1
,,,,,,,,,,,,Images/CongruentRight.jpeg,Congruent Right,m,KZ,19,female,y1,N,Y,Mandarin,English,,2021-02-22_12h50.16.557,Tse_Altarriba_Simon1,2020.1.2,MacIntel,60,3358,,,m,1,0.534,,,,,,,,0,32,32,14,1
,,,,,,,,,,,,Images/IncongruentLeft.jpeg,Incongruent Left,z,KZ,19,female,y1,N,Y,Mandarin,English,,2021-02-22_12h50.16.557,Tse_Altarriba_Simon1,2020.1.2,MacIntel,60,3358,,,z,1,0.416,,,,,,,,0,33,33,24,1
,,,,,,,,,,,,Images/CongruentLeft.jpeg,Congruent Left,z,KZ,19,female,y1,N,Y,Mandarin,English,,2021-02-22_12h50.16.557,Tse_Altarriba_Simon1,2020.1.2,MacIntel,60,3358,,,z,1,0.465,,,,,,,,0,34,34,5,1
,,,,,,,,,,,,Images/NeutralLeft.jpeg,Neutral Left,z,KZ,19,female,y1,N,Y,Mandarin,English,,2021-02-22_12h50.16.557,Tse_Altarriba_Simon1,2020.1.2,MacIntel,60,3358,,,z,1,0.381,,,,,,,,0,35,35,47,1
,,,,,,,,,,,,Images/NeurtalRight.jpeg,Neutral Right,m,KZ,19,female,y1,N,Y,Mandarin,English,,2021-02-22_12h50.16.557,Tse_Altarriba_Simon1,2020.1.2,MacIntel,60,3358,,,m,1,0.449,,,,,,,,0,36,36,57,1
,,,,,,,,,,,,Images/IncongruentLeft.jpeg,Incongruent Left,z,KZ,19,female,y1,N,Y,Mandarin,English,,2021-02-22_12h50.16.557,Tse_Altarriba_Simon1,2020.1.2,MacIntel,60,3358,,,z,1,0.466,,,,,,,,0,37,37,29,1
,,,,,,,,,,,,Images/NeutralLeft.jpeg,Neutral Left,z,KZ,19,female,y1,N,Y,Mandarin,English,,2021-02-22_12h50.16.557,Tse_Altarriba_Simon1,2020.1.2,MacIntel,60,3358,,,z,1,0.365,,,,,,,,0,38,38,46,1
,,,,,,,,,,,,Images/NeurtalRight.jpeg,Neutral Right,m,KZ,19,female,y1,N,Y,Mandarin,English,,2021-02-22_12h50.16.557,Tse_Altarriba_Simon1,2020.1.2,MacIntel,60,3358,,,m,1,0.433,,,,,,,,0,39,39,56,1
,,,,,,,,,,,,Images/IncongruentRight.jpeg,Incongruent Right,m,KZ,19,female,y1,N,Y,Mandarin,English,,2021-02-22_12h50.16.557,Tse_Altarriba_Simon1,2020.1.2,MacIntel,60,3358,,,m,1,0.516,,,,,,,,0,40,40,34,1
,,,,,,,,,,,,Images/CongruentLeft.jpeg,Congruent Left,z,KZ,19,female,y1,N,Y,Mandarin,English,,2021-02-22_12h50.16.557,Tse_Altarriba_Simon1,2020.1.2,MacIntel,60,3358,,,z,1,0.35,,,,,,,,0,41,41,8,1
,,,,,,,,,,,,Images/CongruentLeft.jpeg,Congruent Left,z,KZ,19,female,y1,N,Y,Mandarin,English,,2021-02-22_12h50.16.557,Tse_Altarriba_Simon1,2020.1.2,MacIntel,60,3358,,,z,1,0.349,,,,,,,,0,42,42,4,1
,,,,,,,,,,,,Images/CongruentRight.jpeg,Congruent Right,m,KZ,19,female,y1,N,Y,Mandarin,English,,2021-02-22_12h50.16.557,Tse_Altarriba_Simon1,2020.1.2,MacIntel,60,3358,,,m,1,0.349,,,,,,,,0,43,43,18,1
,,,,,,,,,,,,Images/CongruentRight.jpeg,Congruent Right,m,KZ,19,female,y1,N,Y,Mandarin,English,,2021-02-22_12h50.16.557,Tse_Altarriba_Simon1,2020.1.2,MacIntel,60,3358,,,m,1,0.499,,,,,,,,0,44,44,10,1
,,,,,,,,,,,,Images/CongruentRight.jpeg,Congruent Right,m,KZ,19,female,y1,N,Y,Mandarin,English,,2021-02-22_12h50.16.557,Tse_Altarriba_Simon1,2020.1.2,MacIntel,60,3358,,,m,1,0.35,,,,,,,,0,45,45,16,1
,,,,,,,,,,,,Images/IncongruentLeft.jpeg,Incongruent Left,z,KZ,19,female,y1,N,Y,Mandarin,English,,2021-02-22_12h50.16.557,Tse_Altarriba_Simon1,2020.1.2,MacIntel,60,3358,,,m,0,0.315,,,,,,,,0,46,46,25,1
,,,,,,,,,,,,Images/NeutralLeft.jpeg,Neutral Left,z,KZ,19,female,y1,N,Y,Mandarin,English,,2021-02-22_12h50.16.557,Tse_Altarriba_Simon1,2020.1.2,MacIntel,60,3358,,,z,1,0.399,,,,,,,,0,47,47,44,1
,,,,,,,,,,,,Images/CongruentLeft.jpeg,Congruent Left,z,KZ,19,female,y1,N,Y,Mandarin,English,,2021-02-22_12h50.16.557,Tse_Altarriba_Simon1,2020.1.2,MacIntel,60,3358,,,z,1,0.399,,,,,,,,0,48,48,2,1
,,,,,,,,,,,,Images/NeutralLeft.jpeg,Neutral Left,z,KZ,19,female,y1,N,Y,Mandarin,English,,2021-02-22_12h50.16.557,Tse_Altarriba_Simon1,2020.1.2,MacIntel,60,3358,,,z,1,0.382,,,,,,,,0,49,49,41,1
,,,,,,,,,,,,Images/IncongruentLeft.jpeg,Incongruent Left,z,KZ,19,female,y1,N,Y,Mandarin,English,,2021-02-22_12h50.16.557,Tse_Altarriba_Simon1,2020.1.2,MacIntel,60,3358,,,z,1,0.414,,,,,,,,0,50,50,21,1
,,,,,,,,,,,,Images/CongruentLeft.jpeg,Congruent Left,z,KZ,19,female,y1,N,Y,Mandarin,English,,2021-02-22_12h50.16.557,Tse_Altarriba_Simon1,2020.1.2,MacIntel,60,3358,,,z,1,0.383,,,,,,,,0,51,51,3,1
,,,,,,,,,,,,Images/NeutralLeft.jpeg,Neutral Left,z,KZ,19,female,y1,N,Y,Mandarin,English,,2021-02-22_12h50.16.557,Tse_Altarriba_Simon1,2020.1.2,MacIntel,60,3358,,,z,1,0.383,,,,,,,,0,52,52,42,1
,,,,,,,,,,,,Images/IncongruentRight.jpeg,Incongruent Right,m,KZ,19,female,y1,N,Y,Mandarin,English,,2021-02-22_12h50.16.557,Tse_Altarriba_Simon1,2020.1.2,MacIntel,60,3358,,,m,1,0.532,,,,,,,,0,53,53,30,1
,,,,,,,,,,,,Images/CongruentLeft.jpeg,Congruent Left,z,KZ,19,female,y1,N,Y,Mandarin,English,,2021-02-22_12h50.16.557,Tse_Altarriba_Simon1,2020.1.2,MacIntel,60,3358,,,z,1,0.348,,,,,,,,0,54,54,7,1
,,,,,,,,,,,,Images/IncongruentRight.jpeg,Incongruent Right,m,KZ,19,female,y1,N,Y,Mandarin,English,,2021-02-22_12h50.16.557,Tse_Altarriba_Simon1,2020.1.2,MacIntel,60,3358,,,m,1,0.716,,,,,,,,0,55,55,33,1
,,,,,,,,,,,,Images/IncongruentRight.jpeg,Incongruent Right,m,KZ,19,female,y1,N,Y,Mandarin,English,,2021-02-22_12h50.16.557,Tse_Altarriba_Simon1,2020.1.2,MacIntel,60,3358,,,m,1,0.514,,,,,,,,0,56,56,38,1
,,,,,,,,,,,,Images/NeurtalRight.jpeg,Neutral Right,m,KZ,19,female,y1,N,Y,Mandarin,English,,2021-02-22_12h50.16.557,Tse_Altarriba_Simon1,2020.1.2,MacIntel,60,3358,,,m,1,0.415,,,,,,,,0,57,57,50,1
,,,,,,,,,,,,Images/IncongruentLeft.jpeg,Incongruent Left,z,KZ,19,female,y1,N,Y,Mandarin,English,,2021-02-22_12h50.16.557,Tse_Altarriba_Simon1,2020.1.2,MacIntel,60,3358,,,z,1,0.349,,,,,,,,0,58,58,20,1
,,,,,,,,,,,,Images/CongruentLeft.jpeg,Congruent Left,z,KZ,19,female,y1,N,Y,Mandarin,English,,2021-02-22_12h50.16.557,Tse_Altarriba_Simon1,2020.1.2,MacIntel,60,3358,,,z,1,0.482,,,,,,,,0,59,59,9,1
