Space1.keys,Space1.rt,Space2.keys,Space2.rt,response.keys,response.corr,response.rt,Practice_loop.thisRepN,Practice_loop.thisTrialN,Practice_loop.thisN,Practice_loop.thisIndex,Practice_loop.ran,ImageFile,Condition,CorrAns,Your initials,What is your age?,What is your gender?,What year are you in?,Are you Dyslexic? (Y/N),Are you bi/multilingual? (Y/N),What is your first language?,"What is your second language? (if you are monollingual, leave blank)",What other languages do you speak?,date,expName,psychopyVersion,OS,frameRate,participant,Space3.keys,Space3.rt,key_resp_2.keys,key_resp_2.corr,key_resp_2.rt,trials.thisRepN,trials.thisTrialN,trials.thisN,trials.thisIndex,trials.ran,Space4.keys,Space4.rt,trials_2.thisRepN,trials_2.thisTrialN,trials_2.thisN,trials_2.thisIndex,trials_2.ran
space,3.031,space,16.19,m,1,0.763,0,0,0,10,1,Images/NeurtalRight.jpeg,Neutral Right,m,LG,21,Female,1st Year,N,N,English,,,2021-02-21_20h37.59.807,Tse_Altarriba_Simon1,2020.1.2,MacIntel,60,3361,,,,,,,,,,,,,,,,,
,,,,z,1,0.766,0,1,1,9,1,Images/NeutralLeft.jpeg,Neutral Left,z,LG,21,Female,1st Year,N,N,English,,,2021-02-21_20h37.59.807,Tse_Altarriba_Simon1,2020.1.2,MacIntel,60,3361,,,,,,,,,,,,,,,,,
,,,,m,1,0.577,0,2,2,7,1,Images/IncongruentRight.jpeg,Incongruent Right,m,LG,21,Female,1st Year,N,N,English,,,2021-02-21_20h37.59.807,Tse_Altarriba_Simon1,2020.1.2,MacIntel,60,3361,,,,,,,,,,,,,,,,,
,,,,z,1,0.632,0,3,3,8,1,Images/NeutralLeft.jpeg,Neutral Left,z,LG,21,Female,1st Year,N,N,English,,,2021-02-21_20h37.59.807,Tse_Altarriba_Simon1,2020.1.2,MacIntel,60,3361,,,,,,,,,,,,,,,,,
,,,,z,1,0.627,0,4,4,0,1,Images/CongruentLeft.jpeg,Congruent Left,z,LG,21,Female,1st Year,N,N,English,,,2021-02-21_20h37.59.807,Tse_Altarriba_Simon1,2020.1.2,MacIntel,60,3361,,,,,,,,,,,,,,,,,
,,,,m,1,0.424,0,5,5,11,1,Images/NeurtalRight.jpeg,Neutral Right,m,LG,21,Female,1st Year,N,N,English,,,2021-02-21_20h37.59.807,Tse_Altarriba_Simon1,2020.1.2,MacIntel,60,3361,,,,,,,,,,,,,,,,,
,,,,m,1,0.499,0,6,6,3,1,Images/CongruentRight.jpeg,Congruent Right,m,LG,21,Female,1st Year,N,N,English,,,2021-02-21_20h37.59.807,Tse_Altarriba_Simon1,2020.1.2,MacIntel,60,3361,,,,,,,,,,,,,,,,,
,,,,m,1,0.416,0,7,7,2,1,Images/CongruentRight.jpeg,Congruent Right,m,LG,21,Female,1st Year,N,N,English,,,2021-02-21_20h37.59.807,Tse_Altarriba_Simon1,2020.1.2,MacIntel,60,3361,,,,,,,,,,,,,,,,,
,,,,z,1,0.425,0,8,8,1,1,Images/CongruentLeft.jpeg,Congruent Left,z,LG,21,Female,1st Year,N,N,English,,,2021-02-21_20h37.59.807,Tse_Altarriba_Simon1,2020.1.2,MacIntel,60,3361,,,,,,,,,,,,,,,,,
,,,,m,0,0.328,0,9,9,5,1,Images/IncongruentLeft.jpeg,Incongruent Left,z,LG,21,Female,1st Year,N,N,English,,,2021-02-21_20h37.59.807,Tse_Altarriba_Simon1,2020.1.2,MacIntel,60,3361,,,,,,,,,,,,,,,,,
,,,,z,1,0.603,0,10,10,4,1,Images/IncongruentLeft.jpeg,Incongruent Left,z,LG,21,Female,1st Year,N,N,English,,,2021-02-21_20h37.59.807,Tse_Altarriba_Simon1,2020.1.2,MacIntel,60,3361,,,,,,,,,,,,,,,,,
,,,,m,1,0.505,0,11,11,6,1,Images/IncongruentRight.jpeg,Incongruent Right,m,LG,21,Female,1st Year,N,N,English,,,2021-02-21_20h37.59.807,Tse_Altarriba_Simon1,2020.1.2,MacIntel,60,3361,,,,,,,,,,,,,,,,,
,,,,,,,,,,,,Images/IncongruentRight.jpeg,Incongruent Right,m,LG,21,Female,1st Year,N,N,English,,,2021-02-21_20h37.59.807,Tse_Altarriba_Simon1,2020.1.2,MacIntel,60,3361,space,8.255,m,1,0.629,0,0,0,38,1,,,,,,,
,,,,,,,,,,,,Images/IncongruentRight.jpeg,Incongruent Right,m,LG,21,Female,1st Year,N,N,English,,,2021-02-21_20h37.59.807,Tse_Altarriba_Simon1,2020.1.2,MacIntel,60,3361,,,m,1,0.47,0,1,1,33,1,,,,,,,
,,,,,,,,,,,,Images/CongruentLeft.jpeg,Congruent Left,z,LG,21,Female,1st Year,N,N,English,,,2021-02-21_20h37.59.807,Tse_Altarriba_Simon1,2020.1.2,MacIntel,60,3361,,,z,1,0.669,0,2,2,4,1,,,,,,,
,,,,,,,,,,,,Images/NeurtalRight.jpeg,Neutral Right,m,LG,21,Female,1st Year,N,N,English,,,2021-02-21_20h37.59.807,Tse_Altarriba_Simon1,2020.1.2,MacIntel,60,3361,,,m,1,0.479,0,3,3,52,1,,,,,,,
,,,,,,,,,,,,Images/IncongruentLeft.jpeg,Incongruent Left,z,LG,21,Female,1st Year,N,N,English,,,2021-02-21_20h37.59.807,Tse_Altarriba_Simon1,2020.1.2,MacIntel,60,3361,,,z,1,0.674,0,4,4,26,1,,,,,,,
,,,,,,,,,,,,Images/CongruentRight.jpeg,Congruent Right,m,LG,21,Female,1st Year,N,N,English,,,2021-02-21_20h37.59.807,Tse_Altarriba_Simon1,2020.1.2,MacIntel,60,3361,,,m,1,0.589,0,5,5,19,1,,,,,,,
,,,,,,,,,,,,Images/CongruentRight.jpeg,Congruent Right,m,LG,21,Female,1st Year,N,N,English,,,2021-02-21_20h37.59.807,Tse_Altarriba_Simon1,2020.1.2,MacIntel,60,3361,,,m,1,0.463,0,6,6,10,1,,,,,,,
,,,,,,,,,,,,Images/CongruentLeft.jpeg,Congruent Left,z,LG,21,Female,1st Year,N,N,English,,,2021-02-21_20h37.59.807,Tse_Altarriba_Simon1,2020.1.2,MacIntel,60,3361,,,z,1,0.361,0,7,7,7,1,,,,,,,
,,,,,,,,,,,,Images/IncongruentLeft.jpeg,Incongruent Left,z,LG,21,Female,1st Year,N,N,English,,,2021-02-21_20h37.59.807,Tse_Altarriba_Simon1,2020.1.2,MacIntel,60,3361,,,z,1,0.656,0,8,8,20,1,,,,,,,
,,,,,,,,,,,,Images/IncongruentLeft.jpeg,Incongruent Left,z,LG,21,Female,1st Year,N,N,English,,,2021-02-21_20h37.59.807,Tse_Altarriba_Simon1,2020.1.2,MacIntel,60,3361,,,z,1,0.454,0,9,9,24,1,,,,,,,
,,,,,,,,,,,,Images/IncongruentLeft.jpeg,Incongruent Left,z,LG,21,Female,1st Year,N,N,English,,,2021-02-21_20h37.59.807,Tse_Altarriba_Simon1,2020.1.2,MacIntel,60,3361,,,z,1,0.423,0,10,10,23,1,,,,,,,
,,,,,,,,,,,,Images/NeutralLeft.jpeg,Neutral Left,z,LG,21,Female,1st Year,N,N,English,,,2021-02-21_20h37.59.807,Tse_Altarriba_Simon1,2020.1.2,MacIntel,60,3361,,,z,1,0.684,0,11,11,41,1,,,,,,,
,,,,,,,,,,,,Images/IncongruentRight.jpeg,Incongruent Right,m,LG,21,Female,1st Year,N,N,English,,,2021-02-21_20h37.59.807,Tse_Altarriba_Simon1,2020.1.2,MacIntel,60,3361,,,m,1,0.538,0,12,12,34,1,,,,,,,
,,,,,,,,,,,,Images/NeutralLeft.jpeg,Neutral Left,z,LG,21,Female,1st Year,N,N,English,,,2021-02-21_20h37.59.807,Tse_Altarriba_Simon1,2020.1.2,MacIntel,60,3361,,,z,1,0.512,0,13,13,43,1,,,,,,,
,,,,,,,,,,,,Images/NeurtalRight.jpeg,Neutral Right,m,LG,21,Female,1st Year,N,N,English,,,2021-02-21_20h37.59.807,Tse_Altarriba_Simon1,2020.1.2,MacIntel,60,3361,,,m,1,0.479,0,14,14,59,1,,,,,,,
,,,,,,,,,,,,Images/IncongruentRight.jpeg,Incongruent Right,m,LG,21,Female,1st Year,N,N,English,,,2021-02-21_20h37.59.807,Tse_Altarriba_Simon1,2020.1.2,MacIntel,60,3361,,,m,1,0.579,0,15,15,36,1,,,,,,,
,,,,,,,,,,,,Images/IncongruentRight.jpeg,Incongruent Right,m,LG,21,Female,1st Year,N,N,English,,,2021-02-21_20h37.59.807,Tse_Altarriba_Simon1,2020.1.2,MacIntel,60,3361,,,m,1,0.468,0,16,16,37,1,,,,,,,
,,,,,,,,,,,,Images/NeutralLeft.jpeg,Neutral Left,z,LG,21,Female,1st Year,N,N,English,,,2021-02-21_20h37.59.807,Tse_Altarriba_Simon1,2020.1.2,MacIntel,60,3361,,,z,1,0.566,0,17,17,44,1,,,,,,,
,,,,,,,,,,,,Images/NeurtalRight.jpeg,Neutral Right,m,LG,21,Female,1st Year,N,N,English,,,2021-02-21_20h37.59.807,Tse_Altarriba_Simon1,2020.1.2,MacIntel,60,3361,,,m,1,0.643,0,18,18,58,1,,,,,,,
,,,,,,,,,,,,Images/IncongruentLeft.jpeg,Incongruent Left,z,LG,21,Female,1st Year,N,N,English,,,2021-02-21_20h37.59.807,Tse_Altarriba_Simon1,2020.1.2,MacIntel,60,3361,,,z,1,0.509,0,19,19,29,1,,,,,,,
,,,,,,,,,,,,Images/CongruentLeft.jpeg,Congruent Left,z,LG,21,Female,1st Year,N,N,English,,,2021-02-21_20h37.59.807,Tse_Altarriba_Simon1,2020.1.2,MacIntel,60,3361,,,z,1,0.595,0,20,20,2,1,,,,,,,
,,,,,,,,,,,,Images/NeurtalRight.jpeg,Neutral Right,m,LG,21,Female,1st Year,N,N,English,,,2021-02-21_20h37.59.807,Tse_Altarriba_Simon1,2020.1.2,MacIntel,60,3361,,,m,1,0.468,0,21,21,54,1,,,,,,,
,,,,,,,,,,,,Images/IncongruentRight.jpeg,Incongruent Right,m,LG,21,Female,1st Year,N,N,English,,,2021-02-21_20h37.59.807,Tse_Altarriba_Simon1,2020.1.2,MacIntel,60,3361,,,m,1,0.579,0,22,22,39,1,,,,,,,
,,,,,,,,,,,,Images/NeutralLeft.jpeg,Neutral Left,z,LG,21,Female,1st Year,N,N,English,,,2021-02-21_20h37.59.807,Tse_Altarriba_Simon1,2020.1.2,MacIntel,60,3361,,,z,1,0.481,0,23,23,48,1,,,,,,,
,,,,,,,,,,,,Images/NeutralLeft.jpeg,Neutral Left,z,LG,21,Female,1st Year,N,N,English,,,2021-02-21_20h37.59.807,Tse_Altarriba_Simon1,2020.1.2,MacIntel,60,3361,,,z,1,0.443,0,24,24,40,1,,,,,,,
,,,,,,,,,,,,Images/IncongruentLeft.jpeg,Incongruent Left,z,LG,21,Female,1st Year,N,N,English,,,2021-02-21_20h37.59.807,Tse_Altarriba_Simon1,2020.1.2,MacIntel,60,3361,,,z,1,0.701,0,25,25,28,1,,,,,,,
,,,,,,,,,,,,Images/CongruentLeft.jpeg,Congruent Left,z,LG,21,Female,1st Year,N,N,English,,,2021-02-21_20h37.59.807,Tse_Altarriba_Simon1,2020.1.2,MacIntel,60,3361,,,z,1,0.691,0,26,26,9,1,,,,,,,
,,,,,,,,,,,,Images/CongruentLeft.jpeg,Congruent Left,z,LG,21,Female,1st Year,N,N,English,,,2021-02-21_20h37.59.807,Tse_Altarriba_Simon1,2020.1.2,MacIntel,60,3361,,,z,1,0.394,0,27,27,6,1,,,,,,,
,,,,,,,,,,,,Images/IncongruentLeft.jpeg,Incongruent Left,z,LG,21,Female,1st Year,N,N,English,,,2021-02-21_20h37.59.807,Tse_Altarriba_Simon1,2020.1.2,MacIntel,60,3361,,,z,1,0.493,0,28,28,27,1,,,,,,,
,,,,,,,,,,,,Images/NeutralLeft.jpeg,Neutral Left,z,LG,21,Female,1st Year,N,N,English,,,2021-02-21_20h37.59.807,Tse_Altarriba_Simon1,2020.1.2,MacIntel,60,3361,,,z,1,0.545,0,29,29,49,1,,,,,,,
,,,,,,,,,,,,Images/CongruentLeft.jpeg,Congruent Left,z,LG,21,Female,1st Year,N,N,English,,,2021-02-21_20h37.59.807,Tse_Altarriba_Simon1,2020.1.2,MacIntel,60,3361,,,z,1,0.481,0,30,30,3,1,,,,,,,
,,,,,,,,,,,,Images/CongruentRight.jpeg,Congruent Right,m,LG,21,Female,1st Year,N,N,English,,,2021-02-21_20h37.59.807,Tse_Altarriba_Simon1,2020.1.2,MacIntel,60,3361,,,m,1,0.446,0,31,31,11,1,,,,,,,
,,,,,,,,,,,,Images/CongruentRight.jpeg,Congruent Right,m,LG,21,Female,1st Year,N,N,English,,,2021-02-21_20h37.59.807,Tse_Altarriba_Simon1,2020.1.2,MacIntel,60,3361,,,m,1,0.41,0,32,32,13,1,,,,,,,
,,,,,,,,,,,,Images/CongruentRight.jpeg,Congruent Right,m,LG,21,Female,1st Year,N,N,English,,,2021-02-21_20h37.59.807,Tse_Altarriba_Simon1,2020.1.2,MacIntel,60,3361,,,m,1,0.435,0,33,33,17,1,,,,,,,
,,,,,,,,,,,,Images/CongruentLeft.jpeg,Congruent Left,z,LG,21,Female,1st Year,N,N,English,,,2021-02-21_20h37.59.807,Tse_Altarriba_Simon1,2020.1.2,MacIntel,60,3361,,,z,1,0.582,0,34,34,1,1,,,,,,,
,,,,,,,,,,,,Images/IncongruentRight.jpeg,Incongruent Right,m,LG,21,Female,1st Year,N,N,English,,,2021-02-21_20h37.59.807,Tse_Altarriba_Simon1,2020.1.2,MacIntel,60,3361,,,m,1,0.564,0,35,35,30,1,,,,,,,
,,,,,,,,,,,,Images/NeurtalRight.jpeg,Neutral Right,m,LG,21,Female,1st Year,N,N,English,,,2021-02-21_20h37.59.807,Tse_Altarriba_Simon1,2020.1.2,MacIntel,60,3361,,,m,1,0.455,0,36,36,55,1,,,,,,,
,,,,,,,,,,,,Images/CongruentLeft.jpeg,Congruent Left,z,LG,21,Female,1st Year,N,N,English,,,2021-02-21_20h37.59.807,Tse_Altarriba_Simon1,2020.1.2,MacIntel,60,3361,,,z,1,0.599,0,37,37,5,1,,,,,,,
,,,,,,,,,,,,Images/CongruentRight.jpeg,Congruent Right,m,LG,21,Female,1st Year,N,N,English,,,2021-02-21_20h37.59.807,Tse_Altarriba_Simon1,2020.1.2,MacIntel,60,3361,,,m,1,0.543,0,38,38,18,1,,,,,,,
,,,,,,,,,,,,Images/CongruentRight.jpeg,Congruent Right,m,LG,21,Female,1st Year,N,N,English,,,2021-02-21_20h37.59.807,Tse_Altarriba_Simon1,2020.1.2,MacIntel,60,3361,,,m,1,0.442,0,39,39,16,1,,,,,,,
,,,,,,,,,,,,Images/NeutralLeft.jpeg,Neutral Left,z,LG,21,Female,1st Year,N,N,English,,,2021-02-21_20h37.59.807,Tse_Altarriba_Simon1,2020.1.2,MacIntel,60,3361,,,z,1,0.513,0,40,40,42,1,,,,,,,
,,,,,,,,,,,,Images/CongruentRight.jpeg,Congruent Right,m,LG,21,Female,1st Year,N,N,English,,,2021-02-21_20h37.59.807,Tse_Altarriba_Simon1,2020.1.2,MacIntel,60,3361,,,m,1,0.452,0,41,41,15,1,,,,,,,
,,,,,,,,,,,,Images/NeutralLeft.jpeg,Neutral Left,z,LG,21,Female,1st Year,N,N,English,,,2021-02-21_20h37.59.807,Tse_Altarriba_Simon1,2020.1.2,MacIntel,60,3361,,,z,1,0.52,0,42,42,46,1,,,,,,,
,,,,,,,,,,,,Images/IncongruentLeft.jpeg,Incongruent Left,z,LG,21,Female,1st Year,N,N,English,,,2021-02-21_20h37.59.807,Tse_Altarriba_Simon1,2020.1.2,MacIntel,60,3361,,,z,1,0.534,0,43,43,21,1,,,,,,,
,,,,,,,,,,,,Images/NeutralLeft.jpeg,Neutral Left,z,LG,21,Female,1st Year,N,N,English,,,2021-02-21_20h37.59.807,Tse_Altarriba_Simon1,2020.1.2,MacIntel,60,3361,,,z,1,0.432,0,44,44,45,1,,,,,,,
,,,,,,,,,,,,Images/CongruentLeft.jpeg,Congruent Left,z,LG,21,Female,1st Year,N,N,English,,,2021-02-21_20h37.59.807,Tse_Altarriba_Simon1,2020.1.2,MacIntel,60,3361,,,z,1,0.467,0,45,45,0,1,,,,,,,
,,,,,,,,,,,,Images/CongruentLeft.jpeg,Congruent Left,z,LG,21,Female,1st Year,N,N,English,,,2021-02-21_20h37.59.807,Tse_Altarriba_Simon1,2020.1.2,MacIntel,60,3361,,,z,1,0.357,0,46,46,8,1,,,,,,,
,,,,,,,,,,,,Images/IncongruentRight.jpeg,Incongruent Right,m,LG,21,Female,1st Year,N,N,English,,,2021-02-21_20h37.59.807,Tse_Altarriba_Simon1,2020.1.2,MacIntel,60,3361,,,m,1,0.586,0,47,47,35,1,,,,,,,
,,,,,,,,,,,,Images/CongruentRight.jpeg,Congruent Right,m,LG,21,Female,1st Year,N,N,English,,,2021-02-21_20h37.59.807,Tse_Altarriba_Simon1,2020.1.2,MacIntel,60,3361,,,m,1,0.446,0,48,48,12,1,,,,,,,
,,,,,,,,,,,,Images/IncongruentLeft.jpeg,Incongruent Left,z,LG,21,Female,1st Year,N,N,English,,,2021-02-21_20h37.59.807,Tse_Altarriba_Simon1,2020.1.2,MacIntel,60,3361,,,z,1,0.642,0,49,49,25,1,,,,,,,
,,,,,,,,,,,,Images/NeurtalRight.jpeg,Neutral Right,m,LG,21,Female,1st Year,N,N,English,,,2021-02-21_20h37.59.807,Tse_Altarriba_Simon1,2020.1.2,MacIntel,60,3361,,,m,1,0.662,0,50,50,56,1,,,,,,,
,,,,,,,,,,,,Images/IncongruentLeft.jpeg,Incongruent Left,z,LG,21,Female,1st Year,N,N,English,,,2021-02-21_20h37.59.807,Tse_Altarriba_Simon1,2020.1.2,MacIntel,60,3361,,,z,1,0.581,0,51,51,22,1,,,,,,,
,,,,,,,,,,,,Images/IncongruentRight.jpeg,Incongruent Right,m,LG,21,Female,1st Year,N,N,English,,,2021-02-21_20h37.59.807,Tse_Altarriba_Simon1,2020.1.2,MacIntel,60,3361,,,m,1,0.418,0,52,52,32,1,,,,,,,
,,,,,,,,,,,,Images/NeurtalRight.jpeg,Neutral Right,m,LG,21,Female,1st Year,N,N,English,,,2021-02-21_20h37.59.807,Tse_Altarriba_Simon1,2020.1.2,MacIntel,60,3361,,,m,1,0.629,0,53,53,50,1,,,,,,,
,,,,,,,,,,,,Images/NeurtalRight.jpeg,Neutral Right,m,LG,21,Female,1st Year,N,N,English,,,2021-02-21_20h37.59.807,Tse_Altarriba_Simon1,2020.1.2,MacIntel,60,3361,,,m,1,0.437,0,54,54,57,1,,,,,,,
,,,,,,,,,,,,Images/NeutralLeft.jpeg,Neutral Left,z,LG,21,Female,1st Year,N,N,English,,,2021-02-21_20h37.59.807,Tse_Altarriba_Simon1,2020.1.2,MacIntel,60,3361,,,z,1,0.476,0,55,55,47,1,,,,,,,
,,,,,,,,,,,,Images/NeurtalRight.jpeg,Neutral Right,m,LG,21,Female,1st Year,N,N,English,,,2021-02-21_20h37.59.807,Tse_Altarriba_Simon1,2020.1.2,MacIntel,60,3361,,,m,1,0.51,0,56,56,53,1,,,,,,,
,,,,,,,,,,,,Images/NeurtalRight.jpeg,Neutral Right,m,LG,21,Female,1st Year,N,N,English,,,2021-02-21_20h37.59.807,Tse_Altarriba_Simon1,2020.1.2,MacIntel,60,3361,,,m,1,0.461,0,57,57,51,1,,,,,,,
,,,,,,,,,,,,Images/CongruentRight.jpeg,Congruent Right,m,LG,21,Female,1st Year,N,N,English,,,2021-02-21_20h37.59.807,Tse_Altarriba_Simon1,2020.1.2,MacIntel,60,3361,,,m,1,0.521,0,58,58,14,1,,,,,,,
,,,,,,,,,,,,Images/IncongruentRight.jpeg,Incongruent Right,m,LG,21,Female,1st Year,N,N,English,,,2021-02-21_20h37.59.807,Tse_Altarriba_Simon1,2020.1.2,MacIntel,60,3361,,,m,1,0.563,0,59,59,31,1,,,,,,,
,,,,,,,,,,,,Images/NeutralLeft.jpeg,Neutral Left,z,LG,21,Female,1st Year,N,N,English,,,2021-02-21_20h37.59.807,Tse_Altarriba_Simon1,2020.1.2,MacIntel,60,3361,,,z,1,0.634,,,,,,space,4.1,0,0,0,44,1
,,,,,,,,,,,,Images/IncongruentLeft.jpeg,Incongruent Left,z,LG,21,Female,1st Year,N,N,English,,,2021-02-21_20h37.59.807,Tse_Altarriba_Simon1,2020.1.2,MacIntel,60,3361,,,z,1,0.573,,,,,,,,0,1,1,20,1
,,,,,,,,,,,,Images/NeutralLeft.jpeg,Neutral Left,z,LG,21,Female,1st Year,N,N,English,,,2021-02-21_20h37.59.807,Tse_Altarriba_Simon1,2020.1.2,MacIntel,60,3361,,,z,1,0.462,,,,,,,,0,2,2,40,1
,,,,,,,,,,,,Images/IncongruentRight.jpeg,Incongruent Right,m,LG,21,Female,1st Year,N,N,English,,,2021-02-21_20h37.59.807,Tse_Altarriba_Simon1,2020.1.2,MacIntel,60,3361,,,m,1,0.534,,,,,,,,0,3,3,38,1
,,,,,,,,,,,,Images/CongruentLeft.jpeg,Congruent Left,z,LG,21,Female,1st Year,N,N,English,,,2021-02-21_20h37.59.807,Tse_Altarriba_Simon1,2020.1.2,MacIntel,60,3361,,,z,1,0.515,,,,,,,,0,4,4,1,1
,,,,,,,,,,,,Images/IncongruentRight.jpeg,Incongruent Right,m,LG,21,Female,1st Year,N,N,English,,,2021-02-21_20h37.59.807,Tse_Altarriba_Simon1,2020.1.2,MacIntel,60,3361,,,m,1,0.665,,,,,,,,0,5,5,36,1
,,,,,,,,,,,,Images/NeutralLeft.jpeg,Neutral Left,z,LG,21,Female,1st Year,N,N,English,,,2021-02-21_20h37.59.807,Tse_Altarriba_Simon1,2020.1.2,MacIntel,60,3361,,,z,1,0.485,,,,,,,,0,6,6,49,1
,,,,,,,,,,,,Images/NeutralLeft.jpeg,Neutral Left,z,LG,21,Female,1st Year,N,N,English,,,2021-02-21_20h37.59.807,Tse_Altarriba_Simon1,2020.1.2,MacIntel,60,3361,,,z,1,0.502,,,,,,,,0,7,7,42,1
,,,,,,,,,,,,Images/NeurtalRight.jpeg,Neutral Right,m,LG,21,Female,1st Year,N,N,English,,,2021-02-21_20h37.59.807,Tse_Altarriba_Simon1,2020.1.2,MacIntel,60,3361,,,m,1,0.503,,,,,,,,0,8,8,51,1
,,,,,,,,,,,,Images/IncongruentRight.jpeg,Incongruent Right,m,LG,21,Female,1st Year,N,N,English,,,2021-02-21_20h37.59.807,Tse_Altarriba_Simon1,2020.1.2,MacIntel,60,3361,,,m,1,0.496,,,,,,,,0,9,9,31,1
,,,,,,,,,,,,Images/IncongruentLeft.jpeg,Incongruent Left,z,LG,21,Female,1st Year,N,N,English,,,2021-02-21_20h37.59.807,Tse_Altarriba_Simon1,2020.1.2,MacIntel,60,3361,,,z,1,0.561,,,,,,,,0,10,10,25,1
,,,,,,,,,,,,Images/CongruentLeft.jpeg,Congruent Left,z,LG,21,Female,1st Year,N,N,English,,,2021-02-21_20h37.59.807,Tse_Altarriba_Simon1,2020.1.2,MacIntel,60,3361,,,z,1,0.785,,,,,,,,0,11,11,5,1
,,,,,,,,,,,,Images/IncongruentLeft.jpeg,Incongruent Left,z,LG,21,Female,1st Year,N,N,English,,,2021-02-21_20h37.59.807,Tse_Altarriba_Simon1,2020.1.2,MacIntel,60,3361,,,z,1,0.484,,,,,,,,0,12,12,23,1
,,,,,,,,,,,,Images/CongruentRight.jpeg,Congruent Right,m,LG,21,Female,1st Year,N,N,English,,,2021-02-21_20h37.59.807,Tse_Altarriba_Simon1,2020.1.2,MacIntel,60,3361,,,m,1,0.54,,,,,,,,0,13,13,16,1
,,,,,,,,,,,,Images/CongruentLeft.jpeg,Congruent Left,z,LG,21,Female,1st Year,N,N,English,,,2021-02-21_20h37.59.807,Tse_Altarriba_Simon1,2020.1.2,MacIntel,60,3361,,,z,1,0.643,,,,,,,,0,14,14,6,1
,,,,,,,,,,,,Images/NeutralLeft.jpeg,Neutral Left,z,LG,21,Female,1st Year,N,N,English,,,2021-02-21_20h37.59.807,Tse_Altarriba_Simon1,2020.1.2,MacIntel,60,3361,,,z,1,0.419,,,,,,,,0,15,15,45,1
,,,,,,,,,,,,Images/NeutralLeft.jpeg,Neutral Left,z,LG,21,Female,1st Year,N,N,English,,,2021-02-21_20h37.59.807,Tse_Altarriba_Simon1,2020.1.2,MacIntel,60,3361,,,z,1,0.426,,,,,,,,0,16,16,46,1
,,,,,,,,,,,,Images/NeutralLeft.jpeg,Neutral Left,z,LG,21,Female,1st Year,N,N,English,,,2021-02-21_20h37.59.807,Tse_Altarriba_Simon1,2020.1.2,MacIntel,60,3361,,,z,1,0.393,,,,,,,,0,17,17,41,1
,,,,,,,,,,,,Images/CongruentLeft.jpeg,Congruent Left,z,LG,21,Female,1st Year,N,N,English,,,2021-02-21_20h37.59.807,Tse_Altarriba_Simon1,2020.1.2,MacIntel,60,3361,,,z,1,0.426,,,,,,,,0,18,18,7,1
,,,,,,,,,,,,Images/CongruentRight.jpeg,Congruent Right,m,LG,21,Female,1st Year,N,N,English,,,2021-02-21_20h37.59.807,Tse_Altarriba_Simon1,2020.1.2,MacIntel,60,3361,,,m,1,0.403,,,,,,,,0,19,19,14,1
,,,,,,,,,,,,Images/NeurtalRight.jpeg,Neutral Right,m,LG,21,Female,1st Year,N,N,English,,,2021-02-21_20h37.59.807,Tse_Altarriba_Simon1,2020.1.2,MacIntel,60,3361,,,m,1,0.448,,,,,,,,0,20,20,59,1
,,,,,,,,,,,,Images/CongruentRight.jpeg,Congruent Right,m,LG,21,Female,1st Year,N,N,English,,,2021-02-21_20h37.59.807,Tse_Altarriba_Simon1,2020.1.2,MacIntel,60,3361,,,m,1,0.435,,,,,,,,0,21,21,12,1
,,,,,,,,,,,,Images/CongruentRight.jpeg,Congruent Right,m,LG,21,Female,1st Year,N,N,English,,,2021-02-21_20h37.59.807,Tse_Altarriba_Simon1,2020.1.2,MacIntel,60,3361,,,m,1,0.383,,,,,,,,0,22,22,11,1
,,,,,,,,,,,,Images/NeutralLeft.jpeg,Neutral Left,z,LG,21,Female,1st Year,N,N,English,,,2021-02-21_20h37.59.807,Tse_Altarriba_Simon1,2020.1.2,MacIntel,60,3361,,,z,1,0.395,,,,,,,,0,23,23,47,1
,,,,,,,,,,,,Images/CongruentLeft.jpeg,Congruent Left,z,LG,21,Female,1st Year,N,N,English,,,2021-02-21_20h37.59.807,Tse_Altarriba_Simon1,2020.1.2,MacIntel,60,3361,,,z,1,0.391,,,,,,,,0,24,24,8,1
,,,,,,,,,,,,Images/IncongruentLeft.jpeg,Incongruent Left,z,LG,21,Female,1st Year,N,N,English,,,2021-02-21_20h37.59.807,Tse_Altarriba_Simon1,2020.1.2,MacIntel,60,3361,,,z,1,0.702,,,,,,,,0,25,25,21,1
,,,,,,,,,,,,Images/CongruentRight.jpeg,Congruent Right,m,LG,21,Female,1st Year,N,N,English,,,2021-02-21_20h37.59.807,Tse_Altarriba_Simon1,2020.1.2,MacIntel,60,3361,,,m,1,0.47,,,,,,,,0,26,26,17,1
,,,,,,,,,,,,Images/CongruentRight.jpeg,Congruent Right,m,LG,21,Female,1st Year,N,N,English,,,2021-02-21_20h37.59.807,Tse_Altarriba_Simon1,2020.1.2,MacIntel,60,3361,,,m,1,0.443,,,,,,,,0,27,27,19,1
,,,,,,,,,,,,Images/IncongruentRight.jpeg,Incongruent Right,m,LG,21,Female,1st Year,N,N,English,,,2021-02-21_20h37.59.807,Tse_Altarriba_Simon1,2020.1.2,MacIntel,60,3361,,,m,1,0.585,,,,,,,,0,28,28,30,1
,,,,,,,,,,,,Images/NeurtalRight.jpeg,Neutral Right,m,LG,21,Female,1st Year,N,N,English,,,2021-02-21_20h37.59.807,Tse_Altarriba_Simon1,2020.1.2,MacIntel,60,3361,,,m,1,0.432,,,,,,,,0,29,29,53,1
,,,,,,,,,,,,Images/IncongruentRight.jpeg,Incongruent Right,m,LG,21,Female,1st Year,N,N,English,,,2021-02-21_20h37.59.807,Tse_Altarriba_Simon1,2020.1.2,MacIntel,60,3361,,,m,1,0.465,,,,,,,,0,30,30,37,1
,,,,,,,,,,,,Images/NeurtalRight.jpeg,Neutral Right,m,LG,21,Female,1st Year,N,N,English,,,2021-02-21_20h37.59.807,Tse_Altarriba_Simon1,2020.1.2,MacIntel,60,3361,,,m,1,0.404,,,,,,,,0,31,31,50,1
,,,,,,,,,,,,Images/CongruentRight.jpeg,Congruent Right,m,LG,21,Female,1st Year,N,N,English,,,2021-02-21_20h37.59.807,Tse_Altarriba_Simon1,2020.1.2,MacIntel,60,3361,,,m,1,0.39,,,,,,,,0,32,32,13,1
,,,,,,,,,,,,Images/IncongruentLeft.jpeg,Incongruent Left,z,LG,21,Female,1st Year,N,N,English,,,2021-02-21_20h37.59.807,Tse_Altarriba_Simon1,2020.1.2,MacIntel,60,3361,,,z,1,0.565,,,,,,,,0,33,33,26,1
,,,,,,,,,,,,Images/NeurtalRight.jpeg,Neutral Right,m,LG,21,Female,1st Year,N,N,English,,,2021-02-21_20h37.59.807,Tse_Altarriba_Simon1,2020.1.2,MacIntel,60,3361,,,m,1,0.498,,,,,,,,0,34,34,54,1
,,,,,,,,,,,,Images/CongruentLeft.jpeg,Congruent Left,z,LG,21,Female,1st Year,N,N,English,,,2021-02-21_20h37.59.807,Tse_Altarriba_Simon1,2020.1.2,MacIntel,60,3361,,,z,1,0.586,,,,,,,,0,35,35,2,1
,,,,,,,,,,,,Images/CongruentRight.jpeg,Congruent Right,m,LG,21,Female,1st Year,N,N,English,,,2021-02-21_20h37.59.807,Tse_Altarriba_Simon1,2020.1.2,MacIntel,60,3361,,,m,1,0.482,,,,,,,,0,36,36,18,1
,,,,,,,,,,,,Images/NeutralLeft.jpeg,Neutral Left,z,LG,21,Female,1st Year,N,N,English,,,2021-02-21_20h37.59.807,Tse_Altarriba_Simon1,2020.1.2,MacIntel,60,3361,,,z,1,0.493,,,,,,,,0,37,37,48,1
,,,,,,,,,,,,Images/NeurtalRight.jpeg,Neutral Right,m,LG,21,Female,1st Year,N,N,English,,,2021-02-21_20h37.59.807,Tse_Altarriba_Simon1,2020.1.2,MacIntel,60,3361,,,m,1,0.453,,,,,,,,0,38,38,55,1
,,,,,,,,,,,,Images/IncongruentLeft.jpeg,Incongruent Left,z,LG,21,Female,1st Year,N,N,English,,,2021-02-21_20h37.59.807,Tse_Altarriba_Simon1,2020.1.2,MacIntel,60,3361,,,z,1,0.436,,,,,,,,0,39,39,28,1
,,,,,,,,,,,,Images/IncongruentRight.jpeg,Incongruent Right,m,LG,21,Female,1st Year,N,N,English,,,2021-02-21_20h37.59.807,Tse_Altarriba_Simon1,2020.1.2,MacIntel,60,3361,,,m,1,0.441,,,,,,,,0,40,40,33,1
,,,,,,,,,,,,Images/NeurtalRight.jpeg,Neutral Right,m,LG,21,Female,1st Year,N,N,English,,,2021-02-21_20h37.59.807,Tse_Altarriba_Simon1,2020.1.2,MacIntel,60,3361,,,m,1,0.417,,,,,,,,0,41,41,56,1
,,,,,,,,,,,,Images/IncongruentLeft.jpeg,Incongruent Left,z,LG,21,Female,1st Year,N,N,English,,,2021-02-21_20h37.59.807,Tse_Altarriba_Simon1,2020.1.2,MacIntel,60,3361,,,z,1,0.41,,,,,,,,0,42,42,29,1
,,,,,,,,,,,,Images/NeurtalRight.jpeg,Neutral Right,m,LG,21,Female,1st Year,N,N,English,,,2021-02-21_20h37.59.807,Tse_Altarriba_Simon1,2020.1.2,MacIntel,60,3361,,,m,1,0.789,,,,,,,,0,43,43,57,1
,,,,,,,,,,,,Images/NeutralLeft.jpeg,Neutral Left,z,LG,21,Female,1st Year,N,N,English,,,2021-02-21_20h37.59.807,Tse_Altarriba_Simon1,2020.1.2,MacIntel,60,3361,,,z,1,0.42,,,,,,,,0,44,44,43,1
,,,,,,,,,,,,Images/IncongruentLeft.jpeg,Incongruent Left,z,LG,21,Female,1st Year,N,N,English,,,2021-02-21_20h37.59.807,Tse_Altarriba_Simon1,2020.1.2,MacIntel,60,3361,,,z,1,0.5,,,,,,,,0,45,45,22,1
,,,,,,,,,,,,Images/CongruentLeft.jpeg,Congruent Left,z,LG,21,Female,1st Year,N,N,English,,,2021-02-21_20h37.59.807,Tse_Altarriba_Simon1,2020.1.2,MacIntel,60,3361,,,z,1,0.459,,,,,,,,0,46,46,0,1
,,,,,,,,,,,,Images/CongruentLeft.jpeg,Congruent Left,z,LG,21,Female,1st Year,N,N,English,,,2021-02-21_20h37.59.807,Tse_Altarriba_Simon1,2020.1.2,MacIntel,60,3361,,,z,1,0.434,,,,,,,,0,47,47,4,1
,,,,,,,,,,,,Images/IncongruentRight.jpeg,Incongruent Right,m,LG,21,Female,1st Year,N,N,English,,,2021-02-21_20h37.59.807,Tse_Altarriba_Simon1,2020.1.2,MacIntel,60,3361,,,m,1,0.537,,,,,,,,0,48,48,39,1
,,,,,,,,,,,,Images/CongruentRight.jpeg,Congruent Right,m,LG,21,Female,1st Year,N,N,English,,,2021-02-21_20h37.59.807,Tse_Altarriba_Simon1,2020.1.2,MacIntel,60,3361,,,m,1,0.503,,,,,,,,0,49,49,10,1
,,,,,,,,,,,,Images/NeurtalRight.jpeg,Neutral Right,m,LG,21,Female,1st Year,N,N,English,,,2021-02-21_20h37.59.807,Tse_Altarriba_Simon1,2020.1.2,MacIntel,60,3361,,,m,1,0.484,,,,,,,,0,50,50,58,1
,,,,,,,,,,,,Images/NeurtalRight.jpeg,Neutral Right,m,LG,21,Female,1st Year,N,N,English,,,2021-02-21_20h37.59.807,Tse_Altarriba_Simon1,2020.1.2,MacIntel,60,3361,,,m,1,0.407,,,,,,,,0,51,51,52,1
,,,,,,,,,,,,Images/CongruentLeft.jpeg,Congruent Left,z,LG,21,Female,1st Year,N,N,English,,,2021-02-21_20h37.59.807,Tse_Altarriba_Simon1,2020.1.2,MacIntel,60,3361,,,z,1,0.423,,,,,,,,0,52,52,9,1
,,,,,,,,,,,,Images/IncongruentLeft.jpeg,Incongruent Left,z,LG,21,Female,1st Year,N,N,English,,,2021-02-21_20h37.59.807,Tse_Altarriba_Simon1,2020.1.2,MacIntel,60,3361,,,z,1,0.698,,,,,,,,0,53,53,27,1
,,,,,,,,,,,,Images/CongruentRight.jpeg,Congruent Right,m,LG,21,Female,1st Year,N,N,English,,,2021-02-21_20h37.59.807,Tse_Altarriba_Simon1,2020.1.2,MacIntel,60,3361,,,m,1,0.511,,,,,,,,0,54,54,15,1
,,,,,,,,,,,,Images/IncongruentRight.jpeg,Incongruent Right,m,LG,21,Female,1st Year,N,N,English,,,2021-02-21_20h37.59.807,Tse_Altarriba_Simon1,2020.1.2,MacIntel,60,3361,,,m,1,0.597,,,,,,,,0,55,55,34,1
,,,,,,,,,,,,Images/IncongruentLeft.jpeg,Incongruent Left,z,LG,21,Female,1st Year,N,N,English,,,2021-02-21_20h37.59.807,Tse_Altarriba_Simon1,2020.1.2,MacIntel,60,3361,,,z,1,0.483,,,,,,,,0,56,56,24,1
,,,,,,,,,,,,Images/IncongruentRight.jpeg,Incongruent Right,m,LG,21,Female,1st Year,N,N,English,,,2021-02-21_20h37.59.807,Tse_Altarriba_Simon1,2020.1.2,MacIntel,60,3361,,,m,1,0.566,,,,,,,,0,57,57,35,1
,,,,,,,,,,,,Images/IncongruentRight.jpeg,Incongruent Right,m,LG,21,Female,1st Year,N,N,English,,,2021-02-21_20h37.59.807,Tse_Altarriba_Simon1,2020.1.2,MacIntel,60,3361,,,m,1,0.46,,,,,,,,0,58,58,32,1
,,,,,,,,,,,,Images/CongruentLeft.jpeg,Congruent Left,z,LG,21,Female,1st Year,N,N,English,,,2021-02-21_20h37.59.807,Tse_Altarriba_Simon1,2020.1.2,MacIntel,60,3361,,,z,1,0.522,,,,,,,,0,59,59,3,1
