Space1.keys,Space1.rt,Space2.keys,Space2.rt,response.keys,response.corr,Practice_loop.thisRepN,Practice_loop.thisTrialN,Practice_loop.thisN,Practice_loop.thisIndex,Practice_loop.ran,ImageFile,Condition,CorrAns,Your initials,What is your age?,What is your gender?,What year are you in?,Are you Dyslexic? (Y/N),Are you bi/multilingual? (Y/N),What is your first language?,"What is your second language? (if you are monollingual, leave blank)",What other languages do you speak?,date,expName,psychopyVersion,OS,frameRate,participant,response.rt,Space3.keys,Space3.rt,key_resp_2.keys,key_resp_2.corr,key_resp_2.rt,trials.thisRepN,trials.thisTrialN,trials.thisN,trials.thisIndex,trials.ran,Space4.keys,Space4.rt,trials_2.thisRepN,trials_2.thisTrialN,trials_2.thisN,trials_2.thisIndex,trials_2.ran
space,3.512295,space,37.5236,,0,0,0,0,7,1,Images/IncongruentRight.jpeg,Incongruent Right,m,Li,18,female,Year1,No,Yes,Chinese,English,French,2021-02-14_12h30.45.510,Tse_Altarriba_Simon1,2020.1.2,MacIntel,60,3364,,,,,,,,,,,,,,,,,,
,,,,m,1,0,1,1,2,1,Images/CongruentRight.jpeg,Congruent Right,m,Li,18,female,Year1,No,Yes,Chinese,English,French,2021-02-14_12h30.45.510,Tse_Altarriba_Simon1,2020.1.2,MacIntel,60,3364,1.66576,,,,,,,,,,,,,,,,,
,,,,m,1,0,2,2,3,1,Images/CongruentRight.jpeg,Congruent Right,m,Li,18,female,Year1,No,Yes,Chinese,English,French,2021-02-14_12h30.45.510,Tse_Altarriba_Simon1,2020.1.2,MacIntel,60,3364,1.40372,,,,,,,,,,,,,,,,,
,,,,m,1,0,3,3,11,1,Images/NeurtalRight.jpeg,Neutral Right,m,Li,18,female,Year1,No,Yes,Chinese,English,French,2021-02-14_12h30.45.510,Tse_Altarriba_Simon1,2020.1.2,MacIntel,60,3364,0.658165,,,,,,,,,,,,,,,,,
,,,,z,1,0,4,4,1,1,Images/CongruentLeft.jpeg,Congruent Left,z,Li,18,female,Year1,No,Yes,Chinese,English,French,2021-02-14_12h30.45.510,Tse_Altarriba_Simon1,2020.1.2,MacIntel,60,3364,0.65898,,,,,,,,,,,,,,,,,
,,,,m,1,0,5,5,10,1,Images/NeurtalRight.jpeg,Neutral Right,m,Li,18,female,Year1,No,Yes,Chinese,English,French,2021-02-14_12h30.45.510,Tse_Altarriba_Simon1,2020.1.2,MacIntel,60,3364,0.599955,,,,,,,,,,,,,,,,,
,,,,z,1,0,6,6,5,1,Images/IncongruentLeft.jpeg,Incongruent Left,z,Li,18,female,Year1,No,Yes,Chinese,English,French,2021-02-14_12h30.45.510,Tse_Altarriba_Simon1,2020.1.2,MacIntel,60,3364,0.571225,,,,,,,,,,,,,,,,,
,,,,z,1,0,7,7,0,1,Images/CongruentLeft.jpeg,Congruent Left,z,Li,18,female,Year1,No,Yes,Chinese,English,French,2021-02-14_12h30.45.510,Tse_Altarriba_Simon1,2020.1.2,MacIntel,60,3364,0.567355,,,,,,,,,,,,,,,,,
,,,,z,1,0,8,8,9,1,Images/NeutralLeft.jpeg,Neutral Left,z,Li,18,female,Year1,No,Yes,Chinese,English,French,2021-02-14_12h30.45.510,Tse_Altarriba_Simon1,2020.1.2,MacIntel,60,3364,0.5189,,,,,,,,,,,,,,,,,
,,,,z,1,0,9,9,4,1,Images/IncongruentLeft.jpeg,Incongruent Left,z,Li,18,female,Year1,No,Yes,Chinese,English,French,2021-02-14_12h30.45.510,Tse_Altarriba_Simon1,2020.1.2,MacIntel,60,3364,0.64791,,,,,,,,,,,,,,,,,
,,,,z,1,0,10,10,8,1,Images/NeutralLeft.jpeg,Neutral Left,z,Li,18,female,Year1,No,Yes,Chinese,English,French,2021-02-14_12h30.45.510,Tse_Altarriba_Simon1,2020.1.2,MacIntel,60,3364,0.569795,,,,,,,,,,,,,,,,,
,,,,m,1,0,11,11,6,1,Images/IncongruentRight.jpeg,Incongruent Right,m,Li,18,female,Year1,No,Yes,Chinese,English,French,2021-02-14_12h30.45.510,Tse_Altarriba_Simon1,2020.1.2,MacIntel,60,3364,0.51615,,,,,,,,,,,,,,,,,
,,,,,,,,,,,Images/CongruentLeft.jpeg,Congruent Left,z,Li,18,female,Year1,No,Yes,Chinese,English,French,2021-02-14_12h30.45.510,Tse_Altarriba_Simon1,2020.1.2,MacIntel,60,3364,,space,30.258705,z,1,0.71948,0,0,0,5,1,,,,,,,
,,,,,,,,,,,Images/CongruentLeft.jpeg,Congruent Left,z,Li,18,female,Year1,No,Yes,Chinese,English,French,2021-02-14_12h30.45.510,Tse_Altarriba_Simon1,2020.1.2,MacIntel,60,3364,,,,z,1,0.56753,0,1,1,7,1,,,,,,,
,,,,,,,,,,,Images/CongruentLeft.jpeg,Congruent Left,z,Li,18,female,Year1,No,Yes,Chinese,English,French,2021-02-14_12h30.45.510,Tse_Altarriba_Simon1,2020.1.2,MacIntel,60,3364,,,,z,1,0.417475,0,2,2,2,1,,,,,,,
,,,,,,,,,,,Images/CongruentLeft.jpeg,Congruent Left,z,Li,18,female,Year1,No,Yes,Chinese,English,French,2021-02-14_12h30.45.510,Tse_Altarriba_Simon1,2020.1.2,MacIntel,60,3364,,,,z,1,0.50182,0,3,3,4,1,,,,,,,
,,,,,,,,,,,Images/IncongruentRight.jpeg,Incongruent Right,m,Li,18,female,Year1,No,Yes,Chinese,English,French,2021-02-14_12h30.45.510,Tse_Altarriba_Simon1,2020.1.2,MacIntel,60,3364,,,,m,1,0.57209,0,4,4,38,1,,,,,,,
,,,,,,,,,,,Images/NeurtalRight.jpeg,Neutral Right,m,Li,18,female,Year1,No,Yes,Chinese,English,French,2021-02-14_12h30.45.510,Tse_Altarriba_Simon1,2020.1.2,MacIntel,60,3364,,,,m,1,0.418415,0,5,5,58,1,,,,,,,
,,,,,,,,,,,Images/IncongruentRight.jpeg,Incongruent Right,m,Li,18,female,Year1,No,Yes,Chinese,English,French,2021-02-14_12h30.45.510,Tse_Altarriba_Simon1,2020.1.2,MacIntel,60,3364,,,,m,1,0.638875,0,6,6,36,1,,,,,,,
,,,,,,,,,,,Images/IncongruentLeft.jpeg,Incongruent Left,z,Li,18,female,Year1,No,Yes,Chinese,English,French,2021-02-14_12h30.45.510,Tse_Altarriba_Simon1,2020.1.2,MacIntel,60,3364,,,,z,1,0.586125,0,7,7,25,1,,,,,,,
,,,,,,,,,,,Images/NeutralLeft.jpeg,Neutral Left,z,Li,18,female,Year1,No,Yes,Chinese,English,French,2021-02-14_12h30.45.510,Tse_Altarriba_Simon1,2020.1.2,MacIntel,60,3364,,,,z,1,0.51644,0,8,8,48,1,,,,,,,
,,,,,,,,,,,Images/CongruentRight.jpeg,Congruent Right,m,Li,18,female,Year1,No,Yes,Chinese,English,French,2021-02-14_12h30.45.510,Tse_Altarriba_Simon1,2020.1.2,MacIntel,60,3364,,,,m,1,0.48885,0,9,9,16,1,,,,,,,
,,,,,,,,,,,Images/IncongruentRight.jpeg,Incongruent Right,m,Li,18,female,Year1,No,Yes,Chinese,English,French,2021-02-14_12h30.45.510,Tse_Altarriba_Simon1,2020.1.2,MacIntel,60,3364,,,,m,1,0.494025,0,10,10,32,1,,,,,,,
,,,,,,,,,,,Images/CongruentRight.jpeg,Congruent Right,m,Li,18,female,Year1,No,Yes,Chinese,English,French,2021-02-14_12h30.45.510,Tse_Altarriba_Simon1,2020.1.2,MacIntel,60,3364,,,,m,1,0.484195,0,11,11,10,1,,,,,,,
,,,,,,,,,,,Images/IncongruentRight.jpeg,Incongruent Right,m,Li,18,female,Year1,No,Yes,Chinese,English,French,2021-02-14_12h30.45.510,Tse_Altarriba_Simon1,2020.1.2,MacIntel,60,3364,,,,m,1,0.48452,0,12,12,31,1,,,,,,,
,,,,,,,,,,,Images/CongruentRight.jpeg,Congruent Right,m,Li,18,female,Year1,No,Yes,Chinese,English,French,2021-02-14_12h30.45.510,Tse_Altarriba_Simon1,2020.1.2,MacIntel,60,3364,,,,m,1,0.5332,0,13,13,13,1,,,,,,,
,,,,,,,,,,,Images/NeurtalRight.jpeg,Neutral Right,m,Li,18,female,Year1,No,Yes,Chinese,English,French,2021-02-14_12h30.45.510,Tse_Altarriba_Simon1,2020.1.2,MacIntel,60,3364,,,,m,1,0.46351,0,14,14,50,1,,,,,,,
,,,,,,,,,,,Images/IncongruentLeft.jpeg,Incongruent Left,z,Li,18,female,Year1,No,Yes,Chinese,English,French,2021-02-14_12h30.45.510,Tse_Altarriba_Simon1,2020.1.2,MacIntel,60,3364,,,,z,1,0.550725,0,15,15,22,1,,,,,,,
,,,,,,,,,,,Images/NeurtalRight.jpeg,Neutral Right,m,Li,18,female,Year1,No,Yes,Chinese,English,French,2021-02-14_12h30.45.510,Tse_Altarriba_Simon1,2020.1.2,MacIntel,60,3364,,,,m,1,0.471775,0,16,16,53,1,,,,,,,
,,,,,,,,,,,Images/IncongruentRight.jpeg,Incongruent Right,m,Li,18,female,Year1,No,Yes,Chinese,English,French,2021-02-14_12h30.45.510,Tse_Altarriba_Simon1,2020.1.2,MacIntel,60,3364,,,,m,1,0.533945,0,17,17,30,1,,,,,,,
,,,,,,,,,,,Images/IncongruentRight.jpeg,Incongruent Right,m,Li,18,female,Year1,No,Yes,Chinese,English,French,2021-02-14_12h30.45.510,Tse_Altarriba_Simon1,2020.1.2,MacIntel,60,3364,,,,m,1,0.493105,0,18,18,37,1,,,,,,,
,,,,,,,,,,,Images/NeutralLeft.jpeg,Neutral Left,z,Li,18,female,Year1,No,Yes,Chinese,English,French,2021-02-14_12h30.45.510,Tse_Altarriba_Simon1,2020.1.2,MacIntel,60,3364,,,,z,1,0.444625,0,19,19,41,1,,,,,,,
,,,,,,,,,,,Images/IncongruentLeft.jpeg,Incongruent Left,z,Li,18,female,Year1,No,Yes,Chinese,English,French,2021-02-14_12h30.45.510,Tse_Altarriba_Simon1,2020.1.2,MacIntel,60,3364,,,,z,1,0.62102,0,20,20,26,1,,,,,,,
,,,,,,,,,,,Images/IncongruentRight.jpeg,Incongruent Right,m,Li,18,female,Year1,No,Yes,Chinese,English,French,2021-02-14_12h30.45.510,Tse_Altarriba_Simon1,2020.1.2,MacIntel,60,3364,,,,m,1,0.41082,0,21,21,35,1,,,,,,,
,,,,,,,,,,,Images/IncongruentRight.jpeg,Incongruent Right,m,Li,18,female,Year1,No,Yes,Chinese,English,French,2021-02-14_12h30.45.510,Tse_Altarriba_Simon1,2020.1.2,MacIntel,60,3364,,,,m,1,0.532095,0,22,22,34,1,,,,,,,
,,,,,,,,,,,Images/NeurtalRight.jpeg,Neutral Right,m,Li,18,female,Year1,No,Yes,Chinese,English,French,2021-02-14_12h30.45.510,Tse_Altarriba_Simon1,2020.1.2,MacIntel,60,3364,,,,m,1,0.48672,0,23,23,51,1,,,,,,,
,,,,,,,,,,,Images/CongruentRight.jpeg,Congruent Right,m,Li,18,female,Year1,No,Yes,Chinese,English,French,2021-02-14_12h30.45.510,Tse_Altarriba_Simon1,2020.1.2,MacIntel,60,3364,,,,m,1,0.443575,0,24,24,17,1,,,,,,,
,,,,,,,,,,,Images/CongruentLeft.jpeg,Congruent Left,z,Li,18,female,Year1,No,Yes,Chinese,English,French,2021-02-14_12h30.45.510,Tse_Altarriba_Simon1,2020.1.2,MacIntel,60,3364,,,,z,1,0.399925,0,25,25,9,1,,,,,,,
,,,,,,,,,,,Images/NeutralLeft.jpeg,Neutral Left,z,Li,18,female,Year1,No,Yes,Chinese,English,French,2021-02-14_12h30.45.510,Tse_Altarriba_Simon1,2020.1.2,MacIntel,60,3364,,,,z,1,0.51648,0,26,26,44,1,,,,,,,
,,,,,,,,,,,Images/CongruentRight.jpeg,Congruent Right,m,Li,18,female,Year1,No,Yes,Chinese,English,French,2021-02-14_12h30.45.510,Tse_Altarriba_Simon1,2020.1.2,MacIntel,60,3364,,,,m,1,0.65012,0,27,27,15,1,,,,,,,
,,,,,,,,,,,Images/CongruentLeft.jpeg,Congruent Left,z,Li,18,female,Year1,No,Yes,Chinese,English,French,2021-02-14_12h30.45.510,Tse_Altarriba_Simon1,2020.1.2,MacIntel,60,3364,,,,z,1,0.49956,0,28,28,1,1,,,,,,,
,,,,,,,,,,,Images/NeurtalRight.jpeg,Neutral Right,m,Li,18,female,Year1,No,Yes,Chinese,English,French,2021-02-14_12h30.45.510,Tse_Altarriba_Simon1,2020.1.2,MacIntel,60,3364,,,,m,1,0.453475,0,29,29,56,1,,,,,,,
,,,,,,,,,,,Images/NeutralLeft.jpeg,Neutral Left,z,Li,18,female,Year1,No,Yes,Chinese,English,French,2021-02-14_12h30.45.510,Tse_Altarriba_Simon1,2020.1.2,MacIntel,60,3364,,,,z,1,0.516125,0,30,30,46,1,,,,,,,
,,,,,,,,,,,Images/CongruentRight.jpeg,Congruent Right,m,Li,18,female,Year1,No,Yes,Chinese,English,French,2021-02-14_12h30.45.510,Tse_Altarriba_Simon1,2020.1.2,MacIntel,60,3364,,,,m,1,0.360715,0,31,31,14,1,,,,,,,
,,,,,,,,,,,Images/IncongruentLeft.jpeg,Incongruent Left,z,Li,18,female,Year1,No,Yes,Chinese,English,French,2021-02-14_12h30.45.510,Tse_Altarriba_Simon1,2020.1.2,MacIntel,60,3364,,,,z,1,0.532945,0,32,32,27,1,,,,,,,
,,,,,,,,,,,Images/CongruentLeft.jpeg,Congruent Left,z,Li,18,female,Year1,No,Yes,Chinese,English,French,2021-02-14_12h30.45.510,Tse_Altarriba_Simon1,2020.1.2,MacIntel,60,3364,,,,z,1,0.399855,0,33,33,6,1,,,,,,,
,,,,,,,,,,,Images/NeutralLeft.jpeg,Neutral Left,z,Li,18,female,Year1,No,Yes,Chinese,English,French,2021-02-14_12h30.45.510,Tse_Altarriba_Simon1,2020.1.2,MacIntel,60,3364,,,,z,1,0.45149,0,34,34,49,1,,,,,,,
,,,,,,,,,,,Images/CongruentRight.jpeg,Congruent Right,m,Li,18,female,Year1,No,Yes,Chinese,English,French,2021-02-14_12h30.45.510,Tse_Altarriba_Simon1,2020.1.2,MacIntel,60,3364,,,,m,1,0.366815,0,35,35,19,1,,,,,,,
,,,,,,,,,,,Images/CongruentLeft.jpeg,Congruent Left,z,Li,18,female,Year1,No,Yes,Chinese,English,French,2021-02-14_12h30.45.510,Tse_Altarriba_Simon1,2020.1.2,MacIntel,60,3364,,,,z,1,0.334525,0,36,36,0,1,,,,,,,
,,,,,,,,,,,Images/IncongruentLeft.jpeg,Incongruent Left,z,Li,18,female,Year1,No,Yes,Chinese,English,French,2021-02-14_12h30.45.510,Tse_Altarriba_Simon1,2020.1.2,MacIntel,60,3364,,,,m,0,0.34505,0,37,37,21,1,,,,,,,
,,,,,,,,,,,Images/CongruentLeft.jpeg,Congruent Left,z,Li,18,female,Year1,No,Yes,Chinese,English,French,2021-02-14_12h30.45.510,Tse_Altarriba_Simon1,2020.1.2,MacIntel,60,3364,,,,z,1,0.451695,0,38,38,3,1,,,,,,,
,,,,,,,,,,,Images/NeutralLeft.jpeg,Neutral Left,z,Li,18,female,Year1,No,Yes,Chinese,English,French,2021-02-14_12h30.45.510,Tse_Altarriba_Simon1,2020.1.2,MacIntel,60,3364,,,,z,1,0.41643,0,39,39,40,1,,,,,,,
,,,,,,,,,,,Images/NeurtalRight.jpeg,Neutral Right,m,Li,18,female,Year1,No,Yes,Chinese,English,French,2021-02-14_12h30.45.510,Tse_Altarriba_Simon1,2020.1.2,MacIntel,60,3364,,,,m,1,0.55977,0,40,40,59,1,,,,,,,
,,,,,,,,,,,Images/IncongruentLeft.jpeg,Incongruent Left,z,Li,18,female,Year1,No,Yes,Chinese,English,French,2021-02-14_12h30.45.510,Tse_Altarriba_Simon1,2020.1.2,MacIntel,60,3364,,,,z,1,0.56943,0,41,41,24,1,,,,,,,
,,,,,,,,,,,Images/CongruentRight.jpeg,Congruent Right,m,Li,18,female,Year1,No,Yes,Chinese,English,French,2021-02-14_12h30.45.510,Tse_Altarriba_Simon1,2020.1.2,MacIntel,60,3364,,,,m,1,0.56782,0,42,42,12,1,,,,,,,
,,,,,,,,,,,Images/NeurtalRight.jpeg,Neutral Right,m,Li,18,female,Year1,No,Yes,Chinese,English,French,2021-02-14_12h30.45.510,Tse_Altarriba_Simon1,2020.1.2,MacIntel,60,3364,,,,m,1,0.593255,0,43,43,54,1,,,,,,,
,,,,,,,,,,,Images/NeutralLeft.jpeg,Neutral Left,z,Li,18,female,Year1,No,Yes,Chinese,English,French,2021-02-14_12h30.45.510,Tse_Altarriba_Simon1,2020.1.2,MacIntel,60,3364,,,,z,1,0.516025,0,44,44,43,1,,,,,,,
,,,,,,,,,,,Images/CongruentRight.jpeg,Congruent Right,m,Li,18,female,Year1,No,Yes,Chinese,English,French,2021-02-14_12h30.45.510,Tse_Altarriba_Simon1,2020.1.2,MacIntel,60,3364,,,,m,1,0.549305,0,45,45,11,1,,,,,,,
,,,,,,,,,,,Images/IncongruentLeft.jpeg,Incongruent Left,z,Li,18,female,Year1,No,Yes,Chinese,English,French,2021-02-14_12h30.45.510,Tse_Altarriba_Simon1,2020.1.2,MacIntel,60,3364,,,,z,1,0.53797,0,46,46,28,1,,,,,,,
,,,,,,,,,,,Images/CongruentLeft.jpeg,Congruent Left,z,Li,18,female,Year1,No,Yes,Chinese,English,French,2021-02-14_12h30.45.510,Tse_Altarriba_Simon1,2020.1.2,MacIntel,60,3364,,,,z,1,0.442875,0,47,47,8,1,,,,,,,
,,,,,,,,,,,Images/CongruentRight.jpeg,Congruent Right,m,Li,18,female,Year1,No,Yes,Chinese,English,French,2021-02-14_12h30.45.510,Tse_Altarriba_Simon1,2020.1.2,MacIntel,60,3364,,,,m,1,0.46913,0,48,48,18,1,,,,,,,
,,,,,,,,,,,Images/NeutralLeft.jpeg,Neutral Left,z,Li,18,female,Year1,No,Yes,Chinese,English,French,2021-02-14_12h30.45.510,Tse_Altarriba_Simon1,2020.1.2,MacIntel,60,3364,,,,z,1,0.498255,0,49,49,42,1,,,,,,,
,,,,,,,,,,,Images/IncongruentLeft.jpeg,Incongruent Left,z,Li,18,female,Year1,No,Yes,Chinese,English,French,2021-02-14_12h30.45.510,Tse_Altarriba_Simon1,2020.1.2,MacIntel,60,3364,,,,z,1,0.56631,0,50,50,20,1,,,,,,,
,,,,,,,,,,,Images/NeurtalRight.jpeg,Neutral Right,m,Li,18,female,Year1,No,Yes,Chinese,English,French,2021-02-14_12h30.45.510,Tse_Altarriba_Simon1,2020.1.2,MacIntel,60,3364,,,,m,1,0.512155,0,51,51,52,1,,,,,,,
,,,,,,,,,,,Images/IncongruentRight.jpeg,Incongruent Right,m,Li,18,female,Year1,No,Yes,Chinese,English,French,2021-02-14_12h30.45.510,Tse_Altarriba_Simon1,2020.1.2,MacIntel,60,3364,,,,m,1,0.528495,0,52,52,39,1,,,,,,,
,,,,,,,,,,,Images/NeurtalRight.jpeg,Neutral Right,m,Li,18,female,Year1,No,Yes,Chinese,English,French,2021-02-14_12h30.45.510,Tse_Altarriba_Simon1,2020.1.2,MacIntel,60,3364,,,,m,1,0.443635,0,53,53,57,1,,,,,,,
,,,,,,,,,,,Images/NeutralLeft.jpeg,Neutral Left,z,Li,18,female,Year1,No,Yes,Chinese,English,French,2021-02-14_12h30.45.510,Tse_Altarriba_Simon1,2020.1.2,MacIntel,60,3364,,,,z,1,0.402315,0,54,54,47,1,,,,,,,
,,,,,,,,,,,Images/NeutralLeft.jpeg,Neutral Left,z,Li,18,female,Year1,No,Yes,Chinese,English,French,2021-02-14_12h30.45.510,Tse_Altarriba_Simon1,2020.1.2,MacIntel,60,3364,,,,z,1,0.54969,0,55,55,45,1,,,,,,,
,,,,,,,,,,,Images/IncongruentLeft.jpeg,Incongruent Left,z,Li,18,female,Year1,No,Yes,Chinese,English,French,2021-02-14_12h30.45.510,Tse_Altarriba_Simon1,2020.1.2,MacIntel,60,3364,,,,z,1,0.485475,0,56,56,23,1,,,,,,,
,,,,,,,,,,,Images/IncongruentRight.jpeg,Incongruent Right,m,Li,18,female,Year1,No,Yes,Chinese,English,French,2021-02-14_12h30.45.510,Tse_Altarriba_Simon1,2020.1.2,MacIntel,60,3364,,,,m,1,0.50373,0,57,57,33,1,,,,,,,
,,,,,,,,,,,Images/NeurtalRight.jpeg,Neutral Right,m,Li,18,female,Year1,No,Yes,Chinese,English,French,2021-02-14_12h30.45.510,Tse_Altarriba_Simon1,2020.1.2,MacIntel,60,3364,,,,m,1,0.44978,0,58,58,55,1,,,,,,,
,,,,,,,,,,,Images/IncongruentLeft.jpeg,Incongruent Left,z,Li,18,female,Year1,No,Yes,Chinese,English,French,2021-02-14_12h30.45.510,Tse_Altarriba_Simon1,2020.1.2,MacIntel,60,3364,,,,z,1,0.516365,0,59,59,29,1,,,,,,,
,,,,,,,,,,,Images/CongruentRight.jpeg,Congruent Right,m,Li,18,female,Year1,No,Yes,Chinese,English,French,2021-02-14_12h30.45.510,Tse_Altarriba_Simon1,2020.1.2,MacIntel,60,3364,,,,m,1,0.561215,,,,,,space,131.900075,0,0,0,18,1
,,,,,,,,,,,Images/NeurtalRight.jpeg,Neutral Right,m,Li,18,female,Year1,No,Yes,Chinese,English,French,2021-02-14_12h30.45.510,Tse_Altarriba_Simon1,2020.1.2,MacIntel,60,3364,,,,m,1,0.428185,,,,,,,,0,1,1,50,1
,,,,,,,,,,,Images/IncongruentRight.jpeg,Incongruent Right,m,Li,18,female,Year1,No,Yes,Chinese,English,French,2021-02-14_12h30.45.510,Tse_Altarriba_Simon1,2020.1.2,MacIntel,60,3364,,,,m,1,0.502895,,,,,,,,0,2,2,31,1
,,,,,,,,,,,Images/CongruentLeft.jpeg,Congruent Left,z,Li,18,female,Year1,No,Yes,Chinese,English,French,2021-02-14_12h30.45.510,Tse_Altarriba_Simon1,2020.1.2,MacIntel,60,3364,,,,z,1,0.515705,,,,,,,,0,3,3,0,1
,,,,,,,,,,,Images/IncongruentLeft.jpeg,Incongruent Left,z,Li,18,female,Year1,No,Yes,Chinese,English,French,2021-02-14_12h30.45.510,Tse_Altarriba_Simon1,2020.1.2,MacIntel,60,3364,,,,z,1,0.520485,,,,,,,,0,4,4,25,1
,,,,,,,,,,,Images/IncongruentLeft.jpeg,Incongruent Left,z,Li,18,female,Year1,No,Yes,Chinese,English,French,2021-02-14_12h30.45.510,Tse_Altarriba_Simon1,2020.1.2,MacIntel,60,3364,,,,z,1,0.53715,,,,,,,,0,5,5,29,1
,,,,,,,,,,,Images/CongruentRight.jpeg,Congruent Right,m,Li,18,female,Year1,No,Yes,Chinese,English,French,2021-02-14_12h30.45.510,Tse_Altarriba_Simon1,2020.1.2,MacIntel,60,3364,,,,m,1,0.55297,,,,,,,,0,6,6,12,1
,,,,,,,,,,,Images/NeurtalRight.jpeg,Neutral Right,m,Li,18,female,Year1,No,Yes,Chinese,English,French,2021-02-14_12h30.45.510,Tse_Altarriba_Simon1,2020.1.2,MacIntel,60,3364,,,,m,1,0.47171,,,,,,,,0,7,7,51,1
,,,,,,,,,,,Images/NeutralLeft.jpeg,Neutral Left,z,Li,18,female,Year1,No,Yes,Chinese,English,French,2021-02-14_12h30.45.510,Tse_Altarriba_Simon1,2020.1.2,MacIntel,60,3364,,,,z,1,0.51606,,,,,,,,0,8,8,43,1
,,,,,,,,,,,Images/IncongruentLeft.jpeg,Incongruent Left,z,Li,18,female,Year1,No,Yes,Chinese,English,French,2021-02-14_12h30.45.510,Tse_Altarriba_Simon1,2020.1.2,MacIntel,60,3364,,,,z,1,0.601595,,,,,,,,0,9,9,23,1
,,,,,,,,,,,Images/CongruentRight.jpeg,Congruent Right,m,Li,18,female,Year1,No,Yes,Chinese,English,French,2021-02-14_12h30.45.510,Tse_Altarriba_Simon1,2020.1.2,MacIntel,60,3364,,,,m,1,0.55135,,,,,,,,0,10,10,13,1
,,,,,,,,,,,Images/IncongruentRight.jpeg,Incongruent Right,m,Li,18,female,Year1,No,Yes,Chinese,English,French,2021-02-14_12h30.45.510,Tse_Altarriba_Simon1,2020.1.2,MacIntel,60,3364,,,,m,1,0.583205,,,,,,,,0,11,11,36,1
,,,,,,,,,,,Images/CongruentLeft.jpeg,Congruent Left,z,Li,18,female,Year1,No,Yes,Chinese,English,French,2021-02-14_12h30.45.510,Tse_Altarriba_Simon1,2020.1.2,MacIntel,60,3364,,,,z,1,0.649985,,,,,,,,0,12,12,3,1
,,,,,,,,,,,Images/IncongruentRight.jpeg,Incongruent Right,m,Li,18,female,Year1,No,Yes,Chinese,English,French,2021-02-14_12h30.45.510,Tse_Altarriba_Simon1,2020.1.2,MacIntel,60,3364,,,,m,1,0.534915,,,,,,,,0,13,13,38,1
,,,,,,,,,,,Images/CongruentLeft.jpeg,Congruent Left,z,Li,18,female,Year1,No,Yes,Chinese,English,French,2021-02-14_12h30.45.510,Tse_Altarriba_Simon1,2020.1.2,MacIntel,60,3364,,,,z,1,0.52771,,,,,,,,0,14,14,9,1
,,,,,,,,,,,Images/NeutralLeft.jpeg,Neutral Left,z,Li,18,female,Year1,No,Yes,Chinese,English,French,2021-02-14_12h30.45.510,Tse_Altarriba_Simon1,2020.1.2,MacIntel,60,3364,,,,z,1,0.42666,,,,,,,,0,15,15,41,1
,,,,,,,,,,,Images/CongruentLeft.jpeg,Congruent Left,z,Li,18,female,Year1,No,Yes,Chinese,English,French,2021-02-14_12h30.45.510,Tse_Altarriba_Simon1,2020.1.2,MacIntel,60,3364,,,,z,1,0.36902,,,,,,,,0,16,16,2,1
,,,,,,,,,,,Images/IncongruentLeft.jpeg,Incongruent Left,z,Li,18,female,Year1,No,Yes,Chinese,English,French,2021-02-14_12h30.45.510,Tse_Altarriba_Simon1,2020.1.2,MacIntel,60,3364,,,,z,1,0.58545,,,,,,,,0,17,17,21,1
,,,,,,,,,,,Images/CongruentRight.jpeg,Congruent Right,m,Li,18,female,Year1,No,Yes,Chinese,English,French,2021-02-14_12h30.45.510,Tse_Altarriba_Simon1,2020.1.2,MacIntel,60,3364,,,,m,1,0.48661,,,,,,,,0,18,18,16,1
,,,,,,,,,,,Images/NeutralLeft.jpeg,Neutral Left,z,Li,18,female,Year1,No,Yes,Chinese,English,French,2021-02-14_12h30.45.510,Tse_Altarriba_Simon1,2020.1.2,MacIntel,60,3364,,,,z,1,0.56774,,,,,,,,0,19,19,45,1
,,,,,,,,,,,Images/CongruentRight.jpeg,Congruent Right,m,Li,18,female,Year1,No,Yes,Chinese,English,French,2021-02-14_12h30.45.510,Tse_Altarriba_Simon1,2020.1.2,MacIntel,60,3364,,,,m,1,0.37876,,,,,,,,0,20,20,15,1
,,,,,,,,,,,Images/CongruentLeft.jpeg,Congruent Left,z,Li,18,female,Year1,No,Yes,Chinese,English,French,2021-02-14_12h30.45.510,Tse_Altarriba_Simon1,2020.1.2,MacIntel,60,3364,,,,z,1,0.382745,,,,,,,,0,21,21,4,1
,,,,,,,,,,,Images/NeurtalRight.jpeg,Neutral Right,m,Li,18,female,Year1,No,Yes,Chinese,English,French,2021-02-14_12h30.45.510,Tse_Altarriba_Simon1,2020.1.2,MacIntel,60,3364,,,,m,1,0.549885,,,,,,,,0,22,22,52,1
,,,,,,,,,,,Images/CongruentLeft.jpeg,Congruent Left,z,Li,18,female,Year1,No,Yes,Chinese,English,French,2021-02-14_12h30.45.510,Tse_Altarriba_Simon1,2020.1.2,MacIntel,60,3364,,,,z,1,0.400965,,,,,,,,0,23,23,5,1
,,,,,,,,,,,Images/CongruentRight.jpeg,Congruent Right,m,Li,18,female,Year1,No,Yes,Chinese,English,French,2021-02-14_12h30.45.510,Tse_Altarriba_Simon1,2020.1.2,MacIntel,60,3364,,,,m,1,0.46634,,,,,,,,0,24,24,11,1
,,,,,,,,,,,Images/IncongruentRight.jpeg,Incongruent Right,m,Li,18,female,Year1,No,Yes,Chinese,English,French,2021-02-14_12h30.45.510,Tse_Altarriba_Simon1,2020.1.2,MacIntel,60,3364,,,,m,1,0.560455,,,,,,,,0,25,25,35,1
,,,,,,,,,,,Images/IncongruentRight.jpeg,Incongruent Right,m,Li,18,female,Year1,No,Yes,Chinese,English,French,2021-02-14_12h30.45.510,Tse_Altarriba_Simon1,2020.1.2,MacIntel,60,3364,,,,m,1,0.51684,,,,,,,,0,26,26,34,1
,,,,,,,,,,,Images/IncongruentLeft.jpeg,Incongruent Left,z,Li,18,female,Year1,No,Yes,Chinese,English,French,2021-02-14_12h30.45.510,Tse_Altarriba_Simon1,2020.1.2,MacIntel,60,3364,,,,z,1,0.511395,,,,,,,,0,27,27,28,1
,,,,,,,,,,,Images/NeurtalRight.jpeg,Neutral Right,m,Li,18,female,Year1,No,Yes,Chinese,English,French,2021-02-14_12h30.45.510,Tse_Altarriba_Simon1,2020.1.2,MacIntel,60,3364,,,,m,1,0.48699,,,,,,,,0,28,28,55,1
,,,,,,,,,,,Images/NeurtalRight.jpeg,Neutral Right,m,Li,18,female,Year1,No,Yes,Chinese,English,French,2021-02-14_12h30.45.510,Tse_Altarriba_Simon1,2020.1.2,MacIntel,60,3364,,,,m,1,0.48457,,,,,,,,0,29,29,54,1
,,,,,,,,,,,Images/NeutralLeft.jpeg,Neutral Left,z,Li,18,female,Year1,No,Yes,Chinese,English,French,2021-02-14_12h30.45.510,Tse_Altarriba_Simon1,2020.1.2,MacIntel,60,3364,,,,z,1,0.53225,,,,,,,,0,30,30,48,1
,,,,,,,,,,,Images/NeutralLeft.jpeg,Neutral Left,z,Li,18,female,Year1,No,Yes,Chinese,English,French,2021-02-14_12h30.45.510,Tse_Altarriba_Simon1,2020.1.2,MacIntel,60,3364,,,,m,0,0.41615,,,,,,,,0,31,31,49,1
,,,,,,,,,,,Images/NeurtalRight.jpeg,Neutral Right,m,Li,18,female,Year1,No,Yes,Chinese,English,French,2021-02-14_12h30.45.510,Tse_Altarriba_Simon1,2020.1.2,MacIntel,60,3364,,,,m,1,0.467145,,,,,,,,0,32,32,58,1
,,,,,,,,,,,Images/IncongruentRight.jpeg,Incongruent Right,m,Li,18,female,Year1,No,Yes,Chinese,English,French,2021-02-14_12h30.45.510,Tse_Altarriba_Simon1,2020.1.2,MacIntel,60,3364,,,,m,1,0.577625,,,,,,,,0,33,33,37,1
,,,,,,,,,,,Images/NeurtalRight.jpeg,Neutral Right,m,Li,18,female,Year1,No,Yes,Chinese,English,French,2021-02-14_12h30.45.510,Tse_Altarriba_Simon1,2020.1.2,MacIntel,60,3364,,,,m,1,0.611705,,,,,,,,0,34,34,59,1
,,,,,,,,,,,Images/IncongruentRight.jpeg,Incongruent Right,m,Li,18,female,Year1,No,Yes,Chinese,English,French,2021-02-14_12h30.45.510,Tse_Altarriba_Simon1,2020.1.2,MacIntel,60,3364,,,,m,1,0.55114,,,,,,,,0,35,35,39,1
,,,,,,,,,,,Images/IncongruentRight.jpeg,Incongruent Right,m,Li,18,female,Year1,No,Yes,Chinese,English,French,2021-02-14_12h30.45.510,Tse_Altarriba_Simon1,2020.1.2,MacIntel,60,3364,,,,m,1,0.521855,,,,,,,,0,36,36,32,1
,,,,,,,,,,,Images/CongruentLeft.jpeg,Congruent Left,z,Li,18,female,Year1,No,Yes,Chinese,English,French,2021-02-14_12h30.45.510,Tse_Altarriba_Simon1,2020.1.2,MacIntel,60,3364,,,,z,1,0.61702,,,,,,,,0,37,37,6,1
,,,,,,,,,,,Images/IncongruentLeft.jpeg,Incongruent Left,z,Li,18,female,Year1,No,Yes,Chinese,English,French,2021-02-14_12h30.45.510,Tse_Altarriba_Simon1,2020.1.2,MacIntel,60,3364,,,,z,1,0.600445,,,,,,,,0,38,38,26,1
,,,,,,,,,,,Images/NeutralLeft.jpeg,Neutral Left,z,Li,18,female,Year1,No,Yes,Chinese,English,French,2021-02-14_12h30.45.510,Tse_Altarriba_Simon1,2020.1.2,MacIntel,60,3364,,,,z,1,0.483055,,,,,,,,0,39,39,42,1
,,,,,,,,,,,Images/IncongruentLeft.jpeg,Incongruent Left,z,Li,18,female,Year1,No,Yes,Chinese,English,French,2021-02-14_12h30.45.510,Tse_Altarriba_Simon1,2020.1.2,MacIntel,60,3364,,,,z,1,0.51025,,,,,,,,0,40,40,20,1
,,,,,,,,,,,Images/NeurtalRight.jpeg,Neutral Right,m,Li,18,female,Year1,No,Yes,Chinese,English,French,2021-02-14_12h30.45.510,Tse_Altarriba_Simon1,2020.1.2,MacIntel,60,3364,,,,m,1,0.594615,,,,,,,,0,41,41,56,1
,,,,,,,,,,,Images/IncongruentLeft.jpeg,Incongruent Left,z,Li,18,female,Year1,No,Yes,Chinese,English,French,2021-02-14_12h30.45.510,Tse_Altarriba_Simon1,2020.1.2,MacIntel,60,3364,,,,z,1,0.527175,,,,,,,,0,42,42,24,1
,,,,,,,,,,,Images/NeutralLeft.jpeg,Neutral Left,z,Li,18,female,Year1,No,Yes,Chinese,English,French,2021-02-14_12h30.45.510,Tse_Altarriba_Simon1,2020.1.2,MacIntel,60,3364,,,,z,1,0.41986,,,,,,,,0,43,43,47,1
,,,,,,,,,,,Images/CongruentRight.jpeg,Congruent Right,m,Li,18,female,Year1,No,Yes,Chinese,English,French,2021-02-14_12h30.45.510,Tse_Altarriba_Simon1,2020.1.2,MacIntel,60,3364,,,,m,1,0.450365,,,,,,,,0,44,44,10,1
,,,,,,,,,,,Images/CongruentRight.jpeg,Congruent Right,m,Li,18,female,Year1,No,Yes,Chinese,English,French,2021-02-14_12h30.45.510,Tse_Altarriba_Simon1,2020.1.2,MacIntel,60,3364,,,,m,1,0.81143,,,,,,,,0,45,45,14,1
,,,,,,,,,,,Images/IncongruentRight.jpeg,Incongruent Right,m,Li,18,female,Year1,No,Yes,Chinese,English,French,2021-02-14_12h30.45.510,Tse_Altarriba_Simon1,2020.1.2,MacIntel,60,3364,,,,m,1,0.54519,,,,,,,,0,46,46,33,1
,,,,,,,,,,,Images/CongruentLeft.jpeg,Congruent Left,z,Li,18,female,Year1,No,Yes,Chinese,English,French,2021-02-14_12h30.45.510,Tse_Altarriba_Simon1,2020.1.2,MacIntel,60,3364,,,,z,1,0.57812,,,,,,,,0,47,47,8,1
,,,,,,,,,,,Images/CongruentRight.jpeg,Congruent Right,m,Li,18,female,Year1,No,Yes,Chinese,English,French,2021-02-14_12h30.45.510,Tse_Altarriba_Simon1,2020.1.2,MacIntel,60,3364,,,,m,1,0.53308,,,,,,,,0,48,48,17,1
,,,,,,,,,,,Images/CongruentRight.jpeg,Congruent Right,m,Li,18,female,Year1,No,Yes,Chinese,English,French,2021-02-14_12h30.45.510,Tse_Altarriba_Simon1,2020.1.2,MacIntel,60,3364,,,,m,1,0.5437,,,,,,,,0,49,49,19,1
,,,,,,,,,,,Images/IncongruentLeft.jpeg,Incongruent Left,z,Li,18,female,Year1,No,Yes,Chinese,English,French,2021-02-14_12h30.45.510,Tse_Altarriba_Simon1,2020.1.2,MacIntel,60,3364,,,,z,1,0.538185,,,,,,,,0,50,50,22,1
,,,,,,,,,,,Images/NeutralLeft.jpeg,Neutral Left,z,Li,18,female,Year1,No,Yes,Chinese,English,French,2021-02-14_12h30.45.510,Tse_Altarriba_Simon1,2020.1.2,MacIntel,60,3364,,,,z,1,0.46648,,,,,,,,0,51,51,44,1
,,,,,,,,,,,Images/CongruentLeft.jpeg,Congruent Left,z,Li,18,female,Year1,No,Yes,Chinese,English,French,2021-02-14_12h30.45.510,Tse_Altarriba_Simon1,2020.1.2,MacIntel,60,3364,,,,z,1,0.421355,,,,,,,,0,52,52,1,1
,,,,,,,,,,,Images/IncongruentRight.jpeg,Incongruent Right,m,Li,18,female,Year1,No,Yes,Chinese,English,French,2021-02-14_12h30.45.510,Tse_Altarriba_Simon1,2020.1.2,MacIntel,60,3364,,,,m,1,0.682645,,,,,,,,0,53,53,30,1
,,,,,,,,,,,Images/NeutralLeft.jpeg,Neutral Left,z,Li,18,female,Year1,No,Yes,Chinese,English,French,2021-02-14_12h30.45.510,Tse_Altarriba_Simon1,2020.1.2,MacIntel,60,3364,,,,z,1,0.467055,,,,,,,,0,54,54,46,1
,,,,,,,,,,,Images/NeurtalRight.jpeg,Neutral Right,m,Li,18,female,Year1,No,Yes,Chinese,English,French,2021-02-14_12h30.45.510,Tse_Altarriba_Simon1,2020.1.2,MacIntel,60,3364,,,,m,1,0.434215,,,,,,,,0,55,55,53,1
,,,,,,,,,,,Images/CongruentLeft.jpeg,Congruent Left,z,Li,18,female,Year1,No,Yes,Chinese,English,French,2021-02-14_12h30.45.510,Tse_Altarriba_Simon1,2020.1.2,MacIntel,60,3364,,,,z,1,0.536725,,,,,,,,0,56,56,7,1
,,,,,,,,,,,Images/NeurtalRight.jpeg,Neutral Right,m,Li,18,female,Year1,No,Yes,Chinese,English,French,2021-02-14_12h30.45.510,Tse_Altarriba_Simon1,2020.1.2,MacIntel,60,3364,,,,m,1,0.551995,,,,,,,,0,57,57,57,1
,,,,,,,,,,,Images/IncongruentLeft.jpeg,Incongruent Left,z,Li,18,female,Year1,No,Yes,Chinese,English,French,2021-02-14_12h30.45.510,Tse_Altarriba_Simon1,2020.1.2,MacIntel,60,3364,,,,z,1,0.550275,,,,,,,,0,58,58,27,1
,,,,,,,,,,,Images/NeutralLeft.jpeg,Neutral Left,z,Li,18,female,Year1,No,Yes,Chinese,English,French,2021-02-14_12h30.45.510,Tse_Altarriba_Simon1,2020.1.2,MacIntel,60,3364,,,,z,1,0.50081,,,,,,,,0,59,59,40,1
