Space1.keys,Space1.rt,Space2.keys,Space2.rt,response.keys,response.corr,response.rt,Practice_loop.thisRepN,Practice_loop.thisTrialN,Practice_loop.thisN,Practice_loop.thisIndex,Practice_loop.ran,ImageFile,Condition,CorrAns,Your initials,What is your age?,What is your gender?,What year are you in?,Are you Dyslexic? (Y/N),Are you bi/multilingual? (Y/N),What is your first language?,"What is your second language? (if you are monollingual, leave blank)",What other languages do you speak?,date,expName,psychopyVersion,OS,frameRate,participant,Space3.keys,Space3.rt,key_resp_2.keys,key_resp_2.corr,key_resp_2.rt,trials.thisRepN,trials.thisTrialN,trials.thisN,trials.thisIndex,trials.ran,Space4.keys,Space4.rt,trials_2.thisRepN,trials_2.thisTrialN,trials_2.thisN,trials_2.thisIndex,trials_2.ran
space,1.428185,space,10.98367,z,1,1.087295,0,0,0,5,1,Images/IncongruentLeft.jpeg,Incongruent Left,z,IJP,18,Female,Year 1,N,Y,English,Cantonese,German,2021-02-18_20h14.23.201,Tse_Altarriba_Simon1,2020.1.2,MacIntel,60,3367,,,,,,,,,,,,,,,,,
,,,,z,1,0.59388,0,1,1,4,1,Images/IncongruentLeft.jpeg,Incongruent Left,z,IJP,18,Female,Year 1,N,Y,English,Cantonese,German,2021-02-18_20h14.23.201,Tse_Altarriba_Simon1,2020.1.2,MacIntel,60,3367,,,,,,,,,,,,,,,,,
,,,,m,1,0.45918,0,2,2,2,1,Images/CongruentRight.jpeg,Congruent Right,m,IJP,18,Female,Year 1,N,Y,English,Cantonese,German,2021-02-18_20h14.23.201,Tse_Altarriba_Simon1,2020.1.2,MacIntel,60,3367,,,,,,,,,,,,,,,,,
,,,,m,1,0.390535,0,3,3,10,1,Images/NeurtalRight.jpeg,Neutral Right,m,IJP,18,Female,Year 1,N,Y,English,Cantonese,German,2021-02-18_20h14.23.201,Tse_Altarriba_Simon1,2020.1.2,MacIntel,60,3367,,,,,,,,,,,,,,,,,
,,,,m,1,0.397055,0,4,4,3,1,Images/CongruentRight.jpeg,Congruent Right,m,IJP,18,Female,Year 1,N,Y,English,Cantonese,German,2021-02-18_20h14.23.201,Tse_Altarriba_Simon1,2020.1.2,MacIntel,60,3367,,,,,,,,,,,,,,,,,
,,,,z,0,0.357335,0,5,5,6,1,Images/IncongruentRight.jpeg,Incongruent Right,m,IJP,18,Female,Year 1,N,Y,English,Cantonese,German,2021-02-18_20h14.23.201,Tse_Altarriba_Simon1,2020.1.2,MacIntel,60,3367,,,,,,,,,,,,,,,,,
,,,,z,1,0.485465,0,6,6,8,1,Images/NeutralLeft.jpeg,Neutral Left,z,IJP,18,Female,Year 1,N,Y,English,Cantonese,German,2021-02-18_20h14.23.201,Tse_Altarriba_Simon1,2020.1.2,MacIntel,60,3367,,,,,,,,,,,,,,,,,
,,,,z,1,0.427515,0,7,7,9,1,Images/NeutralLeft.jpeg,Neutral Left,z,IJP,18,Female,Year 1,N,Y,English,Cantonese,German,2021-02-18_20h14.23.201,Tse_Altarriba_Simon1,2020.1.2,MacIntel,60,3367,,,,,,,,,,,,,,,,,
,,,,m,1,0.44524,0,8,8,7,1,Images/IncongruentRight.jpeg,Incongruent Right,m,IJP,18,Female,Year 1,N,Y,English,Cantonese,German,2021-02-18_20h14.23.201,Tse_Altarriba_Simon1,2020.1.2,MacIntel,60,3367,,,,,,,,,,,,,,,,,
,,,,z,1,0.37517,0,9,9,0,1,Images/CongruentLeft.jpeg,Congruent Left,z,IJP,18,Female,Year 1,N,Y,English,Cantonese,German,2021-02-18_20h14.23.201,Tse_Altarriba_Simon1,2020.1.2,MacIntel,60,3367,,,,,,,,,,,,,,,,,
,,,,m,1,0.44352,0,10,10,11,1,Images/NeurtalRight.jpeg,Neutral Right,m,IJP,18,Female,Year 1,N,Y,English,Cantonese,German,2021-02-18_20h14.23.201,Tse_Altarriba_Simon1,2020.1.2,MacIntel,60,3367,,,,,,,,,,,,,,,,,
,,,,z,1,0.427715,0,11,11,1,1,Images/CongruentLeft.jpeg,Congruent Left,z,IJP,18,Female,Year 1,N,Y,English,Cantonese,German,2021-02-18_20h14.23.201,Tse_Altarriba_Simon1,2020.1.2,MacIntel,60,3367,,,,,,,,,,,,,,,,,
,,,,,,,,,,,,Images/CongruentLeft.jpeg,Congruent Left,z,IJP,18,Female,Year 1,N,Y,English,Cantonese,German,2021-02-18_20h14.23.201,Tse_Altarriba_Simon1,2020.1.2,MacIntel,60,3367,space,3.276835,z,1,0.468525,0,0,0,1,1,,,,,,,
,,,,,,,,,,,,Images/IncongruentRight.jpeg,Incongruent Right,m,IJP,18,Female,Year 1,N,Y,English,Cantonese,German,2021-02-18_20h14.23.201,Tse_Altarriba_Simon1,2020.1.2,MacIntel,60,3367,,,z,0,0.34652,0,1,1,31,1,,,,,,,
,,,,,,,,,,,,Images/CongruentRight.jpeg,Congruent Right,m,IJP,18,Female,Year 1,N,Y,English,Cantonese,German,2021-02-18_20h14.23.201,Tse_Altarriba_Simon1,2020.1.2,MacIntel,60,3367,,,m,1,0.41109,0,2,2,16,1,,,,,,,
,,,,,,,,,,,,Images/CongruentRight.jpeg,Congruent Right,m,IJP,18,Female,Year 1,N,Y,English,Cantonese,German,2021-02-18_20h14.23.201,Tse_Altarriba_Simon1,2020.1.2,MacIntel,60,3367,,,m,1,0.378245,0,3,3,15,1,,,,,,,
,,,,,,,,,,,,Images/CongruentRight.jpeg,Congruent Right,m,IJP,18,Female,Year 1,N,Y,English,Cantonese,German,2021-02-18_20h14.23.201,Tse_Altarriba_Simon1,2020.1.2,MacIntel,60,3367,,,m,1,0.351005,0,4,4,14,1,,,,,,,
,,,,,,,,,,,,Images/CongruentRight.jpeg,Congruent Right,m,IJP,18,Female,Year 1,N,Y,English,Cantonese,German,2021-02-18_20h14.23.201,Tse_Altarriba_Simon1,2020.1.2,MacIntel,60,3367,,,m,1,0.35068,0,5,5,10,1,,,,,,,
,,,,,,,,,,,,Images/IncongruentLeft.jpeg,Incongruent Left,z,IJP,18,Female,Year 1,N,Y,English,Cantonese,German,2021-02-18_20h14.23.201,Tse_Altarriba_Simon1,2020.1.2,MacIntel,60,3367,,,z,1,0.479875,0,6,6,21,1,,,,,,,
,,,,,,,,,,,,Images/NeutralLeft.jpeg,Neutral Left,z,IJP,18,Female,Year 1,N,Y,English,Cantonese,German,2021-02-18_20h14.23.201,Tse_Altarriba_Simon1,2020.1.2,MacIntel,60,3367,,,z,1,0.460705,0,7,7,41,1,,,,,,,
,,,,,,,,,,,,Images/NeurtalRight.jpeg,Neutral Right,m,IJP,18,Female,Year 1,N,Y,English,Cantonese,German,2021-02-18_20h14.23.201,Tse_Altarriba_Simon1,2020.1.2,MacIntel,60,3367,,,m,1,0.39625,0,8,8,54,1,,,,,,,
,,,,,,,,,,,,Images/IncongruentLeft.jpeg,Incongruent Left,z,IJP,18,Female,Year 1,N,Y,English,Cantonese,German,2021-02-18_20h14.23.201,Tse_Altarriba_Simon1,2020.1.2,MacIntel,60,3367,,,m,0,0.362415,0,9,9,24,1,,,,,,,
,,,,,,,,,,,,Images/NeutralLeft.jpeg,Neutral Left,z,IJP,18,Female,Year 1,N,Y,English,Cantonese,German,2021-02-18_20h14.23.201,Tse_Altarriba_Simon1,2020.1.2,MacIntel,60,3367,,,z,1,0.4273,0,10,10,46,1,,,,,,,
,,,,,,,,,,,,Images/NeurtalRight.jpeg,Neutral Right,m,IJP,18,Female,Year 1,N,Y,English,Cantonese,German,2021-02-18_20h14.23.201,Tse_Altarriba_Simon1,2020.1.2,MacIntel,60,3367,,,m,1,0.36429,0,11,11,59,1,,,,,,,
,,,,,,,,,,,,Images/CongruentRight.jpeg,Congruent Right,m,IJP,18,Female,Year 1,N,Y,English,Cantonese,German,2021-02-18_20h14.23.201,Tse_Altarriba_Simon1,2020.1.2,MacIntel,60,3367,,,m,1,0.34024,0,12,12,19,1,,,,,,,
,,,,,,,,,,,,Images/NeutralLeft.jpeg,Neutral Left,z,IJP,18,Female,Year 1,N,Y,English,Cantonese,German,2021-02-18_20h14.23.201,Tse_Altarriba_Simon1,2020.1.2,MacIntel,60,3367,,,z,1,0.41265,0,13,13,40,1,,,,,,,
,,,,,,,,,,,,Images/NeurtalRight.jpeg,Neutral Right,m,IJP,18,Female,Year 1,N,Y,English,Cantonese,German,2021-02-18_20h14.23.201,Tse_Altarriba_Simon1,2020.1.2,MacIntel,60,3367,,,m,1,0.36891,0,14,14,55,1,,,,,,,
,,,,,,,,,,,,Images/IncongruentRight.jpeg,Incongruent Right,m,IJP,18,Female,Year 1,N,Y,English,Cantonese,German,2021-02-18_20h14.23.201,Tse_Altarriba_Simon1,2020.1.2,MacIntel,60,3367,,,m,1,0.41715,0,15,15,32,1,,,,,,,
,,,,,,,,,,,,Images/IncongruentRight.jpeg,Incongruent Right,m,IJP,18,Female,Year 1,N,Y,English,Cantonese,German,2021-02-18_20h14.23.201,Tse_Altarriba_Simon1,2020.1.2,MacIntel,60,3367,,,m,1,0.44833,0,16,16,30,1,,,,,,,
,,,,,,,,,,,,Images/NeutralLeft.jpeg,Neutral Left,z,IJP,18,Female,Year 1,N,Y,English,Cantonese,German,2021-02-18_20h14.23.201,Tse_Altarriba_Simon1,2020.1.2,MacIntel,60,3367,,,z,1,0.44549,0,17,17,47,1,,,,,,,
,,,,,,,,,,,,Images/IncongruentLeft.jpeg,Incongruent Left,z,IJP,18,Female,Year 1,N,Y,English,Cantonese,German,2021-02-18_20h14.23.201,Tse_Altarriba_Simon1,2020.1.2,MacIntel,60,3367,,,z,1,0.470325,0,18,18,20,1,,,,,,,
,,,,,,,,,,,,Images/NeurtalRight.jpeg,Neutral Right,m,IJP,18,Female,Year 1,N,Y,English,Cantonese,German,2021-02-18_20h14.23.201,Tse_Altarriba_Simon1,2020.1.2,MacIntel,60,3367,,,m,1,0.4029,0,19,19,53,1,,,,,,,
,,,,,,,,,,,,Images/NeutralLeft.jpeg,Neutral Left,z,IJP,18,Female,Year 1,N,Y,English,Cantonese,German,2021-02-18_20h14.23.201,Tse_Altarriba_Simon1,2020.1.2,MacIntel,60,3367,,,z,1,0.40314,0,20,20,49,1,,,,,,,
,,,,,,,,,,,,Images/CongruentLeft.jpeg,Congruent Left,z,IJP,18,Female,Year 1,N,Y,English,Cantonese,German,2021-02-18_20h14.23.201,Tse_Altarriba_Simon1,2020.1.2,MacIntel,60,3367,,,z,1,0.3959,0,21,21,7,1,,,,,,,
,,,,,,,,,,,,Images/NeurtalRight.jpeg,Neutral Right,m,IJP,18,Female,Year 1,N,Y,English,Cantonese,German,2021-02-18_20h14.23.201,Tse_Altarriba_Simon1,2020.1.2,MacIntel,60,3367,,,m,1,0.362125,0,22,22,58,1,,,,,,,
,,,,,,,,,,,,Images/IncongruentRight.jpeg,Incongruent Right,m,IJP,18,Female,Year 1,N,Y,English,Cantonese,German,2021-02-18_20h14.23.201,Tse_Altarriba_Simon1,2020.1.2,MacIntel,60,3367,,,m,1,0.498585,0,23,23,36,1,,,,,,,
,,,,,,,,,,,,Images/IncongruentRight.jpeg,Incongruent Right,m,IJP,18,Female,Year 1,N,Y,English,Cantonese,German,2021-02-18_20h14.23.201,Tse_Altarriba_Simon1,2020.1.2,MacIntel,60,3367,,,m,1,0.412455,0,24,24,39,1,,,,,,,
,,,,,,,,,,,,Images/NeurtalRight.jpeg,Neutral Right,m,IJP,18,Female,Year 1,N,Y,English,Cantonese,German,2021-02-18_20h14.23.201,Tse_Altarriba_Simon1,2020.1.2,MacIntel,60,3367,,,m,1,0.36566,0,25,25,57,1,,,,,,,
,,,,,,,,,,,,Images/CongruentLeft.jpeg,Congruent Left,z,IJP,18,Female,Year 1,N,Y,English,Cantonese,German,2021-02-18_20h14.23.201,Tse_Altarriba_Simon1,2020.1.2,MacIntel,60,3367,,,z,1,0.395465,0,26,26,2,1,,,,,,,
,,,,,,,,,,,,Images/NeutralLeft.jpeg,Neutral Left,z,IJP,18,Female,Year 1,N,Y,English,Cantonese,German,2021-02-18_20h14.23.201,Tse_Altarriba_Simon1,2020.1.2,MacIntel,60,3367,,,z,1,0.432885,0,27,27,48,1,,,,,,,
,,,,,,,,,,,,Images/IncongruentRight.jpeg,Incongruent Right,m,IJP,18,Female,Year 1,N,Y,English,Cantonese,German,2021-02-18_20h14.23.201,Tse_Altarriba_Simon1,2020.1.2,MacIntel,60,3367,,,z,0,0.381135,0,28,28,37,1,,,,,,,
,,,,,,,,,,,,Images/IncongruentRight.jpeg,Incongruent Right,m,IJP,18,Female,Year 1,N,Y,English,Cantonese,German,2021-02-18_20h14.23.201,Tse_Altarriba_Simon1,2020.1.2,MacIntel,60,3367,,,m,1,0.466135,0,29,29,35,1,,,,,,,
,,,,,,,,,,,,Images/NeurtalRight.jpeg,Neutral Right,m,IJP,18,Female,Year 1,N,Y,English,Cantonese,German,2021-02-18_20h14.23.201,Tse_Altarriba_Simon1,2020.1.2,MacIntel,60,3367,,,m,1,0.385785,0,30,30,51,1,,,,,,,
,,,,,,,,,,,,Images/NeurtalRight.jpeg,Neutral Right,m,IJP,18,Female,Year 1,N,Y,English,Cantonese,German,2021-02-18_20h14.23.201,Tse_Altarriba_Simon1,2020.1.2,MacIntel,60,3367,,,m,1,0.352585,0,31,31,50,1,,,,,,,
,,,,,,,,,,,,Images/IncongruentLeft.jpeg,Incongruent Left,z,IJP,18,Female,Year 1,N,Y,English,Cantonese,German,2021-02-18_20h14.23.201,Tse_Altarriba_Simon1,2020.1.2,MacIntel,60,3367,,,z,1,0.40247,0,32,32,25,1,,,,,,,
,,,,,,,,,,,,Images/CongruentLeft.jpeg,Congruent Left,z,IJP,18,Female,Year 1,N,Y,English,Cantonese,German,2021-02-18_20h14.23.201,Tse_Altarriba_Simon1,2020.1.2,MacIntel,60,3367,,,z,1,0.450275,0,33,33,9,1,,,,,,,
,,,,,,,,,,,,Images/CongruentRight.jpeg,Congruent Right,m,IJP,18,Female,Year 1,N,Y,English,Cantonese,German,2021-02-18_20h14.23.201,Tse_Altarriba_Simon1,2020.1.2,MacIntel,60,3367,,,m,1,0.470695,0,34,34,12,1,,,,,,,
,,,,,,,,,,,,Images/CongruentLeft.jpeg,Congruent Left,z,IJP,18,Female,Year 1,N,Y,English,Cantonese,German,2021-02-18_20h14.23.201,Tse_Altarriba_Simon1,2020.1.2,MacIntel,60,3367,,,z,1,0.36135,0,35,35,5,1,,,,,,,
,,,,,,,,,,,,Images/IncongruentLeft.jpeg,Incongruent Left,z,IJP,18,Female,Year 1,N,Y,English,Cantonese,German,2021-02-18_20h14.23.201,Tse_Altarriba_Simon1,2020.1.2,MacIntel,60,3367,,,m,0,0.347635,0,36,36,28,1,,,,,,,
,,,,,,,,,,,,Images/CongruentLeft.jpeg,Congruent Left,z,IJP,18,Female,Year 1,N,Y,English,Cantonese,German,2021-02-18_20h14.23.201,Tse_Altarriba_Simon1,2020.1.2,MacIntel,60,3367,,,z,1,0.39468,0,37,37,0,1,,,,,,,
,,,,,,,,,,,,Images/CongruentLeft.jpeg,Congruent Left,z,IJP,18,Female,Year 1,N,Y,English,Cantonese,German,2021-02-18_20h14.23.201,Tse_Altarriba_Simon1,2020.1.2,MacIntel,60,3367,,,z,1,0.38871,0,38,38,3,1,,,,,,,
,,,,,,,,,,,,Images/IncongruentLeft.jpeg,Incongruent Left,z,IJP,18,Female,Year 1,N,Y,English,Cantonese,German,2021-02-18_20h14.23.201,Tse_Altarriba_Simon1,2020.1.2,MacIntel,60,3367,,,m,0,0.388105,0,39,39,22,1,,,,,,,
,,,,,,,,,,,,Images/IncongruentLeft.jpeg,Incongruent Left,z,IJP,18,Female,Year 1,N,Y,English,Cantonese,German,2021-02-18_20h14.23.201,Tse_Altarriba_Simon1,2020.1.2,MacIntel,60,3367,,,z,1,0.428745,0,40,40,29,1,,,,,,,
,,,,,,,,,,,,Images/IncongruentLeft.jpeg,Incongruent Left,z,IJP,18,Female,Year 1,N,Y,English,Cantonese,German,2021-02-18_20h14.23.201,Tse_Altarriba_Simon1,2020.1.2,MacIntel,60,3367,,,z,1,0.412975,0,41,41,27,1,,,,,,,
,,,,,,,,,,,,Images/NeutralLeft.jpeg,Neutral Left,z,IJP,18,Female,Year 1,N,Y,English,Cantonese,German,2021-02-18_20h14.23.201,Tse_Altarriba_Simon1,2020.1.2,MacIntel,60,3367,,,z,1,0.378595,0,42,42,44,1,,,,,,,
,,,,,,,,,,,,Images/CongruentRight.jpeg,Congruent Right,m,IJP,18,Female,Year 1,N,Y,English,Cantonese,German,2021-02-18_20h14.23.201,Tse_Altarriba_Simon1,2020.1.2,MacIntel,60,3367,,,m,1,0.4356,0,43,43,17,1,,,,,,,
,,,,,,,,,,,,Images/CongruentRight.jpeg,Congruent Right,m,IJP,18,Female,Year 1,N,Y,English,Cantonese,German,2021-02-18_20h14.23.201,Tse_Altarriba_Simon1,2020.1.2,MacIntel,60,3367,,,m,1,0.382065,0,44,44,13,1,,,,,,,
,,,,,,,,,,,,Images/NeurtalRight.jpeg,Neutral Right,m,IJP,18,Female,Year 1,N,Y,English,Cantonese,German,2021-02-18_20h14.23.201,Tse_Altarriba_Simon1,2020.1.2,MacIntel,60,3367,,,m,1,0.396195,0,45,45,52,1,,,,,,,
,,,,,,,,,,,,Images/CongruentLeft.jpeg,Congruent Left,z,IJP,18,Female,Year 1,N,Y,English,Cantonese,German,2021-02-18_20h14.23.201,Tse_Altarriba_Simon1,2020.1.2,MacIntel,60,3367,,,z,1,0.36875,0,46,46,4,1,,,,,,,
,,,,,,,,,,,,Images/CongruentRight.jpeg,Congruent Right,m,IJP,18,Female,Year 1,N,Y,English,Cantonese,German,2021-02-18_20h14.23.201,Tse_Altarriba_Simon1,2020.1.2,MacIntel,60,3367,,,m,1,0.345955,0,47,47,11,1,,,,,,,
,,,,,,,,,,,,Images/NeutralLeft.jpeg,Neutral Left,z,IJP,18,Female,Year 1,N,Y,English,Cantonese,German,2021-02-18_20h14.23.201,Tse_Altarriba_Simon1,2020.1.2,MacIntel,60,3367,,,z,1,0.411265,0,48,48,45,1,,,,,,,
,,,,,,,,,,,,Images/CongruentLeft.jpeg,Congruent Left,z,IJP,18,Female,Year 1,N,Y,English,Cantonese,German,2021-02-18_20h14.23.201,Tse_Altarriba_Simon1,2020.1.2,MacIntel,60,3367,,,z,1,0.38166,0,49,49,8,1,,,,,,,
,,,,,,,,,,,,Images/IncongruentLeft.jpeg,Incongruent Left,z,IJP,18,Female,Year 1,N,Y,English,Cantonese,German,2021-02-18_20h14.23.201,Tse_Altarriba_Simon1,2020.1.2,MacIntel,60,3367,,,m,0,0.35136,0,50,50,23,1,,,,,,,
,,,,,,,,,,,,Images/CongruentRight.jpeg,Congruent Right,m,IJP,18,Female,Year 1,N,Y,English,Cantonese,German,2021-02-18_20h14.23.201,Tse_Altarriba_Simon1,2020.1.2,MacIntel,60,3367,,,m,1,0.400485,0,51,51,18,1,,,,,,,
,,,,,,,,,,,,Images/IncongruentRight.jpeg,Incongruent Right,m,IJP,18,Female,Year 1,N,Y,English,Cantonese,German,2021-02-18_20h14.23.201,Tse_Altarriba_Simon1,2020.1.2,MacIntel,60,3367,,,m,1,0.473915,0,52,52,34,1,,,,,,,
,,,,,,,,,,,,Images/IncongruentLeft.jpeg,Incongruent Left,z,IJP,18,Female,Year 1,N,Y,English,Cantonese,German,2021-02-18_20h14.23.201,Tse_Altarriba_Simon1,2020.1.2,MacIntel,60,3367,,,z,1,0.50484,0,53,53,26,1,,,,,,,
,,,,,,,,,,,,Images/IncongruentRight.jpeg,Incongruent Right,m,IJP,18,Female,Year 1,N,Y,English,Cantonese,German,2021-02-18_20h14.23.201,Tse_Altarriba_Simon1,2020.1.2,MacIntel,60,3367,,,m,1,0.416835,0,54,54,38,1,,,,,,,
,,,,,,,,,,,,Images/CongruentLeft.jpeg,Congruent Left,z,IJP,18,Female,Year 1,N,Y,English,Cantonese,German,2021-02-18_20h14.23.201,Tse_Altarriba_Simon1,2020.1.2,MacIntel,60,3367,,,z,1,0.43558,0,55,55,6,1,,,,,,,
,,,,,,,,,,,,Images/IncongruentRight.jpeg,Incongruent Right,m,IJP,18,Female,Year 1,N,Y,English,Cantonese,German,2021-02-18_20h14.23.201,Tse_Altarriba_Simon1,2020.1.2,MacIntel,60,3367,,,m,1,0.43463,0,56,56,33,1,,,,,,,
,,,,,,,,,,,,Images/NeurtalRight.jpeg,Neutral Right,m,IJP,18,Female,Year 1,N,Y,English,Cantonese,German,2021-02-18_20h14.23.201,Tse_Altarriba_Simon1,2020.1.2,MacIntel,60,3367,,,m,1,0.41632,0,57,57,56,1,,,,,,,
,,,,,,,,,,,,Images/NeutralLeft.jpeg,Neutral Left,z,IJP,18,Female,Year 1,N,Y,English,Cantonese,German,2021-02-18_20h14.23.201,Tse_Altarriba_Simon1,2020.1.2,MacIntel,60,3367,,,m,0,0.38227,0,58,58,43,1,,,,,,,
,,,,,,,,,,,,Images/NeutralLeft.jpeg,Neutral Left,z,IJP,18,Female,Year 1,N,Y,English,Cantonese,German,2021-02-18_20h14.23.201,Tse_Altarriba_Simon1,2020.1.2,MacIntel,60,3367,,,z,1,0.42844,0,59,59,42,1,,,,,,,
,,,,,,,,,,,,Images/CongruentRight.jpeg,Congruent Right,m,IJP,18,Female,Year 1,N,Y,English,Cantonese,German,2021-02-18_20h14.23.201,Tse_Altarriba_Simon1,2020.1.2,MacIntel,60,3367,,,m,1,0.38153,,,,,,space,2.41667,0,0,0,15,1
,,,,,,,,,,,,Images/NeutralLeft.jpeg,Neutral Left,z,IJP,18,Female,Year 1,N,Y,English,Cantonese,German,2021-02-18_20h14.23.201,Tse_Altarriba_Simon1,2020.1.2,MacIntel,60,3367,,,z,1,0.40312,,,,,,,,0,1,1,47,1
,,,,,,,,,,,,Images/IncongruentRight.jpeg,Incongruent Right,m,IJP,18,Female,Year 1,N,Y,English,Cantonese,German,2021-02-18_20h14.23.201,Tse_Altarriba_Simon1,2020.1.2,MacIntel,60,3367,,,z,0,0.39918,,,,,,,,0,2,2,34,1
,,,,,,,,,,,,Images/NeutralLeft.jpeg,Neutral Left,z,IJP,18,Female,Year 1,N,Y,English,Cantonese,German,2021-02-18_20h14.23.201,Tse_Altarriba_Simon1,2020.1.2,MacIntel,60,3367,,,z,1,0.540225,,,,,,,,0,3,3,48,1
,,,,,,,,,,,,Images/NeurtalRight.jpeg,Neutral Right,m,IJP,18,Female,Year 1,N,Y,English,Cantonese,German,2021-02-18_20h14.23.201,Tse_Altarriba_Simon1,2020.1.2,MacIntel,60,3367,,,m,1,0.36439,,,,,,,,0,4,4,58,1
,,,,,,,,,,,,Images/IncongruentLeft.jpeg,Incongruent Left,z,IJP,18,Female,Year 1,N,Y,English,Cantonese,German,2021-02-18_20h14.23.201,Tse_Altarriba_Simon1,2020.1.2,MacIntel,60,3367,,,z,1,0.41385,,,,,,,,0,5,5,24,1
,,,,,,,,,,,,Images/NeurtalRight.jpeg,Neutral Right,m,IJP,18,Female,Year 1,N,Y,English,Cantonese,German,2021-02-18_20h14.23.201,Tse_Altarriba_Simon1,2020.1.2,MacIntel,60,3367,,,m,1,0.39195,,,,,,,,0,6,6,57,1
,,,,,,,,,,,,Images/NeutralLeft.jpeg,Neutral Left,z,IJP,18,Female,Year 1,N,Y,English,Cantonese,German,2021-02-18_20h14.23.201,Tse_Altarriba_Simon1,2020.1.2,MacIntel,60,3367,,,z,1,0.405135,,,,,,,,0,7,7,44,1
,,,,,,,,,,,,Images/CongruentLeft.jpeg,Congruent Left,z,IJP,18,Female,Year 1,N,Y,English,Cantonese,German,2021-02-18_20h14.23.201,Tse_Altarriba_Simon1,2020.1.2,MacIntel,60,3367,,,z,1,0.41452,,,,,,,,0,8,8,1,1
,,,,,,,,,,,,Images/CongruentLeft.jpeg,Congruent Left,z,IJP,18,Female,Year 1,N,Y,English,Cantonese,German,2021-02-18_20h14.23.201,Tse_Altarriba_Simon1,2020.1.2,MacIntel,60,3367,,,z,1,0.36535,,,,,,,,0,9,9,5,1
,,,,,,,,,,,,Images/CongruentRight.jpeg,Congruent Right,m,IJP,18,Female,Year 1,N,Y,English,Cantonese,German,2021-02-18_20h14.23.201,Tse_Altarriba_Simon1,2020.1.2,MacIntel,60,3367,,,m,1,0.37962,,,,,,,,0,10,10,18,1
,,,,,,,,,,,,Images/CongruentRight.jpeg,Congruent Right,m,IJP,18,Female,Year 1,N,Y,English,Cantonese,German,2021-02-18_20h14.23.201,Tse_Altarriba_Simon1,2020.1.2,MacIntel,60,3367,,,m,1,0.32276,,,,,,,,0,11,11,16,1
,,,,,,,,,,,,Images/NeurtalRight.jpeg,Neutral Right,m,IJP,18,Female,Year 1,N,Y,English,Cantonese,German,2021-02-18_20h14.23.201,Tse_Altarriba_Simon1,2020.1.2,MacIntel,60,3367,,,m,1,0.449275,,,,,,,,0,12,12,51,1
,,,,,,,,,,,,Images/CongruentRight.jpeg,Congruent Right,m,IJP,18,Female,Year 1,N,Y,English,Cantonese,German,2021-02-18_20h14.23.201,Tse_Altarriba_Simon1,2020.1.2,MacIntel,60,3367,,,m,1,0.367715,,,,,,,,0,13,13,11,1
,,,,,,,,,,,,Images/IncongruentRight.jpeg,Incongruent Right,m,IJP,18,Female,Year 1,N,Y,English,Cantonese,German,2021-02-18_20h14.23.201,Tse_Altarriba_Simon1,2020.1.2,MacIntel,60,3367,,,z,0,0.350355,,,,,,,,0,14,14,38,1
,,,,,,,,,,,,Images/IncongruentRight.jpeg,Incongruent Right,m,IJP,18,Female,Year 1,N,Y,English,Cantonese,German,2021-02-18_20h14.23.201,Tse_Altarriba_Simon1,2020.1.2,MacIntel,60,3367,,,m,1,0.534865,,,,,,,,0,15,15,35,1
,,,,,,,,,,,,Images/NeurtalRight.jpeg,Neutral Right,m,IJP,18,Female,Year 1,N,Y,English,Cantonese,German,2021-02-18_20h14.23.201,Tse_Altarriba_Simon1,2020.1.2,MacIntel,60,3367,,,m,1,0.38506,,,,,,,,0,16,16,53,1
,,,,,,,,,,,,Images/CongruentLeft.jpeg,Congruent Left,z,IJP,18,Female,Year 1,N,Y,English,Cantonese,German,2021-02-18_20h14.23.201,Tse_Altarriba_Simon1,2020.1.2,MacIntel,60,3367,,,z,1,0.39455,,,,,,,,0,17,17,7,1
,,,,,,,,,,,,Images/CongruentLeft.jpeg,Congruent Left,z,IJP,18,Female,Year 1,N,Y,English,Cantonese,German,2021-02-18_20h14.23.201,Tse_Altarriba_Simon1,2020.1.2,MacIntel,60,3367,,,z,1,0.419345,,,,,,,,0,18,18,4,1
,,,,,,,,,,,,Images/IncongruentRight.jpeg,Incongruent Right,m,IJP,18,Female,Year 1,N,Y,English,Cantonese,German,2021-02-18_20h14.23.201,Tse_Altarriba_Simon1,2020.1.2,MacIntel,60,3367,,,m,1,0.5184,,,,,,,,0,19,19,31,1
,,,,,,,,,,,,Images/IncongruentLeft.jpeg,Incongruent Left,z,IJP,18,Female,Year 1,N,Y,English,Cantonese,German,2021-02-18_20h14.23.201,Tse_Altarriba_Simon1,2020.1.2,MacIntel,60,3367,,,z,1,0.486745,,,,,,,,0,20,20,21,1
,,,,,,,,,,,,Images/CongruentRight.jpeg,Congruent Right,m,IJP,18,Female,Year 1,N,Y,English,Cantonese,German,2021-02-18_20h14.23.201,Tse_Altarriba_Simon1,2020.1.2,MacIntel,60,3367,,,m,1,0.41566,,,,,,,,0,21,21,13,1
,,,,,,,,,,,,Images/NeutralLeft.jpeg,Neutral Left,z,IJP,18,Female,Year 1,N,Y,English,Cantonese,German,2021-02-18_20h14.23.201,Tse_Altarriba_Simon1,2020.1.2,MacIntel,60,3367,,,z,1,0.483985,,,,,,,,0,22,22,42,1
,,,,,,,,,,,,Images/NeutralLeft.jpeg,Neutral Left,z,IJP,18,Female,Year 1,N,Y,English,Cantonese,German,2021-02-18_20h14.23.201,Tse_Altarriba_Simon1,2020.1.2,MacIntel,60,3367,,,m,0,0.379425,,,,,,,,0,23,23,40,1
,,,,,,,,,,,,Images/CongruentLeft.jpeg,Congruent Left,z,IJP,18,Female,Year 1,N,Y,English,Cantonese,German,2021-02-18_20h14.23.201,Tse_Altarriba_Simon1,2020.1.2,MacIntel,60,3367,,,z,1,0.41447,,,,,,,,0,24,24,2,1
,,,,,,,,,,,,Images/IncongruentLeft.jpeg,Incongruent Left,z,IJP,18,Female,Year 1,N,Y,English,Cantonese,German,2021-02-18_20h14.23.201,Tse_Altarriba_Simon1,2020.1.2,MacIntel,60,3367,,,z,1,0.531165,,,,,,,,0,25,25,27,1
,,,,,,,,,,,,Images/IncongruentLeft.jpeg,Incongruent Left,z,IJP,18,Female,Year 1,N,Y,English,Cantonese,German,2021-02-18_20h14.23.201,Tse_Altarriba_Simon1,2020.1.2,MacIntel,60,3367,,,z,1,0.457585,,,,,,,,0,26,26,28,1
,,,,,,,,,,,,Images/IncongruentLeft.jpeg,Incongruent Left,z,IJP,18,Female,Year 1,N,Y,English,Cantonese,German,2021-02-18_20h14.23.201,Tse_Altarriba_Simon1,2020.1.2,MacIntel,60,3367,,,z,1,0.39635,,,,,,,,0,27,27,20,1
,,,,,,,,,,,,Images/CongruentRight.jpeg,Congruent Right,m,IJP,18,Female,Year 1,N,Y,English,Cantonese,German,2021-02-18_20h14.23.201,Tse_Altarriba_Simon1,2020.1.2,MacIntel,60,3367,,,m,1,0.48077,,,,,,,,0,28,28,19,1
,,,,,,,,,,,,Images/NeurtalRight.jpeg,Neutral Right,m,IJP,18,Female,Year 1,N,Y,English,Cantonese,German,2021-02-18_20h14.23.201,Tse_Altarriba_Simon1,2020.1.2,MacIntel,60,3367,,,m,1,0.46431,,,,,,,,0,29,29,52,1
,,,,,,,,,,,,Images/IncongruentLeft.jpeg,Incongruent Left,z,IJP,18,Female,Year 1,N,Y,English,Cantonese,German,2021-02-18_20h14.23.201,Tse_Altarriba_Simon1,2020.1.2,MacIntel,60,3367,,,z,1,0.51537,,,,,,,,0,30,30,29,1
,,,,,,,,,,,,Images/NeutralLeft.jpeg,Neutral Left,z,IJP,18,Female,Year 1,N,Y,English,Cantonese,German,2021-02-18_20h14.23.201,Tse_Altarriba_Simon1,2020.1.2,MacIntel,60,3367,,,z,1,0.414995,,,,,,,,0,31,31,43,1
,,,,,,,,,,,,Images/IncongruentLeft.jpeg,Incongruent Left,z,IJP,18,Female,Year 1,N,Y,English,Cantonese,German,2021-02-18_20h14.23.201,Tse_Altarriba_Simon1,2020.1.2,MacIntel,60,3367,,,z,1,0.44775,,,,,,,,0,32,32,25,1
,,,,,,,,,,,,Images/NeurtalRight.jpeg,Neutral Right,m,IJP,18,Female,Year 1,N,Y,English,Cantonese,German,2021-02-18_20h14.23.201,Tse_Altarriba_Simon1,2020.1.2,MacIntel,60,3367,,,m,1,0.463735,,,,,,,,0,33,33,50,1
,,,,,,,,,,,,Images/IncongruentLeft.jpeg,Incongruent Left,z,IJP,18,Female,Year 1,N,Y,English,Cantonese,German,2021-02-18_20h14.23.201,Tse_Altarriba_Simon1,2020.1.2,MacIntel,60,3367,,,z,1,0.44469,,,,,,,,0,34,34,22,1
,,,,,,,,,,,,Images/NeurtalRight.jpeg,Neutral Right,m,IJP,18,Female,Year 1,N,Y,English,Cantonese,German,2021-02-18_20h14.23.201,Tse_Altarriba_Simon1,2020.1.2,MacIntel,60,3367,,,m,1,0.4305,,,,,,,,0,35,35,56,1
,,,,,,,,,,,,Images/NeutralLeft.jpeg,Neutral Left,z,IJP,18,Female,Year 1,N,Y,English,Cantonese,German,2021-02-18_20h14.23.201,Tse_Altarriba_Simon1,2020.1.2,MacIntel,60,3367,,,z,1,0.382225,,,,,,,,0,36,36,41,1
,,,,,,,,,,,,Images/IncongruentRight.jpeg,Incongruent Right,m,IJP,18,Female,Year 1,N,Y,English,Cantonese,German,2021-02-18_20h14.23.201,Tse_Altarriba_Simon1,2020.1.2,MacIntel,60,3367,,,m,1,0.430175,,,,,,,,0,37,37,39,1
,,,,,,,,,,,,Images/CongruentRight.jpeg,Congruent Right,m,IJP,18,Female,Year 1,N,Y,English,Cantonese,German,2021-02-18_20h14.23.201,Tse_Altarriba_Simon1,2020.1.2,MacIntel,60,3367,,,m,1,0.38305,,,,,,,,0,38,38,14,1
,,,,,,,,,,,,Images/CongruentLeft.jpeg,Congruent Left,z,IJP,18,Female,Year 1,N,Y,English,Cantonese,German,2021-02-18_20h14.23.201,Tse_Altarriba_Simon1,2020.1.2,MacIntel,60,3367,,,z,1,0.403855,,,,,,,,0,39,39,6,1
,,,,,,,,,,,,Images/NeutralLeft.jpeg,Neutral Left,z,IJP,18,Female,Year 1,N,Y,English,Cantonese,German,2021-02-18_20h14.23.201,Tse_Altarriba_Simon1,2020.1.2,MacIntel,60,3367,,,z,1,0.43119,,,,,,,,0,40,40,45,1
,,,,,,,,,,,,Images/CongruentLeft.jpeg,Congruent Left,z,IJP,18,Female,Year 1,N,Y,English,Cantonese,German,2021-02-18_20h14.23.201,Tse_Altarriba_Simon1,2020.1.2,MacIntel,60,3367,,,z,1,0.464915,,,,,,,,0,41,41,8,1
,,,,,,,,,,,,Images/IncongruentRight.jpeg,Incongruent Right,m,IJP,18,Female,Year 1,N,Y,English,Cantonese,German,2021-02-18_20h14.23.201,Tse_Altarriba_Simon1,2020.1.2,MacIntel,60,3367,,,m,1,0.46687,,,,,,,,0,42,42,37,1
,,,,,,,,,,,,Images/NeurtalRight.jpeg,Neutral Right,m,IJP,18,Female,Year 1,N,Y,English,Cantonese,German,2021-02-18_20h14.23.201,Tse_Altarriba_Simon1,2020.1.2,MacIntel,60,3367,,,m,1,0.416135,,,,,,,,0,43,43,54,1
,,,,,,,,,,,,Images/NeutralLeft.jpeg,Neutral Left,z,IJP,18,Female,Year 1,N,Y,English,Cantonese,German,2021-02-18_20h14.23.201,Tse_Altarriba_Simon1,2020.1.2,MacIntel,60,3367,,,z,1,0.41061,,,,,,,,0,44,44,49,1
,,,,,,,,,,,,Images/IncongruentRight.jpeg,Incongruent Right,m,IJP,18,Female,Year 1,N,Y,English,Cantonese,German,2021-02-18_20h14.23.201,Tse_Altarriba_Simon1,2020.1.2,MacIntel,60,3367,,,m,1,0.39109,,,,,,,,0,45,45,30,1
,,,,,,,,,,,,Images/NeurtalRight.jpeg,Neutral Right,m,IJP,18,Female,Year 1,N,Y,English,Cantonese,German,2021-02-18_20h14.23.201,Tse_Altarriba_Simon1,2020.1.2,MacIntel,60,3367,,,m,1,0.37682,,,,,,,,0,46,46,59,1
,,,,,,,,,,,,Images/IncongruentLeft.jpeg,Incongruent Left,z,IJP,18,Female,Year 1,N,Y,English,Cantonese,German,2021-02-18_20h14.23.201,Tse_Altarriba_Simon1,2020.1.2,MacIntel,60,3367,,,z,1,0.41327,,,,,,,,0,47,47,23,1
,,,,,,,,,,,,Images/NeutralLeft.jpeg,Neutral Left,z,IJP,18,Female,Year 1,N,Y,English,Cantonese,German,2021-02-18_20h14.23.201,Tse_Altarriba_Simon1,2020.1.2,MacIntel,60,3367,,,z,1,0.429635,,,,,,,,0,48,48,46,1
,,,,,,,,,,,,Images/IncongruentLeft.jpeg,Incongruent Left,z,IJP,18,Female,Year 1,N,Y,English,Cantonese,German,2021-02-18_20h14.23.201,Tse_Altarriba_Simon1,2020.1.2,MacIntel,60,3367,,,z,1,0.48355,,,,,,,,0,49,49,26,1
,,,,,,,,,,,,Images/CongruentLeft.jpeg,Congruent Left,z,IJP,18,Female,Year 1,N,Y,English,Cantonese,German,2021-02-18_20h14.23.201,Tse_Altarriba_Simon1,2020.1.2,MacIntel,60,3367,,,z,1,0.413,,,,,,,,0,50,50,3,1
,,,,,,,,,,,,Images/CongruentRight.jpeg,Congruent Right,m,IJP,18,Female,Year 1,N,Y,English,Cantonese,German,2021-02-18_20h14.23.201,Tse_Altarriba_Simon1,2020.1.2,MacIntel,60,3367,,,m,1,0.51621,,,,,,,,0,51,51,17,1
,,,,,,,,,,,,Images/CongruentLeft.jpeg,Congruent Left,z,IJP,18,Female,Year 1,N,Y,English,Cantonese,German,2021-02-18_20h14.23.201,Tse_Altarriba_Simon1,2020.1.2,MacIntel,60,3367,,,z,1,0.401535,,,,,,,,0,52,52,0,1
,,,,,,,,,,,,Images/IncongruentRight.jpeg,Incongruent Right,m,IJP,18,Female,Year 1,N,Y,English,Cantonese,German,2021-02-18_20h14.23.201,Tse_Altarriba_Simon1,2020.1.2,MacIntel,60,3367,,,m,1,0.484715,,,,,,,,0,53,53,36,1
,,,,,,,,,,,,Images/IncongruentRight.jpeg,Incongruent Right,m,IJP,18,Female,Year 1,N,Y,English,Cantonese,German,2021-02-18_20h14.23.201,Tse_Altarriba_Simon1,2020.1.2,MacIntel,60,3367,,,m,1,0.485555,,,,,,,,0,54,54,33,1
,,,,,,,,,,,,Images/CongruentLeft.jpeg,Congruent Left,z,IJP,18,Female,Year 1,N,Y,English,Cantonese,German,2021-02-18_20h14.23.201,Tse_Altarriba_Simon1,2020.1.2,MacIntel,60,3367,,,z,1,0.463395,,,,,,,,0,55,55,9,1
,,,,,,,,,,,,Images/CongruentRight.jpeg,Congruent Right,m,IJP,18,Female,Year 1,N,Y,English,Cantonese,German,2021-02-18_20h14.23.201,Tse_Altarriba_Simon1,2020.1.2,MacIntel,60,3367,,,m,1,0.32977,,,,,,,,0,56,56,12,1
,,,,,,,,,,,,Images/IncongruentRight.jpeg,Incongruent Right,m,IJP,18,Female,Year 1,N,Y,English,Cantonese,German,2021-02-18_20h14.23.201,Tse_Altarriba_Simon1,2020.1.2,MacIntel,60,3367,,,m,1,0.46422,,,,,,,,0,57,57,32,1
,,,,,,,,,,,,Images/NeurtalRight.jpeg,Neutral Right,m,IJP,18,Female,Year 1,N,Y,English,Cantonese,German,2021-02-18_20h14.23.201,Tse_Altarriba_Simon1,2020.1.2,MacIntel,60,3367,,,m,1,0.38185,,,,,,,,0,58,58,55,1
,,,,,,,,,,,,Images/CongruentRight.jpeg,Congruent Right,m,IJP,18,Female,Year 1,N,Y,English,Cantonese,German,2021-02-18_20h14.23.201,Tse_Altarriba_Simon1,2020.1.2,MacIntel,60,3367,,,m,1,0.355845,,,,,,,,0,59,59,10,1
