Space1.keys,Space1.rt,Space2.keys,Space2.rt,response.keys,response.corr,response.rt,Practice_loop.thisRepN,Practice_loop.thisTrialN,Practice_loop.thisN,Practice_loop.thisIndex,Practice_loop.ran,ImageFile,Condition,CorrAns,Your initials,What is your age?,What is your gender?,What year are you in?,Are you Dyslexic? (Y/N),Are you bi/multilingual? (Y/N),What is your first language?,"What is your second language? (if you are monollingual, leave blank)",What other languages do you speak?,date,expName,psychopyVersion,OS,frameRate,participant,Space3.keys,Space3.rt,key_resp_2.keys,key_resp_2.corr,key_resp_2.rt,trials.thisRepN,trials.thisTrialN,trials.thisN,trials.thisIndex,trials.ran,Space4.keys,Space4.rt,trials_2.thisRepN,trials_2.thisTrialN,trials_2.thisN,trials_2.thisIndex,trials_2.ran
space,4.28676,space,19.65866,z,1,0.779335,0,0,0,9,1,Images/NeutralLeft.jpeg,Neutral Left,z,YL,19,Female,Year 1,N,N,Mandarin,English,,2021-02-15_11h31.05.668,Tse_Altarriba_Simon1,2020.1.2,Win32,60,3370,,,,,,,,,,,,,,,,,
,,,,m,1,0.74213,0,1,1,6,1,Images/IncongruentRight.jpeg,Incongruent Right,m,YL,19,Female,Year 1,N,N,Mandarin,English,,2021-02-15_11h31.05.668,Tse_Altarriba_Simon1,2020.1.2,Win32,60,3370,,,,,,,,,,,,,,,,,
,,,,m,1,0.442675,0,2,2,11,1,Images/NeurtalRight.jpeg,Neutral Right,m,YL,19,Female,Year 1,N,N,Mandarin,English,,2021-02-15_11h31.05.668,Tse_Altarriba_Simon1,2020.1.2,Win32,60,3370,,,,,,,,,,,,,,,,,
,,,,z,1,0.49128,0,3,3,0,1,Images/CongruentLeft.jpeg,Congruent Left,z,YL,19,Female,Year 1,N,N,Mandarin,English,,2021-02-15_11h31.05.668,Tse_Altarriba_Simon1,2020.1.2,Win32,60,3370,,,,,,,,,,,,,,,,,
,,,,m,1,0.439155,0,4,4,3,1,Images/CongruentRight.jpeg,Congruent Right,m,YL,19,Female,Year 1,N,N,Mandarin,English,,2021-02-15_11h31.05.668,Tse_Altarriba_Simon1,2020.1.2,Win32,60,3370,,,,,,,,,,,,,,,,,
,,,,m,1,0.33379,0,5,5,2,1,Images/CongruentRight.jpeg,Congruent Right,m,YL,19,Female,Year 1,N,N,Mandarin,English,,2021-02-15_11h31.05.668,Tse_Altarriba_Simon1,2020.1.2,Win32,60,3370,,,,,,,,,,,,,,,,,
,,,,z,1,0.488865,0,6,6,4,1,Images/IncongruentLeft.jpeg,Incongruent Left,z,YL,19,Female,Year 1,N,N,Mandarin,English,,2021-02-15_11h31.05.668,Tse_Altarriba_Simon1,2020.1.2,Win32,60,3370,,,,,,,,,,,,,,,,,
,,,,m,1,0.42221,0,7,7,7,1,Images/IncongruentRight.jpeg,Incongruent Right,m,YL,19,Female,Year 1,N,N,Mandarin,English,,2021-02-15_11h31.05.668,Tse_Altarriba_Simon1,2020.1.2,Win32,60,3370,,,,,,,,,,,,,,,,,
,,,,z,1,0.394745,0,8,8,1,1,Images/CongruentLeft.jpeg,Congruent Left,z,YL,19,Female,Year 1,N,N,Mandarin,English,,2021-02-15_11h31.05.668,Tse_Altarriba_Simon1,2020.1.2,Win32,60,3370,,,,,,,,,,,,,,,,,
,,,,m,1,0.351425,0,9,9,10,1,Images/NeurtalRight.jpeg,Neutral Right,m,YL,19,Female,Year 1,N,N,Mandarin,English,,2021-02-15_11h31.05.668,Tse_Altarriba_Simon1,2020.1.2,Win32,60,3370,,,,,,,,,,,,,,,,,
,,,,z,1,0.48372,0,10,10,5,1,Images/IncongruentLeft.jpeg,Incongruent Left,z,YL,19,Female,Year 1,N,N,Mandarin,English,,2021-02-15_11h31.05.668,Tse_Altarriba_Simon1,2020.1.2,Win32,60,3370,,,,,,,,,,,,,,,,,
,,,,z,1,0.457165,0,11,11,8,1,Images/NeutralLeft.jpeg,Neutral Left,z,YL,19,Female,Year 1,N,N,Mandarin,English,,2021-02-15_11h31.05.668,Tse_Altarriba_Simon1,2020.1.2,Win32,60,3370,,,,,,,,,,,,,,,,,
,,,,,,,,,,,,Images/NeutralLeft.jpeg,Neutral Left,z,YL,19,Female,Year 1,N,N,Mandarin,English,,2021-02-15_11h31.05.668,Tse_Altarriba_Simon1,2020.1.2,Win32,60,3370,space,14.971515,z,1,0.372205,0,0,0,40,1,,,,,,,
,,,,,,,,,,,,Images/CongruentRight.jpeg,Congruent Right,m,YL,19,Female,Year 1,N,N,Mandarin,English,,2021-02-15_11h31.05.668,Tse_Altarriba_Simon1,2020.1.2,Win32,60,3370,,,m,1,0.344805,0,1,1,17,1,,,,,,,
,,,,,,,,,,,,Images/NeurtalRight.jpeg,Neutral Right,m,YL,19,Female,Year 1,N,N,Mandarin,English,,2021-02-15_11h31.05.668,Tse_Altarriba_Simon1,2020.1.2,Win32,60,3370,,,m,1,0.34876,0,2,2,54,1,,,,,,,
,,,,,,,,,,,,Images/IncongruentRight.jpeg,Incongruent Right,m,YL,19,Female,Year 1,N,N,Mandarin,English,,2021-02-15_11h31.05.668,Tse_Altarriba_Simon1,2020.1.2,Win32,60,3370,,,m,1,0.449265,0,3,3,36,1,,,,,,,
,,,,,,,,,,,,Images/CongruentLeft.jpeg,Congruent Left,z,YL,19,Female,Year 1,N,N,Mandarin,English,,2021-02-15_11h31.05.668,Tse_Altarriba_Simon1,2020.1.2,Win32,60,3370,,,z,1,0.420805,0,4,4,9,1,,,,,,,
,,,,,,,,,,,,Images/CongruentLeft.jpeg,Congruent Left,z,YL,19,Female,Year 1,N,N,Mandarin,English,,2021-02-15_11h31.05.668,Tse_Altarriba_Simon1,2020.1.2,Win32,60,3370,,,z,1,0.339695,0,5,5,7,1,,,,,,,
,,,,,,,,,,,,Images/IncongruentLeft.jpeg,Incongruent Left,z,YL,19,Female,Year 1,N,N,Mandarin,English,,2021-02-15_11h31.05.668,Tse_Altarriba_Simon1,2020.1.2,Win32,60,3370,,,z,1,0.656625,0,6,6,26,1,,,,,,,
,,,,,,,,,,,,Images/IncongruentRight.jpeg,Incongruent Right,m,YL,19,Female,Year 1,N,N,Mandarin,English,,2021-02-15_11h31.05.668,Tse_Altarriba_Simon1,2020.1.2,Win32,60,3370,,,m,1,0.32125,0,7,7,32,1,,,,,,,
,,,,,,,,,,,,Images/CongruentRight.jpeg,Congruent Right,m,YL,19,Female,Year 1,N,N,Mandarin,English,,2021-02-15_11h31.05.668,Tse_Altarriba_Simon1,2020.1.2,Win32,60,3370,,,m,1,0.383605,0,8,8,16,1,,,,,,,
,,,,,,,,,,,,Images/CongruentLeft.jpeg,Congruent Left,z,YL,19,Female,Year 1,N,N,Mandarin,English,,2021-02-15_11h31.05.668,Tse_Altarriba_Simon1,2020.1.2,Win32,60,3370,,,z,1,0.37215,0,9,9,8,1,,,,,,,
,,,,,,,,,,,,Images/IncongruentLeft.jpeg,Incongruent Left,z,YL,19,Female,Year 1,N,N,Mandarin,English,,2021-02-15_11h31.05.668,Tse_Altarriba_Simon1,2020.1.2,Win32,60,3370,,,z,1,0.559305,0,10,10,28,1,,,,,,,
,,,,,,,,,,,,Images/NeurtalRight.jpeg,Neutral Right,m,YL,19,Female,Year 1,N,N,Mandarin,English,,2021-02-15_11h31.05.668,Tse_Altarriba_Simon1,2020.1.2,Win32,60,3370,,,m,1,0.34116,0,11,11,51,1,,,,,,,
,,,,,,,,,,,,Images/IncongruentRight.jpeg,Incongruent Right,m,YL,19,Female,Year 1,N,N,Mandarin,English,,2021-02-15_11h31.05.668,Tse_Altarriba_Simon1,2020.1.2,Win32,60,3370,,,m,1,0.41491,0,12,12,38,1,,,,,,,
,,,,,,,,,,,,Images/NeurtalRight.jpeg,Neutral Right,m,YL,19,Female,Year 1,N,N,Mandarin,English,,2021-02-15_11h31.05.668,Tse_Altarriba_Simon1,2020.1.2,Win32,60,3370,,,m,1,0.36591,0,13,13,58,1,,,,,,,
,,,,,,,,,,,,Images/NeutralLeft.jpeg,Neutral Left,z,YL,19,Female,Year 1,N,N,Mandarin,English,,2021-02-15_11h31.05.668,Tse_Altarriba_Simon1,2020.1.2,Win32,60,3370,,,z,1,0.32618,0,14,14,47,1,,,,,,,
,,,,,,,,,,,,Images/NeurtalRight.jpeg,Neutral Right,m,YL,19,Female,Year 1,N,N,Mandarin,English,,2021-02-15_11h31.05.668,Tse_Altarriba_Simon1,2020.1.2,Win32,60,3370,,,m,1,0.31718,0,15,15,50,1,,,,,,,
,,,,,,,,,,,,Images/IncongruentLeft.jpeg,Incongruent Left,z,YL,19,Female,Year 1,N,N,Mandarin,English,,2021-02-15_11h31.05.668,Tse_Altarriba_Simon1,2020.1.2,Win32,60,3370,,,z,1,0.353805,0,16,16,20,1,,,,,,,
,,,,,,,,,,,,Images/NeutralLeft.jpeg,Neutral Left,z,YL,19,Female,Year 1,N,N,Mandarin,English,,2021-02-15_11h31.05.668,Tse_Altarriba_Simon1,2020.1.2,Win32,60,3370,,,m,0,0.286605,0,17,17,46,1,,,,,,,
,,,,,,,,,,,,Images/IncongruentRight.jpeg,Incongruent Right,m,YL,19,Female,Year 1,N,N,Mandarin,English,,2021-02-15_11h31.05.668,Tse_Altarriba_Simon1,2020.1.2,Win32,60,3370,,,m,1,0.42873,0,18,18,31,1,,,,,,,
,,,,,,,,,,,,Images/NeutralLeft.jpeg,Neutral Left,z,YL,19,Female,Year 1,N,N,Mandarin,English,,2021-02-15_11h31.05.668,Tse_Altarriba_Simon1,2020.1.2,Win32,60,3370,,,z,1,0.418585,0,19,19,41,1,,,,,,,
,,,,,,,,,,,,Images/CongruentLeft.jpeg,Congruent Left,z,YL,19,Female,Year 1,N,N,Mandarin,English,,2021-02-15_11h31.05.668,Tse_Altarriba_Simon1,2020.1.2,Win32,60,3370,,,z,1,0.350695,0,20,20,1,1,,,,,,,
,,,,,,,,,,,,Images/NeurtalRight.jpeg,Neutral Right,m,YL,19,Female,Year 1,N,N,Mandarin,English,,2021-02-15_11h31.05.668,Tse_Altarriba_Simon1,2020.1.2,Win32,60,3370,,,m,1,0.32129,0,21,21,56,1,,,,,,,
,,,,,,,,,,,,Images/NeutralLeft.jpeg,Neutral Left,z,YL,19,Female,Year 1,N,N,Mandarin,English,,2021-02-15_11h31.05.668,Tse_Altarriba_Simon1,2020.1.2,Win32,60,3370,,,z,1,0.54313,0,22,22,42,1,,,,,,,
,,,,,,,,,,,,Images/NeutralLeft.jpeg,Neutral Left,z,YL,19,Female,Year 1,N,N,Mandarin,English,,2021-02-15_11h31.05.668,Tse_Altarriba_Simon1,2020.1.2,Win32,60,3370,,,z,1,0.368635,0,23,23,44,1,,,,,,,
,,,,,,,,,,,,Images/NeurtalRight.jpeg,Neutral Right,m,YL,19,Female,Year 1,N,N,Mandarin,English,,2021-02-15_11h31.05.668,Tse_Altarriba_Simon1,2020.1.2,Win32,60,3370,,,m,1,0.308915,0,24,24,55,1,,,,,,,
,,,,,,,,,,,,Images/NeurtalRight.jpeg,Neutral Right,m,YL,19,Female,Year 1,N,N,Mandarin,English,,2021-02-15_11h31.05.668,Tse_Altarriba_Simon1,2020.1.2,Win32,60,3370,,,m,1,0.352635,0,25,25,52,1,,,,,,,
,,,,,,,,,,,,Images/IncongruentLeft.jpeg,Incongruent Left,z,YL,19,Female,Year 1,N,N,Mandarin,English,,2021-02-15_11h31.05.668,Tse_Altarriba_Simon1,2020.1.2,Win32,60,3370,,,z,1,0.49259,0,26,26,23,1,,,,,,,
,,,,,,,,,,,,Images/IncongruentLeft.jpeg,Incongruent Left,z,YL,19,Female,Year 1,N,N,Mandarin,English,,2021-02-15_11h31.05.668,Tse_Altarriba_Simon1,2020.1.2,Win32,60,3370,,,z,1,0.42422,0,27,27,21,1,,,,,,,
,,,,,,,,,,,,Images/IncongruentLeft.jpeg,Incongruent Left,z,YL,19,Female,Year 1,N,N,Mandarin,English,,2021-02-15_11h31.05.668,Tse_Altarriba_Simon1,2020.1.2,Win32,60,3370,,,z,1,0.403345,0,28,28,29,1,,,,,,,
,,,,,,,,,,,,Images/CongruentRight.jpeg,Congruent Right,m,YL,19,Female,Year 1,N,N,Mandarin,English,,2021-02-15_11h31.05.668,Tse_Altarriba_Simon1,2020.1.2,Win32,60,3370,,,m,1,0.453555,0,29,29,11,1,,,,,,,
,,,,,,,,,,,,Images/IncongruentLeft.jpeg,Incongruent Left,z,YL,19,Female,Year 1,N,N,Mandarin,English,,2021-02-15_11h31.05.668,Tse_Altarriba_Simon1,2020.1.2,Win32,60,3370,,,z,1,0.432005,0,30,30,25,1,,,,,,,
,,,,,,,,,,,,Images/NeurtalRight.jpeg,Neutral Right,m,YL,19,Female,Year 1,N,N,Mandarin,English,,2021-02-15_11h31.05.668,Tse_Altarriba_Simon1,2020.1.2,Win32,60,3370,,,m,1,0.344025,0,31,31,53,1,,,,,,,
,,,,,,,,,,,,Images/IncongruentRight.jpeg,Incongruent Right,m,YL,19,Female,Year 1,N,N,Mandarin,English,,2021-02-15_11h31.05.668,Tse_Altarriba_Simon1,2020.1.2,Win32,60,3370,,,m,1,0.46699,0,32,32,33,1,,,,,,,
,,,,,,,,,,,,Images/IncongruentRight.jpeg,Incongruent Right,m,YL,19,Female,Year 1,N,N,Mandarin,English,,2021-02-15_11h31.05.668,Tse_Altarriba_Simon1,2020.1.2,Win32,60,3370,,,m,1,0.35055,0,33,33,35,1,,,,,,,
,,,,,,,,,,,,Images/CongruentRight.jpeg,Congruent Right,m,YL,19,Female,Year 1,N,N,Mandarin,English,,2021-02-15_11h31.05.668,Tse_Altarriba_Simon1,2020.1.2,Win32,60,3370,,,m,1,0.47013,0,34,34,14,1,,,,,,,
,,,,,,,,,,,,Images/CongruentRight.jpeg,Congruent Right,m,YL,19,Female,Year 1,N,N,Mandarin,English,,2021-02-15_11h31.05.668,Tse_Altarriba_Simon1,2020.1.2,Win32,60,3370,,,m,1,0.35322,0,35,35,13,1,,,,,,,
,,,,,,,,,,,,Images/IncongruentRight.jpeg,Incongruent Right,m,YL,19,Female,Year 1,N,N,Mandarin,English,,2021-02-15_11h31.05.668,Tse_Altarriba_Simon1,2020.1.2,Win32,60,3370,,,m,1,0.521535,0,36,36,34,1,,,,,,,
,,,,,,,,,,,,Images/NeutralLeft.jpeg,Neutral Left,z,YL,19,Female,Year 1,N,N,Mandarin,English,,2021-02-15_11h31.05.668,Tse_Altarriba_Simon1,2020.1.2,Win32,60,3370,,,z,1,0.41716,0,37,37,45,1,,,,,,,
,,,,,,,,,,,,Images/NeurtalRight.jpeg,Neutral Right,m,YL,19,Female,Year 1,N,N,Mandarin,English,,2021-02-15_11h31.05.668,Tse_Altarriba_Simon1,2020.1.2,Win32,60,3370,,,m,1,0.387595,0,38,38,59,1,,,,,,,
,,,,,,,,,,,,Images/NeurtalRight.jpeg,Neutral Right,m,YL,19,Female,Year 1,N,N,Mandarin,English,,2021-02-15_11h31.05.668,Tse_Altarriba_Simon1,2020.1.2,Win32,60,3370,,,m,1,0.3872,0,39,39,57,1,,,,,,,
,,,,,,,,,,,,Images/CongruentRight.jpeg,Congruent Right,m,YL,19,Female,Year 1,N,N,Mandarin,English,,2021-02-15_11h31.05.668,Tse_Altarriba_Simon1,2020.1.2,Win32,60,3370,,,m,1,0.348885,0,40,40,19,1,,,,,,,
,,,,,,,,,,,,Images/CongruentLeft.jpeg,Congruent Left,z,YL,19,Female,Year 1,N,N,Mandarin,English,,2021-02-15_11h31.05.668,Tse_Altarriba_Simon1,2020.1.2,Win32,60,3370,,,z,1,0.358035,0,41,41,3,1,,,,,,,
,,,,,,,,,,,,Images/IncongruentRight.jpeg,Incongruent Right,m,YL,19,Female,Year 1,N,N,Mandarin,English,,2021-02-15_11h31.05.668,Tse_Altarriba_Simon1,2020.1.2,Win32,60,3370,,,m,1,0.446475,0,42,42,30,1,,,,,,,
,,,,,,,,,,,,Images/CongruentRight.jpeg,Congruent Right,m,YL,19,Female,Year 1,N,N,Mandarin,English,,2021-02-15_11h31.05.668,Tse_Altarriba_Simon1,2020.1.2,Win32,60,3370,,,m,1,0.35459,0,43,43,15,1,,,,,,,
,,,,,,,,,,,,Images/CongruentLeft.jpeg,Congruent Left,z,YL,19,Female,Year 1,N,N,Mandarin,English,,2021-02-15_11h31.05.668,Tse_Altarriba_Simon1,2020.1.2,Win32,60,3370,,,z,1,0.424905,0,44,44,4,1,,,,,,,
,,,,,,,,,,,,Images/CongruentLeft.jpeg,Congruent Left,z,YL,19,Female,Year 1,N,N,Mandarin,English,,2021-02-15_11h31.05.668,Tse_Altarriba_Simon1,2020.1.2,Win32,60,3370,,,z,1,0.336435,0,45,45,0,1,,,,,,,
,,,,,,,,,,,,Images/CongruentLeft.jpeg,Congruent Left,z,YL,19,Female,Year 1,N,N,Mandarin,English,,2021-02-15_11h31.05.668,Tse_Altarriba_Simon1,2020.1.2,Win32,60,3370,,,z,1,0.334315,0,46,46,2,1,,,,,,,
,,,,,,,,,,,,Images/IncongruentRight.jpeg,Incongruent Right,m,YL,19,Female,Year 1,N,N,Mandarin,English,,2021-02-15_11h31.05.668,Tse_Altarriba_Simon1,2020.1.2,Win32,60,3370,,,m,1,0.52142,0,47,47,37,1,,,,,,,
,,,,,,,,,,,,Images/IncongruentLeft.jpeg,Incongruent Left,z,YL,19,Female,Year 1,N,N,Mandarin,English,,2021-02-15_11h31.05.668,Tse_Altarriba_Simon1,2020.1.2,Win32,60,3370,,,z,1,0.425705,0,48,48,24,1,,,,,,,
,,,,,,,,,,,,Images/CongruentRight.jpeg,Congruent Right,m,YL,19,Female,Year 1,N,N,Mandarin,English,,2021-02-15_11h31.05.668,Tse_Altarriba_Simon1,2020.1.2,Win32,60,3370,,,m,1,0.3788,0,49,49,18,1,,,,,,,
,,,,,,,,,,,,Images/CongruentLeft.jpeg,Congruent Left,z,YL,19,Female,Year 1,N,N,Mandarin,English,,2021-02-15_11h31.05.668,Tse_Altarriba_Simon1,2020.1.2,Win32,60,3370,,,z,1,0.38688,0,50,50,5,1,,,,,,,
,,,,,,,,,,,,Images/NeutralLeft.jpeg,Neutral Left,z,YL,19,Female,Year 1,N,N,Mandarin,English,,2021-02-15_11h31.05.668,Tse_Altarriba_Simon1,2020.1.2,Win32,60,3370,,,z,1,0.374455,0,51,51,49,1,,,,,,,
,,,,,,,,,,,,Images/CongruentRight.jpeg,Congruent Right,m,YL,19,Female,Year 1,N,N,Mandarin,English,,2021-02-15_11h31.05.668,Tse_Altarriba_Simon1,2020.1.2,Win32,60,3370,,,m,1,0.3034,0,52,52,12,1,,,,,,,
,,,,,,,,,,,,Images/NeutralLeft.jpeg,Neutral Left,z,YL,19,Female,Year 1,N,N,Mandarin,English,,2021-02-15_11h31.05.668,Tse_Altarriba_Simon1,2020.1.2,Win32,60,3370,,,z,1,0.341235,0,53,53,43,1,,,,,,,
,,,,,,,,,,,,Images/IncongruentLeft.jpeg,Incongruent Left,z,YL,19,Female,Year 1,N,N,Mandarin,English,,2021-02-15_11h31.05.668,Tse_Altarriba_Simon1,2020.1.2,Win32,60,3370,,,z,1,0.43682,0,54,54,22,1,,,,,,,
,,,,,,,,,,,,Images/CongruentLeft.jpeg,Congruent Left,z,YL,19,Female,Year 1,N,N,Mandarin,English,,2021-02-15_11h31.05.668,Tse_Altarriba_Simon1,2020.1.2,Win32,60,3370,,,z,1,0.453005,0,55,55,6,1,,,,,,,
,,,,,,,,,,,,Images/IncongruentLeft.jpeg,Incongruent Left,z,YL,19,Female,Year 1,N,N,Mandarin,English,,2021-02-15_11h31.05.668,Tse_Altarriba_Simon1,2020.1.2,Win32,60,3370,,,m,0,0.304375,0,56,56,27,1,,,,,,,
,,,,,,,,,,,,Images/CongruentRight.jpeg,Congruent Right,m,YL,19,Female,Year 1,N,N,Mandarin,English,,2021-02-15_11h31.05.668,Tse_Altarriba_Simon1,2020.1.2,Win32,60,3370,,,m,1,0.407625,0,57,57,10,1,,,,,,,
,,,,,,,,,,,,Images/IncongruentRight.jpeg,Incongruent Right,m,YL,19,Female,Year 1,N,N,Mandarin,English,,2021-02-15_11h31.05.668,Tse_Altarriba_Simon1,2020.1.2,Win32,60,3370,,,m,1,0.4223,0,58,58,39,1,,,,,,,
,,,,,,,,,,,,Images/NeutralLeft.jpeg,Neutral Left,z,YL,19,Female,Year 1,N,N,Mandarin,English,,2021-02-15_11h31.05.668,Tse_Altarriba_Simon1,2020.1.2,Win32,60,3370,,,z,1,0.35851,0,59,59,48,1,,,,,,,
,,,,,,,,,,,,Images/CongruentRight.jpeg,Congruent Right,m,YL,19,Female,Year 1,N,N,Mandarin,English,,2021-02-15_11h31.05.668,Tse_Altarriba_Simon1,2020.1.2,Win32,60,3370,,,m,1,0.5033,,,,,,space,9.62845,0,0,0,19,1
,,,,,,,,,,,,Images/NeurtalRight.jpeg,Neutral Right,m,YL,19,Female,Year 1,N,N,Mandarin,English,,2021-02-15_11h31.05.668,Tse_Altarriba_Simon1,2020.1.2,Win32,60,3370,,,m,1,0.419635,,,,,,,,0,1,1,56,1
,,,,,,,,,,,,Images/NeutralLeft.jpeg,Neutral Left,z,YL,19,Female,Year 1,N,N,Mandarin,English,,2021-02-15_11h31.05.668,Tse_Altarriba_Simon1,2020.1.2,Win32,60,3370,,,z,1,0.441145,,,,,,,,0,2,2,46,1
,,,,,,,,,,,,Images/CongruentLeft.jpeg,Congruent Left,z,YL,19,Female,Year 1,N,N,Mandarin,English,,2021-02-15_11h31.05.668,Tse_Altarriba_Simon1,2020.1.2,Win32,60,3370,,,z,1,0.353005,,,,,,,,0,3,3,4,1
,,,,,,,,,,,,Images/NeurtalRight.jpeg,Neutral Right,m,YL,19,Female,Year 1,N,N,Mandarin,English,,2021-02-15_11h31.05.668,Tse_Altarriba_Simon1,2020.1.2,Win32,60,3370,,,m,1,0.393565,,,,,,,,0,4,4,57,1
,,,,,,,,,,,,Images/CongruentLeft.jpeg,Congruent Left,z,YL,19,Female,Year 1,N,N,Mandarin,English,,2021-02-15_11h31.05.668,Tse_Altarriba_Simon1,2020.1.2,Win32,60,3370,,,z,1,0.320925,,,,,,,,0,5,5,1,1
,,,,,,,,,,,,Images/IncongruentLeft.jpeg,Incongruent Left,z,YL,19,Female,Year 1,N,N,Mandarin,English,,2021-02-15_11h31.05.668,Tse_Altarriba_Simon1,2020.1.2,Win32,60,3370,,,z,1,0.41919,,,,,,,,0,6,6,22,1
,,,,,,,,,,,,Images/CongruentRight.jpeg,Congruent Right,m,YL,19,Female,Year 1,N,N,Mandarin,English,,2021-02-15_11h31.05.668,Tse_Altarriba_Simon1,2020.1.2,Win32,60,3370,,,m,1,0.3892,,,,,,,,0,7,7,17,1
,,,,,,,,,,,,Images/CongruentLeft.jpeg,Congruent Left,z,YL,19,Female,Year 1,N,N,Mandarin,English,,2021-02-15_11h31.05.668,Tse_Altarriba_Simon1,2020.1.2,Win32,60,3370,,,z,1,0.504045,,,,,,,,0,8,8,7,1
,,,,,,,,,,,,Images/NeutralLeft.jpeg,Neutral Left,z,YL,19,Female,Year 1,N,N,Mandarin,English,,2021-02-15_11h31.05.668,Tse_Altarriba_Simon1,2020.1.2,Win32,60,3370,,,z,1,0.33019,,,,,,,,0,9,9,49,1
,,,,,,,,,,,,Images/CongruentRight.jpeg,Congruent Right,m,YL,19,Female,Year 1,N,N,Mandarin,English,,2021-02-15_11h31.05.668,Tse_Altarriba_Simon1,2020.1.2,Win32,60,3370,,,m,1,0.319575,,,,,,,,0,10,10,16,1
,,,,,,,,,,,,Images/NeutralLeft.jpeg,Neutral Left,z,YL,19,Female,Year 1,N,N,Mandarin,English,,2021-02-15_11h31.05.668,Tse_Altarriba_Simon1,2020.1.2,Win32,60,3370,,,z,1,0.318085,,,,,,,,0,11,11,41,1
,,,,,,,,,,,,Images/IncongruentRight.jpeg,Incongruent Right,m,YL,19,Female,Year 1,N,N,Mandarin,English,,2021-02-15_11h31.05.668,Tse_Altarriba_Simon1,2020.1.2,Win32,60,3370,,,m,1,0.422305,,,,,,,,0,12,12,37,1
,,,,,,,,,,,,Images/CongruentLeft.jpeg,Congruent Left,z,YL,19,Female,Year 1,N,N,Mandarin,English,,2021-02-15_11h31.05.668,Tse_Altarriba_Simon1,2020.1.2,Win32,60,3370,,,z,1,0.412955,,,,,,,,0,13,13,6,1
,,,,,,,,,,,,Images/IncongruentLeft.jpeg,Incongruent Left,z,YL,19,Female,Year 1,N,N,Mandarin,English,,2021-02-15_11h31.05.668,Tse_Altarriba_Simon1,2020.1.2,Win32,60,3370,,,z,1,0.369965,,,,,,,,0,14,14,29,1
,,,,,,,,,,,,Images/IncongruentLeft.jpeg,Incongruent Left,z,YL,19,Female,Year 1,N,N,Mandarin,English,,2021-02-15_11h31.05.668,Tse_Altarriba_Simon1,2020.1.2,Win32,60,3370,,,z,1,0.43659,,,,,,,,0,15,15,28,1
,,,,,,,,,,,,Images/NeurtalRight.jpeg,Neutral Right,m,YL,19,Female,Year 1,N,N,Mandarin,English,,2021-02-15_11h31.05.668,Tse_Altarriba_Simon1,2020.1.2,Win32,60,3370,,,m,1,0.373175,,,,,,,,0,16,16,52,1
,,,,,,,,,,,,Images/NeutralLeft.jpeg,Neutral Left,z,YL,19,Female,Year 1,N,N,Mandarin,English,,2021-02-15_11h31.05.668,Tse_Altarriba_Simon1,2020.1.2,Win32,60,3370,,,z,1,0.3404,,,,,,,,0,17,17,47,1
,,,,,,,,,,,,Images/NeurtalRight.jpeg,Neutral Right,m,YL,19,Female,Year 1,N,N,Mandarin,English,,2021-02-15_11h31.05.668,Tse_Altarriba_Simon1,2020.1.2,Win32,60,3370,,,m,1,0.319895,,,,,,,,0,18,18,54,1
,,,,,,,,,,,,Images/CongruentRight.jpeg,Congruent Right,m,YL,19,Female,Year 1,N,N,Mandarin,English,,2021-02-15_11h31.05.668,Tse_Altarriba_Simon1,2020.1.2,Win32,60,3370,,,m,1,0.31015,,,,,,,,0,19,19,11,1
,,,,,,,,,,,,Images/CongruentRight.jpeg,Congruent Right,m,YL,19,Female,Year 1,N,N,Mandarin,English,,2021-02-15_11h31.05.668,Tse_Altarriba_Simon1,2020.1.2,Win32,60,3370,,,m,1,0.294485,,,,,,,,0,20,20,15,1
,,,,,,,,,,,,Images/IncongruentRight.jpeg,Incongruent Right,m,YL,19,Female,Year 1,N,N,Mandarin,English,,2021-02-15_11h31.05.668,Tse_Altarriba_Simon1,2020.1.2,Win32,60,3370,,,z,0,0.322885,,,,,,,,0,21,21,30,1
,,,,,,,,,,,,Images/NeurtalRight.jpeg,Neutral Right,m,YL,19,Female,Year 1,N,N,Mandarin,English,,2021-02-15_11h31.05.668,Tse_Altarriba_Simon1,2020.1.2,Win32,60,3370,,,m,1,0.32107,,,,,,,,0,22,22,50,1
,,,,,,,,,,,,Images/CongruentRight.jpeg,Congruent Right,m,YL,19,Female,Year 1,N,N,Mandarin,English,,2021-02-15_11h31.05.668,Tse_Altarriba_Simon1,2020.1.2,Win32,60,3370,,,m,1,0.30301,,,,,,,,0,23,23,10,1
,,,,,,,,,,,,Images/IncongruentLeft.jpeg,Incongruent Left,z,YL,19,Female,Year 1,N,N,Mandarin,English,,2021-02-15_11h31.05.668,Tse_Altarriba_Simon1,2020.1.2,Win32,60,3370,,,z,1,0.47583,,,,,,,,0,24,24,27,1
,,,,,,,,,,,,Images/NeutralLeft.jpeg,Neutral Left,z,YL,19,Female,Year 1,N,N,Mandarin,English,,2021-02-15_11h31.05.668,Tse_Altarriba_Simon1,2020.1.2,Win32,60,3370,,,z,1,0.5787,,,,,,,,0,25,25,44,1
,,,,,,,,,,,,Images/IncongruentLeft.jpeg,Incongruent Left,z,YL,19,Female,Year 1,N,N,Mandarin,English,,2021-02-15_11h31.05.668,Tse_Altarriba_Simon1,2020.1.2,Win32,60,3370,,,z,1,0.487605,,,,,,,,0,26,26,21,1
,,,,,,,,,,,,Images/CongruentLeft.jpeg,Congruent Left,z,YL,19,Female,Year 1,N,N,Mandarin,English,,2021-02-15_11h31.05.668,Tse_Altarriba_Simon1,2020.1.2,Win32,60,3370,,,z,1,0.55147,,,,,,,,0,27,27,5,1
,,,,,,,,,,,,Images/NeutralLeft.jpeg,Neutral Left,z,YL,19,Female,Year 1,N,N,Mandarin,English,,2021-02-15_11h31.05.668,Tse_Altarriba_Simon1,2020.1.2,Win32,60,3370,,,z,1,0.391595,,,,,,,,0,28,28,45,1
,,,,,,,,,,,,Images/CongruentLeft.jpeg,Congruent Left,z,YL,19,Female,Year 1,N,N,Mandarin,English,,2021-02-15_11h31.05.668,Tse_Altarriba_Simon1,2020.1.2,Win32,60,3370,,,z,1,0.373875,,,,,,,,0,29,29,3,1
,,,,,,,,,,,,Images/IncongruentRight.jpeg,Incongruent Right,m,YL,19,Female,Year 1,N,N,Mandarin,English,,2021-02-15_11h31.05.668,Tse_Altarriba_Simon1,2020.1.2,Win32,60,3370,,,z,0,0.34182,,,,,,,,0,30,30,33,1
,,,,,,,,,,,,Images/IncongruentLeft.jpeg,Incongruent Left,z,YL,19,Female,Year 1,N,N,Mandarin,English,,2021-02-15_11h31.05.668,Tse_Altarriba_Simon1,2020.1.2,Win32,60,3370,,,z,1,0.45976,,,,,,,,0,31,31,20,1
,,,,,,,,,,,,Images/IncongruentRight.jpeg,Incongruent Right,m,YL,19,Female,Year 1,N,N,Mandarin,English,,2021-02-15_11h31.05.668,Tse_Altarriba_Simon1,2020.1.2,Win32,60,3370,,,m,1,0.33961,,,,,,,,0,32,32,35,1
,,,,,,,,,,,,Images/CongruentLeft.jpeg,Congruent Left,z,YL,19,Female,Year 1,N,N,Mandarin,English,,2021-02-15_11h31.05.668,Tse_Altarriba_Simon1,2020.1.2,Win32,60,3370,,,z,1,0.42032,,,,,,,,0,33,33,0,1
,,,,,,,,,,,,Images/IncongruentRight.jpeg,Incongruent Right,m,YL,19,Female,Year 1,N,N,Mandarin,English,,2021-02-15_11h31.05.668,Tse_Altarriba_Simon1,2020.1.2,Win32,60,3370,,,m,1,0.45724,,,,,,,,0,34,34,31,1
,,,,,,,,,,,,Images/NeurtalRight.jpeg,Neutral Right,m,YL,19,Female,Year 1,N,N,Mandarin,English,,2021-02-15_11h31.05.668,Tse_Altarriba_Simon1,2020.1.2,Win32,60,3370,,,m,1,0.42061,,,,,,,,0,35,35,55,1
,,,,,,,,,,,,Images/CongruentLeft.jpeg,Congruent Left,z,YL,19,Female,Year 1,N,N,Mandarin,English,,2021-02-15_11h31.05.668,Tse_Altarriba_Simon1,2020.1.2,Win32,60,3370,,,z,1,0.45794,,,,,,,,0,36,36,9,1
,,,,,,,,,,,,Images/CongruentRight.jpeg,Congruent Right,m,YL,19,Female,Year 1,N,N,Mandarin,English,,2021-02-15_11h31.05.668,Tse_Altarriba_Simon1,2020.1.2,Win32,60,3370,,,m,1,0.37322,,,,,,,,0,37,37,12,1
,,,,,,,,,,,,Images/IncongruentRight.jpeg,Incongruent Right,m,YL,19,Female,Year 1,N,N,Mandarin,English,,2021-02-15_11h31.05.668,Tse_Altarriba_Simon1,2020.1.2,Win32,60,3370,,,m,1,0.39005,,,,,,,,0,38,38,34,1
,,,,,,,,,,,,Images/NeutralLeft.jpeg,Neutral Left,z,YL,19,Female,Year 1,N,N,Mandarin,English,,2021-02-15_11h31.05.668,Tse_Altarriba_Simon1,2020.1.2,Win32,60,3370,,,z,1,0.38897,,,,,,,,0,39,39,43,1
,,,,,,,,,,,,Images/CongruentLeft.jpeg,Congruent Left,z,YL,19,Female,Year 1,N,N,Mandarin,English,,2021-02-15_11h31.05.668,Tse_Altarriba_Simon1,2020.1.2,Win32,60,3370,,,z,1,0.368155,,,,,,,,0,40,40,8,1
,,,,,,,,,,,,Images/IncongruentLeft.jpeg,Incongruent Left,z,YL,19,Female,Year 1,N,N,Mandarin,English,,2021-02-15_11h31.05.668,Tse_Altarriba_Simon1,2020.1.2,Win32,60,3370,,,z,1,0.63382,,,,,,,,0,41,41,25,1
,,,,,,,,,,,,Images/NeutralLeft.jpeg,Neutral Left,z,YL,19,Female,Year 1,N,N,Mandarin,English,,2021-02-15_11h31.05.668,Tse_Altarriba_Simon1,2020.1.2,Win32,60,3370,,,z,1,0.38859,,,,,,,,0,42,42,42,1
,,,,,,,,,,,,Images/IncongruentRight.jpeg,Incongruent Right,m,YL,19,Female,Year 1,N,N,Mandarin,English,,2021-02-15_11h31.05.668,Tse_Altarriba_Simon1,2020.1.2,Win32,60,3370,,,m,1,0.44506,,,,,,,,0,43,43,36,1
,,,,,,,,,,,,Images/IncongruentLeft.jpeg,Incongruent Left,z,YL,19,Female,Year 1,N,N,Mandarin,English,,2021-02-15_11h31.05.668,Tse_Altarriba_Simon1,2020.1.2,Win32,60,3370,,,z,1,0.48664,,,,,,,,0,44,44,23,1
,,,,,,,,,,,,Images/CongruentRight.jpeg,Congruent Right,m,YL,19,Female,Year 1,N,N,Mandarin,English,,2021-02-15_11h31.05.668,Tse_Altarriba_Simon1,2020.1.2,Win32,60,3370,,,m,1,0.602815,,,,,,,,0,45,45,18,1
,,,,,,,,,,,,Images/NeurtalRight.jpeg,Neutral Right,m,YL,19,Female,Year 1,N,N,Mandarin,English,,2021-02-15_11h31.05.668,Tse_Altarriba_Simon1,2020.1.2,Win32,60,3370,,,m,1,0.356695,,,,,,,,0,46,46,59,1
,,,,,,,,,,,,Images/CongruentRight.jpeg,Congruent Right,m,YL,19,Female,Year 1,N,N,Mandarin,English,,2021-02-15_11h31.05.668,Tse_Altarriba_Simon1,2020.1.2,Win32,60,3370,,,m,1,0.470045,,,,,,,,0,47,47,13,1
,,,,,,,,,,,,Images/IncongruentLeft.jpeg,Incongruent Left,z,YL,19,Female,Year 1,N,N,Mandarin,English,,2021-02-15_11h31.05.668,Tse_Altarriba_Simon1,2020.1.2,Win32,60,3370,,,z,1,0.486205,,,,,,,,0,48,48,26,1
,,,,,,,,,,,,Images/NeutralLeft.jpeg,Neutral Left,z,YL,19,Female,Year 1,N,N,Mandarin,English,,2021-02-15_11h31.05.668,Tse_Altarriba_Simon1,2020.1.2,Win32,60,3370,,,z,1,0.40343,,,,,,,,0,49,49,40,1
,,,,,,,,,,,,Images/CongruentLeft.jpeg,Congruent Left,z,YL,19,Female,Year 1,N,N,Mandarin,English,,2021-02-15_11h31.05.668,Tse_Altarriba_Simon1,2020.1.2,Win32,60,3370,,,z,1,0.35635,,,,,,,,0,50,50,2,1
,,,,,,,,,,,,Images/IncongruentRight.jpeg,Incongruent Right,m,YL,19,Female,Year 1,N,N,Mandarin,English,,2021-02-15_11h31.05.668,Tse_Altarriba_Simon1,2020.1.2,Win32,60,3370,,,m,1,0.46371,,,,,,,,0,51,51,38,1
,,,,,,,,,,,,Images/NeurtalRight.jpeg,Neutral Right,m,YL,19,Female,Year 1,N,N,Mandarin,English,,2021-02-15_11h31.05.668,Tse_Altarriba_Simon1,2020.1.2,Win32,60,3370,,,m,1,0.35973,,,,,,,,0,52,52,53,1
,,,,,,,,,,,,Images/IncongruentRight.jpeg,Incongruent Right,m,YL,19,Female,Year 1,N,N,Mandarin,English,,2021-02-15_11h31.05.668,Tse_Altarriba_Simon1,2020.1.2,Win32,60,3370,,,m,1,0.403025,,,,,,,,0,53,53,39,1
,,,,,,,,,,,,Images/IncongruentLeft.jpeg,Incongruent Left,z,YL,19,Female,Year 1,N,N,Mandarin,English,,2021-02-15_11h31.05.668,Tse_Altarriba_Simon1,2020.1.2,Win32,60,3370,,,z,1,0.395615,,,,,,,,0,54,54,24,1
,,,,,,,,,,,,Images/CongruentRight.jpeg,Congruent Right,m,YL,19,Female,Year 1,N,N,Mandarin,English,,2021-02-15_11h31.05.668,Tse_Altarriba_Simon1,2020.1.2,Win32,60,3370,,,m,1,0.41184,,,,,,,,0,55,55,14,1
,,,,,,,,,,,,Images/NeurtalRight.jpeg,Neutral Right,m,YL,19,Female,Year 1,N,N,Mandarin,English,,2021-02-15_11h31.05.668,Tse_Altarriba_Simon1,2020.1.2,Win32,60,3370,,,m,1,0.47292,,,,,,,,0,56,56,58,1
,,,,,,,,,,,,Images/NeutralLeft.jpeg,Neutral Left,z,YL,19,Female,Year 1,N,N,Mandarin,English,,2021-02-15_11h31.05.668,Tse_Altarriba_Simon1,2020.1.2,Win32,60,3370,,,z,1,0.374445,,,,,,,,0,57,57,48,1
,,,,,,,,,,,,Images/IncongruentRight.jpeg,Incongruent Right,m,YL,19,Female,Year 1,N,N,Mandarin,English,,2021-02-15_11h31.05.668,Tse_Altarriba_Simon1,2020.1.2,Win32,60,3370,,,m,1,0.53664,,,,,,,,0,58,58,32,1
,,,,,,,,,,,,Images/NeurtalRight.jpeg,Neutral Right,m,YL,19,Female,Year 1,N,N,Mandarin,English,,2021-02-15_11h31.05.668,Tse_Altarriba_Simon1,2020.1.2,Win32,60,3370,,,m,1,0.445515,,,,,,,,0,59,59,51,1
