Space1.keys,Space1.rt,Space2.keys,Space2.rt,response.keys,response.corr,response.rt,Practice_loop.thisRepN,Practice_loop.thisTrialN,Practice_loop.thisN,Practice_loop.thisIndex,Practice_loop.ran,ImageFile,Condition,CorrAns,Your initials,What is your age?,What is your gender?,What year are you in?,Are you Dyslexic? (Y/N),Are you bi/multilingual? (Y/N),What is your first language?,"What is your second language? (if you are monollingual, leave blank)",What other languages do you speak?,date,expName,psychopyVersion,OS,frameRate,participant,Space3.keys,Space3.rt,key_resp_2.keys,key_resp_2.corr,key_resp_2.rt,trials.thisRepN,trials.thisTrialN,trials.thisN,trials.thisIndex,trials.ran,Space4.keys,Space4.rt,trials_2.thisRepN,trials_2.thisTrialN,trials_2.thisN,trials_2.thisIndex,trials_2.ran
space,2.415205,space,12.960065,m,1,0.47904,0,0,0,2,1,Images/CongruentRight.jpeg,Congruent Right,m,JK,19,Female,1,N,Y,English,Korean,,2021-02-22_08h46.29.596,Tse_Altarriba_Simon1,2020.1.2,MacIntel,60,3373,,,,,,,,,,,,,,,,,
,,,,m,0,0.297725,0,1,1,4,1,Images/IncongruentLeft.jpeg,Incongruent Left,z,JK,19,Female,1,N,Y,English,Korean,,2021-02-22_08h46.29.596,Tse_Altarriba_Simon1,2020.1.2,MacIntel,60,3373,,,,,,,,,,,,,,,,,
,,,,z,1,0.412685,0,2,2,1,1,Images/CongruentLeft.jpeg,Congruent Left,z,JK,19,Female,1,N,Y,English,Korean,,2021-02-22_08h46.29.596,Tse_Altarriba_Simon1,2020.1.2,MacIntel,60,3373,,,,,,,,,,,,,,,,,
,,,,z,1,0.463455,0,3,3,8,1,Images/NeutralLeft.jpeg,Neutral Left,z,JK,19,Female,1,N,Y,English,Korean,,2021-02-22_08h46.29.596,Tse_Altarriba_Simon1,2020.1.2,MacIntel,60,3373,,,,,,,,,,,,,,,,,
,,,,m,1,0.530935,0,4,4,11,1,Images/NeurtalRight.jpeg,Neutral Right,m,JK,19,Female,1,N,Y,English,Korean,,2021-02-22_08h46.29.596,Tse_Altarriba_Simon1,2020.1.2,MacIntel,60,3373,,,,,,,,,,,,,,,,,
,,,,z,1,0.36249,0,5,5,9,1,Images/NeutralLeft.jpeg,Neutral Left,z,JK,19,Female,1,N,Y,English,Korean,,2021-02-22_08h46.29.596,Tse_Altarriba_Simon1,2020.1.2,MacIntel,60,3373,,,,,,,,,,,,,,,,,
,,,,m,1,0.37501,0,6,6,6,1,Images/IncongruentRight.jpeg,Incongruent Right,m,JK,19,Female,1,N,Y,English,Korean,,2021-02-22_08h46.29.596,Tse_Altarriba_Simon1,2020.1.2,MacIntel,60,3373,,,,,,,,,,,,,,,,,
,,,,z,1,0.395125,0,7,7,5,1,Images/IncongruentLeft.jpeg,Incongruent Left,z,JK,19,Female,1,N,Y,English,Korean,,2021-02-22_08h46.29.596,Tse_Altarriba_Simon1,2020.1.2,MacIntel,60,3373,,,,,,,,,,,,,,,,,
,,,,m,1,0.365335,0,8,8,7,1,Images/IncongruentRight.jpeg,Incongruent Right,m,JK,19,Female,1,N,Y,English,Korean,,2021-02-22_08h46.29.596,Tse_Altarriba_Simon1,2020.1.2,MacIntel,60,3373,,,,,,,,,,,,,,,,,
,,,,m,1,0.446225,0,9,9,10,1,Images/NeurtalRight.jpeg,Neutral Right,m,JK,19,Female,1,N,Y,English,Korean,,2021-02-22_08h46.29.596,Tse_Altarriba_Simon1,2020.1.2,MacIntel,60,3373,,,,,,,,,,,,,,,,,
,,,,z,1,0.41428,0,10,10,0,1,Images/CongruentLeft.jpeg,Congruent Left,z,JK,19,Female,1,N,Y,English,Korean,,2021-02-22_08h46.29.596,Tse_Altarriba_Simon1,2020.1.2,MacIntel,60,3373,,,,,,,,,,,,,,,,,
,,,,m,1,0.295185,0,11,11,3,1,Images/CongruentRight.jpeg,Congruent Right,m,JK,19,Female,1,N,Y,English,Korean,,2021-02-22_08h46.29.596,Tse_Altarriba_Simon1,2020.1.2,MacIntel,60,3373,,,,,,,,,,,,,,,,,
,,,,,,,,,,,,Images/IncongruentLeft.jpeg,Incongruent Left,z,JK,19,Female,1,N,Y,English,Korean,,2021-02-22_08h46.29.596,Tse_Altarriba_Simon1,2020.1.2,MacIntel,60,3373,space,5.11936,z,1,0.39975,0,0,0,27,1,,,,,,,
,,,,,,,,,,,,Images/NeutralLeft.jpeg,Neutral Left,z,JK,19,Female,1,N,Y,English,Korean,,2021-02-22_08h46.29.596,Tse_Altarriba_Simon1,2020.1.2,MacIntel,60,3373,,,m,0,0.481835,0,1,1,47,1,,,,,,,
,,,,,,,,,,,,Images/NeutralLeft.jpeg,Neutral Left,z,JK,19,Female,1,N,Y,English,Korean,,2021-02-22_08h46.29.596,Tse_Altarriba_Simon1,2020.1.2,MacIntel,60,3373,,,z,1,0.38153,0,2,2,40,1,,,,,,,
,,,,,,,,,,,,Images/CongruentRight.jpeg,Congruent Right,m,JK,19,Female,1,N,Y,English,Korean,,2021-02-22_08h46.29.596,Tse_Altarriba_Simon1,2020.1.2,MacIntel,60,3373,,,m,1,0.349175,0,3,3,13,1,,,,,,,
,,,,,,,,,,,,Images/CongruentRight.jpeg,Congruent Right,m,JK,19,Female,1,N,Y,English,Korean,,2021-02-22_08h46.29.596,Tse_Altarriba_Simon1,2020.1.2,MacIntel,60,3373,,,m,1,0.39828,0,4,4,17,1,,,,,,,
,,,,,,,,,,,,Images/IncongruentLeft.jpeg,Incongruent Left,z,JK,19,Female,1,N,Y,English,Korean,,2021-02-22_08h46.29.596,Tse_Altarriba_Simon1,2020.1.2,MacIntel,60,3373,,,z,1,0.380455,0,5,5,22,1,,,,,,,
,,,,,,,,,,,,Images/CongruentLeft.jpeg,Congruent Left,z,JK,19,Female,1,N,Y,English,Korean,,2021-02-22_08h46.29.596,Tse_Altarriba_Simon1,2020.1.2,MacIntel,60,3373,,,z,1,0.331475,0,6,6,7,1,,,,,,,
,,,,,,,,,,,,Images/NeutralLeft.jpeg,Neutral Left,z,JK,19,Female,1,N,Y,English,Korean,,2021-02-22_08h46.29.596,Tse_Altarriba_Simon1,2020.1.2,MacIntel,60,3373,,,z,1,0.34876,0,7,7,41,1,,,,,,,
,,,,,,,,,,,,Images/IncongruentLeft.jpeg,Incongruent Left,z,JK,19,Female,1,N,Y,English,Korean,,2021-02-22_08h46.29.596,Tse_Altarriba_Simon1,2020.1.2,MacIntel,60,3373,,,m,0,0.280225,0,8,8,25,1,,,,,,,
,,,,,,,,,,,,Images/NeutralLeft.jpeg,Neutral Left,z,JK,19,Female,1,N,Y,English,Korean,,2021-02-22_08h46.29.596,Tse_Altarriba_Simon1,2020.1.2,MacIntel,60,3373,,,z,1,0.36298,0,9,9,44,1,,,,,,,
,,,,,,,,,,,,Images/CongruentRight.jpeg,Congruent Right,m,JK,19,Female,1,N,Y,English,Korean,,2021-02-22_08h46.29.596,Tse_Altarriba_Simon1,2020.1.2,MacIntel,60,3373,,,m,1,0.333765,0,10,10,10,1,,,,,,,
,,,,,,,,,,,,Images/IncongruentRight.jpeg,Incongruent Right,m,JK,19,Female,1,N,Y,English,Korean,,2021-02-22_08h46.29.596,Tse_Altarriba_Simon1,2020.1.2,MacIntel,60,3373,,,z,0,0.313465,0,11,11,39,1,,,,,,,
,,,,,,,,,,,,Images/NeurtalRight.jpeg,Neutral Right,m,JK,19,Female,1,N,Y,English,Korean,,2021-02-22_08h46.29.596,Tse_Altarriba_Simon1,2020.1.2,MacIntel,60,3373,,,m,1,0.36485,0,12,12,50,1,,,,,,,
,,,,,,,,,,,,Images/IncongruentRight.jpeg,Incongruent Right,m,JK,19,Female,1,N,Y,English,Korean,,2021-02-22_08h46.29.596,Tse_Altarriba_Simon1,2020.1.2,MacIntel,60,3373,,,m,1,0.414975,0,13,13,36,1,,,,,,,
,,,,,,,,,,,,Images/IncongruentLeft.jpeg,Incongruent Left,z,JK,19,Female,1,N,Y,English,Korean,,2021-02-22_08h46.29.596,Tse_Altarriba_Simon1,2020.1.2,MacIntel,60,3373,,,z,1,0.31636,0,14,14,21,1,,,,,,,
,,,,,,,,,,,,Images/IncongruentRight.jpeg,Incongruent Right,m,JK,19,Female,1,N,Y,English,Korean,,2021-02-22_08h46.29.596,Tse_Altarriba_Simon1,2020.1.2,MacIntel,60,3373,,,m,1,0.346555,0,15,15,33,1,,,,,,,
,,,,,,,,,,,,Images/NeutralLeft.jpeg,Neutral Left,z,JK,19,Female,1,N,Y,English,Korean,,2021-02-22_08h46.29.596,Tse_Altarriba_Simon1,2020.1.2,MacIntel,60,3373,,,z,1,0.333065,0,16,16,45,1,,,,,,,
,,,,,,,,,,,,Images/IncongruentLeft.jpeg,Incongruent Left,z,JK,19,Female,1,N,Y,English,Korean,,2021-02-22_08h46.29.596,Tse_Altarriba_Simon1,2020.1.2,MacIntel,60,3373,,,z,1,0.348165,0,17,17,26,1,,,,,,,
,,,,,,,,,,,,Images/NeutralLeft.jpeg,Neutral Left,z,JK,19,Female,1,N,Y,English,Korean,,2021-02-22_08h46.29.596,Tse_Altarriba_Simon1,2020.1.2,MacIntel,60,3373,,,m,0,0.317,0,18,18,43,1,,,,,,,
,,,,,,,,,,,,Images/IncongruentRight.jpeg,Incongruent Right,m,JK,19,Female,1,N,Y,English,Korean,,2021-02-22_08h46.29.596,Tse_Altarriba_Simon1,2020.1.2,MacIntel,60,3373,,,m,1,0.36486,0,19,19,37,1,,,,,,,
,,,,,,,,,,,,Images/NeurtalRight.jpeg,Neutral Right,m,JK,19,Female,1,N,Y,English,Korean,,2021-02-22_08h46.29.596,Tse_Altarriba_Simon1,2020.1.2,MacIntel,60,3373,,,m,1,0.330745,0,20,20,52,1,,,,,,,
,,,,,,,,,,,,Images/IncongruentLeft.jpeg,Incongruent Left,z,JK,19,Female,1,N,Y,English,Korean,,2021-02-22_08h46.29.596,Tse_Altarriba_Simon1,2020.1.2,MacIntel,60,3373,,,z,1,0.346525,0,21,21,24,1,,,,,,,
,,,,,,,,,,,,Images/IncongruentRight.jpeg,Incongruent Right,m,JK,19,Female,1,N,Y,English,Korean,,2021-02-22_08h46.29.596,Tse_Altarriba_Simon1,2020.1.2,MacIntel,60,3373,,,m,1,0.382045,0,22,22,32,1,,,,,,,
,,,,,,,,,,,,Images/CongruentLeft.jpeg,Congruent Left,z,JK,19,Female,1,N,Y,English,Korean,,2021-02-22_08h46.29.596,Tse_Altarriba_Simon1,2020.1.2,MacIntel,60,3373,,,z,1,0.379845,0,23,23,6,1,,,,,,,
,,,,,,,,,,,,Images/CongruentLeft.jpeg,Congruent Left,z,JK,19,Female,1,N,Y,English,Korean,,2021-02-22_08h46.29.596,Tse_Altarriba_Simon1,2020.1.2,MacIntel,60,3373,,,z,1,0.346755,0,24,24,3,1,,,,,,,
,,,,,,,,,,,,Images/CongruentLeft.jpeg,Congruent Left,z,JK,19,Female,1,N,Y,English,Korean,,2021-02-22_08h46.29.596,Tse_Altarriba_Simon1,2020.1.2,MacIntel,60,3373,,,z,1,0.281685,0,25,25,0,1,,,,,,,
,,,,,,,,,,,,Images/CongruentRight.jpeg,Congruent Right,m,JK,19,Female,1,N,Y,English,Korean,,2021-02-22_08h46.29.596,Tse_Altarriba_Simon1,2020.1.2,MacIntel,60,3373,,,m,1,0.34617,0,26,26,15,1,,,,,,,
,,,,,,,,,,,,Images/NeurtalRight.jpeg,Neutral Right,m,JK,19,Female,1,N,Y,English,Korean,,2021-02-22_08h46.29.596,Tse_Altarriba_Simon1,2020.1.2,MacIntel,60,3373,,,m,1,0.33169,0,27,27,55,1,,,,,,,
,,,,,,,,,,,,Images/NeurtalRight.jpeg,Neutral Right,m,JK,19,Female,1,N,Y,English,Korean,,2021-02-22_08h46.29.596,Tse_Altarriba_Simon1,2020.1.2,MacIntel,60,3373,,,z,0,0.34657,0,28,28,56,1,,,,,,,
,,,,,,,,,,,,Images/CongruentRight.jpeg,Congruent Right,m,JK,19,Female,1,N,Y,English,Korean,,2021-02-22_08h46.29.596,Tse_Altarriba_Simon1,2020.1.2,MacIntel,60,3373,,,m,1,0.331895,0,29,29,16,1,,,,,,,
,,,,,,,,,,,,Images/NeurtalRight.jpeg,Neutral Right,m,JK,19,Female,1,N,Y,English,Korean,,2021-02-22_08h46.29.596,Tse_Altarriba_Simon1,2020.1.2,MacIntel,60,3373,,,z,0,0.31326,0,30,30,54,1,,,,,,,
,,,,,,,,,,,,Images/NeurtalRight.jpeg,Neutral Right,m,JK,19,Female,1,N,Y,English,Korean,,2021-02-22_08h46.29.596,Tse_Altarriba_Simon1,2020.1.2,MacIntel,60,3373,,,m,1,0.314965,0,31,31,58,1,,,,,,,
,,,,,,,,,,,,Images/NeutralLeft.jpeg,Neutral Left,z,JK,19,Female,1,N,Y,English,Korean,,2021-02-22_08h46.29.596,Tse_Altarriba_Simon1,2020.1.2,MacIntel,60,3373,,,z,1,0.3152,0,32,32,49,1,,,,,,,
,,,,,,,,,,,,Images/IncongruentRight.jpeg,Incongruent Right,m,JK,19,Female,1,N,Y,English,Korean,,2021-02-22_08h46.29.596,Tse_Altarriba_Simon1,2020.1.2,MacIntel,60,3373,,,m,1,0.379435,0,33,33,30,1,,,,,,,
,,,,,,,,,,,,Images/IncongruentLeft.jpeg,Incongruent Left,z,JK,19,Female,1,N,Y,English,Korean,,2021-02-22_08h46.29.596,Tse_Altarriba_Simon1,2020.1.2,MacIntel,60,3373,,,m,0,0.21331,0,34,34,20,1,,,,,,,
,,,,,,,,,,,,Images/IncongruentRight.jpeg,Incongruent Right,m,JK,19,Female,1,N,Y,English,Korean,,2021-02-22_08h46.29.596,Tse_Altarriba_Simon1,2020.1.2,MacIntel,60,3373,,,m,1,0.36542,0,35,35,34,1,,,,,,,
,,,,,,,,,,,,Images/IncongruentLeft.jpeg,Incongruent Left,z,JK,19,Female,1,N,Y,English,Korean,,2021-02-22_08h46.29.596,Tse_Altarriba_Simon1,2020.1.2,MacIntel,60,3373,,,m,0,0.31688,0,36,36,29,1,,,,,,,
,,,,,,,,,,,,Images/CongruentLeft.jpeg,Congruent Left,z,JK,19,Female,1,N,Y,English,Korean,,2021-02-22_08h46.29.596,Tse_Altarriba_Simon1,2020.1.2,MacIntel,60,3373,,,z,1,0.398175,0,37,37,5,1,,,,,,,
,,,,,,,,,,,,Images/CongruentRight.jpeg,Congruent Right,m,JK,19,Female,1,N,Y,English,Korean,,2021-02-22_08h46.29.596,Tse_Altarriba_Simon1,2020.1.2,MacIntel,60,3373,,,m,1,0.31485,0,38,38,19,1,,,,,,,
,,,,,,,,,,,,Images/IncongruentRight.jpeg,Incongruent Right,m,JK,19,Female,1,N,Y,English,Korean,,2021-02-22_08h46.29.596,Tse_Altarriba_Simon1,2020.1.2,MacIntel,60,3373,,,z,0,0.36603,0,39,39,35,1,,,,,,,
,,,,,,,,,,,,Images/IncongruentLeft.jpeg,Incongruent Left,z,JK,19,Female,1,N,Y,English,Korean,,2021-02-22_08h46.29.596,Tse_Altarriba_Simon1,2020.1.2,MacIntel,60,3373,,,z,1,0.362655,0,40,40,28,1,,,,,,,
,,,,,,,,,,,,Images/NeurtalRight.jpeg,Neutral Right,m,JK,19,Female,1,N,Y,English,Korean,,2021-02-22_08h46.29.596,Tse_Altarriba_Simon1,2020.1.2,MacIntel,60,3373,,,z,0,0.38298,0,41,41,59,1,,,,,,,
,,,,,,,,,,,,Images/CongruentLeft.jpeg,Congruent Left,z,JK,19,Female,1,N,Y,English,Korean,,2021-02-22_08h46.29.596,Tse_Altarriba_Simon1,2020.1.2,MacIntel,60,3373,,,z,1,0.347325,0,42,42,2,1,,,,,,,
,,,,,,,,,,,,Images/IncongruentRight.jpeg,Incongruent Right,m,JK,19,Female,1,N,Y,English,Korean,,2021-02-22_08h46.29.596,Tse_Altarriba_Simon1,2020.1.2,MacIntel,60,3373,,,z,0,0.299225,0,43,43,38,1,,,,,,,
,,,,,,,,,,,,Images/IncongruentRight.jpeg,Incongruent Right,m,JK,19,Female,1,N,Y,English,Korean,,2021-02-22_08h46.29.596,Tse_Altarriba_Simon1,2020.1.2,MacIntel,60,3373,,,m,1,0.381755,0,44,44,31,1,,,,,,,
,,,,,,,,,,,,Images/NeurtalRight.jpeg,Neutral Right,m,JK,19,Female,1,N,Y,English,Korean,,2021-02-22_08h46.29.596,Tse_Altarriba_Simon1,2020.1.2,MacIntel,60,3373,,,m,1,0.36555,0,45,45,51,1,,,,,,,
,,,,,,,,,,,,Images/CongruentRight.jpeg,Congruent Right,m,JK,19,Female,1,N,Y,English,Korean,,2021-02-22_08h46.29.596,Tse_Altarriba_Simon1,2020.1.2,MacIntel,60,3373,,,m,1,0.362705,0,46,46,14,1,,,,,,,
,,,,,,,,,,,,Images/CongruentLeft.jpeg,Congruent Left,z,JK,19,Female,1,N,Y,English,Korean,,2021-02-22_08h46.29.596,Tse_Altarriba_Simon1,2020.1.2,MacIntel,60,3373,,,z,1,0.34995,0,47,47,1,1,,,,,,,
,,,,,,,,,,,,Images/CongruentLeft.jpeg,Congruent Left,z,JK,19,Female,1,N,Y,English,Korean,,2021-02-22_08h46.29.596,Tse_Altarriba_Simon1,2020.1.2,MacIntel,60,3373,,,z,1,0.3636,0,48,48,4,1,,,,,,,
,,,,,,,,,,,,Images/CongruentRight.jpeg,Congruent Right,m,JK,19,Female,1,N,Y,English,Korean,,2021-02-22_08h46.29.596,Tse_Altarriba_Simon1,2020.1.2,MacIntel,60,3373,,,m,1,0.279875,0,49,49,12,1,,,,,,,
,,,,,,,,,,,,Images/CongruentLeft.jpeg,Congruent Left,z,JK,19,Female,1,N,Y,English,Korean,,2021-02-22_08h46.29.596,Tse_Altarriba_Simon1,2020.1.2,MacIntel,60,3373,,,z,1,0.314945,0,50,50,9,1,,,,,,,
,,,,,,,,,,,,Images/NeutralLeft.jpeg,Neutral Left,z,JK,19,Female,1,N,Y,English,Korean,,2021-02-22_08h46.29.596,Tse_Altarriba_Simon1,2020.1.2,MacIntel,60,3373,,,z,1,0.36429,0,51,51,48,1,,,,,,,
,,,,,,,,,,,,Images/IncongruentLeft.jpeg,Incongruent Left,z,JK,19,Female,1,N,Y,English,Korean,,2021-02-22_08h46.29.596,Tse_Altarriba_Simon1,2020.1.2,MacIntel,60,3373,,,m,0,0.263405,0,52,52,23,1,,,,,,,
,,,,,,,,,,,,Images/NeurtalRight.jpeg,Neutral Right,m,JK,19,Female,1,N,Y,English,Korean,,2021-02-22_08h46.29.596,Tse_Altarriba_Simon1,2020.1.2,MacIntel,60,3373,,,m,1,0.31599,0,53,53,57,1,,,,,,,
,,,,,,,,,,,,Images/CongruentRight.jpeg,Congruent Right,m,JK,19,Female,1,N,Y,English,Korean,,2021-02-22_08h46.29.596,Tse_Altarriba_Simon1,2020.1.2,MacIntel,60,3373,,,m,1,0.284525,0,54,54,11,1,,,,,,,
,,,,,,,,,,,,Images/CongruentLeft.jpeg,Congruent Left,z,JK,19,Female,1,N,Y,English,Korean,,2021-02-22_08h46.29.596,Tse_Altarriba_Simon1,2020.1.2,MacIntel,60,3373,,,z,1,0.33145,0,55,55,8,1,,,,,,,
,,,,,,,,,,,,Images/CongruentRight.jpeg,Congruent Right,m,JK,19,Female,1,N,Y,English,Korean,,2021-02-22_08h46.29.596,Tse_Altarriba_Simon1,2020.1.2,MacIntel,60,3373,,,m,1,0.251235,0,56,56,18,1,,,,,,,
,,,,,,,,,,,,Images/NeutralLeft.jpeg,Neutral Left,z,JK,19,Female,1,N,Y,English,Korean,,2021-02-22_08h46.29.596,Tse_Altarriba_Simon1,2020.1.2,MacIntel,60,3373,,,z,1,0.34831,0,57,57,42,1,,,,,,,
,,,,,,,,,,,,Images/NeutralLeft.jpeg,Neutral Left,z,JK,19,Female,1,N,Y,English,Korean,,2021-02-22_08h46.29.596,Tse_Altarriba_Simon1,2020.1.2,MacIntel,60,3373,,,m,0,0.27983,0,58,58,46,1,,,,,,,
,,,,,,,,,,,,Images/NeurtalRight.jpeg,Neutral Right,m,JK,19,Female,1,N,Y,English,Korean,,2021-02-22_08h46.29.596,Tse_Altarriba_Simon1,2020.1.2,MacIntel,60,3373,,,m,1,0.329625,0,59,59,53,1,,,,,,,
,,,,,,,,,,,,Images/NeutralLeft.jpeg,Neutral Left,z,JK,19,Female,1,N,Y,English,Korean,,2021-02-22_08h46.29.596,Tse_Altarriba_Simon1,2020.1.2,MacIntel,60,3373,,,z,1,0.366335,,,,,,space,2.97625,0,0,0,41,1
,,,,,,,,,,,,Images/IncongruentRight.jpeg,Incongruent Right,m,JK,19,Female,1,N,Y,English,Korean,,2021-02-22_08h46.29.596,Tse_Altarriba_Simon1,2020.1.2,MacIntel,60,3373,,,m,1,0.38197,,,,,,,,0,1,1,38,1
,,,,,,,,,,,,Images/NeurtalRight.jpeg,Neutral Right,m,JK,19,Female,1,N,Y,English,Korean,,2021-02-22_08h46.29.596,Tse_Altarriba_Simon1,2020.1.2,MacIntel,60,3373,,,m,1,0.36631,,,,,,,,0,2,2,53,1
,,,,,,,,,,,,Images/NeutralLeft.jpeg,Neutral Left,z,JK,19,Female,1,N,Y,English,Korean,,2021-02-22_08h46.29.596,Tse_Altarriba_Simon1,2020.1.2,MacIntel,60,3373,,,z,1,0.37924,,,,,,,,0,3,3,46,1
,,,,,,,,,,,,Images/CongruentRight.jpeg,Congruent Right,m,JK,19,Female,1,N,Y,English,Korean,,2021-02-22_08h46.29.596,Tse_Altarriba_Simon1,2020.1.2,MacIntel,60,3373,,,m,1,0.314685,,,,,,,,0,4,4,14,1
,,,,,,,,,,,,Images/NeutralLeft.jpeg,Neutral Left,z,JK,19,Female,1,N,Y,English,Korean,,2021-02-22_08h46.29.596,Tse_Altarriba_Simon1,2020.1.2,MacIntel,60,3373,,,z,1,0.29759,,,,,,,,0,5,5,48,1
,,,,,,,,,,,,Images/IncongruentLeft.jpeg,Incongruent Left,z,JK,19,Female,1,N,Y,English,Korean,,2021-02-22_08h46.29.596,Tse_Altarriba_Simon1,2020.1.2,MacIntel,60,3373,,,z,1,0.348755,,,,,,,,0,6,6,22,1
,,,,,,,,,,,,Images/NeurtalRight.jpeg,Neutral Right,m,JK,19,Female,1,N,Y,English,Korean,,2021-02-22_08h46.29.596,Tse_Altarriba_Simon1,2020.1.2,MacIntel,60,3373,,,m,1,0.350535,,,,,,,,0,7,7,58,1
,,,,,,,,,,,,Images/IncongruentRight.jpeg,Incongruent Right,m,JK,19,Female,1,N,Y,English,Korean,,2021-02-22_08h46.29.596,Tse_Altarriba_Simon1,2020.1.2,MacIntel,60,3373,,,z,0,0.296605,,,,,,,,0,8,8,34,1
,,,,,,,,,,,,Images/NeurtalRight.jpeg,Neutral Right,m,JK,19,Female,1,N,Y,English,Korean,,2021-02-22_08h46.29.596,Tse_Altarriba_Simon1,2020.1.2,MacIntel,60,3373,,,m,1,0.34966,,,,,,,,0,9,9,52,1
,,,,,,,,,,,,Images/CongruentRight.jpeg,Congruent Right,m,JK,19,Female,1,N,Y,English,Korean,,2021-02-22_08h46.29.596,Tse_Altarriba_Simon1,2020.1.2,MacIntel,60,3373,,,z,0,0.379715,,,,,,,,0,10,10,19,1
,,,,,,,,,,,,Images/IncongruentLeft.jpeg,Incongruent Left,z,JK,19,Female,1,N,Y,English,Korean,,2021-02-22_08h46.29.596,Tse_Altarriba_Simon1,2020.1.2,MacIntel,60,3373,,,m,0,0.312555,,,,,,,,0,11,11,24,1
,,,,,,,,,,,,Images/CongruentLeft.jpeg,Congruent Left,z,JK,19,Female,1,N,Y,English,Korean,,2021-02-22_08h46.29.596,Tse_Altarriba_Simon1,2020.1.2,MacIntel,60,3373,,,z,1,0.41563,,,,,,,,0,12,12,4,1
,,,,,,,,,,,,Images/IncongruentLeft.jpeg,Incongruent Left,z,JK,19,Female,1,N,Y,English,Korean,,2021-02-22_08h46.29.596,Tse_Altarriba_Simon1,2020.1.2,MacIntel,60,3373,,,m,0,0.265055,,,,,,,,0,13,13,26,1
,,,,,,,,,,,,Images/CongruentLeft.jpeg,Congruent Left,z,JK,19,Female,1,N,Y,English,Korean,,2021-02-22_08h46.29.596,Tse_Altarriba_Simon1,2020.1.2,MacIntel,60,3373,,,z,1,0.41365,,,,,,,,0,14,14,6,1
,,,,,,,,,,,,Images/CongruentLeft.jpeg,Congruent Left,z,JK,19,Female,1,N,Y,English,Korean,,2021-02-22_08h46.29.596,Tse_Altarriba_Simon1,2020.1.2,MacIntel,60,3373,,,z,1,0.31602,,,,,,,,0,15,15,0,1
,,,,,,,,,,,,Images/NeutralLeft.jpeg,Neutral Left,z,JK,19,Female,1,N,Y,English,Korean,,2021-02-22_08h46.29.596,Tse_Altarriba_Simon1,2020.1.2,MacIntel,60,3373,,,m,0,0.36642,,,,,,,,0,16,16,45,1
,,,,,,,,,,,,Images/IncongruentLeft.jpeg,Incongruent Left,z,JK,19,Female,1,N,Y,English,Korean,,2021-02-22_08h46.29.596,Tse_Altarriba_Simon1,2020.1.2,MacIntel,60,3373,,,z,1,0.36434,,,,,,,,0,17,17,21,1
,,,,,,,,,,,,Images/IncongruentLeft.jpeg,Incongruent Left,z,JK,19,Female,1,N,Y,English,Korean,,2021-02-22_08h46.29.596,Tse_Altarriba_Simon1,2020.1.2,MacIntel,60,3373,,,z,1,0.34631,,,,,,,,0,18,18,25,1
,,,,,,,,,,,,Images/CongruentLeft.jpeg,Congruent Left,z,JK,19,Female,1,N,Y,English,Korean,,2021-02-22_08h46.29.596,Tse_Altarriba_Simon1,2020.1.2,MacIntel,60,3373,,,z,1,0.49799,,,,,,,,0,19,19,9,1
,,,,,,,,,,,,Images/IncongruentRight.jpeg,Incongruent Right,m,JK,19,Female,1,N,Y,English,Korean,,2021-02-22_08h46.29.596,Tse_Altarriba_Simon1,2020.1.2,MacIntel,60,3373,,,z,0,0.296275,,,,,,,,0,20,20,37,1
,,,,,,,,,,,,Images/NeurtalRight.jpeg,Neutral Right,m,JK,19,Female,1,N,Y,English,Korean,,2021-02-22_08h46.29.596,Tse_Altarriba_Simon1,2020.1.2,MacIntel,60,3373,,,m,1,0.348905,,,,,,,,0,21,21,54,1
,,,,,,,,,,,,Images/IncongruentLeft.jpeg,Incongruent Left,z,JK,19,Female,1,N,Y,English,Korean,,2021-02-22_08h46.29.596,Tse_Altarriba_Simon1,2020.1.2,MacIntel,60,3373,,,z,1,0.36338,,,,,,,,0,22,22,23,1
,,,,,,,,,,,,Images/CongruentLeft.jpeg,Congruent Left,z,JK,19,Female,1,N,Y,English,Korean,,2021-02-22_08h46.29.596,Tse_Altarriba_Simon1,2020.1.2,MacIntel,60,3373,,,z,1,0.346265,,,,,,,,0,23,23,5,1
,,,,,,,,,,,,Images/NeurtalRight.jpeg,Neutral Right,m,JK,19,Female,1,N,Y,English,Korean,,2021-02-22_08h46.29.596,Tse_Altarriba_Simon1,2020.1.2,MacIntel,60,3373,,,m,1,0.36336,,,,,,,,0,24,24,59,1
,,,,,,,,,,,,Images/NeutralLeft.jpeg,Neutral Left,z,JK,19,Female,1,N,Y,English,Korean,,2021-02-22_08h46.29.596,Tse_Altarriba_Simon1,2020.1.2,MacIntel,60,3373,,,z,1,0.3488,,,,,,,,0,25,25,42,1
,,,,,,,,,,,,Images/IncongruentRight.jpeg,Incongruent Right,m,JK,19,Female,1,N,Y,English,Korean,,2021-02-22_08h46.29.596,Tse_Altarriba_Simon1,2020.1.2,MacIntel,60,3373,,,z,0,0.28386,,,,,,,,0,26,26,36,1
,,,,,,,,,,,,Images/NeutralLeft.jpeg,Neutral Left,z,JK,19,Female,1,N,Y,English,Korean,,2021-02-22_08h46.29.596,Tse_Altarriba_Simon1,2020.1.2,MacIntel,60,3373,,,z,1,0.36592,,,,,,,,0,27,27,44,1
,,,,,,,,,,,,Images/IncongruentLeft.jpeg,Incongruent Left,z,JK,19,Female,1,N,Y,English,Korean,,2021-02-22_08h46.29.596,Tse_Altarriba_Simon1,2020.1.2,MacIntel,60,3373,,,z,1,0.362645,,,,,,,,0,28,28,27,1
,,,,,,,,,,,,Images/CongruentLeft.jpeg,Congruent Left,z,JK,19,Female,1,N,Y,English,Korean,,2021-02-22_08h46.29.596,Tse_Altarriba_Simon1,2020.1.2,MacIntel,60,3373,,,z,1,0.39646,,,,,,,,0,29,29,2,1
,,,,,,,,,,,,Images/NeurtalRight.jpeg,Neutral Right,m,JK,19,Female,1,N,Y,English,Korean,,2021-02-22_08h46.29.596,Tse_Altarriba_Simon1,2020.1.2,MacIntel,60,3373,,,m,1,0.34747,,,,,,,,0,30,30,51,1
,,,,,,,,,,,,Images/CongruentRight.jpeg,Congruent Right,m,JK,19,Female,1,N,Y,English,Korean,,2021-02-22_08h46.29.596,Tse_Altarriba_Simon1,2020.1.2,MacIntel,60,3373,,,m,1,0.315075,,,,,,,,0,31,31,15,1
,,,,,,,,,,,,Images/IncongruentRight.jpeg,Incongruent Right,m,JK,19,Female,1,N,Y,English,Korean,,2021-02-22_08h46.29.596,Tse_Altarriba_Simon1,2020.1.2,MacIntel,60,3373,,,m,1,0.43292,,,,,,,,0,32,32,30,1
,,,,,,,,,,,,Images/CongruentLeft.jpeg,Congruent Left,z,JK,19,Female,1,N,Y,English,Korean,,2021-02-22_08h46.29.596,Tse_Altarriba_Simon1,2020.1.2,MacIntel,60,3373,,,z,1,0.31276,,,,,,,,0,33,33,1,1
,,,,,,,,,,,,Images/CongruentRight.jpeg,Congruent Right,m,JK,19,Female,1,N,Y,English,Korean,,2021-02-22_08h46.29.596,Tse_Altarriba_Simon1,2020.1.2,MacIntel,60,3373,,,m,1,0.29942,,,,,,,,0,34,34,18,1
,,,,,,,,,,,,Images/CongruentLeft.jpeg,Congruent Left,z,JK,19,Female,1,N,Y,English,Korean,,2021-02-22_08h46.29.596,Tse_Altarriba_Simon1,2020.1.2,MacIntel,60,3373,,,z,1,0.29598,,,,,,,,0,35,35,3,1
,,,,,,,,,,,,Images/IncongruentLeft.jpeg,Incongruent Left,z,JK,19,Female,1,N,Y,English,Korean,,2021-02-22_08h46.29.596,Tse_Altarriba_Simon1,2020.1.2,MacIntel,60,3373,,,m,0,0.2464,,,,,,,,0,36,36,28,1
,,,,,,,,,,,,Images/IncongruentRight.jpeg,Incongruent Right,m,JK,19,Female,1,N,Y,English,Korean,,2021-02-22_08h46.29.596,Tse_Altarriba_Simon1,2020.1.2,MacIntel,60,3373,,,m,1,0.38274,,,,,,,,0,37,37,35,1
,,,,,,,,,,,,Images/CongruentRight.jpeg,Congruent Right,m,JK,19,Female,1,N,Y,English,Korean,,2021-02-22_08h46.29.596,Tse_Altarriba_Simon1,2020.1.2,MacIntel,60,3373,,,z,0,0.297975,,,,,,,,0,38,38,16,1
,,,,,,,,,,,,Images/IncongruentRight.jpeg,Incongruent Right,m,JK,19,Female,1,N,Y,English,Korean,,2021-02-22_08h46.29.596,Tse_Altarriba_Simon1,2020.1.2,MacIntel,60,3373,,,m,1,0.38259,,,,,,,,0,39,39,33,1
,,,,,,,,,,,,Images/NeurtalRight.jpeg,Neutral Right,m,JK,19,Female,1,N,Y,English,Korean,,2021-02-22_08h46.29.596,Tse_Altarriba_Simon1,2020.1.2,MacIntel,60,3373,,,m,1,0.382115,,,,,,,,0,40,40,57,1
,,,,,,,,,,,,Images/CongruentLeft.jpeg,Congruent Left,z,JK,19,Female,1,N,Y,English,Korean,,2021-02-22_08h46.29.596,Tse_Altarriba_Simon1,2020.1.2,MacIntel,60,3373,,,m,0,0.34674,,,,,,,,0,41,41,8,1
,,,,,,,,,,,,Images/CongruentRight.jpeg,Congruent Right,m,JK,19,Female,1,N,Y,English,Korean,,2021-02-22_08h46.29.596,Tse_Altarriba_Simon1,2020.1.2,MacIntel,60,3373,,,m,1,0.330385,,,,,,,,0,42,42,17,1
,,,,,,,,,,,,Images/CongruentRight.jpeg,Congruent Right,m,JK,19,Female,1,N,Y,English,Korean,,2021-02-22_08h46.29.596,Tse_Altarriba_Simon1,2020.1.2,MacIntel,60,3373,,,m,1,0.329615,,,,,,,,0,43,43,12,1
,,,,,,,,,,,,Images/CongruentLeft.jpeg,Congruent Left,z,JK,19,Female,1,N,Y,English,Korean,,2021-02-22_08h46.29.596,Tse_Altarriba_Simon1,2020.1.2,MacIntel,60,3373,,,z,1,0.315375,,,,,,,,0,44,44,7,1
,,,,,,,,,,,,Images/IncongruentLeft.jpeg,Incongruent Left,z,JK,19,Female,1,N,Y,English,Korean,,2021-02-22_08h46.29.596,Tse_Altarriba_Simon1,2020.1.2,MacIntel,60,3373,,,m,0,0.29981,,,,,,,,0,45,45,20,1
,,,,,,,,,,,,Images/IncongruentRight.jpeg,Incongruent Right,m,JK,19,Female,1,N,Y,English,Korean,,2021-02-22_08h46.29.596,Tse_Altarriba_Simon1,2020.1.2,MacIntel,60,3373,,,m,1,0.38036,,,,,,,,0,46,46,32,1
,,,,,,,,,,,,Images/NeurtalRight.jpeg,Neutral Right,m,JK,19,Female,1,N,Y,English,Korean,,2021-02-22_08h46.29.596,Tse_Altarriba_Simon1,2020.1.2,MacIntel,60,3373,,,m,1,0.332755,,,,,,,,0,47,47,55,1
,,,,,,,,,,,,Images/NeurtalRight.jpeg,Neutral Right,m,JK,19,Female,1,N,Y,English,Korean,,2021-02-22_08h46.29.596,Tse_Altarriba_Simon1,2020.1.2,MacIntel,60,3373,,,m,1,0.347505,,,,,,,,0,48,48,50,1
,,,,,,,,,,,,Images/NeutralLeft.jpeg,Neutral Left,z,JK,19,Female,1,N,Y,English,Korean,,2021-02-22_08h46.29.596,Tse_Altarriba_Simon1,2020.1.2,MacIntel,60,3373,,,m,0,0.26598,,,,,,,,0,49,49,40,1
,,,,,,,,,,,,Images/CongruentRight.jpeg,Congruent Right,m,JK,19,Female,1,N,Y,English,Korean,,2021-02-22_08h46.29.596,Tse_Altarriba_Simon1,2020.1.2,MacIntel,60,3373,,,m,1,0.31693,,,,,,,,0,50,50,10,1
,,,,,,,,,,,,Images/NeurtalRight.jpeg,Neutral Right,m,JK,19,Female,1,N,Y,English,Korean,,2021-02-22_08h46.29.596,Tse_Altarriba_Simon1,2020.1.2,MacIntel,60,3373,,,m,1,0.331445,,,,,,,,0,51,51,56,1
,,,,,,,,,,,,Images/IncongruentRight.jpeg,Incongruent Right,m,JK,19,Female,1,N,Y,English,Korean,,2021-02-22_08h46.29.596,Tse_Altarriba_Simon1,2020.1.2,MacIntel,60,3373,,,z,0,0.283065,,,,,,,,0,52,52,39,1
,,,,,,,,,,,,Images/IncongruentRight.jpeg,Incongruent Right,m,JK,19,Female,1,N,Y,English,Korean,,2021-02-22_08h46.29.596,Tse_Altarriba_Simon1,2020.1.2,MacIntel,60,3373,,,m,1,0.39909,,,,,,,,0,53,53,31,1
,,,,,,,,,,,,Images/NeutralLeft.jpeg,Neutral Left,z,JK,19,Female,1,N,Y,English,Korean,,2021-02-22_08h46.29.596,Tse_Altarriba_Simon1,2020.1.2,MacIntel,60,3373,,,z,1,0.380515,,,,,,,,0,54,54,43,1
,,,,,,,,,,,,Images/IncongruentLeft.jpeg,Incongruent Left,z,JK,19,Female,1,N,Y,English,Korean,,2021-02-22_08h46.29.596,Tse_Altarriba_Simon1,2020.1.2,MacIntel,60,3373,,,z,1,0.36402,,,,,,,,0,55,55,29,1
,,,,,,,,,,,,Images/NeutralLeft.jpeg,Neutral Left,z,JK,19,Female,1,N,Y,English,Korean,,2021-02-22_08h46.29.596,Tse_Altarriba_Simon1,2020.1.2,MacIntel,60,3373,,,z,1,0.34842,,,,,,,,0,56,56,47,1
,,,,,,,,,,,,Images/CongruentRight.jpeg,Congruent Right,m,JK,19,Female,1,N,Y,English,Korean,,2021-02-22_08h46.29.596,Tse_Altarriba_Simon1,2020.1.2,MacIntel,60,3373,,,m,1,0.31545,,,,,,,,0,57,57,13,1
,,,,,,,,,,,,Images/NeutralLeft.jpeg,Neutral Left,z,JK,19,Female,1,N,Y,English,Korean,,2021-02-22_08h46.29.596,Tse_Altarriba_Simon1,2020.1.2,MacIntel,60,3373,,,z,1,0.350455,,,,,,,,0,58,58,49,1
,,,,,,,,,,,,Images/CongruentRight.jpeg,Congruent Right,m,JK,19,Female,1,N,Y,English,Korean,,2021-02-22_08h46.29.596,Tse_Altarriba_Simon1,2020.1.2,MacIntel,60,3373,,,m,1,0.26348,,,,,,,,0,59,59,11,1
