Space1.keys,Space1.rt,Space2.keys,Space2.rt,response.keys,response.corr,response.rt,Practice_loop.thisRepN,Practice_loop.thisTrialN,Practice_loop.thisN,Practice_loop.thisIndex,Practice_loop.ran,ImageFile,Condition,CorrAns,Your initials,What is your age?,What is your gender?,What year are you in?,Are you Dyslexic? (Y/N),Are you bi/multilingual? (Y/N),What is your first language?,"What is your second language? (if you are monollingual, leave blank)",What other languages do you speak?,date,expName,psychopyVersion,OS,frameRate,participant,Space3.keys,Space3.rt,key_resp_2.keys,key_resp_2.corr,key_resp_2.rt,trials.thisRepN,trials.thisTrialN,trials.thisN,trials.thisIndex,trials.ran,Space4.keys,Space4.rt,trials_2.thisRepN,trials_2.thisTrialN,trials_2.thisN,trials_2.thisIndex,trials_2.ran
space,3.675,space,22.678,z,1,1.198,0,0,0,8,1,Images/NeutralLeft.jpeg,Neutral Left,z,C,18,female,year 1 ,N,Y,Chinese,English,,2021-02-22_22h05.52.003,Tse_Altarriba_Simon1,2020.1.2,MacIntel,60,3379,,,,,,,,,,,,,,,,,
,,,,z,1,0.552,0,1,1,9,1,Images/NeutralLeft.jpeg,Neutral Left,z,C,18,female,year 1 ,N,Y,Chinese,English,,2021-02-22_22h05.52.003,Tse_Altarriba_Simon1,2020.1.2,MacIntel,60,3379,,,,,,,,,,,,,,,,,
,,,,z,1,0.585,0,2,2,4,1,Images/IncongruentLeft.jpeg,Incongruent Left,z,C,18,female,year 1 ,N,Y,Chinese,English,,2021-02-22_22h05.52.003,Tse_Altarriba_Simon1,2020.1.2,MacIntel,60,3379,,,,,,,,,,,,,,,,,
,,,,m,1,0.584,0,3,3,6,1,Images/IncongruentRight.jpeg,Incongruent Right,m,C,18,female,year 1 ,N,Y,Chinese,English,,2021-02-22_22h05.52.003,Tse_Altarriba_Simon1,2020.1.2,MacIntel,60,3379,,,,,,,,,,,,,,,,,
,,,,m,1,0.828,0,4,4,3,1,Images/CongruentRight.jpeg,Congruent Right,m,C,18,female,year 1 ,N,Y,Chinese,English,,2021-02-22_22h05.52.003,Tse_Altarriba_Simon1,2020.1.2,MacIntel,60,3379,,,,,,,,,,,,,,,,,
,,,,m,1,0.546,0,5,5,10,1,Images/NeurtalRight.jpeg,Neutral Right,m,C,18,female,year 1 ,N,Y,Chinese,English,,2021-02-22_22h05.52.003,Tse_Altarriba_Simon1,2020.1.2,MacIntel,60,3379,,,,,,,,,,,,,,,,,
,,,,m,1,0.438,0,6,6,11,1,Images/NeurtalRight.jpeg,Neutral Right,m,C,18,female,year 1 ,N,Y,Chinese,English,,2021-02-22_22h05.52.003,Tse_Altarriba_Simon1,2020.1.2,MacIntel,60,3379,,,,,,,,,,,,,,,,,
,,,,m,1,0.37,0,7,7,2,1,Images/CongruentRight.jpeg,Congruent Right,m,C,18,female,year 1 ,N,Y,Chinese,English,,2021-02-22_22h05.52.003,Tse_Altarriba_Simon1,2020.1.2,MacIntel,60,3379,,,,,,,,,,,,,,,,,
,,,,z,1,0.552,0,8,8,5,1,Images/IncongruentLeft.jpeg,Incongruent Left,z,C,18,female,year 1 ,N,Y,Chinese,English,,2021-02-22_22h05.52.003,Tse_Altarriba_Simon1,2020.1.2,MacIntel,60,3379,,,,,,,,,,,,,,,,,
,,,,z,0,0.447,0,9,9,7,1,Images/IncongruentRight.jpeg,Incongruent Right,m,C,18,female,year 1 ,N,Y,Chinese,English,,2021-02-22_22h05.52.003,Tse_Altarriba_Simon1,2020.1.2,MacIntel,60,3379,,,,,,,,,,,,,,,,,
,,,,z,1,0.686,0,10,10,1,1,Images/CongruentLeft.jpeg,Congruent Left,z,C,18,female,year 1 ,N,Y,Chinese,English,,2021-02-22_22h05.52.003,Tse_Altarriba_Simon1,2020.1.2,MacIntel,60,3379,,,,,,,,,,,,,,,,,
,,,,m,0,0.647,0,11,11,0,1,Images/CongruentLeft.jpeg,Congruent Left,z,C,18,female,year 1 ,N,Y,Chinese,English,,2021-02-22_22h05.52.003,Tse_Altarriba_Simon1,2020.1.2,MacIntel,60,3379,,,,,,,,,,,,,,,,,
,,,,,,,,,,,,Images/CongruentRight.jpeg,Congruent Right,m,C,18,female,year 1 ,N,Y,Chinese,English,,2021-02-22_22h05.52.003,Tse_Altarriba_Simon1,2020.1.2,MacIntel,60,3379,space,19.721,m,1,0.624,0,0,0,16,1,,,,,,,
,,,,,,,,,,,,Images/NeutralLeft.jpeg,Neutral Left,z,C,18,female,year 1 ,N,Y,Chinese,English,,2021-02-22_22h05.52.003,Tse_Altarriba_Simon1,2020.1.2,MacIntel,60,3379,,,z,1,0.478,0,1,1,41,1,,,,,,,
,,,,,,,,,,,,Images/IncongruentLeft.jpeg,Incongruent Left,z,C,18,female,year 1 ,N,Y,Chinese,English,,2021-02-22_22h05.52.003,Tse_Altarriba_Simon1,2020.1.2,MacIntel,60,3379,,,z,1,0.454,0,2,2,20,1,,,,,,,
,,,,,,,,,,,,Images/NeutralLeft.jpeg,Neutral Left,z,C,18,female,year 1 ,N,Y,Chinese,English,,2021-02-22_22h05.52.003,Tse_Altarriba_Simon1,2020.1.2,MacIntel,60,3379,,,z,1,0.406,0,3,3,46,1,,,,,,,
,,,,,,,,,,,,Images/NeurtalRight.jpeg,Neutral Right,m,C,18,female,year 1 ,N,Y,Chinese,English,,2021-02-22_22h05.52.003,Tse_Altarriba_Simon1,2020.1.2,MacIntel,60,3379,,,m,1,0.432,0,4,4,51,1,,,,,,,
,,,,,,,,,,,,Images/NeurtalRight.jpeg,Neutral Right,m,C,18,female,year 1 ,N,Y,Chinese,English,,2021-02-22_22h05.52.003,Tse_Altarriba_Simon1,2020.1.2,MacIntel,60,3379,,,m,1,0.504,0,5,5,52,1,,,,,,,
,,,,,,,,,,,,Images/IncongruentLeft.jpeg,Incongruent Left,z,C,18,female,year 1 ,N,Y,Chinese,English,,2021-02-22_22h05.52.003,Tse_Altarriba_Simon1,2020.1.2,MacIntel,60,3379,,,m,0,0.442,0,6,6,25,1,,,,,,,
,,,,,,,,,,,,Images/NeutralLeft.jpeg,Neutral Left,z,C,18,female,year 1 ,N,Y,Chinese,English,,2021-02-22_22h05.52.003,Tse_Altarriba_Simon1,2020.1.2,MacIntel,60,3379,,,z,1,0.577,0,7,7,40,1,,,,,,,
,,,,,,,,,,,,Images/CongruentRight.jpeg,Congruent Right,m,C,18,female,year 1 ,N,Y,Chinese,English,,2021-02-22_22h05.52.003,Tse_Altarriba_Simon1,2020.1.2,MacIntel,60,3379,,,m,1,0.669,0,8,8,17,1,,,,,,,
,,,,,,,,,,,,Images/CongruentLeft.jpeg,Congruent Left,z,C,18,female,year 1 ,N,Y,Chinese,English,,2021-02-22_22h05.52.003,Tse_Altarriba_Simon1,2020.1.2,MacIntel,60,3379,,,z,1,0.449,0,9,9,3,1,,,,,,,
,,,,,,,,,,,,Images/NeurtalRight.jpeg,Neutral Right,m,C,18,female,year 1 ,N,Y,Chinese,English,,2021-02-22_22h05.52.003,Tse_Altarriba_Simon1,2020.1.2,MacIntel,60,3379,,,m,1,0.557,0,10,10,53,1,,,,,,,
,,,,,,,,,,,,Images/NeutralLeft.jpeg,Neutral Left,z,C,18,female,year 1 ,N,Y,Chinese,English,,2021-02-22_22h05.52.003,Tse_Altarriba_Simon1,2020.1.2,MacIntel,60,3379,,,z,1,0.401,0,11,11,43,1,,,,,,,
,,,,,,,,,,,,Images/CongruentRight.jpeg,Congruent Right,m,C,18,female,year 1 ,N,Y,Chinese,English,,2021-02-22_22h05.52.003,Tse_Altarriba_Simon1,2020.1.2,MacIntel,60,3379,,,m,1,0.499,0,12,12,14,1,,,,,,,
,,,,,,,,,,,,Images/NeurtalRight.jpeg,Neutral Right,m,C,18,female,year 1 ,N,Y,Chinese,English,,2021-02-22_22h05.52.003,Tse_Altarriba_Simon1,2020.1.2,MacIntel,60,3379,,,m,1,0.518,0,13,13,57,1,,,,,,,
,,,,,,,,,,,,Images/IncongruentRight.jpeg,Incongruent Right,m,C,18,female,year 1 ,N,Y,Chinese,English,,2021-02-22_22h05.52.003,Tse_Altarriba_Simon1,2020.1.2,MacIntel,60,3379,,,z,0,0.735,0,14,14,35,1,,,,,,,
,,,,,,,,,,,,Images/IncongruentLeft.jpeg,Incongruent Left,z,C,18,female,year 1 ,N,Y,Chinese,English,,2021-02-22_22h05.52.003,Tse_Altarriba_Simon1,2020.1.2,MacIntel,60,3379,,,z,1,0.529,0,15,15,24,1,,,,,,,
,,,,,,,,,,,,Images/NeurtalRight.jpeg,Neutral Right,m,C,18,female,year 1 ,N,Y,Chinese,English,,2021-02-22_22h05.52.003,Tse_Altarriba_Simon1,2020.1.2,MacIntel,60,3379,,,m,1,0.551,0,16,16,56,1,,,,,,,
,,,,,,,,,,,,Images/CongruentLeft.jpeg,Congruent Left,z,C,18,female,year 1 ,N,Y,Chinese,English,,2021-02-22_22h05.52.003,Tse_Altarriba_Simon1,2020.1.2,MacIntel,60,3379,,,z,1,0.47,0,17,17,0,1,,,,,,,
,,,,,,,,,,,,Images/IncongruentRight.jpeg,Incongruent Right,m,C,18,female,year 1 ,N,Y,Chinese,English,,2021-02-22_22h05.52.003,Tse_Altarriba_Simon1,2020.1.2,MacIntel,60,3379,,,m,1,0.783,0,18,18,37,1,,,,,,,
,,,,,,,,,,,,Images/CongruentLeft.jpeg,Congruent Left,z,C,18,female,year 1 ,N,Y,Chinese,English,,2021-02-22_22h05.52.003,Tse_Altarriba_Simon1,2020.1.2,MacIntel,60,3379,,,z,1,0.441,0,19,19,5,1,,,,,,,
,,,,,,,,,,,,Images/IncongruentLeft.jpeg,Incongruent Left,z,C,18,female,year 1 ,N,Y,Chinese,English,,2021-02-22_22h05.52.003,Tse_Altarriba_Simon1,2020.1.2,MacIntel,60,3379,,,z,1,0.592,0,20,20,28,1,,,,,,,
,,,,,,,,,,,,Images/NeurtalRight.jpeg,Neutral Right,m,C,18,female,year 1 ,N,Y,Chinese,English,,2021-02-22_22h05.52.003,Tse_Altarriba_Simon1,2020.1.2,MacIntel,60,3379,,,z,0,0.477,0,21,21,58,1,,,,,,,
,,,,,,,,,,,,Images/CongruentLeft.jpeg,Congruent Left,z,C,18,female,year 1 ,N,Y,Chinese,English,,2021-02-22_22h05.52.003,Tse_Altarriba_Simon1,2020.1.2,MacIntel,60,3379,,,z,1,0.462,0,22,22,7,1,,,,,,,
,,,,,,,,,,,,Images/CongruentLeft.jpeg,Congruent Left,z,C,18,female,year 1 ,N,Y,Chinese,English,,2021-02-22_22h05.52.003,Tse_Altarriba_Simon1,2020.1.2,MacIntel,60,3379,,,z,1,0.415,0,23,23,2,1,,,,,,,
,,,,,,,,,,,,Images/CongruentLeft.jpeg,Congruent Left,z,C,18,female,year 1 ,N,Y,Chinese,English,,2021-02-22_22h05.52.003,Tse_Altarriba_Simon1,2020.1.2,MacIntel,60,3379,,,z,1,0.432,0,24,24,6,1,,,,,,,
,,,,,,,,,,,,Images/IncongruentRight.jpeg,Incongruent Right,m,C,18,female,year 1 ,N,Y,Chinese,English,,2021-02-22_22h05.52.003,Tse_Altarriba_Simon1,2020.1.2,MacIntel,60,3379,,,m,1,0.496,0,25,25,33,1,,,,,,,
,,,,,,,,,,,,Images/NeutralLeft.jpeg,Neutral Left,z,C,18,female,year 1 ,N,Y,Chinese,English,,2021-02-22_22h05.52.003,Tse_Altarriba_Simon1,2020.1.2,MacIntel,60,3379,,,z,1,0.502,0,26,26,44,1,,,,,,,
,,,,,,,,,,,,Images/IncongruentRight.jpeg,Incongruent Right,m,C,18,female,year 1 ,N,Y,Chinese,English,,2021-02-22_22h05.52.003,Tse_Altarriba_Simon1,2020.1.2,MacIntel,60,3379,,,m,1,0.499,0,27,27,36,1,,,,,,,
,,,,,,,,,,,,Images/CongruentRight.jpeg,Congruent Right,m,C,18,female,year 1 ,N,Y,Chinese,English,,2021-02-22_22h05.52.003,Tse_Altarriba_Simon1,2020.1.2,MacIntel,60,3379,,,m,1,0.491,0,28,28,13,1,,,,,,,
,,,,,,,,,,,,Images/CongruentRight.jpeg,Congruent Right,m,C,18,female,year 1 ,N,Y,Chinese,English,,2021-02-22_22h05.52.003,Tse_Altarriba_Simon1,2020.1.2,MacIntel,60,3379,,,m,1,0.459,0,29,29,10,1,,,,,,,
,,,,,,,,,,,,Images/CongruentRight.jpeg,Congruent Right,m,C,18,female,year 1 ,N,Y,Chinese,English,,2021-02-22_22h05.52.003,Tse_Altarriba_Simon1,2020.1.2,MacIntel,60,3379,,,m,1,0.388,0,30,30,18,1,,,,,,,
,,,,,,,,,,,,Images/IncongruentLeft.jpeg,Incongruent Left,z,C,18,female,year 1 ,N,Y,Chinese,English,,2021-02-22_22h05.52.003,Tse_Altarriba_Simon1,2020.1.2,MacIntel,60,3379,,,z,1,0.456,0,31,31,23,1,,,,,,,
,,,,,,,,,,,,Images/IncongruentLeft.jpeg,Incongruent Left,z,C,18,female,year 1 ,N,Y,Chinese,English,,2021-02-22_22h05.52.003,Tse_Altarriba_Simon1,2020.1.2,MacIntel,60,3379,,,z,1,0.565,0,32,32,29,1,,,,,,,
,,,,,,,,,,,,Images/CongruentLeft.jpeg,Congruent Left,z,C,18,female,year 1 ,N,Y,Chinese,English,,2021-02-22_22h05.52.003,Tse_Altarriba_Simon1,2020.1.2,MacIntel,60,3379,,,z,1,0.758,0,33,33,1,1,,,,,,,
,,,,,,,,,,,,Images/CongruentLeft.jpeg,Congruent Left,z,C,18,female,year 1 ,N,Y,Chinese,English,,2021-02-22_22h05.52.003,Tse_Altarriba_Simon1,2020.1.2,MacIntel,60,3379,,,z,1,0.451,0,34,34,4,1,,,,,,,
,,,,,,,,,,,,Images/IncongruentRight.jpeg,Incongruent Right,m,C,18,female,year 1 ,N,Y,Chinese,English,,2021-02-22_22h05.52.003,Tse_Altarriba_Simon1,2020.1.2,MacIntel,60,3379,,,m,1,0.507,0,35,35,34,1,,,,,,,
,,,,,,,,,,,,Images/IncongruentRight.jpeg,Incongruent Right,m,C,18,female,year 1 ,N,Y,Chinese,English,,2021-02-22_22h05.52.003,Tse_Altarriba_Simon1,2020.1.2,MacIntel,60,3379,,,m,1,0.574,0,36,36,38,1,,,,,,,
,,,,,,,,,,,,Images/NeutralLeft.jpeg,Neutral Left,z,C,18,female,year 1 ,N,Y,Chinese,English,,2021-02-22_22h05.52.003,Tse_Altarriba_Simon1,2020.1.2,MacIntel,60,3379,,,z,1,0.924,0,37,37,42,1,,,,,,,
,,,,,,,,,,,,Images/IncongruentRight.jpeg,Incongruent Right,m,C,18,female,year 1 ,N,Y,Chinese,English,,2021-02-22_22h05.52.003,Tse_Altarriba_Simon1,2020.1.2,MacIntel,60,3379,,,m,1,0.533,0,38,38,30,1,,,,,,,
,,,,,,,,,,,,Images/NeurtalRight.jpeg,Neutral Right,m,C,18,female,year 1 ,N,Y,Chinese,English,,2021-02-22_22h05.52.003,Tse_Altarriba_Simon1,2020.1.2,MacIntel,60,3379,,,m,1,0.413,0,39,39,55,1,,,,,,,
,,,,,,,,,,,,Images/IncongruentRight.jpeg,Incongruent Right,m,C,18,female,year 1 ,N,Y,Chinese,English,,2021-02-22_22h05.52.003,Tse_Altarriba_Simon1,2020.1.2,MacIntel,60,3379,,,m,1,0.473,0,40,40,31,1,,,,,,,
,,,,,,,,,,,,Images/CongruentRight.jpeg,Congruent Right,m,C,18,female,year 1 ,N,Y,Chinese,English,,2021-02-22_22h05.52.003,Tse_Altarriba_Simon1,2020.1.2,MacIntel,60,3379,,,m,1,0.521,0,41,41,12,1,,,,,,,
,,,,,,,,,,,,Images/IncongruentLeft.jpeg,Incongruent Left,z,C,18,female,year 1 ,N,Y,Chinese,English,,2021-02-22_22h05.52.003,Tse_Altarriba_Simon1,2020.1.2,MacIntel,60,3379,,,z,1,0.555,0,42,42,21,1,,,,,,,
,,,,,,,,,,,,Images/NeutralLeft.jpeg,Neutral Left,z,C,18,female,year 1 ,N,Y,Chinese,English,,2021-02-22_22h05.52.003,Tse_Altarriba_Simon1,2020.1.2,MacIntel,60,3379,,,z,1,0.586,0,43,43,47,1,,,,,,,
,,,,,,,,,,,,Images/NeutralLeft.jpeg,Neutral Left,z,C,18,female,year 1 ,N,Y,Chinese,English,,2021-02-22_22h05.52.003,Tse_Altarriba_Simon1,2020.1.2,MacIntel,60,3379,,,z,1,0.479,0,44,44,48,1,,,,,,,
,,,,,,,,,,,,Images/CongruentRight.jpeg,Congruent Right,m,C,18,female,year 1 ,N,Y,Chinese,English,,2021-02-22_22h05.52.003,Tse_Altarriba_Simon1,2020.1.2,MacIntel,60,3379,,,m,1,0.517,0,45,45,11,1,,,,,,,
,,,,,,,,,,,,Images/CongruentRight.jpeg,Congruent Right,m,C,18,female,year 1 ,N,Y,Chinese,English,,2021-02-22_22h05.52.003,Tse_Altarriba_Simon1,2020.1.2,MacIntel,60,3379,,,m,1,0.478,0,46,46,19,1,,,,,,,
,,,,,,,,,,,,Images/CongruentRight.jpeg,Congruent Right,m,C,18,female,year 1 ,N,Y,Chinese,English,,2021-02-22_22h05.52.003,Tse_Altarriba_Simon1,2020.1.2,MacIntel,60,3379,,,m,1,0.41,0,47,47,15,1,,,,,,,
,,,,,,,,,,,,Images/CongruentLeft.jpeg,Congruent Left,z,C,18,female,year 1 ,N,Y,Chinese,English,,2021-02-22_22h05.52.003,Tse_Altarriba_Simon1,2020.1.2,MacIntel,60,3379,,,z,1,0.407,0,48,48,8,1,,,,,,,
,,,,,,,,,,,,Images/NeurtalRight.jpeg,Neutral Right,m,C,18,female,year 1 ,N,Y,Chinese,English,,2021-02-22_22h05.52.003,Tse_Altarriba_Simon1,2020.1.2,MacIntel,60,3379,,,m,1,0.399,0,49,49,59,1,,,,,,,
,,,,,,,,,,,,Images/IncongruentLeft.jpeg,Incongruent Left,z,C,18,female,year 1 ,N,Y,Chinese,English,,2021-02-22_22h05.52.003,Tse_Altarriba_Simon1,2020.1.2,MacIntel,60,3379,,,z,1,0.494,0,50,50,27,1,,,,,,,
,,,,,,,,,,,,Images/NeutralLeft.jpeg,Neutral Left,z,C,18,female,year 1 ,N,Y,Chinese,English,,2021-02-22_22h05.52.003,Tse_Altarriba_Simon1,2020.1.2,MacIntel,60,3379,,,z,1,0.462,0,51,51,45,1,,,,,,,
,,,,,,,,,,,,Images/NeurtalRight.jpeg,Neutral Right,m,C,18,female,year 1 ,N,Y,Chinese,English,,2021-02-22_22h05.52.003,Tse_Altarriba_Simon1,2020.1.2,MacIntel,60,3379,,,m,1,0.532,0,52,52,54,1,,,,,,,
,,,,,,,,,,,,Images/CongruentLeft.jpeg,Congruent Left,z,C,18,female,year 1 ,N,Y,Chinese,English,,2021-02-22_22h05.52.003,Tse_Altarriba_Simon1,2020.1.2,MacIntel,60,3379,,,z,1,0.367,0,53,53,9,1,,,,,,,
,,,,,,,,,,,,Images/NeurtalRight.jpeg,Neutral Right,m,C,18,female,year 1 ,N,Y,Chinese,English,,2021-02-22_22h05.52.003,Tse_Altarriba_Simon1,2020.1.2,MacIntel,60,3379,,,m,1,0.369,0,54,54,50,1,,,,,,,
,,,,,,,,,,,,Images/IncongruentLeft.jpeg,Incongruent Left,z,C,18,female,year 1 ,N,Y,Chinese,English,,2021-02-22_22h05.52.003,Tse_Altarriba_Simon1,2020.1.2,MacIntel,60,3379,,,z,1,0.514,0,55,55,26,1,,,,,,,
,,,,,,,,,,,,Images/IncongruentLeft.jpeg,Incongruent Left,z,C,18,female,year 1 ,N,Y,Chinese,English,,2021-02-22_22h05.52.003,Tse_Altarriba_Simon1,2020.1.2,MacIntel,60,3379,,,z,1,0.482,0,56,56,22,1,,,,,,,
,,,,,,,,,,,,Images/IncongruentRight.jpeg,Incongruent Right,m,C,18,female,year 1 ,N,Y,Chinese,English,,2021-02-22_22h05.52.003,Tse_Altarriba_Simon1,2020.1.2,MacIntel,60,3379,,,m,1,0.414,0,57,57,32,1,,,,,,,
,,,,,,,,,,,,Images/IncongruentRight.jpeg,Incongruent Right,m,C,18,female,year 1 ,N,Y,Chinese,English,,2021-02-22_22h05.52.003,Tse_Altarriba_Simon1,2020.1.2,MacIntel,60,3379,,,m,1,0.453,0,58,58,39,1,,,,,,,
,,,,,,,,,,,,Images/NeutralLeft.jpeg,Neutral Left,z,C,18,female,year 1 ,N,Y,Chinese,English,,2021-02-22_22h05.52.003,Tse_Altarriba_Simon1,2020.1.2,MacIntel,60,3379,,,z,1,0.367,0,59,59,49,1,,,,,,,
,,,,,,,,,,,,Images/IncongruentLeft.jpeg,Incongruent Left,z,C,18,female,year 1 ,N,Y,Chinese,English,,2021-02-22_22h05.52.003,Tse_Altarriba_Simon1,2020.1.2,MacIntel,60,3379,,,z,1,0.526,,,,,,space,5.22,0,0,0,25,1
,,,,,,,,,,,,Images/CongruentRight.jpeg,Congruent Right,m,C,18,female,year 1 ,N,Y,Chinese,English,,2021-02-22_22h05.52.003,Tse_Altarriba_Simon1,2020.1.2,MacIntel,60,3379,,,m,1,0.454,,,,,,,,0,1,1,15,1
,,,,,,,,,,,,Images/IncongruentLeft.jpeg,Incongruent Left,z,C,18,female,year 1 ,N,Y,Chinese,English,,2021-02-22_22h05.52.003,Tse_Altarriba_Simon1,2020.1.2,MacIntel,60,3379,,,z,1,0.396,,,,,,,,0,2,2,29,1
,,,,,,,,,,,,Images/CongruentRight.jpeg,Congruent Right,m,C,18,female,year 1 ,N,Y,Chinese,English,,2021-02-22_22h05.52.003,Tse_Altarriba_Simon1,2020.1.2,MacIntel,60,3379,,,m,1,0.369,,,,,,,,0,3,3,14,1
,,,,,,,,,,,,Images/CongruentRight.jpeg,Congruent Right,m,C,18,female,year 1 ,N,Y,Chinese,English,,2021-02-22_22h05.52.003,Tse_Altarriba_Simon1,2020.1.2,MacIntel,60,3379,,,m,1,0.419,,,,,,,,0,4,4,17,1
,,,,,,,,,,,,Images/IncongruentLeft.jpeg,Incongruent Left,z,C,18,female,year 1 ,N,Y,Chinese,English,,2021-02-22_22h05.52.003,Tse_Altarriba_Simon1,2020.1.2,MacIntel,60,3379,,,z,1,0.453,,,,,,,,0,5,5,27,1
,,,,,,,,,,,,Images/IncongruentLeft.jpeg,Incongruent Left,z,C,18,female,year 1 ,N,Y,Chinese,English,,2021-02-22_22h05.52.003,Tse_Altarriba_Simon1,2020.1.2,MacIntel,60,3379,,,z,1,0.407,,,,,,,,0,6,6,22,1
,,,,,,,,,,,,Images/IncongruentRight.jpeg,Incongruent Right,m,C,18,female,year 1 ,N,Y,Chinese,English,,2021-02-22_22h05.52.003,Tse_Altarriba_Simon1,2020.1.2,MacIntel,60,3379,,,m,1,0.412,,,,,,,,0,7,7,34,1
,,,,,,,,,,,,Images/IncongruentRight.jpeg,Incongruent Right,m,C,18,female,year 1 ,N,Y,Chinese,English,,2021-02-22_22h05.52.003,Tse_Altarriba_Simon1,2020.1.2,MacIntel,60,3379,,,m,1,0.395,,,,,,,,0,8,8,30,1
,,,,,,,,,,,,Images/CongruentLeft.jpeg,Congruent Left,z,C,18,female,year 1 ,N,Y,Chinese,English,,2021-02-22_22h05.52.003,Tse_Altarriba_Simon1,2020.1.2,MacIntel,60,3379,,,z,1,0.501,,,,,,,,0,9,9,8,1
,,,,,,,,,,,,Images/IncongruentRight.jpeg,Incongruent Right,m,C,18,female,year 1 ,N,Y,Chinese,English,,2021-02-22_22h05.52.003,Tse_Altarriba_Simon1,2020.1.2,MacIntel,60,3379,,,m,1,0.42,,,,,,,,0,10,10,36,1
,,,,,,,,,,,,Images/CongruentLeft.jpeg,Congruent Left,z,C,18,female,year 1 ,N,Y,Chinese,English,,2021-02-22_22h05.52.003,Tse_Altarriba_Simon1,2020.1.2,MacIntel,60,3379,,,z,1,0.539,,,,,,,,0,11,11,6,1
,,,,,,,,,,,,Images/NeurtalRight.jpeg,Neutral Right,m,C,18,female,year 1 ,N,Y,Chinese,English,,2021-02-22_22h05.52.003,Tse_Altarriba_Simon1,2020.1.2,MacIntel,60,3379,,,m,1,0.425,,,,,,,,0,12,12,51,1
,,,,,,,,,,,,Images/NeutralLeft.jpeg,Neutral Left,z,C,18,female,year 1 ,N,Y,Chinese,English,,2021-02-22_22h05.52.003,Tse_Altarriba_Simon1,2020.1.2,MacIntel,60,3379,,,z,1,0.383,,,,,,,,0,13,13,47,1
,,,,,,,,,,,,Images/CongruentLeft.jpeg,Congruent Left,z,C,18,female,year 1 ,N,Y,Chinese,English,,2021-02-22_22h05.52.003,Tse_Altarriba_Simon1,2020.1.2,MacIntel,60,3379,,,z,1,0.631,,,,,,,,0,14,14,9,1
,,,,,,,,,,,,Images/IncongruentLeft.jpeg,Incongruent Left,z,C,18,female,year 1 ,N,Y,Chinese,English,,2021-02-22_22h05.52.003,Tse_Altarriba_Simon1,2020.1.2,MacIntel,60,3379,,,z,1,0.48,,,,,,,,0,15,15,24,1
,,,,,,,,,,,,Images/NeutralLeft.jpeg,Neutral Left,z,C,18,female,year 1 ,N,Y,Chinese,English,,2021-02-22_22h05.52.003,Tse_Altarriba_Simon1,2020.1.2,MacIntel,60,3379,,,z,1,0.477,,,,,,,,0,16,16,44,1
,,,,,,,,,,,,Images/CongruentRight.jpeg,Congruent Right,m,C,18,female,year 1 ,N,Y,Chinese,English,,2021-02-22_22h05.52.003,Tse_Altarriba_Simon1,2020.1.2,MacIntel,60,3379,,,m,1,0.399,,,,,,,,0,17,17,11,1
,,,,,,,,,,,,Images/NeutralLeft.jpeg,Neutral Left,z,C,18,female,year 1 ,N,Y,Chinese,English,,2021-02-22_22h05.52.003,Tse_Altarriba_Simon1,2020.1.2,MacIntel,60,3379,,,z,1,0.386,,,,,,,,0,18,18,48,1
,,,,,,,,,,,,Images/CongruentRight.jpeg,Congruent Right,m,C,18,female,year 1 ,N,Y,Chinese,English,,2021-02-22_22h05.52.003,Tse_Altarriba_Simon1,2020.1.2,MacIntel,60,3379,,,m,1,0.417,,,,,,,,0,19,19,12,1
,,,,,,,,,,,,Images/NeurtalRight.jpeg,Neutral Right,m,C,18,female,year 1 ,N,Y,Chinese,English,,2021-02-22_22h05.52.003,Tse_Altarriba_Simon1,2020.1.2,MacIntel,60,3379,,,m,1,0.415,,,,,,,,0,20,20,52,1
,,,,,,,,,,,,Images/CongruentLeft.jpeg,Congruent Left,z,C,18,female,year 1 ,N,Y,Chinese,English,,2021-02-22_22h05.52.003,Tse_Altarriba_Simon1,2020.1.2,MacIntel,60,3379,,,z,1,0.338,,,,,,,,0,21,21,1,1
,,,,,,,,,,,,Images/CongruentRight.jpeg,Congruent Right,m,C,18,female,year 1 ,N,Y,Chinese,English,,2021-02-22_22h05.52.003,Tse_Altarriba_Simon1,2020.1.2,MacIntel,60,3379,,,m,1,0.34,,,,,,,,0,22,22,18,1
,,,,,,,,,,,,Images/CongruentLeft.jpeg,Congruent Left,z,C,18,female,year 1 ,N,Y,Chinese,English,,2021-02-22_22h05.52.003,Tse_Altarriba_Simon1,2020.1.2,MacIntel,60,3379,,,z,1,0.318,,,,,,,,0,23,23,5,1
,,,,,,,,,,,,Images/CongruentLeft.jpeg,Congruent Left,z,C,18,female,year 1 ,N,Y,Chinese,English,,2021-02-22_22h05.52.003,Tse_Altarriba_Simon1,2020.1.2,MacIntel,60,3379,,,z,1,0.335,,,,,,,,0,24,24,2,1
,,,,,,,,,,,,Images/NeutralLeft.jpeg,Neutral Left,z,C,18,female,year 1 ,N,Y,Chinese,English,,2021-02-22_22h05.52.003,Tse_Altarriba_Simon1,2020.1.2,MacIntel,60,3379,,,z,1,0.424,,,,,,,,0,25,25,42,1
,,,,,,,,,,,,Images/CongruentLeft.jpeg,Congruent Left,z,C,18,female,year 1 ,N,Y,Chinese,English,,2021-02-22_22h05.52.003,Tse_Altarriba_Simon1,2020.1.2,MacIntel,60,3379,,,z,1,0.368,,,,,,,,0,26,26,4,1
,,,,,,,,,,,,Images/NeutralLeft.jpeg,Neutral Left,z,C,18,female,year 1 ,N,Y,Chinese,English,,2021-02-22_22h05.52.003,Tse_Altarriba_Simon1,2020.1.2,MacIntel,60,3379,,,z,1,0.41,,,,,,,,0,27,27,40,1
,,,,,,,,,,,,Images/CongruentLeft.jpeg,Congruent Left,z,C,18,female,year 1 ,N,Y,Chinese,English,,2021-02-22_22h05.52.003,Tse_Altarriba_Simon1,2020.1.2,MacIntel,60,3379,,,z,1,0.402,,,,,,,,0,28,28,7,1
,,,,,,,,,,,,Images/IncongruentLeft.jpeg,Incongruent Left,z,C,18,female,year 1 ,N,Y,Chinese,English,,2021-02-22_22h05.52.003,Tse_Altarriba_Simon1,2020.1.2,MacIntel,60,3379,,,z,1,0.533,,,,,,,,0,29,29,26,1
,,,,,,,,,,,,Images/IncongruentLeft.jpeg,Incongruent Left,z,C,18,female,year 1 ,N,Y,Chinese,English,,2021-02-22_22h05.52.003,Tse_Altarriba_Simon1,2020.1.2,MacIntel,60,3379,,,z,1,0.449,,,,,,,,0,30,30,23,1
,,,,,,,,,,,,Images/NeurtalRight.jpeg,Neutral Right,m,C,18,female,year 1 ,N,Y,Chinese,English,,2021-02-22_22h05.52.003,Tse_Altarriba_Simon1,2020.1.2,MacIntel,60,3379,,,m,1,0.41,,,,,,,,0,31,31,54,1
,,,,,,,,,,,,Images/IncongruentLeft.jpeg,Incongruent Left,z,C,18,female,year 1 ,N,Y,Chinese,English,,2021-02-22_22h05.52.003,Tse_Altarriba_Simon1,2020.1.2,MacIntel,60,3379,,,z,1,0.481,,,,,,,,0,32,32,20,1
,,,,,,,,,,,,Images/IncongruentRight.jpeg,Incongruent Right,m,C,18,female,year 1 ,N,Y,Chinese,English,,2021-02-22_22h05.52.003,Tse_Altarriba_Simon1,2020.1.2,MacIntel,60,3379,,,m,1,0.507,,,,,,,,0,33,33,33,1
,,,,,,,,,,,,Images/CongruentRight.jpeg,Congruent Right,m,C,18,female,year 1 ,N,Y,Chinese,English,,2021-02-22_22h05.52.003,Tse_Altarriba_Simon1,2020.1.2,MacIntel,60,3379,,,m,1,0.619,,,,,,,,0,34,34,10,1
,,,,,,,,,,,,Images/IncongruentLeft.jpeg,Incongruent Left,z,C,18,female,year 1 ,N,Y,Chinese,English,,2021-02-22_22h05.52.003,Tse_Altarriba_Simon1,2020.1.2,MacIntel,60,3379,,,z,1,0.427,,,,,,,,0,35,35,28,1
,,,,,,,,,,,,Images/NeutralLeft.jpeg,Neutral Left,z,C,18,female,year 1 ,N,Y,Chinese,English,,2021-02-22_22h05.52.003,Tse_Altarriba_Simon1,2020.1.2,MacIntel,60,3379,,,z,1,0.404,,,,,,,,0,36,36,41,1
,,,,,,,,,,,,Images/IncongruentRight.jpeg,Incongruent Right,m,C,18,female,year 1 ,N,Y,Chinese,English,,2021-02-22_22h05.52.003,Tse_Altarriba_Simon1,2020.1.2,MacIntel,60,3379,,,m,1,0.454,,,,,,,,0,37,37,37,1
,,,,,,,,,,,,Images/IncongruentRight.jpeg,Incongruent Right,m,C,18,female,year 1 ,N,Y,Chinese,English,,2021-02-22_22h05.52.003,Tse_Altarriba_Simon1,2020.1.2,MacIntel,60,3379,,,m,1,0.441,,,,,,,,0,38,38,32,1
,,,,,,,,,,,,Images/NeurtalRight.jpeg,Neutral Right,m,C,18,female,year 1 ,N,Y,Chinese,English,,2021-02-22_22h05.52.003,Tse_Altarriba_Simon1,2020.1.2,MacIntel,60,3379,,,m,1,0.435,,,,,,,,0,39,39,59,1
,,,,,,,,,,,,Images/NeurtalRight.jpeg,Neutral Right,m,C,18,female,year 1 ,N,Y,Chinese,English,,2021-02-22_22h05.52.003,Tse_Altarriba_Simon1,2020.1.2,MacIntel,60,3379,,,m,1,0.4,,,,,,,,0,40,40,56,1
,,,,,,,,,,,,Images/NeutralLeft.jpeg,Neutral Left,z,C,18,female,year 1 ,N,Y,Chinese,English,,2021-02-22_22h05.52.003,Tse_Altarriba_Simon1,2020.1.2,MacIntel,60,3379,,,z,1,0.468,,,,,,,,0,41,41,43,1
,,,,,,,,,,,,Images/CongruentRight.jpeg,Congruent Right,m,C,18,female,year 1 ,N,Y,Chinese,English,,2021-02-22_22h05.52.003,Tse_Altarriba_Simon1,2020.1.2,MacIntel,60,3379,,,m,1,0.402,,,,,,,,0,42,42,19,1
,,,,,,,,,,,,Images/NeurtalRight.jpeg,Neutral Right,m,C,18,female,year 1 ,N,Y,Chinese,English,,2021-02-22_22h05.52.003,Tse_Altarriba_Simon1,2020.1.2,MacIntel,60,3379,,,m,1,0.4,,,,,,,,0,43,43,53,1
,,,,,,,,,,,,Images/IncongruentRight.jpeg,Incongruent Right,m,C,18,female,year 1 ,N,Y,Chinese,English,,2021-02-22_22h05.52.003,Tse_Altarriba_Simon1,2020.1.2,MacIntel,60,3379,,,m,1,0.55,,,,,,,,0,44,44,39,1
,,,,,,,,,,,,Images/CongruentRight.jpeg,Congruent Right,m,C,18,female,year 1 ,N,Y,Chinese,English,,2021-02-22_22h05.52.003,Tse_Altarriba_Simon1,2020.1.2,MacIntel,60,3379,,,m,1,0.496,,,,,,,,0,45,45,13,1
,,,,,,,,,,,,Images/NeutralLeft.jpeg,Neutral Left,z,C,18,female,year 1 ,N,Y,Chinese,English,,2021-02-22_22h05.52.003,Tse_Altarriba_Simon1,2020.1.2,MacIntel,60,3379,,,z,1,0.44,,,,,,,,0,46,46,46,1
,,,,,,,,,,,,Images/CongruentLeft.jpeg,Congruent Left,z,C,18,female,year 1 ,N,Y,Chinese,English,,2021-02-22_22h05.52.003,Tse_Altarriba_Simon1,2020.1.2,MacIntel,60,3379,,,z,1,0.468,,,,,,,,0,47,47,0,1
,,,,,,,,,,,,Images/IncongruentLeft.jpeg,Incongruent Left,z,C,18,female,year 1 ,N,Y,Chinese,English,,2021-02-22_22h05.52.003,Tse_Altarriba_Simon1,2020.1.2,MacIntel,60,3379,,,m,0,0.534,,,,,,,,0,48,48,21,1
,,,,,,,,,,,,Images/NeurtalRight.jpeg,Neutral Right,m,C,18,female,year 1 ,N,Y,Chinese,English,,2021-02-22_22h05.52.003,Tse_Altarriba_Simon1,2020.1.2,MacIntel,60,3379,,,m,1,0.405,,,,,,,,0,49,49,57,1
,,,,,,,,,,,,Images/IncongruentRight.jpeg,Incongruent Right,m,C,18,female,year 1 ,N,Y,Chinese,English,,2021-02-22_22h05.52.003,Tse_Altarriba_Simon1,2020.1.2,MacIntel,60,3379,,,m,1,0.485,,,,,,,,0,50,50,31,1
,,,,,,,,,,,,Images/NeurtalRight.jpeg,Neutral Right,m,C,18,female,year 1 ,N,Y,Chinese,English,,2021-02-22_22h05.52.003,Tse_Altarriba_Simon1,2020.1.2,MacIntel,60,3379,,,m,1,0.393,,,,,,,,0,51,51,58,1
,,,,,,,,,,,,Images/NeurtalRight.jpeg,Neutral Right,m,C,18,female,year 1 ,N,Y,Chinese,English,,2021-02-22_22h05.52.003,Tse_Altarriba_Simon1,2020.1.2,MacIntel,60,3379,,,m,1,0.412,,,,,,,,0,52,52,55,1
,,,,,,,,,,,,Images/NeurtalRight.jpeg,Neutral Right,m,C,18,female,year 1 ,N,Y,Chinese,English,,2021-02-22_22h05.52.003,Tse_Altarriba_Simon1,2020.1.2,MacIntel,60,3379,,,m,1,0.402,,,,,,,,0,53,53,50,1
,,,,,,,,,,,,Images/NeutralLeft.jpeg,Neutral Left,z,C,18,female,year 1 ,N,Y,Chinese,English,,2021-02-22_22h05.52.003,Tse_Altarriba_Simon1,2020.1.2,MacIntel,60,3379,,,z,1,0.393,,,,,,,,0,54,54,49,1
,,,,,,,,,,,,Images/CongruentLeft.jpeg,Congruent Left,z,C,18,female,year 1 ,N,Y,Chinese,English,,2021-02-22_22h05.52.003,Tse_Altarriba_Simon1,2020.1.2,MacIntel,60,3379,,,z,1,0.437,,,,,,,,0,55,55,3,1
,,,,,,,,,,,,Images/IncongruentRight.jpeg,Incongruent Right,m,C,18,female,year 1 ,N,Y,Chinese,English,,2021-02-22_22h05.52.003,Tse_Altarriba_Simon1,2020.1.2,MacIntel,60,3379,,,m,1,0.44,,,,,,,,0,56,56,38,1
,,,,,,,,,,,,Images/CongruentRight.jpeg,Congruent Right,m,C,18,female,year 1 ,N,Y,Chinese,English,,2021-02-22_22h05.52.003,Tse_Altarriba_Simon1,2020.1.2,MacIntel,60,3379,,,m,1,0.55,,,,,,,,0,57,57,16,1
,,,,,,,,,,,,Images/NeutralLeft.jpeg,Neutral Left,z,C,18,female,year 1 ,N,Y,Chinese,English,,2021-02-22_22h05.52.003,Tse_Altarriba_Simon1,2020.1.2,MacIntel,60,3379,,,z,1,0.418,,,,,,,,0,58,58,45,1
,,,,,,,,,,,,Images/IncongruentRight.jpeg,Incongruent Right,m,C,18,female,year 1 ,N,Y,Chinese,English,,2021-02-22_22h05.52.003,Tse_Altarriba_Simon1,2020.1.2,MacIntel,60,3379,,,m,1,0.431,,,,,,,,0,59,59,35,1
