Space1.keys,Space1.rt,Space2.keys,Space2.rt,response.keys,response.corr,response.rt,Practice_loop.thisRepN,Practice_loop.thisTrialN,Practice_loop.thisN,Practice_loop.thisIndex,Practice_loop.ran,ImageFile,Condition,CorrAns,Your initials,What is your age?,What is your gender?,What year are you in?,Are you Dyslexic? (Y/N),Are you bi/multilingual? (Y/N),What is your first language?,"What is your second language? (if you are monollingual, leave blank)",What other languages do you speak?,date,expName,psychopyVersion,OS,frameRate,participant,Space3.keys,Space3.rt,key_resp_2.keys,key_resp_2.corr,key_resp_2.rt,trials.thisRepN,trials.thisTrialN,trials.thisN,trials.thisIndex,trials.ran,Space4.keys,Space4.rt,trials_2.thisRepN,trials_2.thisTrialN,trials_2.thisN,trials_2.thisIndex,trials_2.ran
space,19.209465,space,15.62861,m,1,0.72931,0,0,0,3,1,Images/CongruentRight.jpeg,Congruent Right,m,M Y M L,18,Female,1,No,Yes,Cantonese,English,"Mandarin, Korean",2021-02-22_13h52.00.313,Tse_Altarriba_Simon1,2020.1.2,MacIntel,60,3391,,,,,,,,,,,,,,,,,
,,,,z,1,0.39292,0,1,1,1,1,Images/CongruentLeft.jpeg,Congruent Left,z,M Y M L,18,Female,1,No,Yes,Cantonese,English,"Mandarin, Korean",2021-02-22_13h52.00.313,Tse_Altarriba_Simon1,2020.1.2,MacIntel,60,3391,,,,,,,,,,,,,,,,,
,,,,m,1,0.497235,0,2,2,7,1,Images/IncongruentRight.jpeg,Incongruent Right,m,M Y M L,18,Female,1,No,Yes,Cantonese,English,"Mandarin, Korean",2021-02-22_13h52.00.313,Tse_Altarriba_Simon1,2020.1.2,MacIntel,60,3391,,,,,,,,,,,,,,,,,
,,,,z,1,0.39383,0,3,3,9,1,Images/NeutralLeft.jpeg,Neutral Left,z,M Y M L,18,Female,1,No,Yes,Cantonese,English,"Mandarin, Korean",2021-02-22_13h52.00.313,Tse_Altarriba_Simon1,2020.1.2,MacIntel,60,3391,,,,,,,,,,,,,,,,,
,,,,z,1,0.425615,0,4,4,4,1,Images/IncongruentLeft.jpeg,Incongruent Left,z,M Y M L,18,Female,1,No,Yes,Cantonese,English,"Mandarin, Korean",2021-02-22_13h52.00.313,Tse_Altarriba_Simon1,2020.1.2,MacIntel,60,3391,,,,,,,,,,,,,,,,,
,,,,z,1,0.37904,0,5,5,5,1,Images/IncongruentLeft.jpeg,Incongruent Left,z,M Y M L,18,Female,1,No,Yes,Cantonese,English,"Mandarin, Korean",2021-02-22_13h52.00.313,Tse_Altarriba_Simon1,2020.1.2,MacIntel,60,3391,,,,,,,,,,,,,,,,,
,,,,z,1,0.46156,0,6,6,0,1,Images/CongruentLeft.jpeg,Congruent Left,z,M Y M L,18,Female,1,No,Yes,Cantonese,English,"Mandarin, Korean",2021-02-22_13h52.00.313,Tse_Altarriba_Simon1,2020.1.2,MacIntel,60,3391,,,,,,,,,,,,,,,,,
,,,,m,1,0.38199,0,7,7,6,1,Images/IncongruentRight.jpeg,Incongruent Right,m,M Y M L,18,Female,1,No,Yes,Cantonese,English,"Mandarin, Korean",2021-02-22_13h52.00.313,Tse_Altarriba_Simon1,2020.1.2,MacIntel,60,3391,,,,,,,,,,,,,,,,,
,,,,m,1,0.43158,0,8,8,2,1,Images/CongruentRight.jpeg,Congruent Right,m,M Y M L,18,Female,1,No,Yes,Cantonese,English,"Mandarin, Korean",2021-02-22_13h52.00.313,Tse_Altarriba_Simon1,2020.1.2,MacIntel,60,3391,,,,,,,,,,,,,,,,,
,,,,m,1,0.37691,0,9,9,10,1,Images/NeurtalRight.jpeg,Neutral Right,m,M Y M L,18,Female,1,No,Yes,Cantonese,English,"Mandarin, Korean",2021-02-22_13h52.00.313,Tse_Altarriba_Simon1,2020.1.2,MacIntel,60,3391,,,,,,,,,,,,,,,,,
,,,,z,1,0.361615,0,10,10,8,1,Images/NeutralLeft.jpeg,Neutral Left,z,M Y M L,18,Female,1,No,Yes,Cantonese,English,"Mandarin, Korean",2021-02-22_13h52.00.313,Tse_Altarriba_Simon1,2020.1.2,MacIntel,60,3391,,,,,,,,,,,,,,,,,
,,,,m,1,0.342465,0,11,11,11,1,Images/NeurtalRight.jpeg,Neutral Right,m,M Y M L,18,Female,1,No,Yes,Cantonese,English,"Mandarin, Korean",2021-02-22_13h52.00.313,Tse_Altarriba_Simon1,2020.1.2,MacIntel,60,3391,,,,,,,,,,,,,,,,,
,,,,,,,,,,,,Images/NeutralLeft.jpeg,Neutral Left,z,M Y M L,18,Female,1,No,Yes,Cantonese,English,"Mandarin, Korean",2021-02-22_13h52.00.313,Tse_Altarriba_Simon1,2020.1.2,MacIntel,60,3391,space,12.898185,z,1,0.402795,0,0,0,40,1,,,,,,,
,,,,,,,,,,,,Images/NeutralLeft.jpeg,Neutral Left,z,M Y M L,18,Female,1,No,Yes,Cantonese,English,"Mandarin, Korean",2021-02-22_13h52.00.313,Tse_Altarriba_Simon1,2020.1.2,MacIntel,60,3391,,,z,1,0.360505,0,1,1,46,1,,,,,,,
,,,,,,,,,,,,Images/CongruentRight.jpeg,Congruent Right,m,M Y M L,18,Female,1,No,Yes,Cantonese,English,"Mandarin, Korean",2021-02-22_13h52.00.313,Tse_Altarriba_Simon1,2020.1.2,MacIntel,60,3391,,,m,1,0.31332,0,2,2,17,1,,,,,,,
,,,,,,,,,,,,Images/IncongruentRight.jpeg,Incongruent Right,m,M Y M L,18,Female,1,No,Yes,Cantonese,English,"Mandarin, Korean",2021-02-22_13h52.00.313,Tse_Altarriba_Simon1,2020.1.2,MacIntel,60,3391,,,m,1,0.416305,0,3,3,33,1,,,,,,,
,,,,,,,,,,,,Images/CongruentRight.jpeg,Congruent Right,m,M Y M L,18,Female,1,No,Yes,Cantonese,English,"Mandarin, Korean",2021-02-22_13h52.00.313,Tse_Altarriba_Simon1,2020.1.2,MacIntel,60,3391,,,m,1,0.329875,0,4,4,12,1,,,,,,,
,,,,,,,,,,,,Images/CongruentLeft.jpeg,Congruent Left,z,M Y M L,18,Female,1,No,Yes,Cantonese,English,"Mandarin, Korean",2021-02-22_13h52.00.313,Tse_Altarriba_Simon1,2020.1.2,MacIntel,60,3391,,,z,1,0.330445,0,5,5,8,1,,,,,,,
,,,,,,,,,,,,Images/IncongruentLeft.jpeg,Incongruent Left,z,M Y M L,18,Female,1,No,Yes,Cantonese,English,"Mandarin, Korean",2021-02-22_13h52.00.313,Tse_Altarriba_Simon1,2020.1.2,MacIntel,60,3391,,,z,1,0.41086,0,6,6,21,1,,,,,,,
,,,,,,,,,,,,Images/IncongruentLeft.jpeg,Incongruent Left,z,M Y M L,18,Female,1,No,Yes,Cantonese,English,"Mandarin, Korean",2021-02-22_13h52.00.313,Tse_Altarriba_Simon1,2020.1.2,MacIntel,60,3391,,,z,1,0.345355,0,7,7,29,1,,,,,,,
,,,,,,,,,,,,Images/IncongruentLeft.jpeg,Incongruent Left,z,M Y M L,18,Female,1,No,Yes,Cantonese,English,"Mandarin, Korean",2021-02-22_13h52.00.313,Tse_Altarriba_Simon1,2020.1.2,MacIntel,60,3391,,,z,1,0.415595,0,8,8,28,1,,,,,,,
,,,,,,,,,,,,Images/CongruentRight.jpeg,Congruent Right,m,M Y M L,18,Female,1,No,Yes,Cantonese,English,"Mandarin, Korean",2021-02-22_13h52.00.313,Tse_Altarriba_Simon1,2020.1.2,MacIntel,60,3391,,,m,1,0.30418,0,9,9,10,1,,,,,,,
,,,,,,,,,,,,Images/CongruentLeft.jpeg,Congruent Left,z,M Y M L,18,Female,1,No,Yes,Cantonese,English,"Mandarin, Korean",2021-02-22_13h52.00.313,Tse_Altarriba_Simon1,2020.1.2,MacIntel,60,3391,,,z,1,0.33196,0,10,10,6,1,,,,,,,
,,,,,,,,,,,,Images/IncongruentLeft.jpeg,Incongruent Left,z,M Y M L,18,Female,1,No,Yes,Cantonese,English,"Mandarin, Korean",2021-02-22_13h52.00.313,Tse_Altarriba_Simon1,2020.1.2,MacIntel,60,3391,,,z,1,0.413985,0,11,11,24,1,,,,,,,
,,,,,,,,,,,,Images/NeutralLeft.jpeg,Neutral Left,z,M Y M L,18,Female,1,No,Yes,Cantonese,English,"Mandarin, Korean",2021-02-22_13h52.00.313,Tse_Altarriba_Simon1,2020.1.2,MacIntel,60,3391,,,z,1,0.330775,0,12,12,42,1,,,,,,,
,,,,,,,,,,,,Images/NeutralLeft.jpeg,Neutral Left,z,M Y M L,18,Female,1,No,Yes,Cantonese,English,"Mandarin, Korean",2021-02-22_13h52.00.313,Tse_Altarriba_Simon1,2020.1.2,MacIntel,60,3391,,,z,1,0.33138,0,13,13,48,1,,,,,,,
,,,,,,,,,,,,Images/NeurtalRight.jpeg,Neutral Right,m,M Y M L,18,Female,1,No,Yes,Cantonese,English,"Mandarin, Korean",2021-02-22_13h52.00.313,Tse_Altarriba_Simon1,2020.1.2,MacIntel,60,3391,,,m,1,0.479405,0,14,14,59,1,,,,,,,
,,,,,,,,,,,,Images/IncongruentLeft.jpeg,Incongruent Left,z,M Y M L,18,Female,1,No,Yes,Cantonese,English,"Mandarin, Korean",2021-02-22_13h52.00.313,Tse_Altarriba_Simon1,2020.1.2,MacIntel,60,3391,,,m,0,0.36223,0,15,15,27,1,,,,,,,
,,,,,,,,,,,,Images/CongruentRight.jpeg,Congruent Right,m,M Y M L,18,Female,1,No,Yes,Cantonese,English,"Mandarin, Korean",2021-02-22_13h52.00.313,Tse_Altarriba_Simon1,2020.1.2,MacIntel,60,3391,,,m,1,0.36626,0,16,16,11,1,,,,,,,
,,,,,,,,,,,,Images/IncongruentRight.jpeg,Incongruent Right,m,M Y M L,18,Female,1,No,Yes,Cantonese,English,"Mandarin, Korean",2021-02-22_13h52.00.313,Tse_Altarriba_Simon1,2020.1.2,MacIntel,60,3391,,,m,1,0.40007,0,17,17,30,1,,,,,,,
,,,,,,,,,,,,Images/CongruentRight.jpeg,Congruent Right,m,M Y M L,18,Female,1,No,Yes,Cantonese,English,"Mandarin, Korean",2021-02-22_13h52.00.313,Tse_Altarriba_Simon1,2020.1.2,MacIntel,60,3391,,,m,1,0.382935,0,18,18,19,1,,,,,,,
,,,,,,,,,,,,Images/IncongruentRight.jpeg,Incongruent Right,m,M Y M L,18,Female,1,No,Yes,Cantonese,English,"Mandarin, Korean",2021-02-22_13h52.00.313,Tse_Altarriba_Simon1,2020.1.2,MacIntel,60,3391,,,m,1,0.46879,0,19,19,32,1,,,,,,,
,,,,,,,,,,,,Images/IncongruentRight.jpeg,Incongruent Right,m,M Y M L,18,Female,1,No,Yes,Cantonese,English,"Mandarin, Korean",2021-02-22_13h52.00.313,Tse_Altarriba_Simon1,2020.1.2,MacIntel,60,3391,,,m,1,0.33254,0,20,20,39,1,,,,,,,
,,,,,,,,,,,,Images/IncongruentLeft.jpeg,Incongruent Left,z,M Y M L,18,Female,1,No,Yes,Cantonese,English,"Mandarin, Korean",2021-02-22_13h52.00.313,Tse_Altarriba_Simon1,2020.1.2,MacIntel,60,3391,,,z,1,0.349035,0,21,21,23,1,,,,,,,
,,,,,,,,,,,,Images/IncongruentRight.jpeg,Incongruent Right,m,M Y M L,18,Female,1,No,Yes,Cantonese,English,"Mandarin, Korean",2021-02-22_13h52.00.313,Tse_Altarriba_Simon1,2020.1.2,MacIntel,60,3391,,,m,1,0.480955,0,22,22,38,1,,,,,,,
,,,,,,,,,,,,Images/NeurtalRight.jpeg,Neutral Right,m,M Y M L,18,Female,1,No,Yes,Cantonese,English,"Mandarin, Korean",2021-02-22_13h52.00.313,Tse_Altarriba_Simon1,2020.1.2,MacIntel,60,3391,,,m,1,0.347285,0,23,23,55,1,,,,,,,
,,,,,,,,,,,,Images/NeurtalRight.jpeg,Neutral Right,m,M Y M L,18,Female,1,No,Yes,Cantonese,English,"Mandarin, Korean",2021-02-22_13h52.00.313,Tse_Altarriba_Simon1,2020.1.2,MacIntel,60,3391,,,m,1,0.360635,0,24,24,50,1,,,,,,,
,,,,,,,,,,,,Images/IncongruentRight.jpeg,Incongruent Right,m,M Y M L,18,Female,1,No,Yes,Cantonese,English,"Mandarin, Korean",2021-02-22_13h52.00.313,Tse_Altarriba_Simon1,2020.1.2,MacIntel,60,3391,,,m,1,0.37697,0,25,25,37,1,,,,,,,
,,,,,,,,,,,,Images/NeurtalRight.jpeg,Neutral Right,m,M Y M L,18,Female,1,No,Yes,Cantonese,English,"Mandarin, Korean",2021-02-22_13h52.00.313,Tse_Altarriba_Simon1,2020.1.2,MacIntel,60,3391,,,m,1,0.329225,0,26,26,54,1,,,,,,,
,,,,,,,,,,,,Images/IncongruentLeft.jpeg,Incongruent Left,z,M Y M L,18,Female,1,No,Yes,Cantonese,English,"Mandarin, Korean",2021-02-22_13h52.00.313,Tse_Altarriba_Simon1,2020.1.2,MacIntel,60,3391,,,z,1,0.39965,0,27,27,26,1,,,,,,,
,,,,,,,,,,,,Images/NeurtalRight.jpeg,Neutral Right,m,M Y M L,18,Female,1,No,Yes,Cantonese,English,"Mandarin, Korean",2021-02-22_13h52.00.313,Tse_Altarriba_Simon1,2020.1.2,MacIntel,60,3391,,,m,1,0.35169,0,28,28,52,1,,,,,,,
,,,,,,,,,,,,Images/NeutralLeft.jpeg,Neutral Left,z,M Y M L,18,Female,1,No,Yes,Cantonese,English,"Mandarin, Korean",2021-02-22_13h52.00.313,Tse_Altarriba_Simon1,2020.1.2,MacIntel,60,3391,,,z,1,0.363825,0,29,29,43,1,,,,,,,
,,,,,,,,,,,,Images/NeurtalRight.jpeg,Neutral Right,m,M Y M L,18,Female,1,No,Yes,Cantonese,English,"Mandarin, Korean",2021-02-22_13h52.00.313,Tse_Altarriba_Simon1,2020.1.2,MacIntel,60,3391,,,m,1,0.36253,0,30,30,56,1,,,,,,,
,,,,,,,,,,,,Images/NeurtalRight.jpeg,Neutral Right,m,M Y M L,18,Female,1,No,Yes,Cantonese,English,"Mandarin, Korean",2021-02-22_13h52.00.313,Tse_Altarriba_Simon1,2020.1.2,MacIntel,60,3391,,,m,1,0.40145,0,31,31,58,1,,,,,,,
,,,,,,,,,,,,Images/CongruentLeft.jpeg,Congruent Left,z,M Y M L,18,Female,1,No,Yes,Cantonese,English,"Mandarin, Korean",2021-02-22_13h52.00.313,Tse_Altarriba_Simon1,2020.1.2,MacIntel,60,3391,,,z,1,0.328565,0,32,32,9,1,,,,,,,
,,,,,,,,,,,,Images/CongruentRight.jpeg,Congruent Right,m,M Y M L,18,Female,1,No,Yes,Cantonese,English,"Mandarin, Korean",2021-02-22_13h52.00.313,Tse_Altarriba_Simon1,2020.1.2,MacIntel,60,3391,,,m,1,0.31252,0,33,33,15,1,,,,,,,
,,,,,,,,,,,,Images/CongruentLeft.jpeg,Congruent Left,z,M Y M L,18,Female,1,No,Yes,Cantonese,English,"Mandarin, Korean",2021-02-22_13h52.00.313,Tse_Altarriba_Simon1,2020.1.2,MacIntel,60,3391,,,z,1,0.327055,0,34,34,5,1,,,,,,,
,,,,,,,,,,,,Images/IncongruentLeft.jpeg,Incongruent Left,z,M Y M L,18,Female,1,No,Yes,Cantonese,English,"Mandarin, Korean",2021-02-22_13h52.00.313,Tse_Altarriba_Simon1,2020.1.2,MacIntel,60,3391,,,z,1,0.446895,0,35,35,22,1,,,,,,,
,,,,,,,,,,,,Images/CongruentRight.jpeg,Congruent Right,m,M Y M L,18,Female,1,No,Yes,Cantonese,English,"Mandarin, Korean",2021-02-22_13h52.00.313,Tse_Altarriba_Simon1,2020.1.2,MacIntel,60,3391,,,m,1,0.29983,0,36,36,13,1,,,,,,,
,,,,,,,,,,,,Images/CongruentRight.jpeg,Congruent Right,m,M Y M L,18,Female,1,No,Yes,Cantonese,English,"Mandarin, Korean",2021-02-22_13h52.00.313,Tse_Altarriba_Simon1,2020.1.2,MacIntel,60,3391,,,m,1,0.366615,0,37,37,18,1,,,,,,,
,,,,,,,,,,,,Images/CongruentLeft.jpeg,Congruent Left,z,M Y M L,18,Female,1,No,Yes,Cantonese,English,"Mandarin, Korean",2021-02-22_13h52.00.313,Tse_Altarriba_Simon1,2020.1.2,MacIntel,60,3391,,,z,1,0.301915,0,38,38,3,1,,,,,,,
,,,,,,,,,,,,Images/NeutralLeft.jpeg,Neutral Left,z,M Y M L,18,Female,1,No,Yes,Cantonese,English,"Mandarin, Korean",2021-02-22_13h52.00.313,Tse_Altarriba_Simon1,2020.1.2,MacIntel,60,3391,,,z,1,0.336515,0,39,39,44,1,,,,,,,
,,,,,,,,,,,,Images/IncongruentLeft.jpeg,Incongruent Left,z,M Y M L,18,Female,1,No,Yes,Cantonese,English,"Mandarin, Korean",2021-02-22_13h52.00.313,Tse_Altarriba_Simon1,2020.1.2,MacIntel,60,3391,,,z,1,0.43419,0,40,40,25,1,,,,,,,
,,,,,,,,,,,,Images/NeurtalRight.jpeg,Neutral Right,m,M Y M L,18,Female,1,No,Yes,Cantonese,English,"Mandarin, Korean",2021-02-22_13h52.00.313,Tse_Altarriba_Simon1,2020.1.2,MacIntel,60,3391,,,m,1,0.329425,0,41,41,51,1,,,,,,,
,,,,,,,,,,,,Images/CongruentLeft.jpeg,Congruent Left,z,M Y M L,18,Female,1,No,Yes,Cantonese,English,"Mandarin, Korean",2021-02-22_13h52.00.313,Tse_Altarriba_Simon1,2020.1.2,MacIntel,60,3391,,,z,1,0.331495,0,42,42,0,1,,,,,,,
,,,,,,,,,,,,Images/CongruentLeft.jpeg,Congruent Left,z,M Y M L,18,Female,1,No,Yes,Cantonese,English,"Mandarin, Korean",2021-02-22_13h52.00.313,Tse_Altarriba_Simon1,2020.1.2,MacIntel,60,3391,,,z,1,0.31312,0,43,43,1,1,,,,,,,
,,,,,,,,,,,,Images/CongruentRight.jpeg,Congruent Right,m,M Y M L,18,Female,1,No,Yes,Cantonese,English,"Mandarin, Korean",2021-02-22_13h52.00.313,Tse_Altarriba_Simon1,2020.1.2,MacIntel,60,3391,,,m,1,0.328675,0,44,44,14,1,,,,,,,
,,,,,,,,,,,,Images/IncongruentLeft.jpeg,Incongruent Left,z,M Y M L,18,Female,1,No,Yes,Cantonese,English,"Mandarin, Korean",2021-02-22_13h52.00.313,Tse_Altarriba_Simon1,2020.1.2,MacIntel,60,3391,,,m,0,0.363105,0,45,45,20,1,,,,,,,
,,,,,,,,,,,,Images/CongruentRight.jpeg,Congruent Right,m,M Y M L,18,Female,1,No,Yes,Cantonese,English,"Mandarin, Korean",2021-02-22_13h52.00.313,Tse_Altarriba_Simon1,2020.1.2,MacIntel,60,3391,,,z,0,0.403565,0,46,46,16,1,,,,,,,
,,,,,,,,,,,,Images/IncongruentRight.jpeg,Incongruent Right,m,M Y M L,18,Female,1,No,Yes,Cantonese,English,"Mandarin, Korean",2021-02-22_13h52.00.313,Tse_Altarriba_Simon1,2020.1.2,MacIntel,60,3391,,,m,1,0.413235,0,47,47,31,1,,,,,,,
,,,,,,,,,,,,Images/NeutralLeft.jpeg,Neutral Left,z,M Y M L,18,Female,1,No,Yes,Cantonese,English,"Mandarin, Korean",2021-02-22_13h52.00.313,Tse_Altarriba_Simon1,2020.1.2,MacIntel,60,3391,,,z,1,0.458645,0,48,48,49,1,,,,,,,
,,,,,,,,,,,,Images/NeutralLeft.jpeg,Neutral Left,z,M Y M L,18,Female,1,No,Yes,Cantonese,English,"Mandarin, Korean",2021-02-22_13h52.00.313,Tse_Altarriba_Simon1,2020.1.2,MacIntel,60,3391,,,z,1,0.36831,0,49,49,47,1,,,,,,,
,,,,,,,,,,,,Images/IncongruentRight.jpeg,Incongruent Right,m,M Y M L,18,Female,1,No,Yes,Cantonese,English,"Mandarin, Korean",2021-02-22_13h52.00.313,Tse_Altarriba_Simon1,2020.1.2,MacIntel,60,3391,,,m,1,0.45164,0,50,50,35,1,,,,,,,
,,,,,,,,,,,,Images/NeurtalRight.jpeg,Neutral Right,m,M Y M L,18,Female,1,No,Yes,Cantonese,English,"Mandarin, Korean",2021-02-22_13h52.00.313,Tse_Altarriba_Simon1,2020.1.2,MacIntel,60,3391,,,m,1,0.362995,0,51,51,57,1,,,,,,,
,,,,,,,,,,,,Images/NeurtalRight.jpeg,Neutral Right,m,M Y M L,18,Female,1,No,Yes,Cantonese,English,"Mandarin, Korean",2021-02-22_13h52.00.313,Tse_Altarriba_Simon1,2020.1.2,MacIntel,60,3391,,,m,1,0.366575,0,52,52,53,1,,,,,,,
,,,,,,,,,,,,Images/IncongruentRight.jpeg,Incongruent Right,m,M Y M L,18,Female,1,No,Yes,Cantonese,English,"Mandarin, Korean",2021-02-22_13h52.00.313,Tse_Altarriba_Simon1,2020.1.2,MacIntel,60,3391,,,m,1,0.398065,0,53,53,34,1,,,,,,,
,,,,,,,,,,,,Images/NeutralLeft.jpeg,Neutral Left,z,M Y M L,18,Female,1,No,Yes,Cantonese,English,"Mandarin, Korean",2021-02-22_13h52.00.313,Tse_Altarriba_Simon1,2020.1.2,MacIntel,60,3391,,,z,1,0.451765,0,54,54,45,1,,,,,,,
,,,,,,,,,,,,Images/CongruentLeft.jpeg,Congruent Left,z,M Y M L,18,Female,1,No,Yes,Cantonese,English,"Mandarin, Korean",2021-02-22_13h52.00.313,Tse_Altarriba_Simon1,2020.1.2,MacIntel,60,3391,,,z,1,0.38573,0,55,55,2,1,,,,,,,
,,,,,,,,,,,,Images/NeutralLeft.jpeg,Neutral Left,z,M Y M L,18,Female,1,No,Yes,Cantonese,English,"Mandarin, Korean",2021-02-22_13h52.00.313,Tse_Altarriba_Simon1,2020.1.2,MacIntel,60,3391,,,z,1,0.3857,0,56,56,41,1,,,,,,,
,,,,,,,,,,,,Images/IncongruentRight.jpeg,Incongruent Right,m,M Y M L,18,Female,1,No,Yes,Cantonese,English,"Mandarin, Korean",2021-02-22_13h52.00.313,Tse_Altarriba_Simon1,2020.1.2,MacIntel,60,3391,,,m,1,0.431265,0,57,57,36,1,,,,,,,
,,,,,,,,,,,,Images/CongruentLeft.jpeg,Congruent Left,z,M Y M L,18,Female,1,No,Yes,Cantonese,English,"Mandarin, Korean",2021-02-22_13h52.00.313,Tse_Altarriba_Simon1,2020.1.2,MacIntel,60,3391,,,z,1,0.328925,0,58,58,7,1,,,,,,,
,,,,,,,,,,,,Images/CongruentLeft.jpeg,Congruent Left,z,M Y M L,18,Female,1,No,Yes,Cantonese,English,"Mandarin, Korean",2021-02-22_13h52.00.313,Tse_Altarriba_Simon1,2020.1.2,MacIntel,60,3391,,,z,1,0.36772,0,59,59,4,1,,,,,,,
,,,,,,,,,,,,Images/NeutralLeft.jpeg,Neutral Left,z,M Y M L,18,Female,1,No,Yes,Cantonese,English,"Mandarin, Korean",2021-02-22_13h52.00.313,Tse_Altarriba_Simon1,2020.1.2,MacIntel,60,3391,,,z,1,0.445305,,,,,,space,2.42504,0,0,0,48,1
,,,,,,,,,,,,Images/IncongruentRight.jpeg,Incongruent Right,m,M Y M L,18,Female,1,No,Yes,Cantonese,English,"Mandarin, Korean",2021-02-22_13h52.00.313,Tse_Altarriba_Simon1,2020.1.2,MacIntel,60,3391,,,m,1,0.318315,,,,,,,,0,1,1,38,1
,,,,,,,,,,,,Images/NeutralLeft.jpeg,Neutral Left,z,M Y M L,18,Female,1,No,Yes,Cantonese,English,"Mandarin, Korean",2021-02-22_13h52.00.313,Tse_Altarriba_Simon1,2020.1.2,MacIntel,60,3391,,,z,1,0.370405,,,,,,,,0,2,2,41,1
,,,,,,,,,,,,Images/IncongruentLeft.jpeg,Incongruent Left,z,M Y M L,18,Female,1,No,Yes,Cantonese,English,"Mandarin, Korean",2021-02-22_13h52.00.313,Tse_Altarriba_Simon1,2020.1.2,MacIntel,60,3391,,,z,1,0.378545,,,,,,,,0,3,3,21,1
,,,,,,,,,,,,Images/CongruentLeft.jpeg,Congruent Left,z,M Y M L,18,Female,1,No,Yes,Cantonese,English,"Mandarin, Korean",2021-02-22_13h52.00.313,Tse_Altarriba_Simon1,2020.1.2,MacIntel,60,3391,,,z,1,0.37831,,,,,,,,0,4,4,0,1
,,,,,,,,,,,,Images/NeurtalRight.jpeg,Neutral Right,m,M Y M L,18,Female,1,No,Yes,Cantonese,English,"Mandarin, Korean",2021-02-22_13h52.00.313,Tse_Altarriba_Simon1,2020.1.2,MacIntel,60,3391,,,m,1,0.33573,,,,,,,,0,5,5,56,1
,,,,,,,,,,,,Images/IncongruentRight.jpeg,Incongruent Right,m,M Y M L,18,Female,1,No,Yes,Cantonese,English,"Mandarin, Korean",2021-02-22_13h52.00.313,Tse_Altarriba_Simon1,2020.1.2,MacIntel,60,3391,,,m,1,0.36437,,,,,,,,0,6,6,31,1
,,,,,,,,,,,,Images/CongruentRight.jpeg,Congruent Right,m,M Y M L,18,Female,1,No,Yes,Cantonese,English,"Mandarin, Korean",2021-02-22_13h52.00.313,Tse_Altarriba_Simon1,2020.1.2,MacIntel,60,3391,,,m,1,0.328895,,,,,,,,0,7,7,13,1
,,,,,,,,,,,,Images/CongruentLeft.jpeg,Congruent Left,z,M Y M L,18,Female,1,No,Yes,Cantonese,English,"Mandarin, Korean",2021-02-22_13h52.00.313,Tse_Altarriba_Simon1,2020.1.2,MacIntel,60,3391,,,z,1,0.34731,,,,,,,,0,8,8,8,1
,,,,,,,,,,,,Images/NeutralLeft.jpeg,Neutral Left,z,M Y M L,18,Female,1,No,Yes,Cantonese,English,"Mandarin, Korean",2021-02-22_13h52.00.313,Tse_Altarriba_Simon1,2020.1.2,MacIntel,60,3391,,,z,1,0.48366,,,,,,,,0,9,9,47,1
,,,,,,,,,,,,Images/NeurtalRight.jpeg,Neutral Right,m,M Y M L,18,Female,1,No,Yes,Cantonese,English,"Mandarin, Korean",2021-02-22_13h52.00.313,Tse_Altarriba_Simon1,2020.1.2,MacIntel,60,3391,,,m,1,0.451095,,,,,,,,0,10,10,53,1
,,,,,,,,,,,,Images/CongruentRight.jpeg,Congruent Right,m,M Y M L,18,Female,1,No,Yes,Cantonese,English,"Mandarin, Korean",2021-02-22_13h52.00.313,Tse_Altarriba_Simon1,2020.1.2,MacIntel,60,3391,,,m,1,0.330255,,,,,,,,0,11,11,15,1
,,,,,,,,,,,,Images/IncongruentLeft.jpeg,Incongruent Left,z,M Y M L,18,Female,1,No,Yes,Cantonese,English,"Mandarin, Korean",2021-02-22_13h52.00.313,Tse_Altarriba_Simon1,2020.1.2,MacIntel,60,3391,,,z,1,0.38084,,,,,,,,0,12,12,29,1
,,,,,,,,,,,,Images/CongruentRight.jpeg,Congruent Right,m,M Y M L,18,Female,1,No,Yes,Cantonese,English,"Mandarin, Korean",2021-02-22_13h52.00.313,Tse_Altarriba_Simon1,2020.1.2,MacIntel,60,3391,,,m,1,0.347405,,,,,,,,0,13,13,18,1
,,,,,,,,,,,,Images/IncongruentLeft.jpeg,Incongruent Left,z,M Y M L,18,Female,1,No,Yes,Cantonese,English,"Mandarin, Korean",2021-02-22_13h52.00.313,Tse_Altarriba_Simon1,2020.1.2,MacIntel,60,3391,,,m,0,0.313165,,,,,,,,0,14,14,22,1
,,,,,,,,,,,,Images/CongruentLeft.jpeg,Congruent Left,z,M Y M L,18,Female,1,No,Yes,Cantonese,English,"Mandarin, Korean",2021-02-22_13h52.00.313,Tse_Altarriba_Simon1,2020.1.2,MacIntel,60,3391,,,z,1,0.4936,,,,,,,,0,15,15,9,1
,,,,,,,,,,,,Images/NeurtalRight.jpeg,Neutral Right,m,M Y M L,18,Female,1,No,Yes,Cantonese,English,"Mandarin, Korean",2021-02-22_13h52.00.313,Tse_Altarriba_Simon1,2020.1.2,MacIntel,60,3391,,,m,1,0.32877,,,,,,,,0,16,16,55,1
,,,,,,,,,,,,Images/NeurtalRight.jpeg,Neutral Right,m,M Y M L,18,Female,1,No,Yes,Cantonese,English,"Mandarin, Korean",2021-02-22_13h52.00.313,Tse_Altarriba_Simon1,2020.1.2,MacIntel,60,3391,,,m,1,0.33648,,,,,,,,0,17,17,58,1
,,,,,,,,,,,,Images/NeurtalRight.jpeg,Neutral Right,m,M Y M L,18,Female,1,No,Yes,Cantonese,English,"Mandarin, Korean",2021-02-22_13h52.00.313,Tse_Altarriba_Simon1,2020.1.2,MacIntel,60,3391,,,m,1,0.370165,,,,,,,,0,18,18,57,1
,,,,,,,,,,,,Images/IncongruentLeft.jpeg,Incongruent Left,z,M Y M L,18,Female,1,No,Yes,Cantonese,English,"Mandarin, Korean",2021-02-22_13h52.00.313,Tse_Altarriba_Simon1,2020.1.2,MacIntel,60,3391,,,z,1,0.379345,,,,,,,,0,19,19,28,1
,,,,,,,,,,,,Images/NeutralLeft.jpeg,Neutral Left,z,M Y M L,18,Female,1,No,Yes,Cantonese,English,"Mandarin, Korean",2021-02-22_13h52.00.313,Tse_Altarriba_Simon1,2020.1.2,MacIntel,60,3391,,,z,1,0.448675,,,,,,,,0,20,20,44,1
,,,,,,,,,,,,Images/CongruentRight.jpeg,Congruent Right,m,M Y M L,18,Female,1,No,Yes,Cantonese,English,"Mandarin, Korean",2021-02-22_13h52.00.313,Tse_Altarriba_Simon1,2020.1.2,MacIntel,60,3391,,,m,1,0.335605,,,,,,,,0,21,21,10,1
,,,,,,,,,,,,Images/IncongruentRight.jpeg,Incongruent Right,m,M Y M L,18,Female,1,No,Yes,Cantonese,English,"Mandarin, Korean",2021-02-22_13h52.00.313,Tse_Altarriba_Simon1,2020.1.2,MacIntel,60,3391,,,m,1,0.39708,,,,,,,,0,22,22,32,1
,,,,,,,,,,,,Images/IncongruentLeft.jpeg,Incongruent Left,z,M Y M L,18,Female,1,No,Yes,Cantonese,English,"Mandarin, Korean",2021-02-22_13h52.00.313,Tse_Altarriba_Simon1,2020.1.2,MacIntel,60,3391,,,z,1,0.43,,,,,,,,0,23,23,27,1
,,,,,,,,,,,,Images/IncongruentRight.jpeg,Incongruent Right,m,M Y M L,18,Female,1,No,Yes,Cantonese,English,"Mandarin, Korean",2021-02-22_13h52.00.313,Tse_Altarriba_Simon1,2020.1.2,MacIntel,60,3391,,,m,1,0.3674,,,,,,,,0,24,24,33,1
,,,,,,,,,,,,Images/IncongruentRight.jpeg,Incongruent Right,m,M Y M L,18,Female,1,No,Yes,Cantonese,English,"Mandarin, Korean",2021-02-22_13h52.00.313,Tse_Altarriba_Simon1,2020.1.2,MacIntel,60,3391,,,m,1,0.450235,,,,,,,,0,25,25,30,1
,,,,,,,,,,,,Images/NeurtalRight.jpeg,Neutral Right,m,M Y M L,18,Female,1,No,Yes,Cantonese,English,"Mandarin, Korean",2021-02-22_13h52.00.313,Tse_Altarriba_Simon1,2020.1.2,MacIntel,60,3391,,,m,1,0.42777,,,,,,,,0,26,26,50,1
,,,,,,,,,,,,Images/CongruentRight.jpeg,Congruent Right,m,M Y M L,18,Female,1,No,Yes,Cantonese,English,"Mandarin, Korean",2021-02-22_13h52.00.313,Tse_Altarriba_Simon1,2020.1.2,MacIntel,60,3391,,,m,1,0.45062,,,,,,,,0,27,27,19,1
,,,,,,,,,,,,Images/NeurtalRight.jpeg,Neutral Right,m,M Y M L,18,Female,1,No,Yes,Cantonese,English,"Mandarin, Korean",2021-02-22_13h52.00.313,Tse_Altarriba_Simon1,2020.1.2,MacIntel,60,3391,,,m,1,0.363035,,,,,,,,0,28,28,59,1
,,,,,,,,,,,,Images/NeutralLeft.jpeg,Neutral Left,z,M Y M L,18,Female,1,No,Yes,Cantonese,English,"Mandarin, Korean",2021-02-22_13h52.00.313,Tse_Altarriba_Simon1,2020.1.2,MacIntel,60,3391,,,z,1,0.41174,,,,,,,,0,29,29,42,1
,,,,,,,,,,,,Images/CongruentLeft.jpeg,Congruent Left,z,M Y M L,18,Female,1,No,Yes,Cantonese,English,"Mandarin, Korean",2021-02-22_13h52.00.313,Tse_Altarriba_Simon1,2020.1.2,MacIntel,60,3391,,,z,1,0.43578,,,,,,,,0,30,30,4,1
,,,,,,,,,,,,Images/IncongruentRight.jpeg,Incongruent Right,m,M Y M L,18,Female,1,No,Yes,Cantonese,English,"Mandarin, Korean",2021-02-22_13h52.00.313,Tse_Altarriba_Simon1,2020.1.2,MacIntel,60,3391,,,m,1,0.41472,,,,,,,,0,31,31,36,1
,,,,,,,,,,,,Images/NeurtalRight.jpeg,Neutral Right,m,M Y M L,18,Female,1,No,Yes,Cantonese,English,"Mandarin, Korean",2021-02-22_13h52.00.313,Tse_Altarriba_Simon1,2020.1.2,MacIntel,60,3391,,,m,1,0.379285,,,,,,,,0,32,32,52,1
,,,,,,,,,,,,Images/NeutralLeft.jpeg,Neutral Left,z,M Y M L,18,Female,1,No,Yes,Cantonese,English,"Mandarin, Korean",2021-02-22_13h52.00.313,Tse_Altarriba_Simon1,2020.1.2,MacIntel,60,3391,,,z,1,0.38245,,,,,,,,0,33,33,40,1
,,,,,,,,,,,,Images/CongruentRight.jpeg,Congruent Right,m,M Y M L,18,Female,1,No,Yes,Cantonese,English,"Mandarin, Korean",2021-02-22_13h52.00.313,Tse_Altarriba_Simon1,2020.1.2,MacIntel,60,3391,,,m,1,0.337965,,,,,,,,0,34,34,11,1
,,,,,,,,,,,,Images/IncongruentRight.jpeg,Incongruent Right,m,M Y M L,18,Female,1,No,Yes,Cantonese,English,"Mandarin, Korean",2021-02-22_13h52.00.313,Tse_Altarriba_Simon1,2020.1.2,MacIntel,60,3391,,,m,1,0.39456,,,,,,,,0,35,35,39,1
,,,,,,,,,,,,Images/CongruentLeft.jpeg,Congruent Left,z,M Y M L,18,Female,1,No,Yes,Cantonese,English,"Mandarin, Korean",2021-02-22_13h52.00.313,Tse_Altarriba_Simon1,2020.1.2,MacIntel,60,3391,,,z,1,0.316035,,,,,,,,0,36,36,1,1
,,,,,,,,,,,,Images/CongruentRight.jpeg,Congruent Right,m,M Y M L,18,Female,1,No,Yes,Cantonese,English,"Mandarin, Korean",2021-02-22_13h52.00.313,Tse_Altarriba_Simon1,2020.1.2,MacIntel,60,3391,,,m,1,0.331085,,,,,,,,0,37,37,17,1
,,,,,,,,,,,,Images/IncongruentLeft.jpeg,Incongruent Left,z,M Y M L,18,Female,1,No,Yes,Cantonese,English,"Mandarin, Korean",2021-02-22_13h52.00.313,Tse_Altarriba_Simon1,2020.1.2,MacIntel,60,3391,,,m,0,0.328625,,,,,,,,0,38,38,25,1
,,,,,,,,,,,,Images/CongruentLeft.jpeg,Congruent Left,z,M Y M L,18,Female,1,No,Yes,Cantonese,English,"Mandarin, Korean",2021-02-22_13h52.00.313,Tse_Altarriba_Simon1,2020.1.2,MacIntel,60,3391,,,z,1,0.39588,,,,,,,,0,39,39,7,1
,,,,,,,,,,,,Images/CongruentRight.jpeg,Congruent Right,m,M Y M L,18,Female,1,No,Yes,Cantonese,English,"Mandarin, Korean",2021-02-22_13h52.00.313,Tse_Altarriba_Simon1,2020.1.2,MacIntel,60,3391,,,m,1,0.336225,,,,,,,,0,40,40,12,1
,,,,,,,,,,,,Images/IncongruentLeft.jpeg,Incongruent Left,z,M Y M L,18,Female,1,No,Yes,Cantonese,English,"Mandarin, Korean",2021-02-22_13h52.00.313,Tse_Altarriba_Simon1,2020.1.2,MacIntel,60,3391,,,z,1,0.482245,,,,,,,,0,41,41,20,1
,,,,,,,,,,,,Images/IncongruentLeft.jpeg,Incongruent Left,z,M Y M L,18,Female,1,No,Yes,Cantonese,English,"Mandarin, Korean",2021-02-22_13h52.00.313,Tse_Altarriba_Simon1,2020.1.2,MacIntel,60,3391,,,z,1,0.4463,,,,,,,,0,42,42,23,1
,,,,,,,,,,,,Images/NeutralLeft.jpeg,Neutral Left,z,M Y M L,18,Female,1,No,Yes,Cantonese,English,"Mandarin, Korean",2021-02-22_13h52.00.313,Tse_Altarriba_Simon1,2020.1.2,MacIntel,60,3391,,,z,1,0.389595,,,,,,,,0,43,43,43,1
,,,,,,,,,,,,Images/IncongruentRight.jpeg,Incongruent Right,m,M Y M L,18,Female,1,No,Yes,Cantonese,English,"Mandarin, Korean",2021-02-22_13h52.00.313,Tse_Altarriba_Simon1,2020.1.2,MacIntel,60,3391,,,m,1,0.3993,,,,,,,,0,44,44,37,1
,,,,,,,,,,,,Images/IncongruentRight.jpeg,Incongruent Right,m,M Y M L,18,Female,1,No,Yes,Cantonese,English,"Mandarin, Korean",2021-02-22_13h52.00.313,Tse_Altarriba_Simon1,2020.1.2,MacIntel,60,3391,,,m,1,0.429315,,,,,,,,0,45,45,34,1
,,,,,,,,,,,,Images/CongruentRight.jpeg,Congruent Right,m,M Y M L,18,Female,1,No,Yes,Cantonese,English,"Mandarin, Korean",2021-02-22_13h52.00.313,Tse_Altarriba_Simon1,2020.1.2,MacIntel,60,3391,,,m,1,0.49535,,,,,,,,0,46,46,16,1
,,,,,,,,,,,,Images/NeutralLeft.jpeg,Neutral Left,z,M Y M L,18,Female,1,No,Yes,Cantonese,English,"Mandarin, Korean",2021-02-22_13h52.00.313,Tse_Altarriba_Simon1,2020.1.2,MacIntel,60,3391,,,z,1,0.330705,,,,,,,,0,47,47,45,1
,,,,,,,,,,,,Images/NeutralLeft.jpeg,Neutral Left,z,M Y M L,18,Female,1,No,Yes,Cantonese,English,"Mandarin, Korean",2021-02-22_13h52.00.313,Tse_Altarriba_Simon1,2020.1.2,MacIntel,60,3391,,,z,1,0.4018,,,,,,,,0,48,48,46,1
,,,,,,,,,,,,Images/CongruentRight.jpeg,Congruent Right,m,M Y M L,18,Female,1,No,Yes,Cantonese,English,"Mandarin, Korean",2021-02-22_13h52.00.313,Tse_Altarriba_Simon1,2020.1.2,MacIntel,60,3391,,,m,1,0.30329,,,,,,,,0,49,49,14,1
,,,,,,,,,,,,Images/CongruentLeft.jpeg,Congruent Left,z,M Y M L,18,Female,1,No,Yes,Cantonese,English,"Mandarin, Korean",2021-02-22_13h52.00.313,Tse_Altarriba_Simon1,2020.1.2,MacIntel,60,3391,,,z,1,0.36589,,,,,,,,0,50,50,3,1
,,,,,,,,,,,,Images/CongruentLeft.jpeg,Congruent Left,z,M Y M L,18,Female,1,No,Yes,Cantonese,English,"Mandarin, Korean",2021-02-22_13h52.00.313,Tse_Altarriba_Simon1,2020.1.2,MacIntel,60,3391,,,z,1,0.351855,,,,,,,,0,51,51,5,1
,,,,,,,,,,,,Images/NeurtalRight.jpeg,Neutral Right,m,M Y M L,18,Female,1,No,Yes,Cantonese,English,"Mandarin, Korean",2021-02-22_13h52.00.313,Tse_Altarriba_Simon1,2020.1.2,MacIntel,60,3391,,,m,1,0.333875,,,,,,,,0,52,52,54,1
,,,,,,,,,,,,Images/IncongruentLeft.jpeg,Incongruent Left,z,M Y M L,18,Female,1,No,Yes,Cantonese,English,"Mandarin, Korean",2021-02-22_13h52.00.313,Tse_Altarriba_Simon1,2020.1.2,MacIntel,60,3391,,,z,1,0.397385,,,,,,,,0,53,53,24,1
,,,,,,,,,,,,Images/IncongruentLeft.jpeg,Incongruent Left,z,M Y M L,18,Female,1,No,Yes,Cantonese,English,"Mandarin, Korean",2021-02-22_13h52.00.313,Tse_Altarriba_Simon1,2020.1.2,MacIntel,60,3391,,,z,1,0.397765,,,,,,,,0,54,54,26,1
,,,,,,,,,,,,Images/CongruentLeft.jpeg,Congruent Left,z,M Y M L,18,Female,1,No,Yes,Cantonese,English,"Mandarin, Korean",2021-02-22_13h52.00.313,Tse_Altarriba_Simon1,2020.1.2,MacIntel,60,3391,,,z,1,0.330315,,,,,,,,0,55,55,6,1
,,,,,,,,,,,,Images/IncongruentRight.jpeg,Incongruent Right,m,M Y M L,18,Female,1,No,Yes,Cantonese,English,"Mandarin, Korean",2021-02-22_13h52.00.313,Tse_Altarriba_Simon1,2020.1.2,MacIntel,60,3391,,,m,1,0.39994,,,,,,,,0,56,56,35,1
,,,,,,,,,,,,Images/NeutralLeft.jpeg,Neutral Left,z,M Y M L,18,Female,1,No,Yes,Cantonese,English,"Mandarin, Korean",2021-02-22_13h52.00.313,Tse_Altarriba_Simon1,2020.1.2,MacIntel,60,3391,,,z,1,0.331695,,,,,,,,0,57,57,49,1
,,,,,,,,,,,,Images/CongruentLeft.jpeg,Congruent Left,z,M Y M L,18,Female,1,No,Yes,Cantonese,English,"Mandarin, Korean",2021-02-22_13h52.00.313,Tse_Altarriba_Simon1,2020.1.2,MacIntel,60,3391,,,z,1,0.367955,,,,,,,,0,58,58,2,1
,,,,,,,,,,,,Images/NeurtalRight.jpeg,Neutral Right,m,M Y M L,18,Female,1,No,Yes,Cantonese,English,"Mandarin, Korean",2021-02-22_13h52.00.313,Tse_Altarriba_Simon1,2020.1.2,MacIntel,60,3391,,,m,1,0.38007,,,,,,,,0,59,59,51,1
