Space1.keys,Space1.rt,Space2.keys,Space2.rt,response.keys,response.corr,response.rt,Practice_loop.thisRepN,Practice_loop.thisTrialN,Practice_loop.thisN,Practice_loop.thisIndex,Practice_loop.ran,ImageFile,Condition,CorrAns,Your initials,What is your age?,What is your gender?,What year are you in?,Are you Dyslexic? (Y/N),Are you bi/multilingual? (Y/N),What is your first language?,"What is your second language? (if you are monollingual, leave blank)",What other languages do you speak?,date,expName,psychopyVersion,OS,frameRate,participant,Space3.keys,Space3.rt,key_resp_2.keys,key_resp_2.corr,key_resp_2.rt,trials.thisRepN,trials.thisTrialN,trials.thisN,trials.thisIndex,trials.ran,Space4.keys,Space4.rt,trials_2.thisRepN,trials_2.thisTrialN,trials_2.thisN,trials_2.thisIndex,trials_2.ran
space,4.934,space,20.87,m,0,0.744,0,0,0,1,1,Images/CongruentLeft.jpeg,Congruent Left,z,WY,19,FEMALE,2021,N,N,"Mandarin, Chinese",English ,Japanese ,2021-02-19_14h03.55.548,Tse_Altarriba_Simon1,2020.1.2,MacIntel,60,3418,,,,,,,,,,,,,,,,,
,,,,m,1,1.014,0,1,1,6,1,Images/IncongruentRight.jpeg,Incongruent Right,m,WY,19,FEMALE,2021,N,N,"Mandarin, Chinese",English ,Japanese ,2021-02-19_14h03.55.548,Tse_Altarriba_Simon1,2020.1.2,MacIntel,60,3418,,,,,,,,,,,,,,,,,
,,,,m,1,0.695,0,2,2,3,1,Images/CongruentRight.jpeg,Congruent Right,m,WY,19,FEMALE,2021,N,N,"Mandarin, Chinese",English ,Japanese ,2021-02-19_14h03.55.548,Tse_Altarriba_Simon1,2020.1.2,MacIntel,60,3418,,,,,,,,,,,,,,,,,
,,,,m,1,0.464,0,3,3,11,1,Images/NeurtalRight.jpeg,Neutral Right,m,WY,19,FEMALE,2021,N,N,"Mandarin, Chinese",English ,Japanese ,2021-02-19_14h03.55.548,Tse_Altarriba_Simon1,2020.1.2,MacIntel,60,3418,,,,,,,,,,,,,,,,,
,,,,z,1,0.662,0,4,4,5,1,Images/IncongruentLeft.jpeg,Incongruent Left,z,WY,19,FEMALE,2021,N,N,"Mandarin, Chinese",English ,Japanese ,2021-02-19_14h03.55.548,Tse_Altarriba_Simon1,2020.1.2,MacIntel,60,3418,,,,,,,,,,,,,,,,,
,,,,z,1,0.428,0,5,5,8,1,Images/NeutralLeft.jpeg,Neutral Left,z,WY,19,FEMALE,2021,N,N,"Mandarin, Chinese",English ,Japanese ,2021-02-19_14h03.55.548,Tse_Altarriba_Simon1,2020.1.2,MacIntel,60,3418,,,,,,,,,,,,,,,,,
,,,,z,1,0.648,0,6,6,0,1,Images/CongruentLeft.jpeg,Congruent Left,z,WY,19,FEMALE,2021,N,N,"Mandarin, Chinese",English ,Japanese ,2021-02-19_14h03.55.548,Tse_Altarriba_Simon1,2020.1.2,MacIntel,60,3418,,,,,,,,,,,,,,,,,
,,,,m,1,0.545,0,7,7,7,1,Images/IncongruentRight.jpeg,Incongruent Right,m,WY,19,FEMALE,2021,N,N,"Mandarin, Chinese",English ,Japanese ,2021-02-19_14h03.55.548,Tse_Altarriba_Simon1,2020.1.2,MacIntel,60,3418,,,,,,,,,,,,,,,,,
,,,,m,0,0.729,0,8,8,4,1,Images/IncongruentLeft.jpeg,Incongruent Left,z,WY,19,FEMALE,2021,N,N,"Mandarin, Chinese",English ,Japanese ,2021-02-19_14h03.55.548,Tse_Altarriba_Simon1,2020.1.2,MacIntel,60,3418,,,,,,,,,,,,,,,,,
,,,,z,1,0.763,0,9,9,9,1,Images/NeutralLeft.jpeg,Neutral Left,z,WY,19,FEMALE,2021,N,N,"Mandarin, Chinese",English ,Japanese ,2021-02-19_14h03.55.548,Tse_Altarriba_Simon1,2020.1.2,MacIntel,60,3418,,,,,,,,,,,,,,,,,
,,,,m,1,0.675,0,10,10,2,1,Images/CongruentRight.jpeg,Congruent Right,m,WY,19,FEMALE,2021,N,N,"Mandarin, Chinese",English ,Japanese ,2021-02-19_14h03.55.548,Tse_Altarriba_Simon1,2020.1.2,MacIntel,60,3418,,,,,,,,,,,,,,,,,
,,,,m,1,0.53,0,11,11,10,1,Images/NeurtalRight.jpeg,Neutral Right,m,WY,19,FEMALE,2021,N,N,"Mandarin, Chinese",English ,Japanese ,2021-02-19_14h03.55.548,Tse_Altarriba_Simon1,2020.1.2,MacIntel,60,3418,,,,,,,,,,,,,,,,,
,,,,,,,,,,,,Images/CongruentRight.jpeg,Congruent Right,m,WY,19,FEMALE,2021,N,N,"Mandarin, Chinese",English ,Japanese ,2021-02-19_14h03.55.548,Tse_Altarriba_Simon1,2020.1.2,MacIntel,60,3418,space,11.682,m,1,0.48,0,0,0,11,1,,,,,,,
,,,,,,,,,,,,Images/IncongruentLeft.jpeg,Incongruent Left,z,WY,19,FEMALE,2021,N,N,"Mandarin, Chinese",English ,Japanese ,2021-02-19_14h03.55.548,Tse_Altarriba_Simon1,2020.1.2,MacIntel,60,3418,,,z,1,0.598,0,1,1,25,1,,,,,,,
,,,,,,,,,,,,Images/NeurtalRight.jpeg,Neutral Right,m,WY,19,FEMALE,2021,N,N,"Mandarin, Chinese",English ,Japanese ,2021-02-19_14h03.55.548,Tse_Altarriba_Simon1,2020.1.2,MacIntel,60,3418,,,m,1,0.414,0,2,2,56,1,,,,,,,
,,,,,,,,,,,,Images/NeutralLeft.jpeg,Neutral Left,z,WY,19,FEMALE,2021,N,N,"Mandarin, Chinese",English ,Japanese ,2021-02-19_14h03.55.548,Tse_Altarriba_Simon1,2020.1.2,MacIntel,60,3418,,,z,1,0.479,0,3,3,44,1,,,,,,,
,,,,,,,,,,,,Images/CongruentLeft.jpeg,Congruent Left,z,WY,19,FEMALE,2021,N,N,"Mandarin, Chinese",English ,Japanese ,2021-02-19_14h03.55.548,Tse_Altarriba_Simon1,2020.1.2,MacIntel,60,3418,,,z,1,0.563,0,4,4,4,1,,,,,,,
,,,,,,,,,,,,Images/NeutralLeft.jpeg,Neutral Left,z,WY,19,FEMALE,2021,N,N,"Mandarin, Chinese",English ,Japanese ,2021-02-19_14h03.55.548,Tse_Altarriba_Simon1,2020.1.2,MacIntel,60,3418,,,z,1,0.513,0,5,5,47,1,,,,,,,
,,,,,,,,,,,,Images/IncongruentRight.jpeg,Incongruent Right,m,WY,19,FEMALE,2021,N,N,"Mandarin, Chinese",English ,Japanese ,2021-02-19_14h03.55.548,Tse_Altarriba_Simon1,2020.1.2,MacIntel,60,3418,,,m,1,0.592,0,6,6,37,1,,,,,,,
,,,,,,,,,,,,Images/NeutralLeft.jpeg,Neutral Left,z,WY,19,FEMALE,2021,N,N,"Mandarin, Chinese",English ,Japanese ,2021-02-19_14h03.55.548,Tse_Altarriba_Simon1,2020.1.2,MacIntel,60,3418,,,z,1,0.513,0,7,7,49,1,,,,,,,
,,,,,,,,,,,,Images/IncongruentRight.jpeg,Incongruent Right,m,WY,19,FEMALE,2021,N,N,"Mandarin, Chinese",English ,Japanese ,2021-02-19_14h03.55.548,Tse_Altarriba_Simon1,2020.1.2,MacIntel,60,3418,,,m,1,0.908,0,8,8,36,1,,,,,,,
,,,,,,,,,,,,Images/NeutralLeft.jpeg,Neutral Left,z,WY,19,FEMALE,2021,N,N,"Mandarin, Chinese",English ,Japanese ,2021-02-19_14h03.55.548,Tse_Altarriba_Simon1,2020.1.2,MacIntel,60,3418,,,z,1,0.546,0,9,9,48,1,,,,,,,
,,,,,,,,,,,,Images/IncongruentRight.jpeg,Incongruent Right,m,WY,19,FEMALE,2021,N,N,"Mandarin, Chinese",English ,Japanese ,2021-02-19_14h03.55.548,Tse_Altarriba_Simon1,2020.1.2,MacIntel,60,3418,,,m,1,0.678,0,10,10,32,1,,,,,,,
,,,,,,,,,,,,Images/IncongruentRight.jpeg,Incongruent Right,m,WY,19,FEMALE,2021,N,N,"Mandarin, Chinese",English ,Japanese ,2021-02-19_14h03.55.548,Tse_Altarriba_Simon1,2020.1.2,MacIntel,60,3418,,,m,1,1.013,0,11,11,38,1,,,,,,,
,,,,,,,,,,,,Images/NeurtalRight.jpeg,Neutral Right,m,WY,19,FEMALE,2021,N,N,"Mandarin, Chinese",English ,Japanese ,2021-02-19_14h03.55.548,Tse_Altarriba_Simon1,2020.1.2,MacIntel,60,3418,,,m,1,0.397,0,12,12,51,1,,,,,,,
,,,,,,,,,,,,Images/IncongruentLeft.jpeg,Incongruent Left,z,WY,19,FEMALE,2021,N,N,"Mandarin, Chinese",English ,Japanese ,2021-02-19_14h03.55.548,Tse_Altarriba_Simon1,2020.1.2,MacIntel,60,3418,,,z,1,0.696,0,13,13,27,1,,,,,,,
,,,,,,,,,,,,Images/CongruentRight.jpeg,Congruent Right,m,WY,19,FEMALE,2021,N,N,"Mandarin, Chinese",English ,Japanese ,2021-02-19_14h03.55.548,Tse_Altarriba_Simon1,2020.1.2,MacIntel,60,3418,,,m,1,0.491,0,14,14,16,1,,,,,,,
,,,,,,,,,,,,Images/IncongruentLeft.jpeg,Incongruent Left,z,WY,19,FEMALE,2021,N,N,"Mandarin, Chinese",English ,Japanese ,2021-02-19_14h03.55.548,Tse_Altarriba_Simon1,2020.1.2,MacIntel,60,3418,,,z,1,0.712,0,15,15,20,1,,,,,,,
,,,,,,,,,,,,Images/NeutralLeft.jpeg,Neutral Left,z,WY,19,FEMALE,2021,N,N,"Mandarin, Chinese",English ,Japanese ,2021-02-19_14h03.55.548,Tse_Altarriba_Simon1,2020.1.2,MacIntel,60,3418,,,z,1,0.713,0,16,16,40,1,,,,,,,
,,,,,,,,,,,,Images/CongruentLeft.jpeg,Congruent Left,z,WY,19,FEMALE,2021,N,N,"Mandarin, Chinese",English ,Japanese ,2021-02-19_14h03.55.548,Tse_Altarriba_Simon1,2020.1.2,MacIntel,60,3418,,,z,1,0.58,0,17,17,5,1,,,,,,,
,,,,,,,,,,,,Images/IncongruentLeft.jpeg,Incongruent Left,z,WY,19,FEMALE,2021,N,N,"Mandarin, Chinese",English ,Japanese ,2021-02-19_14h03.55.548,Tse_Altarriba_Simon1,2020.1.2,MacIntel,60,3418,,,z,1,0.662,0,18,18,22,1,,,,,,,
,,,,,,,,,,,,Images/NeurtalRight.jpeg,Neutral Right,m,WY,19,FEMALE,2021,N,N,"Mandarin, Chinese",English ,Japanese ,2021-02-19_14h03.55.548,Tse_Altarriba_Simon1,2020.1.2,MacIntel,60,3418,,,m,1,0.507,0,19,19,58,1,,,,,,,
,,,,,,,,,,,,Images/IncongruentLeft.jpeg,Incongruent Left,z,WY,19,FEMALE,2021,N,N,"Mandarin, Chinese",English ,Japanese ,2021-02-19_14h03.55.548,Tse_Altarriba_Simon1,2020.1.2,MacIntel,60,3418,,,z,1,0.579,0,20,20,28,1,,,,,,,
,,,,,,,,,,,,Images/IncongruentLeft.jpeg,Incongruent Left,z,WY,19,FEMALE,2021,N,N,"Mandarin, Chinese",English ,Japanese ,2021-02-19_14h03.55.548,Tse_Altarriba_Simon1,2020.1.2,MacIntel,60,3418,,,z,1,0.729,0,21,21,24,1,,,,,,,
,,,,,,,,,,,,Images/IncongruentRight.jpeg,Incongruent Right,m,WY,19,FEMALE,2021,N,N,"Mandarin, Chinese",English ,Japanese ,2021-02-19_14h03.55.548,Tse_Altarriba_Simon1,2020.1.2,MacIntel,60,3418,,,m,1,0.731,0,22,22,35,1,,,,,,,
,,,,,,,,,,,,Images/NeurtalRight.jpeg,Neutral Right,m,WY,19,FEMALE,2021,N,N,"Mandarin, Chinese",English ,Japanese ,2021-02-19_14h03.55.548,Tse_Altarriba_Simon1,2020.1.2,MacIntel,60,3418,,,m,1,0.446,0,23,23,53,1,,,,,,,
,,,,,,,,,,,,Images/CongruentLeft.jpeg,Congruent Left,z,WY,19,FEMALE,2021,N,N,"Mandarin, Chinese",English ,Japanese ,2021-02-19_14h03.55.548,Tse_Altarriba_Simon1,2020.1.2,MacIntel,60,3418,,,z,1,1.03,0,24,24,1,1,,,,,,,
,,,,,,,,,,,,Images/CongruentLeft.jpeg,Congruent Left,z,WY,19,FEMALE,2021,N,N,"Mandarin, Chinese",English ,Japanese ,2021-02-19_14h03.55.548,Tse_Altarriba_Simon1,2020.1.2,MacIntel,60,3418,,,m,0,0.563,0,25,25,6,1,,,,,,,
,,,,,,,,,,,,Images/CongruentLeft.jpeg,Congruent Left,z,WY,19,FEMALE,2021,N,N,"Mandarin, Chinese",English ,Japanese ,2021-02-19_14h03.55.548,Tse_Altarriba_Simon1,2020.1.2,MacIntel,60,3418,,,z,1,0.462,0,26,26,8,1,,,,,,,
,,,,,,,,,,,,Images/NeurtalRight.jpeg,Neutral Right,m,WY,19,FEMALE,2021,N,N,"Mandarin, Chinese",English ,Japanese ,2021-02-19_14h03.55.548,Tse_Altarriba_Simon1,2020.1.2,MacIntel,60,3418,,,m,1,0.447,0,27,27,52,1,,,,,,,
,,,,,,,,,,,,Images/NeurtalRight.jpeg,Neutral Right,m,WY,19,FEMALE,2021,N,N,"Mandarin, Chinese",English ,Japanese ,2021-02-19_14h03.55.548,Tse_Altarriba_Simon1,2020.1.2,MacIntel,60,3418,,,m,1,0.38,0,28,28,59,1,,,,,,,
,,,,,,,,,,,,Images/CongruentLeft.jpeg,Congruent Left,z,WY,19,FEMALE,2021,N,N,"Mandarin, Chinese",English ,Japanese ,2021-02-19_14h03.55.548,Tse_Altarriba_Simon1,2020.1.2,MacIntel,60,3418,,,z,1,0.512,0,29,29,7,1,,,,,,,
,,,,,,,,,,,,Images/NeutralLeft.jpeg,Neutral Left,z,WY,19,FEMALE,2021,N,N,"Mandarin, Chinese",English ,Japanese ,2021-02-19_14h03.55.548,Tse_Altarriba_Simon1,2020.1.2,MacIntel,60,3418,,,z,1,0.465,0,30,30,41,1,,,,,,,
,,,,,,,,,,,,Images/IncongruentRight.jpeg,Incongruent Right,m,WY,19,FEMALE,2021,N,N,"Mandarin, Chinese",English ,Japanese ,2021-02-19_14h03.55.548,Tse_Altarriba_Simon1,2020.1.2,MacIntel,60,3418,,,m,1,0.662,0,31,31,31,1,,,,,,,
,,,,,,,,,,,,Images/IncongruentRight.jpeg,Incongruent Right,m,WY,19,FEMALE,2021,N,N,"Mandarin, Chinese",English ,Japanese ,2021-02-19_14h03.55.548,Tse_Altarriba_Simon1,2020.1.2,MacIntel,60,3418,,,m,1,0.581,0,32,32,30,1,,,,,,,
,,,,,,,,,,,,Images/NeutralLeft.jpeg,Neutral Left,z,WY,19,FEMALE,2021,N,N,"Mandarin, Chinese",English ,Japanese ,2021-02-19_14h03.55.548,Tse_Altarriba_Simon1,2020.1.2,MacIntel,60,3418,,,z,1,0.699,0,33,33,45,1,,,,,,,
,,,,,,,,,,,,Images/CongruentRight.jpeg,Congruent Right,m,WY,19,FEMALE,2021,N,N,"Mandarin, Chinese",English ,Japanese ,2021-02-19_14h03.55.548,Tse_Altarriba_Simon1,2020.1.2,MacIntel,60,3418,,,m,1,0.482,0,34,34,18,1,,,,,,,
,,,,,,,,,,,,Images/CongruentRight.jpeg,Congruent Right,m,WY,19,FEMALE,2021,N,N,"Mandarin, Chinese",English ,Japanese ,2021-02-19_14h03.55.548,Tse_Altarriba_Simon1,2020.1.2,MacIntel,60,3418,,,m,1,0.406,0,35,35,15,1,,,,,,,
,,,,,,,,,,,,Images/NeurtalRight.jpeg,Neutral Right,m,WY,19,FEMALE,2021,N,N,"Mandarin, Chinese",English ,Japanese ,2021-02-19_14h03.55.548,Tse_Altarriba_Simon1,2020.1.2,MacIntel,60,3418,,,m,1,0.513,0,36,36,55,1,,,,,,,
,,,,,,,,,,,,Images/NeurtalRight.jpeg,Neutral Right,m,WY,19,FEMALE,2021,N,N,"Mandarin, Chinese",English ,Japanese ,2021-02-19_14h03.55.548,Tse_Altarriba_Simon1,2020.1.2,MacIntel,60,3418,,,m,1,0.479,0,37,37,57,1,,,,,,,
,,,,,,,,,,,,Images/NeutralLeft.jpeg,Neutral Left,z,WY,19,FEMALE,2021,N,N,"Mandarin, Chinese",English ,Japanese ,2021-02-19_14h03.55.548,Tse_Altarriba_Simon1,2020.1.2,MacIntel,60,3418,,,z,1,0.596,0,38,38,46,1,,,,,,,
,,,,,,,,,,,,Images/CongruentRight.jpeg,Congruent Right,m,WY,19,FEMALE,2021,N,N,"Mandarin, Chinese",English ,Japanese ,2021-02-19_14h03.55.548,Tse_Altarriba_Simon1,2020.1.2,MacIntel,60,3418,,,m,1,0.48,0,39,39,19,1,,,,,,,
,,,,,,,,,,,,Images/IncongruentLeft.jpeg,Incongruent Left,z,WY,19,FEMALE,2021,N,N,"Mandarin, Chinese",English ,Japanese ,2021-02-19_14h03.55.548,Tse_Altarriba_Simon1,2020.1.2,MacIntel,60,3418,,,m,0,0.397,0,40,40,29,1,,,,,,,
,,,,,,,,,,,,Images/CongruentLeft.jpeg,Congruent Left,z,WY,19,FEMALE,2021,N,N,"Mandarin, Chinese",English ,Japanese ,2021-02-19_14h03.55.548,Tse_Altarriba_Simon1,2020.1.2,MacIntel,60,3418,,,z,1,0.414,0,41,41,9,1,,,,,,,
,,,,,,,,,,,,Images/CongruentLeft.jpeg,Congruent Left,z,WY,19,FEMALE,2021,N,N,"Mandarin, Chinese",English ,Japanese ,2021-02-19_14h03.55.548,Tse_Altarriba_Simon1,2020.1.2,MacIntel,60,3418,,,z,1,0.415,0,42,42,2,1,,,,,,,
,,,,,,,,,,,,Images/IncongruentLeft.jpeg,Incongruent Left,z,WY,19,FEMALE,2021,N,N,"Mandarin, Chinese",English ,Japanese ,2021-02-19_14h03.55.548,Tse_Altarriba_Simon1,2020.1.2,MacIntel,60,3418,,,z,1,0.779,0,43,43,26,1,,,,,,,
,,,,,,,,,,,,Images/NeutralLeft.jpeg,Neutral Left,z,WY,19,FEMALE,2021,N,N,"Mandarin, Chinese",English ,Japanese ,2021-02-19_14h03.55.548,Tse_Altarriba_Simon1,2020.1.2,MacIntel,60,3418,,,z,1,0.441,0,44,44,42,1,,,,,,,
,,,,,,,,,,,,Images/NeutralLeft.jpeg,Neutral Left,z,WY,19,FEMALE,2021,N,N,"Mandarin, Chinese",English ,Japanese ,2021-02-19_14h03.55.548,Tse_Altarriba_Simon1,2020.1.2,MacIntel,60,3418,,,z,1,0.362,0,45,45,43,1,,,,,,,
,,,,,,,,,,,,Images/CongruentRight.jpeg,Congruent Right,m,WY,19,FEMALE,2021,N,N,"Mandarin, Chinese",English ,Japanese ,2021-02-19_14h03.55.548,Tse_Altarriba_Simon1,2020.1.2,MacIntel,60,3418,,,m,1,0.445,0,46,46,10,1,,,,,,,
,,,,,,,,,,,,Images/IncongruentRight.jpeg,Incongruent Right,m,WY,19,FEMALE,2021,N,N,"Mandarin, Chinese",English ,Japanese ,2021-02-19_14h03.55.548,Tse_Altarriba_Simon1,2020.1.2,MacIntel,60,3418,,,z,0,0.39,0,47,47,39,1,,,,,,,
,,,,,,,,,,,,Images/CongruentRight.jpeg,Congruent Right,m,WY,19,FEMALE,2021,N,N,"Mandarin, Chinese",English ,Japanese ,2021-02-19_14h03.55.548,Tse_Altarriba_Simon1,2020.1.2,MacIntel,60,3418,,,m,1,0.446,0,48,48,12,1,,,,,,,
,,,,,,,,,,,,Images/IncongruentLeft.jpeg,Incongruent Left,z,WY,19,FEMALE,2021,N,N,"Mandarin, Chinese",English ,Japanese ,2021-02-19_14h03.55.548,Tse_Altarriba_Simon1,2020.1.2,MacIntel,60,3418,,,z,1,0.548,0,49,49,23,1,,,,,,,
,,,,,,,,,,,,Images/CongruentLeft.jpeg,Congruent Left,z,WY,19,FEMALE,2021,N,N,"Mandarin, Chinese",English ,Japanese ,2021-02-19_14h03.55.548,Tse_Altarriba_Simon1,2020.1.2,MacIntel,60,3418,,,z,1,0.479,0,50,50,0,1,,,,,,,
,,,,,,,,,,,,Images/IncongruentRight.jpeg,Incongruent Right,m,WY,19,FEMALE,2021,N,N,"Mandarin, Chinese",English ,Japanese ,2021-02-19_14h03.55.548,Tse_Altarriba_Simon1,2020.1.2,MacIntel,60,3418,,,m,1,0.547,0,51,51,34,1,,,,,,,
,,,,,,,,,,,,Images/NeurtalRight.jpeg,Neutral Right,m,WY,19,FEMALE,2021,N,N,"Mandarin, Chinese",English ,Japanese ,2021-02-19_14h03.55.548,Tse_Altarriba_Simon1,2020.1.2,MacIntel,60,3418,,,m,1,0.424,0,52,52,50,1,,,,,,,
,,,,,,,,,,,,Images/IncongruentRight.jpeg,Incongruent Right,m,WY,19,FEMALE,2021,N,N,"Mandarin, Chinese",English ,Japanese ,2021-02-19_14h03.55.548,Tse_Altarriba_Simon1,2020.1.2,MacIntel,60,3418,,,m,1,0.478,0,53,53,33,1,,,,,,,
,,,,,,,,,,,,Images/IncongruentLeft.jpeg,Incongruent Left,z,WY,19,FEMALE,2021,N,N,"Mandarin, Chinese",English ,Japanese ,2021-02-19_14h03.55.548,Tse_Altarriba_Simon1,2020.1.2,MacIntel,60,3418,,,z,1,0.629,0,54,54,21,1,,,,,,,
,,,,,,,,,,,,Images/CongruentRight.jpeg,Congruent Right,m,WY,19,FEMALE,2021,N,N,"Mandarin, Chinese",English ,Japanese ,2021-02-19_14h03.55.548,Tse_Altarriba_Simon1,2020.1.2,MacIntel,60,3418,,,m,1,0.598,0,55,55,13,1,,,,,,,
,,,,,,,,,,,,Images/CongruentRight.jpeg,Congruent Right,m,WY,19,FEMALE,2021,N,N,"Mandarin, Chinese",English ,Japanese ,2021-02-19_14h03.55.548,Tse_Altarriba_Simon1,2020.1.2,MacIntel,60,3418,,,m,1,0.413,0,56,56,14,1,,,,,,,
,,,,,,,,,,,,Images/CongruentRight.jpeg,Congruent Right,m,WY,19,FEMALE,2021,N,N,"Mandarin, Chinese",English ,Japanese ,2021-02-19_14h03.55.548,Tse_Altarriba_Simon1,2020.1.2,MacIntel,60,3418,,,m,1,0.363,0,57,57,17,1,,,,,,,
,,,,,,,,,,,,Images/CongruentLeft.jpeg,Congruent Left,z,WY,19,FEMALE,2021,N,N,"Mandarin, Chinese",English ,Japanese ,2021-02-19_14h03.55.548,Tse_Altarriba_Simon1,2020.1.2,MacIntel,60,3418,,,z,1,0.491,0,58,58,3,1,,,,,,,
,,,,,,,,,,,,Images/NeurtalRight.jpeg,Neutral Right,m,WY,19,FEMALE,2021,N,N,"Mandarin, Chinese",English ,Japanese ,2021-02-19_14h03.55.548,Tse_Altarriba_Simon1,2020.1.2,MacIntel,60,3418,,,m,1,0.38,0,59,59,54,1,,,,,,,
,,,,,,,,,,,,Images/IncongruentRight.jpeg,Incongruent Right,m,WY,19,FEMALE,2021,N,N,"Mandarin, Chinese",English ,Japanese ,2021-02-19_14h03.55.548,Tse_Altarriba_Simon1,2020.1.2,MacIntel,60,3418,,,m,1,0.528,,,,,,space,4.441,0,0,0,38,1
,,,,,,,,,,,,Images/CongruentRight.jpeg,Congruent Right,m,WY,19,FEMALE,2021,N,N,"Mandarin, Chinese",English ,Japanese ,2021-02-19_14h03.55.548,Tse_Altarriba_Simon1,2020.1.2,MacIntel,60,3418,,,m,1,0.395,,,,,,,,0,1,1,17,1
,,,,,,,,,,,,Images/NeutralLeft.jpeg,Neutral Left,z,WY,19,FEMALE,2021,N,N,"Mandarin, Chinese",English ,Japanese ,2021-02-19_14h03.55.548,Tse_Altarriba_Simon1,2020.1.2,MacIntel,60,3418,,,z,1,0.456,,,,,,,,0,2,2,40,1
,,,,,,,,,,,,Images/CongruentLeft.jpeg,Congruent Left,z,WY,19,FEMALE,2021,N,N,"Mandarin, Chinese",English ,Japanese ,2021-02-19_14h03.55.548,Tse_Altarriba_Simon1,2020.1.2,MacIntel,60,3418,,,z,1,0.565,,,,,,,,0,3,3,7,1
,,,,,,,,,,,,Images/IncongruentRight.jpeg,Incongruent Right,m,WY,19,FEMALE,2021,N,N,"Mandarin, Chinese",English ,Japanese ,2021-02-19_14h03.55.548,Tse_Altarriba_Simon1,2020.1.2,MacIntel,60,3418,,,m,1,0.513,,,,,,,,0,4,4,31,1
,,,,,,,,,,,,Images/NeurtalRight.jpeg,Neutral Right,m,WY,19,FEMALE,2021,N,N,"Mandarin, Chinese",English ,Japanese ,2021-02-19_14h03.55.548,Tse_Altarriba_Simon1,2020.1.2,MacIntel,60,3418,,,m,1,0.346,,,,,,,,0,5,5,57,1
,,,,,,,,,,,,Images/CongruentLeft.jpeg,Congruent Left,z,WY,19,FEMALE,2021,N,N,"Mandarin, Chinese",English ,Japanese ,2021-02-19_14h03.55.548,Tse_Altarriba_Simon1,2020.1.2,MacIntel,60,3418,,,z,1,0.545,,,,,,,,0,6,6,1,1
,,,,,,,,,,,,Images/IncongruentLeft.jpeg,Incongruent Left,z,WY,19,FEMALE,2021,N,N,"Mandarin, Chinese",English ,Japanese ,2021-02-19_14h03.55.548,Tse_Altarriba_Simon1,2020.1.2,MacIntel,60,3418,,,z,1,0.528,,,,,,,,0,7,7,26,1
,,,,,,,,,,,,Images/IncongruentLeft.jpeg,Incongruent Left,z,WY,19,FEMALE,2021,N,N,"Mandarin, Chinese",English ,Japanese ,2021-02-19_14h03.55.548,Tse_Altarriba_Simon1,2020.1.2,MacIntel,60,3418,,,z,1,0.455,,,,,,,,0,8,8,25,1
,,,,,,,,,,,,Images/IncongruentLeft.jpeg,Incongruent Left,z,WY,19,FEMALE,2021,N,N,"Mandarin, Chinese",English ,Japanese ,2021-02-19_14h03.55.548,Tse_Altarriba_Simon1,2020.1.2,MacIntel,60,3418,,,z,1,0.416,,,,,,,,0,9,9,23,1
,,,,,,,,,,,,Images/NeurtalRight.jpeg,Neutral Right,m,WY,19,FEMALE,2021,N,N,"Mandarin, Chinese",English ,Japanese ,2021-02-19_14h03.55.548,Tse_Altarriba_Simon1,2020.1.2,MacIntel,60,3418,,,m,1,0.632,,,,,,,,0,10,10,54,1
,,,,,,,,,,,,Images/CongruentRight.jpeg,Congruent Right,m,WY,19,FEMALE,2021,N,N,"Mandarin, Chinese",English ,Japanese ,2021-02-19_14h03.55.548,Tse_Altarriba_Simon1,2020.1.2,MacIntel,60,3418,,,m,1,0.656,,,,,,,,0,11,11,10,1
,,,,,,,,,,,,Images/IncongruentLeft.jpeg,Incongruent Left,z,WY,19,FEMALE,2021,N,N,"Mandarin, Chinese",English ,Japanese ,2021-02-19_14h03.55.548,Tse_Altarriba_Simon1,2020.1.2,MacIntel,60,3418,,,z,1,0.715,,,,,,,,0,12,12,24,1
,,,,,,,,,,,,Images/CongruentLeft.jpeg,Congruent Left,z,WY,19,FEMALE,2021,N,N,"Mandarin, Chinese",English ,Japanese ,2021-02-19_14h03.55.548,Tse_Altarriba_Simon1,2020.1.2,MacIntel,60,3418,,,z,1,0.513,,,,,,,,0,13,13,5,1
,,,,,,,,,,,,Images/CongruentRight.jpeg,Congruent Right,m,WY,19,FEMALE,2021,N,N,"Mandarin, Chinese",English ,Japanese ,2021-02-19_14h03.55.548,Tse_Altarriba_Simon1,2020.1.2,MacIntel,60,3418,,,m,1,0.346,,,,,,,,0,14,14,13,1
,,,,,,,,,,,,Images/IncongruentLeft.jpeg,Incongruent Left,z,WY,19,FEMALE,2021,N,N,"Mandarin, Chinese",English ,Japanese ,2021-02-19_14h03.55.548,Tse_Altarriba_Simon1,2020.1.2,MacIntel,60,3418,,,z,1,0.616,,,,,,,,0,15,15,22,1
,,,,,,,,,,,,Images/IncongruentRight.jpeg,Incongruent Right,m,WY,19,FEMALE,2021,N,N,"Mandarin, Chinese",English ,Japanese ,2021-02-19_14h03.55.548,Tse_Altarriba_Simon1,2020.1.2,MacIntel,60,3418,,,m,1,0.53,,,,,,,,0,16,16,32,1
,,,,,,,,,,,,Images/CongruentLeft.jpeg,Congruent Left,z,WY,19,FEMALE,2021,N,N,"Mandarin, Chinese",English ,Japanese ,2021-02-19_14h03.55.548,Tse_Altarriba_Simon1,2020.1.2,MacIntel,60,3418,,,z,1,0.676,,,,,,,,0,17,17,2,1
,,,,,,,,,,,,Images/CongruentRight.jpeg,Congruent Right,m,WY,19,FEMALE,2021,N,N,"Mandarin, Chinese",English ,Japanese ,2021-02-19_14h03.55.548,Tse_Altarriba_Simon1,2020.1.2,MacIntel,60,3418,,,m,1,0.425,,,,,,,,0,18,18,15,1
,,,,,,,,,,,,Images/IncongruentRight.jpeg,Incongruent Right,m,WY,19,FEMALE,2021,N,N,"Mandarin, Chinese",English ,Japanese ,2021-02-19_14h03.55.548,Tse_Altarriba_Simon1,2020.1.2,MacIntel,60,3418,,,m,1,0.812,,,,,,,,0,19,19,35,1
,,,,,,,,,,,,Images/NeutralLeft.jpeg,Neutral Left,z,WY,19,FEMALE,2021,N,N,"Mandarin, Chinese",English ,Japanese ,2021-02-19_14h03.55.548,Tse_Altarriba_Simon1,2020.1.2,MacIntel,60,3418,,,z,1,0.763,,,,,,,,0,20,20,46,1
,,,,,,,,,,,,Images/CongruentLeft.jpeg,Congruent Left,z,WY,19,FEMALE,2021,N,N,"Mandarin, Chinese",English ,Japanese ,2021-02-19_14h03.55.548,Tse_Altarriba_Simon1,2020.1.2,MacIntel,60,3418,,,z,1,0.599,,,,,,,,0,21,21,9,1
,,,,,,,,,,,,Images/NeutralLeft.jpeg,Neutral Left,z,WY,19,FEMALE,2021,N,N,"Mandarin, Chinese",English ,Japanese ,2021-02-19_14h03.55.548,Tse_Altarriba_Simon1,2020.1.2,MacIntel,60,3418,,,z,1,0.447,,,,,,,,0,22,22,43,1
,,,,,,,,,,,,Images/NeutralLeft.jpeg,Neutral Left,z,WY,19,FEMALE,2021,N,N,"Mandarin, Chinese",English ,Japanese ,2021-02-19_14h03.55.548,Tse_Altarriba_Simon1,2020.1.2,MacIntel,60,3418,,,z,1,0.546,,,,,,,,0,23,23,44,1
,,,,,,,,,,,,Images/IncongruentLeft.jpeg,Incongruent Left,z,WY,19,FEMALE,2021,N,N,"Mandarin, Chinese",English ,Japanese ,2021-02-19_14h03.55.548,Tse_Altarriba_Simon1,2020.1.2,MacIntel,60,3418,,,z,1,0.512,,,,,,,,0,24,24,20,1
,,,,,,,,,,,,Images/NeurtalRight.jpeg,Neutral Right,m,WY,19,FEMALE,2021,N,N,"Mandarin, Chinese",English ,Japanese ,2021-02-19_14h03.55.548,Tse_Altarriba_Simon1,2020.1.2,MacIntel,60,3418,,,m,1,0.497,,,,,,,,0,25,25,53,1
,,,,,,,,,,,,Images/NeutralLeft.jpeg,Neutral Left,z,WY,19,FEMALE,2021,N,N,"Mandarin, Chinese",English ,Japanese ,2021-02-19_14h03.55.548,Tse_Altarriba_Simon1,2020.1.2,MacIntel,60,3418,,,z,1,0.596,,,,,,,,0,26,26,47,1
,,,,,,,,,,,,Images/NeurtalRight.jpeg,Neutral Right,m,WY,19,FEMALE,2021,N,N,"Mandarin, Chinese",English ,Japanese ,2021-02-19_14h03.55.548,Tse_Altarriba_Simon1,2020.1.2,MacIntel,60,3418,,,m,1,0.438,,,,,,,,0,27,27,51,1
,,,,,,,,,,,,Images/CongruentLeft.jpeg,Congruent Left,z,WY,19,FEMALE,2021,N,N,"Mandarin, Chinese",English ,Japanese ,2021-02-19_14h03.55.548,Tse_Altarriba_Simon1,2020.1.2,MacIntel,60,3418,,,z,1,0.522,,,,,,,,0,28,28,4,1
,,,,,,,,,,,,Images/NeutralLeft.jpeg,Neutral Left,z,WY,19,FEMALE,2021,N,N,"Mandarin, Chinese",English ,Japanese ,2021-02-19_14h03.55.548,Tse_Altarriba_Simon1,2020.1.2,MacIntel,60,3418,,,z,1,0.665,,,,,,,,0,29,29,42,1
,,,,,,,,,,,,Images/CongruentRight.jpeg,Congruent Right,m,WY,19,FEMALE,2021,N,N,"Mandarin, Chinese",English ,Japanese ,2021-02-19_14h03.55.548,Tse_Altarriba_Simon1,2020.1.2,MacIntel,60,3418,,,m,1,0.416,,,,,,,,0,30,30,12,1
,,,,,,,,,,,,Images/IncongruentLeft.jpeg,Incongruent Left,z,WY,19,FEMALE,2021,N,N,"Mandarin, Chinese",English ,Japanese ,2021-02-19_14h03.55.548,Tse_Altarriba_Simon1,2020.1.2,MacIntel,60,3418,,,z,1,1.279,,,,,,,,0,31,31,27,1
,,,,,,,,,,,,Images/CongruentRight.jpeg,Congruent Right,m,WY,19,FEMALE,2021,N,N,"Mandarin, Chinese",English ,Japanese ,2021-02-19_14h03.55.548,Tse_Altarriba_Simon1,2020.1.2,MacIntel,60,3418,,,m,1,0.532,,,,,,,,0,32,32,18,1
,,,,,,,,,,,,Images/IncongruentRight.jpeg,Incongruent Right,m,WY,19,FEMALE,2021,N,N,"Mandarin, Chinese",English ,Japanese ,2021-02-19_14h03.55.548,Tse_Altarriba_Simon1,2020.1.2,MacIntel,60,3418,,,m,1,0.595,,,,,,,,0,33,33,30,1
,,,,,,,,,,,,Images/IncongruentRight.jpeg,Incongruent Right,m,WY,19,FEMALE,2021,N,N,"Mandarin, Chinese",English ,Japanese ,2021-02-19_14h03.55.548,Tse_Altarriba_Simon1,2020.1.2,MacIntel,60,3418,,,m,1,0.446,,,,,,,,0,34,34,34,1
,,,,,,,,,,,,Images/NeurtalRight.jpeg,Neutral Right,m,WY,19,FEMALE,2021,N,N,"Mandarin, Chinese",English ,Japanese ,2021-02-19_14h03.55.548,Tse_Altarriba_Simon1,2020.1.2,MacIntel,60,3418,,,m,1,0.449,,,,,,,,0,35,35,50,1
,,,,,,,,,,,,Images/IncongruentRight.jpeg,Incongruent Right,m,WY,19,FEMALE,2021,N,N,"Mandarin, Chinese",English ,Japanese ,2021-02-19_14h03.55.548,Tse_Altarriba_Simon1,2020.1.2,MacIntel,60,3418,,,m,1,0.516,,,,,,,,0,36,36,33,1
,,,,,,,,,,,,Images/NeutralLeft.jpeg,Neutral Left,z,WY,19,FEMALE,2021,N,N,"Mandarin, Chinese",English ,Japanese ,2021-02-19_14h03.55.548,Tse_Altarriba_Simon1,2020.1.2,MacIntel,60,3418,,,z,1,0.493,,,,,,,,0,37,37,48,1
,,,,,,,,,,,,Images/CongruentLeft.jpeg,Congruent Left,z,WY,19,FEMALE,2021,N,N,"Mandarin, Chinese",English ,Japanese ,2021-02-19_14h03.55.548,Tse_Altarriba_Simon1,2020.1.2,MacIntel,60,3418,,,z,1,0.448,,,,,,,,0,38,38,6,1
,,,,,,,,,,,,Images/CongruentLeft.jpeg,Congruent Left,z,WY,19,FEMALE,2021,N,N,"Mandarin, Chinese",English ,Japanese ,2021-02-19_14h03.55.548,Tse_Altarriba_Simon1,2020.1.2,MacIntel,60,3418,,,z,1,0.364,,,,,,,,0,39,39,3,1
,,,,,,,,,,,,Images/CongruentLeft.jpeg,Congruent Left,z,WY,19,FEMALE,2021,N,N,"Mandarin, Chinese",English ,Japanese ,2021-02-19_14h03.55.548,Tse_Altarriba_Simon1,2020.1.2,MacIntel,60,3418,,,z,1,0.345,,,,,,,,0,40,40,0,1
,,,,,,,,,,,,Images/IncongruentLeft.jpeg,Incongruent Left,z,WY,19,FEMALE,2021,N,N,"Mandarin, Chinese",English ,Japanese ,2021-02-19_14h03.55.548,Tse_Altarriba_Simon1,2020.1.2,MacIntel,60,3418,,,z,1,0.646,,,,,,,,0,41,41,28,1
,,,,,,,,,,,,Images/NeutralLeft.jpeg,Neutral Left,z,WY,19,FEMALE,2021,N,N,"Mandarin, Chinese",English ,Japanese ,2021-02-19_14h03.55.548,Tse_Altarriba_Simon1,2020.1.2,MacIntel,60,3418,,,z,1,0.458,,,,,,,,0,42,42,41,1
,,,,,,,,,,,,Images/NeurtalRight.jpeg,Neutral Right,m,WY,19,FEMALE,2021,N,N,"Mandarin, Chinese",English ,Japanese ,2021-02-19_14h03.55.548,Tse_Altarriba_Simon1,2020.1.2,MacIntel,60,3418,,,m,1,0.713,,,,,,,,0,43,43,52,1
,,,,,,,,,,,,Images/IncongruentLeft.jpeg,Incongruent Left,z,WY,19,FEMALE,2021,N,N,"Mandarin, Chinese",English ,Japanese ,2021-02-19_14h03.55.548,Tse_Altarriba_Simon1,2020.1.2,MacIntel,60,3418,,,z,1,0.364,,,,,,,,0,44,44,29,1
,,,,,,,,,,,,Images/NeutralLeft.jpeg,Neutral Left,z,WY,19,FEMALE,2021,N,N,"Mandarin, Chinese",English ,Japanese ,2021-02-19_14h03.55.548,Tse_Altarriba_Simon1,2020.1.2,MacIntel,60,3418,,,z,1,0.4,,,,,,,,0,45,45,49,1
,,,,,,,,,,,,Images/CongruentRight.jpeg,Congruent Right,m,WY,19,FEMALE,2021,N,N,"Mandarin, Chinese",English ,Japanese ,2021-02-19_14h03.55.548,Tse_Altarriba_Simon1,2020.1.2,MacIntel,60,3418,,,m,1,0.479,,,,,,,,0,46,46,19,1
,,,,,,,,,,,,Images/IncongruentRight.jpeg,Incongruent Right,m,WY,19,FEMALE,2021,N,N,"Mandarin, Chinese",English ,Japanese ,2021-02-19_14h03.55.548,Tse_Altarriba_Simon1,2020.1.2,MacIntel,60,3418,,,m,1,0.528,,,,,,,,0,47,47,39,1
,,,,,,,,,,,,Images/IncongruentRight.jpeg,Incongruent Right,m,WY,19,FEMALE,2021,N,N,"Mandarin, Chinese",English ,Japanese ,2021-02-19_14h03.55.548,Tse_Altarriba_Simon1,2020.1.2,MacIntel,60,3418,,,m,1,0.463,,,,,,,,0,48,48,36,1
,,,,,,,,,,,,Images/NeurtalRight.jpeg,Neutral Right,m,WY,19,FEMALE,2021,N,N,"Mandarin, Chinese",English ,Japanese ,2021-02-19_14h03.55.548,Tse_Altarriba_Simon1,2020.1.2,MacIntel,60,3418,,,m,1,0.364,,,,,,,,0,49,49,56,1
,,,,,,,,,,,,Images/NeurtalRight.jpeg,Neutral Right,m,WY,19,FEMALE,2021,N,N,"Mandarin, Chinese",English ,Japanese ,2021-02-19_14h03.55.548,Tse_Altarriba_Simon1,2020.1.2,MacIntel,60,3418,,,m,1,0.431,,,,,,,,0,50,50,59,1
,,,,,,,,,,,,Images/CongruentRight.jpeg,Congruent Right,m,WY,19,FEMALE,2021,N,N,"Mandarin, Chinese",English ,Japanese ,2021-02-19_14h03.55.548,Tse_Altarriba_Simon1,2020.1.2,MacIntel,60,3418,,,m,1,0.379,,,,,,,,0,51,51,14,1
,,,,,,,,,,,,Images/NeutralLeft.jpeg,Neutral Left,z,WY,19,FEMALE,2021,N,N,"Mandarin, Chinese",English ,Japanese ,2021-02-19_14h03.55.548,Tse_Altarriba_Simon1,2020.1.2,MacIntel,60,3418,,,z,1,0.448,,,,,,,,0,52,52,45,1
,,,,,,,,,,,,Images/CongruentLeft.jpeg,Congruent Left,z,WY,19,FEMALE,2021,N,N,"Mandarin, Chinese",English ,Japanese ,2021-02-19_14h03.55.548,Tse_Altarriba_Simon1,2020.1.2,MacIntel,60,3418,,,z,1,0.395,,,,,,,,0,53,53,8,1
,,,,,,,,,,,,Images/NeurtalRight.jpeg,Neutral Right,m,WY,19,FEMALE,2021,N,N,"Mandarin, Chinese",English ,Japanese ,2021-02-19_14h03.55.548,Tse_Altarriba_Simon1,2020.1.2,MacIntel,60,3418,,,m,1,0.498,,,,,,,,0,54,54,58,1
,,,,,,,,,,,,Images/NeurtalRight.jpeg,Neutral Right,m,WY,19,FEMALE,2021,N,N,"Mandarin, Chinese",English ,Japanese ,2021-02-19_14h03.55.548,Tse_Altarriba_Simon1,2020.1.2,MacIntel,60,3418,,,m,1,0.364,,,,,,,,0,55,55,55,1
,,,,,,,,,,,,Images/CongruentRight.jpeg,Congruent Right,m,WY,19,FEMALE,2021,N,N,"Mandarin, Chinese",English ,Japanese ,2021-02-19_14h03.55.548,Tse_Altarriba_Simon1,2020.1.2,MacIntel,60,3418,,,m,1,0.394,,,,,,,,0,56,56,11,1
,,,,,,,,,,,,Images/CongruentRight.jpeg,Congruent Right,m,WY,19,FEMALE,2021,N,N,"Mandarin, Chinese",English ,Japanese ,2021-02-19_14h03.55.548,Tse_Altarriba_Simon1,2020.1.2,MacIntel,60,3418,,,m,1,0.33,,,,,,,,0,57,57,16,1
,,,,,,,,,,,,Images/IncongruentRight.jpeg,Incongruent Right,m,WY,19,FEMALE,2021,N,N,"Mandarin, Chinese",English ,Japanese ,2021-02-19_14h03.55.548,Tse_Altarriba_Simon1,2020.1.2,MacIntel,60,3418,,,m,1,0.563,,,,,,,,0,58,58,37,1
,,,,,,,,,,,,Images/IncongruentLeft.jpeg,Incongruent Left,z,WY,19,FEMALE,2021,N,N,"Mandarin, Chinese",English ,Japanese ,2021-02-19_14h03.55.548,Tse_Altarriba_Simon1,2020.1.2,MacIntel,60,3418,,,z,1,0.538,,,,,,,,0,59,59,21,1
