Space1.keys,Space1.rt,Space2.keys,Space2.rt,response.keys,response.corr,response.rt,Practice_loop.thisRepN,Practice_loop.thisTrialN,Practice_loop.thisN,Practice_loop.thisIndex,Practice_loop.ran,ImageFile,Condition,CorrAns,Your initials,What is your age?,What is your gender?,What year are you in?,Are you Dyslexic? (Y/N),Are you bi/multilingual? (Y/N),What is your first language?,"What is your second language? (if you are monollingual, leave blank)",What other languages do you speak?,date,expName,psychopyVersion,OS,frameRate,participant,Space3.keys,Space3.rt,key_resp_2.keys,key_resp_2.corr,key_resp_2.rt,trials.thisRepN,trials.thisTrialN,trials.thisN,trials.thisIndex,trials.ran,Space4.keys,Space4.rt,trials_2.thisRepN,trials_2.thisTrialN,trials_2.thisN,trials_2.thisIndex,trials_2.ran
space,6.8466,space,18.42238,m,1,0.44896,0,0,0,10,1,Images/NeurtalRight.jpeg,Neutral Right,m,Xu,19,female,year 1,N,Y,Chinese,English,Koera,2021-02-21_17h13.24.960,Tse_Altarriba_Simon1,2020.1.2,MacIntel,60,3436,,,,,,,,,,,,,,,,,
,,,,m,1,0.497445,0,1,1,6,1,Images/IncongruentRight.jpeg,Incongruent Right,m,Xu,19,female,year 1,N,Y,Chinese,English,Koera,2021-02-21_17h13.24.960,Tse_Altarriba_Simon1,2020.1.2,MacIntel,60,3436,,,,,,,,,,,,,,,,,
,,,,z,1,0.39823,0,2,2,4,1,Images/IncongruentLeft.jpeg,Incongruent Left,z,Xu,19,female,year 1,N,Y,Chinese,English,Koera,2021-02-21_17h13.24.960,Tse_Altarriba_Simon1,2020.1.2,MacIntel,60,3436,,,,,,,,,,,,,,,,,
,,,,z,0,0.31087,0,3,3,7,1,Images/IncongruentRight.jpeg,Incongruent Right,m,Xu,19,female,year 1,N,Y,Chinese,English,Koera,2021-02-21_17h13.24.960,Tse_Altarriba_Simon1,2020.1.2,MacIntel,60,3436,,,,,,,,,,,,,,,,,
,,,,m,1,0.465025,0,4,4,2,1,Images/CongruentRight.jpeg,Congruent Right,m,Xu,19,female,year 1,N,Y,Chinese,English,Koera,2021-02-21_17h13.24.960,Tse_Altarriba_Simon1,2020.1.2,MacIntel,60,3436,,,,,,,,,,,,,,,,,
,,,,z,1,0.377645,0,5,5,0,1,Images/CongruentLeft.jpeg,Congruent Left,z,Xu,19,female,year 1,N,Y,Chinese,English,Koera,2021-02-21_17h13.24.960,Tse_Altarriba_Simon1,2020.1.2,MacIntel,60,3436,,,,,,,,,,,,,,,,,
,,,,z,1,0.39729,0,6,6,1,1,Images/CongruentLeft.jpeg,Congruent Left,z,Xu,19,female,year 1,N,Y,Chinese,English,Koera,2021-02-21_17h13.24.960,Tse_Altarriba_Simon1,2020.1.2,MacIntel,60,3436,,,,,,,,,,,,,,,,,
,,,,z,1,0.44822,0,7,7,8,1,Images/NeutralLeft.jpeg,Neutral Left,z,Xu,19,female,year 1,N,Y,Chinese,English,Koera,2021-02-21_17h13.24.960,Tse_Altarriba_Simon1,2020.1.2,MacIntel,60,3436,,,,,,,,,,,,,,,,,
,,,,z,1,0.395295,0,8,8,9,1,Images/NeutralLeft.jpeg,Neutral Left,z,Xu,19,female,year 1,N,Y,Chinese,English,Koera,2021-02-21_17h13.24.960,Tse_Altarriba_Simon1,2020.1.2,MacIntel,60,3436,,,,,,,,,,,,,,,,,
,,,,m,1,0.46416,0,9,9,3,1,Images/CongruentRight.jpeg,Congruent Right,m,Xu,19,female,year 1,N,Y,Chinese,English,Koera,2021-02-21_17h13.24.960,Tse_Altarriba_Simon1,2020.1.2,MacIntel,60,3436,,,,,,,,,,,,,,,,,
,,,,z,1,0.48227,0,10,10,5,1,Images/IncongruentLeft.jpeg,Incongruent Left,z,Xu,19,female,year 1,N,Y,Chinese,English,Koera,2021-02-21_17h13.24.960,Tse_Altarriba_Simon1,2020.1.2,MacIntel,60,3436,,,,,,,,,,,,,,,,,
,,,,m,1,0.44811,0,11,11,11,1,Images/NeurtalRight.jpeg,Neutral Right,m,Xu,19,female,year 1,N,Y,Chinese,English,Koera,2021-02-21_17h13.24.960,Tse_Altarriba_Simon1,2020.1.2,MacIntel,60,3436,,,,,,,,,,,,,,,,,
,,,,,,,,,,,,Images/IncongruentLeft.jpeg,Incongruent Left,z,Xu,19,female,year 1,N,Y,Chinese,English,Koera,2021-02-21_17h13.24.960,Tse_Altarriba_Simon1,2020.1.2,MacIntel,60,3436,space,14.985495,z,1,0.496985,0,0,0,28,1,,,,,,,
,,,,,,,,,,,,Images/NeurtalRight.jpeg,Neutral Right,m,Xu,19,female,year 1,N,Y,Chinese,English,Koera,2021-02-21_17h13.24.960,Tse_Altarriba_Simon1,2020.1.2,MacIntel,60,3436,,,z,0,0.52939,0,1,1,50,1,,,,,,,
,,,,,,,,,,,,Images/CongruentRight.jpeg,Congruent Right,m,Xu,19,female,year 1,N,Y,Chinese,English,Koera,2021-02-21_17h13.24.960,Tse_Altarriba_Simon1,2020.1.2,MacIntel,60,3436,,,m,1,0.48245,0,2,2,18,1,,,,,,,
,,,,,,,,,,,,Images/NeutralLeft.jpeg,Neutral Left,z,Xu,19,female,year 1,N,Y,Chinese,English,Koera,2021-02-21_17h13.24.960,Tse_Altarriba_Simon1,2020.1.2,MacIntel,60,3436,,,z,1,0.40077,0,3,3,40,1,,,,,,,
,,,,,,,,,,,,Images/IncongruentRight.jpeg,Incongruent Right,m,Xu,19,female,year 1,N,Y,Chinese,English,Koera,2021-02-21_17h13.24.960,Tse_Altarriba_Simon1,2020.1.2,MacIntel,60,3436,,,z,0,0.464485,0,4,4,37,1,,,,,,,
,,,,,,,,,,,,Images/CongruentLeft.jpeg,Congruent Left,z,Xu,19,female,year 1,N,Y,Chinese,English,Koera,2021-02-21_17h13.24.960,Tse_Altarriba_Simon1,2020.1.2,MacIntel,60,3436,,,z,1,0.433135,0,5,5,5,1,,,,,,,
,,,,,,,,,,,,Images/IncongruentRight.jpeg,Incongruent Right,m,Xu,19,female,year 1,N,Y,Chinese,English,Koera,2021-02-21_17h13.24.960,Tse_Altarriba_Simon1,2020.1.2,MacIntel,60,3436,,,m,1,0.483145,0,6,6,36,1,,,,,,,
,,,,,,,,,,,,Images/NeutralLeft.jpeg,Neutral Left,z,Xu,19,female,year 1,N,Y,Chinese,English,Koera,2021-02-21_17h13.24.960,Tse_Altarriba_Simon1,2020.1.2,MacIntel,60,3436,,,z,1,0.42957,0,7,7,48,1,,,,,,,
,,,,,,,,,,,,Images/NeutralLeft.jpeg,Neutral Left,z,Xu,19,female,year 1,N,Y,Chinese,English,Koera,2021-02-21_17h13.24.960,Tse_Altarriba_Simon1,2020.1.2,MacIntel,60,3436,,,z,1,0.466635,0,8,8,43,1,,,,,,,
,,,,,,,,,,,,Images/IncongruentRight.jpeg,Incongruent Right,m,Xu,19,female,year 1,N,Y,Chinese,English,Koera,2021-02-21_17h13.24.960,Tse_Altarriba_Simon1,2020.1.2,MacIntel,60,3436,,,m,1,0.50247,0,9,9,31,1,,,,,,,
,,,,,,,,,,,,Images/CongruentRight.jpeg,Congruent Right,m,Xu,19,female,year 1,N,Y,Chinese,English,Koera,2021-02-21_17h13.24.960,Tse_Altarriba_Simon1,2020.1.2,MacIntel,60,3436,,,m,1,0.41371,0,10,10,16,1,,,,,,,
,,,,,,,,,,,,Images/NeurtalRight.jpeg,Neutral Right,m,Xu,19,female,year 1,N,Y,Chinese,English,Koera,2021-02-21_17h13.24.960,Tse_Altarriba_Simon1,2020.1.2,MacIntel,60,3436,,,m,1,0.53,0,11,11,57,1,,,,,,,
,,,,,,,,,,,,Images/NeurtalRight.jpeg,Neutral Right,m,Xu,19,female,year 1,N,Y,Chinese,English,Koera,2021-02-21_17h13.24.960,Tse_Altarriba_Simon1,2020.1.2,MacIntel,60,3436,,,m,1,0.465335,0,12,12,51,1,,,,,,,
,,,,,,,,,,,,Images/IncongruentRight.jpeg,Incongruent Right,m,Xu,19,female,year 1,N,Y,Chinese,English,Koera,2021-02-21_17h13.24.960,Tse_Altarriba_Simon1,2020.1.2,MacIntel,60,3436,,,m,1,0.596765,0,13,13,38,1,,,,,,,
,,,,,,,,,,,,Images/NeurtalRight.jpeg,Neutral Right,m,Xu,19,female,year 1,N,Y,Chinese,English,Koera,2021-02-21_17h13.24.960,Tse_Altarriba_Simon1,2020.1.2,MacIntel,60,3436,,,m,1,0.44838,0,14,14,53,1,,,,,,,
,,,,,,,,,,,,Images/IncongruentLeft.jpeg,Incongruent Left,z,Xu,19,female,year 1,N,Y,Chinese,English,Koera,2021-02-21_17h13.24.960,Tse_Altarriba_Simon1,2020.1.2,MacIntel,60,3436,,,z,1,0.465545,0,15,15,23,1,,,,,,,
,,,,,,,,,,,,Images/NeutralLeft.jpeg,Neutral Left,z,Xu,19,female,year 1,N,Y,Chinese,English,Koera,2021-02-21_17h13.24.960,Tse_Altarriba_Simon1,2020.1.2,MacIntel,60,3436,,,z,1,0.36407,0,16,16,42,1,,,,,,,
,,,,,,,,,,,,Images/IncongruentLeft.jpeg,Incongruent Left,z,Xu,19,female,year 1,N,Y,Chinese,English,Koera,2021-02-21_17h13.24.960,Tse_Altarriba_Simon1,2020.1.2,MacIntel,60,3436,,,z,1,0.531025,0,17,17,21,1,,,,,,,
,,,,,,,,,,,,Images/IncongruentRight.jpeg,Incongruent Right,m,Xu,19,female,year 1,N,Y,Chinese,English,Koera,2021-02-21_17h13.24.960,Tse_Altarriba_Simon1,2020.1.2,MacIntel,60,3436,,,m,1,0.55079,0,18,18,35,1,,,,,,,
,,,,,,,,,,,,Images/CongruentLeft.jpeg,Congruent Left,z,Xu,19,female,year 1,N,Y,Chinese,English,Koera,2021-02-21_17h13.24.960,Tse_Altarriba_Simon1,2020.1.2,MacIntel,60,3436,,,z,1,0.583425,0,19,19,4,1,,,,,,,
,,,,,,,,,,,,Images/IncongruentLeft.jpeg,Incongruent Left,z,Xu,19,female,year 1,N,Y,Chinese,English,Koera,2021-02-21_17h13.24.960,Tse_Altarriba_Simon1,2020.1.2,MacIntel,60,3436,,,z,1,0.51594,0,20,20,20,1,,,,,,,
,,,,,,,,,,,,Images/IncongruentRight.jpeg,Incongruent Right,m,Xu,19,female,year 1,N,Y,Chinese,English,Koera,2021-02-21_17h13.24.960,Tse_Altarriba_Simon1,2020.1.2,MacIntel,60,3436,,,z,0,0.447615,0,21,21,34,1,,,,,,,
,,,,,,,,,,,,Images/CongruentRight.jpeg,Congruent Right,m,Xu,19,female,year 1,N,Y,Chinese,English,Koera,2021-02-21_17h13.24.960,Tse_Altarriba_Simon1,2020.1.2,MacIntel,60,3436,,,m,1,0.59987,0,22,22,19,1,,,,,,,
,,,,,,,,,,,,Images/CongruentRight.jpeg,Congruent Right,m,Xu,19,female,year 1,N,Y,Chinese,English,Koera,2021-02-21_17h13.24.960,Tse_Altarriba_Simon1,2020.1.2,MacIntel,60,3436,,,m,1,0.468575,0,23,23,13,1,,,,,,,
,,,,,,,,,,,,Images/NeutralLeft.jpeg,Neutral Left,z,Xu,19,female,year 1,N,Y,Chinese,English,Koera,2021-02-21_17h13.24.960,Tse_Altarriba_Simon1,2020.1.2,MacIntel,60,3436,,,z,1,0.5005,0,24,24,41,1,,,,,,,
,,,,,,,,,,,,Images/IncongruentLeft.jpeg,Incongruent Left,z,Xu,19,female,year 1,N,Y,Chinese,English,Koera,2021-02-21_17h13.24.960,Tse_Altarriba_Simon1,2020.1.2,MacIntel,60,3436,,,m,0,0.51518,0,25,25,29,1,,,,,,,
,,,,,,,,,,,,Images/CongruentLeft.jpeg,Congruent Left,z,Xu,19,female,year 1,N,Y,Chinese,English,Koera,2021-02-21_17h13.24.960,Tse_Altarriba_Simon1,2020.1.2,MacIntel,60,3436,,,z,1,0.61822,0,26,26,3,1,,,,,,,
,,,,,,,,,,,,Images/CongruentLeft.jpeg,Congruent Left,z,Xu,19,female,year 1,N,Y,Chinese,English,Koera,2021-02-21_17h13.24.960,Tse_Altarriba_Simon1,2020.1.2,MacIntel,60,3436,,,z,1,0.4505,0,27,27,9,1,,,,,,,
,,,,,,,,,,,,Images/IncongruentLeft.jpeg,Incongruent Left,z,Xu,19,female,year 1,N,Y,Chinese,English,Koera,2021-02-21_17h13.24.960,Tse_Altarriba_Simon1,2020.1.2,MacIntel,60,3436,,,m,0,0.532,0,28,28,26,1,,,,,,,
,,,,,,,,,,,,Images/NeutralLeft.jpeg,Neutral Left,z,Xu,19,female,year 1,N,Y,Chinese,English,Koera,2021-02-21_17h13.24.960,Tse_Altarriba_Simon1,2020.1.2,MacIntel,60,3436,,,z,1,0.60002,0,29,29,46,1,,,,,,,
,,,,,,,,,,,,Images/NeutralLeft.jpeg,Neutral Left,z,Xu,19,female,year 1,N,Y,Chinese,English,Koera,2021-02-21_17h13.24.960,Tse_Altarriba_Simon1,2020.1.2,MacIntel,60,3436,,,z,1,0.44814,0,30,30,47,1,,,,,,,
,,,,,,,,,,,,Images/CongruentLeft.jpeg,Congruent Left,z,Xu,19,female,year 1,N,Y,Chinese,English,Koera,2021-02-21_17h13.24.960,Tse_Altarriba_Simon1,2020.1.2,MacIntel,60,3436,,,z,1,0.479155,0,31,31,8,1,,,,,,,
,,,,,,,,,,,,Images/CongruentRight.jpeg,Congruent Right,m,Xu,19,female,year 1,N,Y,Chinese,English,Koera,2021-02-21_17h13.24.960,Tse_Altarriba_Simon1,2020.1.2,MacIntel,60,3436,,,m,1,0.631475,0,32,32,10,1,,,,,,,
,,,,,,,,,,,,Images/CongruentRight.jpeg,Congruent Right,m,Xu,19,female,year 1,N,Y,Chinese,English,Koera,2021-02-21_17h13.24.960,Tse_Altarriba_Simon1,2020.1.2,MacIntel,60,3436,,,m,1,0.601615,0,33,33,17,1,,,,,,,
,,,,,,,,,,,,Images/CongruentRight.jpeg,Congruent Right,m,Xu,19,female,year 1,N,Y,Chinese,English,Koera,2021-02-21_17h13.24.960,Tse_Altarriba_Simon1,2020.1.2,MacIntel,60,3436,,,m,1,0.49557,0,34,34,11,1,,,,,,,
,,,,,,,,,,,,Images/NeutralLeft.jpeg,Neutral Left,z,Xu,19,female,year 1,N,Y,Chinese,English,Koera,2021-02-21_17h13.24.960,Tse_Altarriba_Simon1,2020.1.2,MacIntel,60,3436,,,z,1,0.56642,0,35,35,45,1,,,,,,,
,,,,,,,,,,,,Images/CongruentLeft.jpeg,Congruent Left,z,Xu,19,female,year 1,N,Y,Chinese,English,Koera,2021-02-21_17h13.24.960,Tse_Altarriba_Simon1,2020.1.2,MacIntel,60,3436,,,z,1,0.51648,0,36,36,2,1,,,,,,,
,,,,,,,,,,,,Images/IncongruentRight.jpeg,Incongruent Right,m,Xu,19,female,year 1,N,Y,Chinese,English,Koera,2021-02-21_17h13.24.960,Tse_Altarriba_Simon1,2020.1.2,MacIntel,60,3436,,,m,1,0.64852,0,37,37,30,1,,,,,,,
,,,,,,,,,,,,Images/NeurtalRight.jpeg,Neutral Right,m,Xu,19,female,year 1,N,Y,Chinese,English,Koera,2021-02-21_17h13.24.960,Tse_Altarriba_Simon1,2020.1.2,MacIntel,60,3436,,,m,1,0.51675,0,38,38,52,1,,,,,,,
,,,,,,,,,,,,Images/NeurtalRight.jpeg,Neutral Right,m,Xu,19,female,year 1,N,Y,Chinese,English,Koera,2021-02-21_17h13.24.960,Tse_Altarriba_Simon1,2020.1.2,MacIntel,60,3436,,,m,1,0.51753,0,39,39,58,1,,,,,,,
,,,,,,,,,,,,Images/NeurtalRight.jpeg,Neutral Right,m,Xu,19,female,year 1,N,Y,Chinese,English,Koera,2021-02-21_17h13.24.960,Tse_Altarriba_Simon1,2020.1.2,MacIntel,60,3436,,,m,1,0.498895,0,40,40,54,1,,,,,,,
,,,,,,,,,,,,Images/CongruentRight.jpeg,Congruent Right,m,Xu,19,female,year 1,N,Y,Chinese,English,Koera,2021-02-21_17h13.24.960,Tse_Altarriba_Simon1,2020.1.2,MacIntel,60,3436,,,m,1,0.463495,0,41,41,14,1,,,,,,,
,,,,,,,,,,,,Images/CongruentLeft.jpeg,Congruent Left,z,Xu,19,female,year 1,N,Y,Chinese,English,Koera,2021-02-21_17h13.24.960,Tse_Altarriba_Simon1,2020.1.2,MacIntel,60,3436,,,z,1,0.46412,0,42,42,7,1,,,,,,,
,,,,,,,,,,,,Images/CongruentLeft.jpeg,Congruent Left,z,Xu,19,female,year 1,N,Y,Chinese,English,Koera,2021-02-21_17h13.24.960,Tse_Altarriba_Simon1,2020.1.2,MacIntel,60,3436,,,z,1,0.446305,0,43,43,0,1,,,,,,,
,,,,,,,,,,,,Images/NeurtalRight.jpeg,Neutral Right,m,Xu,19,female,year 1,N,Y,Chinese,English,Koera,2021-02-21_17h13.24.960,Tse_Altarriba_Simon1,2020.1.2,MacIntel,60,3436,,,m,1,0.50385,0,44,44,59,1,,,,,,,
,,,,,,,,,,,,Images/NeutralLeft.jpeg,Neutral Left,z,Xu,19,female,year 1,N,Y,Chinese,English,Koera,2021-02-21_17h13.24.960,Tse_Altarriba_Simon1,2020.1.2,MacIntel,60,3436,,,z,1,0.44813,0,45,45,49,1,,,,,,,
,,,,,,,,,,,,Images/NeurtalRight.jpeg,Neutral Right,m,Xu,19,female,year 1,N,Y,Chinese,English,Koera,2021-02-21_17h13.24.960,Tse_Altarriba_Simon1,2020.1.2,MacIntel,60,3436,,,m,1,0.418945,0,46,46,56,1,,,,,,,
,,,,,,,,,,,,Images/NeutralLeft.jpeg,Neutral Left,z,Xu,19,female,year 1,N,Y,Chinese,English,Koera,2021-02-21_17h13.24.960,Tse_Altarriba_Simon1,2020.1.2,MacIntel,60,3436,,,z,1,0.64618,0,47,47,44,1,,,,,,,
,,,,,,,,,,,,Images/NeurtalRight.jpeg,Neutral Right,m,Xu,19,female,year 1,N,Y,Chinese,English,Koera,2021-02-21_17h13.24.960,Tse_Altarriba_Simon1,2020.1.2,MacIntel,60,3436,,,m,1,0.397515,0,48,48,55,1,,,,,,,
,,,,,,,,,,,,Images/IncongruentRight.jpeg,Incongruent Right,m,Xu,19,female,year 1,N,Y,Chinese,English,Koera,2021-02-21_17h13.24.960,Tse_Altarriba_Simon1,2020.1.2,MacIntel,60,3436,,,z,0,0.531295,0,49,49,32,1,,,,,,,
,,,,,,,,,,,,Images/IncongruentLeft.jpeg,Incongruent Left,z,Xu,19,female,year 1,N,Y,Chinese,English,Koera,2021-02-21_17h13.24.960,Tse_Altarriba_Simon1,2020.1.2,MacIntel,60,3436,,,z,1,0.764275,0,50,50,24,1,,,,,,,
,,,,,,,,,,,,Images/CongruentLeft.jpeg,Congruent Left,z,Xu,19,female,year 1,N,Y,Chinese,English,Koera,2021-02-21_17h13.24.960,Tse_Altarriba_Simon1,2020.1.2,MacIntel,60,3436,,,z,1,0.41656,0,51,51,1,1,,,,,,,
,,,,,,,,,,,,Images/CongruentLeft.jpeg,Congruent Left,z,Xu,19,female,year 1,N,Y,Chinese,English,Koera,2021-02-21_17h13.24.960,Tse_Altarriba_Simon1,2020.1.2,MacIntel,60,3436,,,z,1,0.464215,0,52,52,6,1,,,,,,,
,,,,,,,,,,,,Images/CongruentRight.jpeg,Congruent Right,m,Xu,19,female,year 1,N,Y,Chinese,English,Koera,2021-02-21_17h13.24.960,Tse_Altarriba_Simon1,2020.1.2,MacIntel,60,3436,,,m,1,0.434925,0,53,53,15,1,,,,,,,
,,,,,,,,,,,,Images/IncongruentLeft.jpeg,Incongruent Left,z,Xu,19,female,year 1,N,Y,Chinese,English,Koera,2021-02-21_17h13.24.960,Tse_Altarriba_Simon1,2020.1.2,MacIntel,60,3436,,,z,1,0.668635,0,54,54,27,1,,,,,,,
,,,,,,,,,,,,Images/IncongruentLeft.jpeg,Incongruent Left,z,Xu,19,female,year 1,N,Y,Chinese,English,Koera,2021-02-21_17h13.24.960,Tse_Altarriba_Simon1,2020.1.2,MacIntel,60,3436,,,z,1,0.548695,0,55,55,22,1,,,,,,,
,,,,,,,,,,,,Images/IncongruentRight.jpeg,Incongruent Right,m,Xu,19,female,year 1,N,Y,Chinese,English,Koera,2021-02-21_17h13.24.960,Tse_Altarriba_Simon1,2020.1.2,MacIntel,60,3436,,,m,1,0.599575,0,56,56,39,1,,,,,,,
,,,,,,,,,,,,Images/CongruentRight.jpeg,Congruent Right,m,Xu,19,female,year 1,N,Y,Chinese,English,Koera,2021-02-21_17h13.24.960,Tse_Altarriba_Simon1,2020.1.2,MacIntel,60,3436,,,m,1,0.550795,0,57,57,12,1,,,,,,,
,,,,,,,,,,,,Images/IncongruentRight.jpeg,Incongruent Right,m,Xu,19,female,year 1,N,Y,Chinese,English,Koera,2021-02-21_17h13.24.960,Tse_Altarriba_Simon1,2020.1.2,MacIntel,60,3436,,,m,1,0.54855,0,58,58,33,1,,,,,,,
,,,,,,,,,,,,Images/IncongruentLeft.jpeg,Incongruent Left,z,Xu,19,female,year 1,N,Y,Chinese,English,Koera,2021-02-21_17h13.24.960,Tse_Altarriba_Simon1,2020.1.2,MacIntel,60,3436,,,z,1,0.581395,0,59,59,25,1,,,,,,,
,,,,,,,,,,,,Images/IncongruentLeft.jpeg,Incongruent Left,z,Xu,19,female,year 1,N,Y,Chinese,English,Koera,2021-02-21_17h13.24.960,Tse_Altarriba_Simon1,2020.1.2,MacIntel,60,3436,,,z,1,0.550645,,,,,,space,4.84733,0,0,0,25,1
,,,,,,,,,,,,Images/IncongruentRight.jpeg,Incongruent Right,m,Xu,19,female,year 1,N,Y,Chinese,English,Koera,2021-02-21_17h13.24.960,Tse_Altarriba_Simon1,2020.1.2,MacIntel,60,3436,,,m,1,0.53349,,,,,,,,0,1,1,36,1
,,,,,,,,,,,,Images/IncongruentLeft.jpeg,Incongruent Left,z,Xu,19,female,year 1,N,Y,Chinese,English,Koera,2021-02-21_17h13.24.960,Tse_Altarriba_Simon1,2020.1.2,MacIntel,60,3436,,,z,1,0.600515,,,,,,,,0,2,2,20,1
,,,,,,,,,,,,Images/CongruentRight.jpeg,Congruent Right,m,Xu,19,female,year 1,N,Y,Chinese,English,Koera,2021-02-21_17h13.24.960,Tse_Altarriba_Simon1,2020.1.2,MacIntel,60,3436,,,m,1,0.56686,,,,,,,,0,3,3,13,1
,,,,,,,,,,,,Images/NeutralLeft.jpeg,Neutral Left,z,Xu,19,female,year 1,N,Y,Chinese,English,Koera,2021-02-21_17h13.24.960,Tse_Altarriba_Simon1,2020.1.2,MacIntel,60,3436,,,z,1,0.42961,,,,,,,,0,4,4,46,1
,,,,,,,,,,,,Images/NeutralLeft.jpeg,Neutral Left,z,Xu,19,female,year 1,N,Y,Chinese,English,Koera,2021-02-21_17h13.24.960,Tse_Altarriba_Simon1,2020.1.2,MacIntel,60,3436,,,z,1,0.702165,,,,,,,,0,5,5,45,1
,,,,,,,,,,,,Images/CongruentRight.jpeg,Congruent Right,m,Xu,19,female,year 1,N,Y,Chinese,English,Koera,2021-02-21_17h13.24.960,Tse_Altarriba_Simon1,2020.1.2,MacIntel,60,3436,,,m,1,0.416685,,,,,,,,0,6,6,15,1
,,,,,,,,,,,,Images/CongruentLeft.jpeg,Congruent Left,z,Xu,19,female,year 1,N,Y,Chinese,English,Koera,2021-02-21_17h13.24.960,Tse_Altarriba_Simon1,2020.1.2,MacIntel,60,3436,,,z,1,0.41523,,,,,,,,0,7,7,1,1
,,,,,,,,,,,,Images/NeutralLeft.jpeg,Neutral Left,z,Xu,19,female,year 1,N,Y,Chinese,English,Koera,2021-02-21_17h13.24.960,Tse_Altarriba_Simon1,2020.1.2,MacIntel,60,3436,,,z,1,0.465345,,,,,,,,0,8,8,44,1
,,,,,,,,,,,,Images/CongruentRight.jpeg,Congruent Right,m,Xu,19,female,year 1,N,Y,Chinese,English,Koera,2021-02-21_17h13.24.960,Tse_Altarriba_Simon1,2020.1.2,MacIntel,60,3436,,,m,1,0.45043,,,,,,,,0,9,9,19,1
,,,,,,,,,,,,Images/CongruentRight.jpeg,Congruent Right,m,Xu,19,female,year 1,N,Y,Chinese,English,Koera,2021-02-21_17h13.24.960,Tse_Altarriba_Simon1,2020.1.2,MacIntel,60,3436,,,m,1,0.48391,,,,,,,,0,10,10,16,1
,,,,,,,,,,,,Images/IncongruentLeft.jpeg,Incongruent Left,z,Xu,19,female,year 1,N,Y,Chinese,English,Koera,2021-02-21_17h13.24.960,Tse_Altarriba_Simon1,2020.1.2,MacIntel,60,3436,,,z,1,0.55049,,,,,,,,0,11,11,21,1
,,,,,,,,,,,,Images/NeutralLeft.jpeg,Neutral Left,z,Xu,19,female,year 1,N,Y,Chinese,English,Koera,2021-02-21_17h13.24.960,Tse_Altarriba_Simon1,2020.1.2,MacIntel,60,3436,,,z,1,0.464105,,,,,,,,0,12,12,48,1
,,,,,,,,,,,,Images/NeurtalRight.jpeg,Neutral Right,m,Xu,19,female,year 1,N,Y,Chinese,English,Koera,2021-02-21_17h13.24.960,Tse_Altarriba_Simon1,2020.1.2,MacIntel,60,3436,,,m,1,0.49821,,,,,,,,0,13,13,54,1
,,,,,,,,,,,,Images/NeurtalRight.jpeg,Neutral Right,m,Xu,19,female,year 1,N,Y,Chinese,English,Koera,2021-02-21_17h13.24.960,Tse_Altarriba_Simon1,2020.1.2,MacIntel,60,3436,,,m,1,0.465035,,,,,,,,0,14,14,58,1
,,,,,,,,,,,,Images/IncongruentLeft.jpeg,Incongruent Left,z,Xu,19,female,year 1,N,Y,Chinese,English,Koera,2021-02-21_17h13.24.960,Tse_Altarriba_Simon1,2020.1.2,MacIntel,60,3436,,,z,1,0.51353,,,,,,,,0,15,15,24,1
,,,,,,,,,,,,Images/CongruentRight.jpeg,Congruent Right,m,Xu,19,female,year 1,N,Y,Chinese,English,Koera,2021-02-21_17h13.24.960,Tse_Altarriba_Simon1,2020.1.2,MacIntel,60,3436,,,m,1,0.53357,,,,,,,,0,16,16,10,1
,,,,,,,,,,,,Images/CongruentRight.jpeg,Congruent Right,m,Xu,19,female,year 1,N,Y,Chinese,English,Koera,2021-02-21_17h13.24.960,Tse_Altarriba_Simon1,2020.1.2,MacIntel,60,3436,,,m,1,0.51751,,,,,,,,0,17,17,18,1
,,,,,,,,,,,,Images/NeutralLeft.jpeg,Neutral Left,z,Xu,19,female,year 1,N,Y,Chinese,English,Koera,2021-02-21_17h13.24.960,Tse_Altarriba_Simon1,2020.1.2,MacIntel,60,3436,,,z,1,0.48149,,,,,,,,0,18,18,43,1
,,,,,,,,,,,,Images/IncongruentRight.jpeg,Incongruent Right,m,Xu,19,female,year 1,N,Y,Chinese,English,Koera,2021-02-21_17h13.24.960,Tse_Altarriba_Simon1,2020.1.2,MacIntel,60,3436,,,z,0,0.582105,,,,,,,,0,19,19,31,1
,,,,,,,,,,,,Images/IncongruentRight.jpeg,Incongruent Right,m,Xu,19,female,year 1,N,Y,Chinese,English,Koera,2021-02-21_17h13.24.960,Tse_Altarriba_Simon1,2020.1.2,MacIntel,60,3436,,,m,1,0.98229,,,,,,,,0,20,20,30,1
,,,,,,,,,,,,Images/NeurtalRight.jpeg,Neutral Right,m,Xu,19,female,year 1,N,Y,Chinese,English,Koera,2021-02-21_17h13.24.960,Tse_Altarriba_Simon1,2020.1.2,MacIntel,60,3436,,,m,1,0.532055,,,,,,,,0,21,21,56,1
,,,,,,,,,,,,Images/CongruentLeft.jpeg,Congruent Left,z,Xu,19,female,year 1,N,Y,Chinese,English,Koera,2021-02-21_17h13.24.960,Tse_Altarriba_Simon1,2020.1.2,MacIntel,60,3436,,,z,1,0.532305,,,,,,,,0,22,22,9,1
,,,,,,,,,,,,Images/CongruentRight.jpeg,Congruent Right,m,Xu,19,female,year 1,N,Y,Chinese,English,Koera,2021-02-21_17h13.24.960,Tse_Altarriba_Simon1,2020.1.2,MacIntel,60,3436,,,m,1,0.466315,,,,,,,,0,23,23,12,1
,,,,,,,,,,,,Images/IncongruentLeft.jpeg,Incongruent Left,z,Xu,19,female,year 1,N,Y,Chinese,English,Koera,2021-02-21_17h13.24.960,Tse_Altarriba_Simon1,2020.1.2,MacIntel,60,3436,,,z,1,0.6172,,,,,,,,0,24,24,26,1
,,,,,,,,,,,,Images/NeutralLeft.jpeg,Neutral Left,z,Xu,19,female,year 1,N,Y,Chinese,English,Koera,2021-02-21_17h13.24.960,Tse_Altarriba_Simon1,2020.1.2,MacIntel,60,3436,,,z,1,0.583915,,,,,,,,0,25,25,47,1
,,,,,,,,,,,,Images/CongruentLeft.jpeg,Congruent Left,z,Xu,19,female,year 1,N,Y,Chinese,English,Koera,2021-02-21_17h13.24.960,Tse_Altarriba_Simon1,2020.1.2,MacIntel,60,3436,,,z,1,0.463915,,,,,,,,0,26,26,4,1
,,,,,,,,,,,,Images/IncongruentRight.jpeg,Incongruent Right,m,Xu,19,female,year 1,N,Y,Chinese,English,Koera,2021-02-21_17h13.24.960,Tse_Altarriba_Simon1,2020.1.2,MacIntel,60,3436,,,m,1,0.66445,,,,,,,,0,27,27,34,1
,,,,,,,,,,,,Images/CongruentLeft.jpeg,Congruent Left,z,Xu,19,female,year 1,N,Y,Chinese,English,Koera,2021-02-21_17h13.24.960,Tse_Altarriba_Simon1,2020.1.2,MacIntel,60,3436,,,z,1,0.600405,,,,,,,,0,28,28,3,1
,,,,,,,,,,,,Images/NeurtalRight.jpeg,Neutral Right,m,Xu,19,female,year 1,N,Y,Chinese,English,Koera,2021-02-21_17h13.24.960,Tse_Altarriba_Simon1,2020.1.2,MacIntel,60,3436,,,m,1,0.61648,,,,,,,,0,29,29,52,1
,,,,,,,,,,,,Images/IncongruentLeft.jpeg,Incongruent Left,z,Xu,19,female,year 1,N,Y,Chinese,English,Koera,2021-02-21_17h13.24.960,Tse_Altarriba_Simon1,2020.1.2,MacIntel,60,3436,,,z,1,0.580135,,,,,,,,0,30,30,27,1
,,,,,,,,,,,,Images/CongruentLeft.jpeg,Congruent Left,z,Xu,19,female,year 1,N,Y,Chinese,English,Koera,2021-02-21_17h13.24.960,Tse_Altarriba_Simon1,2020.1.2,MacIntel,60,3436,,,z,1,0.61564,,,,,,,,0,31,31,0,1
,,,,,,,,,,,,Images/IncongruentLeft.jpeg,Incongruent Left,z,Xu,19,female,year 1,N,Y,Chinese,English,Koera,2021-02-21_17h13.24.960,Tse_Altarriba_Simon1,2020.1.2,MacIntel,60,3436,,,z,1,0.647055,,,,,,,,0,32,32,22,1
,,,,,,,,,,,,Images/IncongruentLeft.jpeg,Incongruent Left,z,Xu,19,female,year 1,N,Y,Chinese,English,Koera,2021-02-21_17h13.24.960,Tse_Altarriba_Simon1,2020.1.2,MacIntel,60,3436,,,z,1,0.566595,,,,,,,,0,33,33,29,1
,,,,,,,,,,,,Images/CongruentLeft.jpeg,Congruent Left,z,Xu,19,female,year 1,N,Y,Chinese,English,Koera,2021-02-21_17h13.24.960,Tse_Altarriba_Simon1,2020.1.2,MacIntel,60,3436,,,z,1,0.515795,,,,,,,,0,34,34,7,1
,,,,,,,,,,,,Images/IncongruentRight.jpeg,Incongruent Right,m,Xu,19,female,year 1,N,Y,Chinese,English,Koera,2021-02-21_17h13.24.960,Tse_Altarriba_Simon1,2020.1.2,MacIntel,60,3436,,,m,1,0.584775,,,,,,,,0,35,35,37,1
,,,,,,,,,,,,Images/CongruentLeft.jpeg,Congruent Left,z,Xu,19,female,year 1,N,Y,Chinese,English,Koera,2021-02-21_17h13.24.960,Tse_Altarriba_Simon1,2020.1.2,MacIntel,60,3436,,,z,1,0.567735,,,,,,,,0,36,36,5,1
,,,,,,,,,,,,Images/NeutralLeft.jpeg,Neutral Left,z,Xu,19,female,year 1,N,Y,Chinese,English,Koera,2021-02-21_17h13.24.960,Tse_Altarriba_Simon1,2020.1.2,MacIntel,60,3436,,,z,1,0.534865,,,,,,,,0,37,37,49,1
,,,,,,,,,,,,Images/NeurtalRight.jpeg,Neutral Right,m,Xu,19,female,year 1,N,Y,Chinese,English,Koera,2021-02-21_17h13.24.960,Tse_Altarriba_Simon1,2020.1.2,MacIntel,60,3436,,,m,1,0.51599,,,,,,,,0,38,38,53,1
,,,,,,,,,,,,Images/NeutralLeft.jpeg,Neutral Left,z,Xu,19,female,year 1,N,Y,Chinese,English,Koera,2021-02-21_17h13.24.960,Tse_Altarriba_Simon1,2020.1.2,MacIntel,60,3436,,,z,1,0.54779,,,,,,,,0,39,39,41,1
,,,,,,,,,,,,Images/NeurtalRight.jpeg,Neutral Right,m,Xu,19,female,year 1,N,Y,Chinese,English,Koera,2021-02-21_17h13.24.960,Tse_Altarriba_Simon1,2020.1.2,MacIntel,60,3436,,,m,1,0.48313,,,,,,,,0,40,40,57,1
,,,,,,,,,,,,Images/IncongruentRight.jpeg,Incongruent Right,m,Xu,19,female,year 1,N,Y,Chinese,English,Koera,2021-02-21_17h13.24.960,Tse_Altarriba_Simon1,2020.1.2,MacIntel,60,3436,,,m,1,0.53254,,,,,,,,0,41,41,38,1
,,,,,,,,,,,,Images/NeutralLeft.jpeg,Neutral Left,z,Xu,19,female,year 1,N,Y,Chinese,English,Koera,2021-02-21_17h13.24.960,Tse_Altarriba_Simon1,2020.1.2,MacIntel,60,3436,,,z,1,0.50008,,,,,,,,0,42,42,42,1
,,,,,,,,,,,,Images/IncongruentLeft.jpeg,Incongruent Left,z,Xu,19,female,year 1,N,Y,Chinese,English,Koera,2021-02-21_17h13.24.960,Tse_Altarriba_Simon1,2020.1.2,MacIntel,60,3436,,,z,1,0.499955,,,,,,,,0,43,43,28,1
,,,,,,,,,,,,Images/NeurtalRight.jpeg,Neutral Right,m,Xu,19,female,year 1,N,Y,Chinese,English,Koera,2021-02-21_17h13.24.960,Tse_Altarriba_Simon1,2020.1.2,MacIntel,60,3436,,,m,1,0.484,,,,,,,,0,44,44,50,1
,,,,,,,,,,,,Images/NeutralLeft.jpeg,Neutral Left,z,Xu,19,female,year 1,N,Y,Chinese,English,Koera,2021-02-21_17h13.24.960,Tse_Altarriba_Simon1,2020.1.2,MacIntel,60,3436,,,z,1,0.42988,,,,,,,,0,45,45,40,1
,,,,,,,,,,,,Images/CongruentRight.jpeg,Congruent Right,m,Xu,19,female,year 1,N,Y,Chinese,English,Koera,2021-02-21_17h13.24.960,Tse_Altarriba_Simon1,2020.1.2,MacIntel,60,3436,,,m,1,0.44993,,,,,,,,0,46,46,17,1
,,,,,,,,,,,,Images/CongruentRight.jpeg,Congruent Right,m,Xu,19,female,year 1,N,Y,Chinese,English,Koera,2021-02-21_17h13.24.960,Tse_Altarriba_Simon1,2020.1.2,MacIntel,60,3436,,,m,1,0.43008,,,,,,,,0,47,47,14,1
,,,,,,,,,,,,Images/CongruentLeft.jpeg,Congruent Left,z,Xu,19,female,year 1,N,Y,Chinese,English,Koera,2021-02-21_17h13.24.960,Tse_Altarriba_Simon1,2020.1.2,MacIntel,60,3436,,,z,1,0.40104,,,,,,,,0,48,48,8,1
,,,,,,,,,,,,Images/NeurtalRight.jpeg,Neutral Right,m,Xu,19,female,year 1,N,Y,Chinese,English,Koera,2021-02-21_17h13.24.960,Tse_Altarriba_Simon1,2020.1.2,MacIntel,60,3436,,,m,1,0.54853,,,,,,,,0,49,49,51,1
,,,,,,,,,,,,Images/IncongruentRight.jpeg,Incongruent Right,m,Xu,19,female,year 1,N,Y,Chinese,English,Koera,2021-02-21_17h13.24.960,Tse_Altarriba_Simon1,2020.1.2,MacIntel,60,3436,,,m,1,0.54843,,,,,,,,0,50,50,39,1
,,,,,,,,,,,,Images/IncongruentRight.jpeg,Incongruent Right,m,Xu,19,female,year 1,N,Y,Chinese,English,Koera,2021-02-21_17h13.24.960,Tse_Altarriba_Simon1,2020.1.2,MacIntel,60,3436,,,m,1,0.5992,,,,,,,,0,51,51,32,1
,,,,,,,,,,,,Images/NeurtalRight.jpeg,Neutral Right,m,Xu,19,female,year 1,N,Y,Chinese,English,Koera,2021-02-21_17h13.24.960,Tse_Altarriba_Simon1,2020.1.2,MacIntel,60,3436,,,m,1,0.49756,,,,,,,,0,52,52,55,1
,,,,,,,,,,,,Images/CongruentRight.jpeg,Congruent Right,m,Xu,19,female,year 1,N,Y,Chinese,English,Koera,2021-02-21_17h13.24.960,Tse_Altarriba_Simon1,2020.1.2,MacIntel,60,3436,,,m,1,0.466605,,,,,,,,0,53,53,11,1
,,,,,,,,,,,,Images/IncongruentLeft.jpeg,Incongruent Left,z,Xu,19,female,year 1,N,Y,Chinese,English,Koera,2021-02-21_17h13.24.960,Tse_Altarriba_Simon1,2020.1.2,MacIntel,60,3436,,,z,1,0.63358,,,,,,,,0,54,54,23,1
,,,,,,,,,,,,Images/NeurtalRight.jpeg,Neutral Right,m,Xu,19,female,year 1,N,Y,Chinese,English,Koera,2021-02-21_17h13.24.960,Tse_Altarriba_Simon1,2020.1.2,MacIntel,60,3436,,,z,0,0.501055,,,,,,,,0,55,55,59,1
,,,,,,,,,,,,Images/CongruentLeft.jpeg,Congruent Left,z,Xu,19,female,year 1,N,Y,Chinese,English,Koera,2021-02-21_17h13.24.960,Tse_Altarriba_Simon1,2020.1.2,MacIntel,60,3436,,,z,1,0.514255,,,,,,,,0,56,56,6,1
,,,,,,,,,,,,Images/IncongruentRight.jpeg,Incongruent Right,m,Xu,19,female,year 1,N,Y,Chinese,English,Koera,2021-02-21_17h13.24.960,Tse_Altarriba_Simon1,2020.1.2,MacIntel,60,3436,,,m,1,0.91477,,,,,,,,0,57,57,35,1
,,,,,,,,,,,,Images/IncongruentRight.jpeg,Incongruent Right,m,Xu,19,female,year 1,N,Y,Chinese,English,Koera,2021-02-21_17h13.24.960,Tse_Altarriba_Simon1,2020.1.2,MacIntel,60,3436,,,m,1,0.463685,,,,,,,,0,58,58,33,1
,,,,,,,,,,,,Images/CongruentLeft.jpeg,Congruent Left,z,Xu,19,female,year 1,N,Y,Chinese,English,Koera,2021-02-21_17h13.24.960,Tse_Altarriba_Simon1,2020.1.2,MacIntel,60,3436,,,z,1,0.63408,,,,,,,,0,59,59,2,1
