Space1.keys,Space1.rt,Space2.keys,Space2.rt,response.keys,response.corr,response.rt,Practice_loop.thisRepN,Practice_loop.thisTrialN,Practice_loop.thisN,Practice_loop.thisIndex,Practice_loop.ran,ImageFile,Condition,CorrAns,Your initials,What is your age?,What is your gender?,What year are you in?,Are you Dyslexic? (Y/N),Are you bi/multilingual? (Y/N),What is your first language?,"What is your second language? (if you are monollingual, leave blank)",What other languages do you speak?,date,expName,psychopyVersion,OS,frameRate,participant,Space3.keys,Space3.rt,key_resp_2.keys,key_resp_2.corr,key_resp_2.rt,trials.thisRepN,trials.thisTrialN,trials.thisN,trials.thisIndex,trials.ran,Space4.keys,Space4.rt,trials_2.thisRepN,trials_2.thisTrialN,trials_2.thisN,trials_2.thisIndex,trials_2.ran
space,8.3,space,32.423,z,1,0.853,0,0,0,1,1,Images/CongruentLeft.jpeg,Congruent Left,z,NZ,18,Female,1,N,N,Chinese,English,,2021-02-14_01h10.33.635,Tse_Altarriba_Simon1,2020.1.2,MacIntel,60,3439,,,,,,,,,,,,,,,,,
,,,,z,1,0.724,0,1,1,0,1,Images/CongruentLeft.jpeg,Congruent Left,z,NZ,18,Female,1,N,N,Chinese,English,,2021-02-14_01h10.33.635,Tse_Altarriba_Simon1,2020.1.2,MacIntel,60,3439,,,,,,,,,,,,,,,,,
,,,,m,1,0.558,0,2,2,11,1,Images/NeurtalRight.jpeg,Neutral Right,m,NZ,18,Female,1,N,N,Chinese,English,,2021-02-14_01h10.33.635,Tse_Altarriba_Simon1,2020.1.2,MacIntel,60,3439,,,,,,,,,,,,,,,,,
,,,,z,1,0.502,0,3,3,9,1,Images/NeutralLeft.jpeg,Neutral Left,z,NZ,18,Female,1,N,N,Chinese,English,,2021-02-14_01h10.33.635,Tse_Altarriba_Simon1,2020.1.2,MacIntel,60,3439,,,,,,,,,,,,,,,,,
,,,,z,1,0.621,0,4,4,4,1,Images/IncongruentLeft.jpeg,Incongruent Left,z,NZ,18,Female,1,N,N,Chinese,English,,2021-02-14_01h10.33.635,Tse_Altarriba_Simon1,2020.1.2,MacIntel,60,3439,,,,,,,,,,,,,,,,,
,,,,m,1,0.527,0,5,5,10,1,Images/NeurtalRight.jpeg,Neutral Right,m,NZ,18,Female,1,N,N,Chinese,English,,2021-02-14_01h10.33.635,Tse_Altarriba_Simon1,2020.1.2,MacIntel,60,3439,,,,,,,,,,,,,,,,,
,,,,m,1,0.675,0,6,6,6,1,Images/IncongruentRight.jpeg,Incongruent Right,m,NZ,18,Female,1,N,N,Chinese,English,,2021-02-14_01h10.33.635,Tse_Altarriba_Simon1,2020.1.2,MacIntel,60,3439,,,,,,,,,,,,,,,,,
,,,,m,1,0.571,0,7,7,7,1,Images/IncongruentRight.jpeg,Incongruent Right,m,NZ,18,Female,1,N,N,Chinese,English,,2021-02-14_01h10.33.635,Tse_Altarriba_Simon1,2020.1.2,MacIntel,60,3439,,,,,,,,,,,,,,,,,
,,,,m,1,0.638,0,8,8,3,1,Images/CongruentRight.jpeg,Congruent Right,m,NZ,18,Female,1,N,N,Chinese,English,,2021-02-14_01h10.33.635,Tse_Altarriba_Simon1,2020.1.2,MacIntel,60,3439,,,,,,,,,,,,,,,,,
,,,,m,1,0.417,0,9,9,2,1,Images/CongruentRight.jpeg,Congruent Right,m,NZ,18,Female,1,N,N,Chinese,English,,2021-02-14_01h10.33.635,Tse_Altarriba_Simon1,2020.1.2,MacIntel,60,3439,,,,,,,,,,,,,,,,,
,,,,z,1,0.522,0,10,10,8,1,Images/NeutralLeft.jpeg,Neutral Left,z,NZ,18,Female,1,N,N,Chinese,English,,2021-02-14_01h10.33.635,Tse_Altarriba_Simon1,2020.1.2,MacIntel,60,3439,,,,,,,,,,,,,,,,,
,,,,z,1,0.625,0,11,11,5,1,Images/IncongruentLeft.jpeg,Incongruent Left,z,NZ,18,Female,1,N,N,Chinese,English,,2021-02-14_01h10.33.635,Tse_Altarriba_Simon1,2020.1.2,MacIntel,60,3439,,,,,,,,,,,,,,,,,
,,,,,,,,,,,,Images/IncongruentLeft.jpeg,Incongruent Left,z,NZ,18,Female,1,N,N,Chinese,English,,2021-02-14_01h10.33.635,Tse_Altarriba_Simon1,2020.1.2,MacIntel,60,3439,space,14.229,z,1,0.696,0,0,0,27,1,,,,,,,
,,,,,,,,,,,,Images/IncongruentLeft.jpeg,Incongruent Left,z,NZ,18,Female,1,N,N,Chinese,English,,2021-02-14_01h10.33.635,Tse_Altarriba_Simon1,2020.1.2,MacIntel,60,3439,,,z,1,0.631,0,1,1,29,1,,,,,,,
,,,,,,,,,,,,Images/NeutralLeft.jpeg,Neutral Left,z,NZ,18,Female,1,N,N,Chinese,English,,2021-02-14_01h10.33.635,Tse_Altarriba_Simon1,2020.1.2,MacIntel,60,3439,,,z,1,0.494,0,2,2,49,1,,,,,,,
,,,,,,,,,,,,Images/NeurtalRight.jpeg,Neutral Right,m,NZ,18,Female,1,N,N,Chinese,English,,2021-02-14_01h10.33.635,Tse_Altarriba_Simon1,2020.1.2,MacIntel,60,3439,,,m,1,0.456,0,3,3,57,1,,,,,,,
,,,,,,,,,,,,Images/CongruentLeft.jpeg,Congruent Left,z,NZ,18,Female,1,N,N,Chinese,English,,2021-02-14_01h10.33.635,Tse_Altarriba_Simon1,2020.1.2,MacIntel,60,3439,,,z,1,0.501,0,4,4,8,1,,,,,,,
,,,,,,,,,,,,Images/IncongruentLeft.jpeg,Incongruent Left,z,NZ,18,Female,1,N,N,Chinese,English,,2021-02-14_01h10.33.635,Tse_Altarriba_Simon1,2020.1.2,MacIntel,60,3439,,,z,1,0.497,0,5,5,22,1,,,,,,,
,,,,,,,,,,,,Images/NeurtalRight.jpeg,Neutral Right,m,NZ,18,Female,1,N,N,Chinese,English,,2021-02-14_01h10.33.635,Tse_Altarriba_Simon1,2020.1.2,MacIntel,60,3439,,,m,1,0.449,0,6,6,51,1,,,,,,,
,,,,,,,,,,,,Images/NeurtalRight.jpeg,Neutral Right,m,NZ,18,Female,1,N,N,Chinese,English,,2021-02-14_01h10.33.635,Tse_Altarriba_Simon1,2020.1.2,MacIntel,60,3439,,,m,1,0.448,0,7,7,55,1,,,,,,,
,,,,,,,,,,,,Images/CongruentRight.jpeg,Congruent Right,m,NZ,18,Female,1,N,N,Chinese,English,,2021-02-14_01h10.33.635,Tse_Altarriba_Simon1,2020.1.2,MacIntel,60,3439,,,m,1,0.455,0,8,8,11,1,,,,,,,
,,,,,,,,,,,,Images/NeutralLeft.jpeg,Neutral Left,z,NZ,18,Female,1,N,N,Chinese,English,,2021-02-14_01h10.33.635,Tse_Altarriba_Simon1,2020.1.2,MacIntel,60,3439,,,z,1,0.479,0,9,9,41,1,,,,,,,
,,,,,,,,,,,,Images/NeurtalRight.jpeg,Neutral Right,m,NZ,18,Female,1,N,N,Chinese,English,,2021-02-14_01h10.33.635,Tse_Altarriba_Simon1,2020.1.2,MacIntel,60,3439,,,m,1,0.42,0,10,10,56,1,,,,,,,
,,,,,,,,,,,,Images/CongruentLeft.jpeg,Congruent Left,z,NZ,18,Female,1,N,N,Chinese,English,,2021-02-14_01h10.33.635,Tse_Altarriba_Simon1,2020.1.2,MacIntel,60,3439,,,z,1,0.436,0,11,11,7,1,,,,,,,
,,,,,,,,,,,,Images/CongruentLeft.jpeg,Congruent Left,z,NZ,18,Female,1,N,N,Chinese,English,,2021-02-14_01h10.33.635,Tse_Altarriba_Simon1,2020.1.2,MacIntel,60,3439,,,z,1,0.41,0,12,12,5,1,,,,,,,
,,,,,,,,,,,,Images/IncongruentRight.jpeg,Incongruent Right,m,NZ,18,Female,1,N,N,Chinese,English,,2021-02-14_01h10.33.635,Tse_Altarriba_Simon1,2020.1.2,MacIntel,60,3439,,,z,0,0.457,0,13,13,33,1,,,,,,,
,,,,,,,,,,,,Images/NeutralLeft.jpeg,Neutral Left,z,NZ,18,Female,1,N,N,Chinese,English,,2021-02-14_01h10.33.635,Tse_Altarriba_Simon1,2020.1.2,MacIntel,60,3439,,,z,1,0.462,0,14,14,40,1,,,,,,,
,,,,,,,,,,,,Images/CongruentLeft.jpeg,Congruent Left,z,NZ,18,Female,1,N,N,Chinese,English,,2021-02-14_01h10.33.635,Tse_Altarriba_Simon1,2020.1.2,MacIntel,60,3439,,,z,1,0.509,0,15,15,6,1,,,,,,,
,,,,,,,,,,,,Images/CongruentRight.jpeg,Congruent Right,m,NZ,18,Female,1,N,N,Chinese,English,,2021-02-14_01h10.33.635,Tse_Altarriba_Simon1,2020.1.2,MacIntel,60,3439,,,m,1,0.456,0,16,16,17,1,,,,,,,
,,,,,,,,,,,,Images/CongruentLeft.jpeg,Congruent Left,z,NZ,18,Female,1,N,N,Chinese,English,,2021-02-14_01h10.33.635,Tse_Altarriba_Simon1,2020.1.2,MacIntel,60,3439,,,z,1,0.437,0,17,17,1,1,,,,,,,
,,,,,,,,,,,,Images/IncongruentRight.jpeg,Incongruent Right,m,NZ,18,Female,1,N,N,Chinese,English,,2021-02-14_01h10.33.635,Tse_Altarriba_Simon1,2020.1.2,MacIntel,60,3439,,,m,1,0.661,0,18,18,30,1,,,,,,,
,,,,,,,,,,,,Images/IncongruentRight.jpeg,Incongruent Right,m,NZ,18,Female,1,N,N,Chinese,English,,2021-02-14_01h10.33.635,Tse_Altarriba_Simon1,2020.1.2,MacIntel,60,3439,,,m,1,0.473,0,19,19,39,1,,,,,,,
,,,,,,,,,,,,Images/NeutralLeft.jpeg,Neutral Left,z,NZ,18,Female,1,N,N,Chinese,English,,2021-02-14_01h10.33.635,Tse_Altarriba_Simon1,2020.1.2,MacIntel,60,3439,,,z,1,0.459,0,20,20,48,1,,,,,,,
,,,,,,,,,,,,Images/NeutralLeft.jpeg,Neutral Left,z,NZ,18,Female,1,N,N,Chinese,English,,2021-02-14_01h10.33.635,Tse_Altarriba_Simon1,2020.1.2,MacIntel,60,3439,,,z,1,0.497,0,21,21,43,1,,,,,,,
,,,,,,,,,,,,Images/NeutralLeft.jpeg,Neutral Left,z,NZ,18,Female,1,N,N,Chinese,English,,2021-02-14_01h10.33.635,Tse_Altarriba_Simon1,2020.1.2,MacIntel,60,3439,,,z,1,0.453,0,22,22,45,1,,,,,,,
,,,,,,,,,,,,Images/CongruentRight.jpeg,Congruent Right,m,NZ,18,Female,1,N,N,Chinese,English,,2021-02-14_01h10.33.635,Tse_Altarriba_Simon1,2020.1.2,MacIntel,60,3439,,,m,1,0.435,0,23,23,18,1,,,,,,,
,,,,,,,,,,,,Images/NeurtalRight.jpeg,Neutral Right,m,NZ,18,Female,1,N,N,Chinese,English,,2021-02-14_01h10.33.635,Tse_Altarriba_Simon1,2020.1.2,MacIntel,60,3439,,,m,1,0.457,0,24,24,52,1,,,,,,,
,,,,,,,,,,,,Images/NeurtalRight.jpeg,Neutral Right,m,NZ,18,Female,1,N,N,Chinese,English,,2021-02-14_01h10.33.635,Tse_Altarriba_Simon1,2020.1.2,MacIntel,60,3439,,,m,1,0.414,0,25,25,50,1,,,,,,,
,,,,,,,,,,,,Images/IncongruentRight.jpeg,Incongruent Right,m,NZ,18,Female,1,N,N,Chinese,English,,2021-02-14_01h10.33.635,Tse_Altarriba_Simon1,2020.1.2,MacIntel,60,3439,,,m,1,0.451,0,26,26,34,1,,,,,,,
,,,,,,,,,,,,Images/IncongruentRight.jpeg,Incongruent Right,m,NZ,18,Female,1,N,N,Chinese,English,,2021-02-14_01h10.33.635,Tse_Altarriba_Simon1,2020.1.2,MacIntel,60,3439,,,m,1,0.448,0,27,27,31,1,,,,,,,
,,,,,,,,,,,,Images/CongruentLeft.jpeg,Congruent Left,z,NZ,18,Female,1,N,N,Chinese,English,,2021-02-14_01h10.33.635,Tse_Altarriba_Simon1,2020.1.2,MacIntel,60,3439,,,z,1,0.435,0,28,28,9,1,,,,,,,
,,,,,,,,,,,,Images/IncongruentRight.jpeg,Incongruent Right,m,NZ,18,Female,1,N,N,Chinese,English,,2021-02-14_01h10.33.635,Tse_Altarriba_Simon1,2020.1.2,MacIntel,60,3439,,,m,1,0.431,0,29,29,37,1,,,,,,,
,,,,,,,,,,,,Images/CongruentRight.jpeg,Congruent Right,m,NZ,18,Female,1,N,N,Chinese,English,,2021-02-14_01h10.33.635,Tse_Altarriba_Simon1,2020.1.2,MacIntel,60,3439,,,m,1,0.471,0,30,30,15,1,,,,,,,
,,,,,,,,,,,,Images/CongruentLeft.jpeg,Congruent Left,z,NZ,18,Female,1,N,N,Chinese,English,,2021-02-14_01h10.33.635,Tse_Altarriba_Simon1,2020.1.2,MacIntel,60,3439,,,z,1,0.41,0,31,31,0,1,,,,,,,
,,,,,,,,,,,,Images/NeutralLeft.jpeg,Neutral Left,z,NZ,18,Female,1,N,N,Chinese,English,,2021-02-14_01h10.33.635,Tse_Altarriba_Simon1,2020.1.2,MacIntel,60,3439,,,z,1,0.544,0,32,32,44,1,,,,,,,
,,,,,,,,,,,,Images/IncongruentLeft.jpeg,Incongruent Left,z,NZ,18,Female,1,N,N,Chinese,English,,2021-02-14_01h10.33.635,Tse_Altarriba_Simon1,2020.1.2,MacIntel,60,3439,,,z,1,0.521,0,33,33,21,1,,,,,,,
,,,,,,,,,,,,Images/IncongruentRight.jpeg,Incongruent Right,m,NZ,18,Female,1,N,N,Chinese,English,,2021-02-14_01h10.33.635,Tse_Altarriba_Simon1,2020.1.2,MacIntel,60,3439,,,m,1,0.449,0,34,34,38,1,,,,,,,
,,,,,,,,,,,,Images/IncongruentRight.jpeg,Incongruent Right,m,NZ,18,Female,1,N,N,Chinese,English,,2021-02-14_01h10.33.635,Tse_Altarriba_Simon1,2020.1.2,MacIntel,60,3439,,,m,1,0.501,0,35,35,35,1,,,,,,,
,,,,,,,,,,,,Images/NeurtalRight.jpeg,Neutral Right,m,NZ,18,Female,1,N,N,Chinese,English,,2021-02-14_01h10.33.635,Tse_Altarriba_Simon1,2020.1.2,MacIntel,60,3439,,,m,1,0.403,0,36,36,59,1,,,,,,,
,,,,,,,,,,,,Images/NeurtalRight.jpeg,Neutral Right,m,NZ,18,Female,1,N,N,Chinese,English,,2021-02-14_01h10.33.635,Tse_Altarriba_Simon1,2020.1.2,MacIntel,60,3439,,,m,1,0.42,0,37,37,54,1,,,,,,,
,,,,,,,,,,,,Images/CongruentRight.jpeg,Congruent Right,m,NZ,18,Female,1,N,N,Chinese,English,,2021-02-14_01h10.33.635,Tse_Altarriba_Simon1,2020.1.2,MacIntel,60,3439,,,m,1,0.413,0,38,38,12,1,,,,,,,
,,,,,,,,,,,,Images/CongruentRight.jpeg,Congruent Right,m,NZ,18,Female,1,N,N,Chinese,English,,2021-02-14_01h10.33.635,Tse_Altarriba_Simon1,2020.1.2,MacIntel,60,3439,,,m,1,0.411,0,39,39,10,1,,,,,,,
,,,,,,,,,,,,Images/CongruentRight.jpeg,Congruent Right,m,NZ,18,Female,1,N,N,Chinese,English,,2021-02-14_01h10.33.635,Tse_Altarriba_Simon1,2020.1.2,MacIntel,60,3439,,,m,1,0.392,0,40,40,19,1,,,,,,,
,,,,,,,,,,,,Images/IncongruentLeft.jpeg,Incongruent Left,z,NZ,18,Female,1,N,N,Chinese,English,,2021-02-14_01h10.33.635,Tse_Altarriba_Simon1,2020.1.2,MacIntel,60,3439,,,z,1,0.539,0,41,41,24,1,,,,,,,
,,,,,,,,,,,,Images/CongruentRight.jpeg,Congruent Right,m,NZ,18,Female,1,N,N,Chinese,English,,2021-02-14_01h10.33.635,Tse_Altarriba_Simon1,2020.1.2,MacIntel,60,3439,,,m,1,0.495,0,42,42,16,1,,,,,,,
,,,,,,,,,,,,Images/CongruentLeft.jpeg,Congruent Left,z,NZ,18,Female,1,N,N,Chinese,English,,2021-02-14_01h10.33.635,Tse_Altarriba_Simon1,2020.1.2,MacIntel,60,3439,,,z,1,0.382,0,43,43,2,1,,,,,,,
,,,,,,,,,,,,Images/IncongruentRight.jpeg,Incongruent Right,m,NZ,18,Female,1,N,N,Chinese,English,,2021-02-14_01h10.33.635,Tse_Altarriba_Simon1,2020.1.2,MacIntel,60,3439,,,m,1,0.436,0,44,44,36,1,,,,,,,
,,,,,,,,,,,,Images/IncongruentRight.jpeg,Incongruent Right,m,NZ,18,Female,1,N,N,Chinese,English,,2021-02-14_01h10.33.635,Tse_Altarriba_Simon1,2020.1.2,MacIntel,60,3439,,,m,1,0.412,0,45,45,32,1,,,,,,,
,,,,,,,,,,,,Images/NeutralLeft.jpeg,Neutral Left,z,NZ,18,Female,1,N,N,Chinese,English,,2021-02-14_01h10.33.635,Tse_Altarriba_Simon1,2020.1.2,MacIntel,60,3439,,,z,1,0.421,0,46,46,47,1,,,,,,,
,,,,,,,,,,,,Images/NeutralLeft.jpeg,Neutral Left,z,NZ,18,Female,1,N,N,Chinese,English,,2021-02-14_01h10.33.635,Tse_Altarriba_Simon1,2020.1.2,MacIntel,60,3439,,,z,1,0.452,0,47,47,42,1,,,,,,,
,,,,,,,,,,,,Images/IncongruentLeft.jpeg,Incongruent Left,z,NZ,18,Female,1,N,N,Chinese,English,,2021-02-14_01h10.33.635,Tse_Altarriba_Simon1,2020.1.2,MacIntel,60,3439,,,z,1,0.497,0,48,48,26,1,,,,,,,
,,,,,,,,,,,,Images/CongruentLeft.jpeg,Congruent Left,z,NZ,18,Female,1,N,N,Chinese,English,,2021-02-14_01h10.33.635,Tse_Altarriba_Simon1,2020.1.2,MacIntel,60,3439,,,z,1,0.4,0,49,49,3,1,,,,,,,
,,,,,,,,,,,,Images/IncongruentLeft.jpeg,Incongruent Left,z,NZ,18,Female,1,N,N,Chinese,English,,2021-02-14_01h10.33.635,Tse_Altarriba_Simon1,2020.1.2,MacIntel,60,3439,,,z,1,0.498,0,50,50,25,1,,,,,,,
,,,,,,,,,,,,Images/NeurtalRight.jpeg,Neutral Right,m,NZ,18,Female,1,N,N,Chinese,English,,2021-02-14_01h10.33.635,Tse_Altarriba_Simon1,2020.1.2,MacIntel,60,3439,,,m,1,0.407,0,51,51,53,1,,,,,,,
,,,,,,,,,,,,Images/NeurtalRight.jpeg,Neutral Right,m,NZ,18,Female,1,N,N,Chinese,English,,2021-02-14_01h10.33.635,Tse_Altarriba_Simon1,2020.1.2,MacIntel,60,3439,,,m,1,0.409,0,52,52,58,1,,,,,,,
,,,,,,,,,,,,Images/CongruentRight.jpeg,Congruent Right,m,NZ,18,Female,1,N,N,Chinese,English,,2021-02-14_01h10.33.635,Tse_Altarriba_Simon1,2020.1.2,MacIntel,60,3439,,,m,1,0.438,0,53,53,14,1,,,,,,,
,,,,,,,,,,,,Images/IncongruentLeft.jpeg,Incongruent Left,z,NZ,18,Female,1,N,N,Chinese,English,,2021-02-14_01h10.33.635,Tse_Altarriba_Simon1,2020.1.2,MacIntel,60,3439,,,z,1,0.477,0,54,54,20,1,,,,,,,
,,,,,,,,,,,,Images/CongruentRight.jpeg,Congruent Right,m,NZ,18,Female,1,N,N,Chinese,English,,2021-02-14_01h10.33.635,Tse_Altarriba_Simon1,2020.1.2,MacIntel,60,3439,,,m,1,0.401,0,55,55,13,1,,,,,,,
,,,,,,,,,,,,Images/IncongruentLeft.jpeg,Incongruent Left,z,NZ,18,Female,1,N,N,Chinese,English,,2021-02-14_01h10.33.635,Tse_Altarriba_Simon1,2020.1.2,MacIntel,60,3439,,,z,1,0.437,0,56,56,23,1,,,,,,,
,,,,,,,,,,,,Images/IncongruentLeft.jpeg,Incongruent Left,z,NZ,18,Female,1,N,N,Chinese,English,,2021-02-14_01h10.33.635,Tse_Altarriba_Simon1,2020.1.2,MacIntel,60,3439,,,z,1,0.45,0,57,57,28,1,,,,,,,
,,,,,,,,,,,,Images/CongruentLeft.jpeg,Congruent Left,z,NZ,18,Female,1,N,N,Chinese,English,,2021-02-14_01h10.33.635,Tse_Altarriba_Simon1,2020.1.2,MacIntel,60,3439,,,z,1,0.417,0,58,58,4,1,,,,,,,
,,,,,,,,,,,,Images/NeutralLeft.jpeg,Neutral Left,z,NZ,18,Female,1,N,N,Chinese,English,,2021-02-14_01h10.33.635,Tse_Altarriba_Simon1,2020.1.2,MacIntel,60,3439,,,z,1,0.414,0,59,59,46,1,,,,,,,
,,,,,,,,,,,,Images/NeutralLeft.jpeg,Neutral Left,z,NZ,18,Female,1,N,N,Chinese,English,,2021-02-14_01h10.33.635,Tse_Altarriba_Simon1,2020.1.2,MacIntel,60,3439,,,z,1,0.414,,,,,,space,9.593,0,0,0,43,1
,,,,,,,,,,,,Images/CongruentRight.jpeg,Congruent Right,m,NZ,18,Female,1,N,N,Chinese,English,,2021-02-14_01h10.33.635,Tse_Altarriba_Simon1,2020.1.2,MacIntel,60,3439,,,m,1,0.355,,,,,,,,0,1,1,19,1
,,,,,,,,,,,,Images/IncongruentLeft.jpeg,Incongruent Left,z,NZ,18,Female,1,N,N,Chinese,English,,2021-02-14_01h10.33.635,Tse_Altarriba_Simon1,2020.1.2,MacIntel,60,3439,,,z,1,0.477,,,,,,,,0,2,2,26,1
,,,,,,,,,,,,Images/NeutralLeft.jpeg,Neutral Left,z,NZ,18,Female,1,N,N,Chinese,English,,2021-02-14_01h10.33.635,Tse_Altarriba_Simon1,2020.1.2,MacIntel,60,3439,,,z,1,0.425,,,,,,,,0,3,3,45,1
,,,,,,,,,,,,Images/NeurtalRight.jpeg,Neutral Right,m,NZ,18,Female,1,N,N,Chinese,English,,2021-02-14_01h10.33.635,Tse_Altarriba_Simon1,2020.1.2,MacIntel,60,3439,,,m,1,0.433,,,,,,,,0,4,4,50,1
,,,,,,,,,,,,Images/CongruentRight.jpeg,Congruent Right,m,NZ,18,Female,1,N,N,Chinese,English,,2021-02-14_01h10.33.635,Tse_Altarriba_Simon1,2020.1.2,MacIntel,60,3439,,,m,1,0.419,,,,,,,,0,5,5,17,1
,,,,,,,,,,,,Images/IncongruentRight.jpeg,Incongruent Right,m,NZ,18,Female,1,N,N,Chinese,English,,2021-02-14_01h10.33.635,Tse_Altarriba_Simon1,2020.1.2,MacIntel,60,3439,,,m,1,0.507,,,,,,,,0,6,6,38,1
,,,,,,,,,,,,Images/IncongruentLeft.jpeg,Incongruent Left,z,NZ,18,Female,1,N,N,Chinese,English,,2021-02-14_01h10.33.635,Tse_Altarriba_Simon1,2020.1.2,MacIntel,60,3439,,,z,1,0.469,,,,,,,,0,7,7,29,1
,,,,,,,,,,,,Images/NeutralLeft.jpeg,Neutral Left,z,NZ,18,Female,1,N,N,Chinese,English,,2021-02-14_01h10.33.635,Tse_Altarriba_Simon1,2020.1.2,MacIntel,60,3439,,,z,1,0.426,,,,,,,,0,8,8,47,1
,,,,,,,,,,,,Images/IncongruentLeft.jpeg,Incongruent Left,z,NZ,18,Female,1,N,N,Chinese,English,,2021-02-14_01h10.33.635,Tse_Altarriba_Simon1,2020.1.2,MacIntel,60,3439,,,z,1,0.489,,,,,,,,0,9,9,27,1
,,,,,,,,,,,,Images/IncongruentLeft.jpeg,Incongruent Left,z,NZ,18,Female,1,N,N,Chinese,English,,2021-02-14_01h10.33.635,Tse_Altarriba_Simon1,2020.1.2,MacIntel,60,3439,,,z,1,0.48,,,,,,,,0,10,10,22,1
,,,,,,,,,,,,Images/NeutralLeft.jpeg,Neutral Left,z,NZ,18,Female,1,N,N,Chinese,English,,2021-02-14_01h10.33.635,Tse_Altarriba_Simon1,2020.1.2,MacIntel,60,3439,,,z,1,0.429,,,,,,,,0,11,11,49,1
,,,,,,,,,,,,Images/IncongruentLeft.jpeg,Incongruent Left,z,NZ,18,Female,1,N,N,Chinese,English,,2021-02-14_01h10.33.635,Tse_Altarriba_Simon1,2020.1.2,MacIntel,60,3439,,,z,1,0.502,,,,,,,,0,12,12,23,1
,,,,,,,,,,,,Images/NeurtalRight.jpeg,Neutral Right,m,NZ,18,Female,1,N,N,Chinese,English,,2021-02-14_01h10.33.635,Tse_Altarriba_Simon1,2020.1.2,MacIntel,60,3439,,,m,1,0.428,,,,,,,,0,13,13,52,1
,,,,,,,,,,,,Images/CongruentLeft.jpeg,Congruent Left,z,NZ,18,Female,1,N,N,Chinese,English,,2021-02-14_01h10.33.635,Tse_Altarriba_Simon1,2020.1.2,MacIntel,60,3439,,,z,1,0.417,,,,,,,,0,14,14,8,1
,,,,,,,,,,,,Images/CongruentLeft.jpeg,Congruent Left,z,NZ,18,Female,1,N,N,Chinese,English,,2021-02-14_01h10.33.635,Tse_Altarriba_Simon1,2020.1.2,MacIntel,60,3439,,,z,1,0.46,,,,,,,,0,15,15,7,1
,,,,,,,,,,,,Images/CongruentLeft.jpeg,Congruent Left,z,NZ,18,Female,1,N,N,Chinese,English,,2021-02-14_01h10.33.635,Tse_Altarriba_Simon1,2020.1.2,MacIntel,60,3439,,,z,1,0.38,,,,,,,,0,16,16,1,1
,,,,,,,,,,,,Images/CongruentLeft.jpeg,Congruent Left,z,NZ,18,Female,1,N,N,Chinese,English,,2021-02-14_01h10.33.635,Tse_Altarriba_Simon1,2020.1.2,MacIntel,60,3439,,,z,1,0.352,,,,,,,,0,17,17,3,1
,,,,,,,,,,,,Images/NeutralLeft.jpeg,Neutral Left,z,NZ,18,Female,1,N,N,Chinese,English,,2021-02-14_01h10.33.635,Tse_Altarriba_Simon1,2020.1.2,MacIntel,60,3439,,,z,1,0.431,,,,,,,,0,18,18,48,1
,,,,,,,,,,,,Images/CongruentRight.jpeg,Congruent Right,m,NZ,18,Female,1,N,N,Chinese,English,,2021-02-14_01h10.33.635,Tse_Altarriba_Simon1,2020.1.2,MacIntel,60,3439,,,m,1,0.383,,,,,,,,0,19,19,15,1
,,,,,,,,,,,,Images/NeutralLeft.jpeg,Neutral Left,z,NZ,18,Female,1,N,N,Chinese,English,,2021-02-14_01h10.33.635,Tse_Altarriba_Simon1,2020.1.2,MacIntel,60,3439,,,z,1,0.417,,,,,,,,0,20,20,40,1
,,,,,,,,,,,,Images/IncongruentLeft.jpeg,Incongruent Left,z,NZ,18,Female,1,N,N,Chinese,English,,2021-02-14_01h10.33.635,Tse_Altarriba_Simon1,2020.1.2,MacIntel,60,3439,,,z,1,0.409,,,,,,,,0,21,21,21,1
,,,,,,,,,,,,Images/CongruentLeft.jpeg,Congruent Left,z,NZ,18,Female,1,N,N,Chinese,English,,2021-02-14_01h10.33.635,Tse_Altarriba_Simon1,2020.1.2,MacIntel,60,3439,,,z,1,0.348,,,,,,,,0,22,22,6,1
,,,,,,,,,,,,Images/CongruentLeft.jpeg,Congruent Left,z,NZ,18,Female,1,N,N,Chinese,English,,2021-02-14_01h10.33.635,Tse_Altarriba_Simon1,2020.1.2,MacIntel,60,3439,,,z,1,0.399,,,,,,,,0,23,23,5,1
,,,,,,,,,,,,Images/IncongruentRight.jpeg,Incongruent Right,m,NZ,18,Female,1,N,N,Chinese,English,,2021-02-14_01h10.33.635,Tse_Altarriba_Simon1,2020.1.2,MacIntel,60,3439,,,m,1,0.426,,,,,,,,0,24,24,36,1
,,,,,,,,,,,,Images/NeutralLeft.jpeg,Neutral Left,z,NZ,18,Female,1,N,N,Chinese,English,,2021-02-14_01h10.33.635,Tse_Altarriba_Simon1,2020.1.2,MacIntel,60,3439,,,z,1,0.445,,,,,,,,0,25,25,46,1
,,,,,,,,,,,,Images/CongruentRight.jpeg,Congruent Right,m,NZ,18,Female,1,N,N,Chinese,English,,2021-02-14_01h10.33.635,Tse_Altarriba_Simon1,2020.1.2,MacIntel,60,3439,,,m,1,0.429,,,,,,,,0,26,26,11,1
,,,,,,,,,,,,Images/NeutralLeft.jpeg,Neutral Left,z,NZ,18,Female,1,N,N,Chinese,English,,2021-02-14_01h10.33.635,Tse_Altarriba_Simon1,2020.1.2,MacIntel,60,3439,,,z,1,0.433,,,,,,,,0,27,27,44,1
,,,,,,,,,,,,Images/NeurtalRight.jpeg,Neutral Right,m,NZ,18,Female,1,N,N,Chinese,English,,2021-02-14_01h10.33.635,Tse_Altarriba_Simon1,2020.1.2,MacIntel,60,3439,,,m,1,0.392,,,,,,,,0,28,28,56,1
,,,,,,,,,,,,Images/CongruentRight.jpeg,Congruent Right,m,NZ,18,Female,1,N,N,Chinese,English,,2021-02-14_01h10.33.635,Tse_Altarriba_Simon1,2020.1.2,MacIntel,60,3439,,,m,1,0.392,,,,,,,,0,29,29,14,1
,,,,,,,,,,,,Images/IncongruentLeft.jpeg,Incongruent Left,z,NZ,18,Female,1,N,N,Chinese,English,,2021-02-14_01h10.33.635,Tse_Altarriba_Simon1,2020.1.2,MacIntel,60,3439,,,z,1,0.503,,,,,,,,0,30,30,24,1
,,,,,,,,,,,,Images/IncongruentRight.jpeg,Incongruent Right,m,NZ,18,Female,1,N,N,Chinese,English,,2021-02-14_01h10.33.635,Tse_Altarriba_Simon1,2020.1.2,MacIntel,60,3439,,,m,1,0.442,,,,,,,,0,31,31,39,1
,,,,,,,,,,,,Images/CongruentLeft.jpeg,Congruent Left,z,NZ,18,Female,1,N,N,Chinese,English,,2021-02-14_01h10.33.635,Tse_Altarriba_Simon1,2020.1.2,MacIntel,60,3439,,,z,1,0.349,,,,,,,,0,32,32,4,1
,,,,,,,,,,,,Images/CongruentLeft.jpeg,Congruent Left,z,NZ,18,Female,1,N,N,Chinese,English,,2021-02-14_01h10.33.635,Tse_Altarriba_Simon1,2020.1.2,MacIntel,60,3439,,,z,1,0.367,,,,,,,,0,33,33,9,1
,,,,,,,,,,,,Images/NeurtalRight.jpeg,Neutral Right,m,NZ,18,Female,1,N,N,Chinese,English,,2021-02-14_01h10.33.635,Tse_Altarriba_Simon1,2020.1.2,MacIntel,60,3439,,,m,1,0.398,,,,,,,,0,34,34,51,1
,,,,,,,,,,,,Images/CongruentRight.jpeg,Congruent Right,m,NZ,18,Female,1,N,N,Chinese,English,,2021-02-14_01h10.33.635,Tse_Altarriba_Simon1,2020.1.2,MacIntel,60,3439,,,m,1,0.364,,,,,,,,0,35,35,12,1
,,,,,,,,,,,,Images/IncongruentLeft.jpeg,Incongruent Left,z,NZ,18,Female,1,N,N,Chinese,English,,2021-02-14_01h10.33.635,Tse_Altarriba_Simon1,2020.1.2,MacIntel,60,3439,,,z,1,0.447,,,,,,,,0,36,36,28,1
,,,,,,,,,,,,Images/NeutralLeft.jpeg,Neutral Left,z,NZ,18,Female,1,N,N,Chinese,English,,2021-02-14_01h10.33.635,Tse_Altarriba_Simon1,2020.1.2,MacIntel,60,3439,,,z,1,0.412,,,,,,,,0,37,37,41,1
,,,,,,,,,,,,Images/CongruentRight.jpeg,Congruent Right,m,NZ,18,Female,1,N,N,Chinese,English,,2021-02-14_01h10.33.635,Tse_Altarriba_Simon1,2020.1.2,MacIntel,60,3439,,,m,1,0.395,,,,,,,,0,38,38,13,1
,,,,,,,,,,,,Images/NeurtalRight.jpeg,Neutral Right,m,NZ,18,Female,1,N,N,Chinese,English,,2021-02-14_01h10.33.635,Tse_Altarriba_Simon1,2020.1.2,MacIntel,60,3439,,,m,1,0.437,,,,,,,,0,39,39,55,1
,,,,,,,,,,,,Images/NeurtalRight.jpeg,Neutral Right,m,NZ,18,Female,1,N,N,Chinese,English,,2021-02-14_01h10.33.635,Tse_Altarriba_Simon1,2020.1.2,MacIntel,60,3439,,,m,1,0.382,,,,,,,,0,40,40,59,1
,,,,,,,,,,,,Images/CongruentLeft.jpeg,Congruent Left,z,NZ,18,Female,1,N,N,Chinese,English,,2021-02-14_01h10.33.635,Tse_Altarriba_Simon1,2020.1.2,MacIntel,60,3439,,,z,1,0.411,,,,,,,,0,41,41,2,1
,,,,,,,,,,,,Images/IncongruentRight.jpeg,Incongruent Right,m,NZ,18,Female,1,N,N,Chinese,English,,2021-02-14_01h10.33.635,Tse_Altarriba_Simon1,2020.1.2,MacIntel,60,3439,,,m,1,0.463,,,,,,,,0,42,42,34,1
,,,,,,,,,,,,Images/NeurtalRight.jpeg,Neutral Right,m,NZ,18,Female,1,N,N,Chinese,English,,2021-02-14_01h10.33.635,Tse_Altarriba_Simon1,2020.1.2,MacIntel,60,3439,,,m,1,0.405,,,,,,,,0,43,43,57,1
,,,,,,,,,,,,Images/NeurtalRight.jpeg,Neutral Right,m,NZ,18,Female,1,N,N,Chinese,English,,2021-02-14_01h10.33.635,Tse_Altarriba_Simon1,2020.1.2,MacIntel,60,3439,,,m,1,0.419,,,,,,,,0,44,44,58,1
,,,,,,,,,,,,Images/IncongruentLeft.jpeg,Incongruent Left,z,NZ,18,Female,1,N,N,Chinese,English,,2021-02-14_01h10.33.635,Tse_Altarriba_Simon1,2020.1.2,MacIntel,60,3439,,,z,1,0.431,,,,,,,,0,45,45,25,1
,,,,,,,,,,,,Images/CongruentRight.jpeg,Congruent Right,m,NZ,18,Female,1,N,N,Chinese,English,,2021-02-14_01h10.33.635,Tse_Altarriba_Simon1,2020.1.2,MacIntel,60,3439,,,m,1,0.307,,,,,,,,0,46,46,10,1
,,,,,,,,,,,,Images/NeutralLeft.jpeg,Neutral Left,z,NZ,18,Female,1,N,N,Chinese,English,,2021-02-14_01h10.33.635,Tse_Altarriba_Simon1,2020.1.2,MacIntel,60,3439,,,z,1,0.392,,,,,,,,0,47,47,42,1
,,,,,,,,,,,,Images/IncongruentRight.jpeg,Incongruent Right,m,NZ,18,Female,1,N,N,Chinese,English,,2021-02-14_01h10.33.635,Tse_Altarriba_Simon1,2020.1.2,MacIntel,60,3439,,,m,1,0.424,,,,,,,,0,48,48,37,1
,,,,,,,,,,,,Images/NeurtalRight.jpeg,Neutral Right,m,NZ,18,Female,1,N,N,Chinese,English,,2021-02-14_01h10.33.635,Tse_Altarriba_Simon1,2020.1.2,MacIntel,60,3439,,,m,1,0.39,,,,,,,,0,49,49,54,1
,,,,,,,,,,,,Images/IncongruentRight.jpeg,Incongruent Right,m,NZ,18,Female,1,N,N,Chinese,English,,2021-02-14_01h10.33.635,Tse_Altarriba_Simon1,2020.1.2,MacIntel,60,3439,,,m,1,0.526,,,,,,,,0,50,50,35,1
,,,,,,,,,,,,Images/NeurtalRight.jpeg,Neutral Right,m,NZ,18,Female,1,N,N,Chinese,English,,2021-02-14_01h10.33.635,Tse_Altarriba_Simon1,2020.1.2,MacIntel,60,3439,,,m,1,0.371,,,,,,,,0,51,51,53,1
,,,,,,,,,,,,Images/IncongruentLeft.jpeg,Incongruent Left,z,NZ,18,Female,1,N,N,Chinese,English,,2021-02-14_01h10.33.635,Tse_Altarriba_Simon1,2020.1.2,MacIntel,60,3439,,,z,1,0.463,,,,,,,,0,52,52,20,1
,,,,,,,,,,,,Images/IncongruentRight.jpeg,Incongruent Right,m,NZ,18,Female,1,N,N,Chinese,English,,2021-02-14_01h10.33.635,Tse_Altarriba_Simon1,2020.1.2,MacIntel,60,3439,,,m,1,0.365,,,,,,,,0,53,53,31,1
,,,,,,,,,,,,Images/IncongruentRight.jpeg,Incongruent Right,m,NZ,18,Female,1,N,N,Chinese,English,,2021-02-14_01h10.33.635,Tse_Altarriba_Simon1,2020.1.2,MacIntel,60,3439,,,m,1,0.452,,,,,,,,0,54,54,33,1
,,,,,,,,,,,,Images/CongruentRight.jpeg,Congruent Right,m,NZ,18,Female,1,N,N,Chinese,English,,2021-02-14_01h10.33.635,Tse_Altarriba_Simon1,2020.1.2,MacIntel,60,3439,,,m,1,0.383,,,,,,,,0,55,55,18,1
,,,,,,,,,,,,Images/CongruentLeft.jpeg,Congruent Left,z,NZ,18,Female,1,N,N,Chinese,English,,2021-02-14_01h10.33.635,Tse_Altarriba_Simon1,2020.1.2,MacIntel,60,3439,,,z,1,0.366,,,,,,,,0,56,56,0,1
,,,,,,,,,,,,Images/IncongruentRight.jpeg,Incongruent Right,m,NZ,18,Female,1,N,N,Chinese,English,,2021-02-14_01h10.33.635,Tse_Altarriba_Simon1,2020.1.2,MacIntel,60,3439,,,m,1,0.393,,,,,,,,0,57,57,32,1
,,,,,,,,,,,,Images/IncongruentRight.jpeg,Incongruent Right,m,NZ,18,Female,1,N,N,Chinese,English,,2021-02-14_01h10.33.635,Tse_Altarriba_Simon1,2020.1.2,MacIntel,60,3439,,,m,1,0.39,,,,,,,,0,58,58,30,1
,,,,,,,,,,,,Images/CongruentRight.jpeg,Congruent Right,m,NZ,18,Female,1,N,N,Chinese,English,,2021-02-14_01h10.33.635,Tse_Altarriba_Simon1,2020.1.2,MacIntel,60,3439,,,m,1,0.285,,,,,,,,0,59,59,16,1
