Space1.keys,Space1.rt,Space2.keys,Space2.rt,response.keys,response.corr,response.rt,Practice_loop.thisRepN,Practice_loop.thisTrialN,Practice_loop.thisN,Practice_loop.thisIndex,Practice_loop.ran,ImageFile,Condition,CorrAns,Your initials,What is your age?,What is your gender?,What year are you in?,Are you Dyslexic? (Y/N),Are you bi/multilingual? (Y/N),What is your first language?,"What is your second language? (if you are monollingual, leave blank)",What other languages do you speak?,date,expName,psychopyVersion,OS,frameRate,participant,Space3.keys,Space3.rt,key_resp_2.keys,key_resp_2.corr,key_resp_2.rt,trials.thisRepN,trials.thisTrialN,trials.thisN,trials.thisIndex,trials.ran,Space4.keys,Space4.rt,trials_2.thisRepN,trials_2.thisTrialN,trials_2.thisN,trials_2.thisIndex,trials_2.ran
space,2.4723,space,12.466665,m,1,0.827545,0,0,0,6,1,Images/IncongruentRight.jpeg,Incongruent Right,m,MP,19,Female,1,N,N,English,,,2021-02-21_11h54.14.171,Tse_Altarriba_Simon1,2020.1.2,MacIntel,60,3445,,,,,,,,,,,,,,,,,
,,,,z,1,0.526245,0,1,1,1,1,Images/CongruentLeft.jpeg,Congruent Left,z,MP,19,Female,1,N,N,English,,,2021-02-21_11h54.14.171,Tse_Altarriba_Simon1,2020.1.2,MacIntel,60,3445,,,,,,,,,,,,,,,,,
,,,,m,1,0.56418,0,2,2,2,1,Images/CongruentRight.jpeg,Congruent Right,m,MP,19,Female,1,N,N,English,,,2021-02-21_11h54.14.171,Tse_Altarriba_Simon1,2020.1.2,MacIntel,60,3445,,,,,,,,,,,,,,,,,
,,,,z,1,0.50935,0,3,3,0,1,Images/CongruentLeft.jpeg,Congruent Left,z,MP,19,Female,1,N,N,English,,,2021-02-21_11h54.14.171,Tse_Altarriba_Simon1,2020.1.2,MacIntel,60,3445,,,,,,,,,,,,,,,,,
,,,,z,1,0.650835,0,4,4,9,1,Images/NeutralLeft.jpeg,Neutral Left,z,MP,19,Female,1,N,N,English,,,2021-02-21_11h54.14.171,Tse_Altarriba_Simon1,2020.1.2,MacIntel,60,3445,,,,,,,,,,,,,,,,,
,,,,m,1,0.45511,0,5,5,10,1,Images/NeurtalRight.jpeg,Neutral Right,m,MP,19,Female,1,N,N,English,,,2021-02-21_11h54.14.171,Tse_Altarriba_Simon1,2020.1.2,MacIntel,60,3445,,,,,,,,,,,,,,,,,
,,,,m,1,0.598745,0,6,6,7,1,Images/IncongruentRight.jpeg,Incongruent Right,m,MP,19,Female,1,N,N,English,,,2021-02-21_11h54.14.171,Tse_Altarriba_Simon1,2020.1.2,MacIntel,60,3445,,,,,,,,,,,,,,,,,
,,,,z,1,0.464955,0,7,7,5,1,Images/IncongruentLeft.jpeg,Incongruent Left,z,MP,19,Female,1,N,N,English,,,2021-02-21_11h54.14.171,Tse_Altarriba_Simon1,2020.1.2,MacIntel,60,3445,,,,,,,,,,,,,,,,,
,,,,m,1,0.744535,0,8,8,3,1,Images/CongruentRight.jpeg,Congruent Right,m,MP,19,Female,1,N,N,English,,,2021-02-21_11h54.14.171,Tse_Altarriba_Simon1,2020.1.2,MacIntel,60,3445,,,,,,,,,,,,,,,,,
,,,,z,1,0.631535,0,9,9,4,1,Images/IncongruentLeft.jpeg,Incongruent Left,z,MP,19,Female,1,N,N,English,,,2021-02-21_11h54.14.171,Tse_Altarriba_Simon1,2020.1.2,MacIntel,60,3445,,,,,,,,,,,,,,,,,
,,,,m,1,0.52468,0,10,10,11,1,Images/NeurtalRight.jpeg,Neutral Right,m,MP,19,Female,1,N,N,English,,,2021-02-21_11h54.14.171,Tse_Altarriba_Simon1,2020.1.2,MacIntel,60,3445,,,,,,,,,,,,,,,,,
,,,,z,1,0.505015,0,11,11,8,1,Images/NeutralLeft.jpeg,Neutral Left,z,MP,19,Female,1,N,N,English,,,2021-02-21_11h54.14.171,Tse_Altarriba_Simon1,2020.1.2,MacIntel,60,3445,,,,,,,,,,,,,,,,,
,,,,,,,,,,,,Images/NeutralLeft.jpeg,Neutral Left,z,MP,19,Female,1,N,N,English,,,2021-02-21_11h54.14.171,Tse_Altarriba_Simon1,2020.1.2,MacIntel,60,3445,space,13.066105,z,1,0.56118,0,0,0,45,1,,,,,,,
,,,,,,,,,,,,Images/NeutralLeft.jpeg,Neutral Left,z,MP,19,Female,1,N,N,English,,,2021-02-21_11h54.14.171,Tse_Altarriba_Simon1,2020.1.2,MacIntel,60,3445,,,z,1,0.53331,0,1,1,44,1,,,,,,,
,,,,,,,,,,,,Images/CongruentRight.jpeg,Congruent Right,m,MP,19,Female,1,N,N,English,,,2021-02-21_11h54.14.171,Tse_Altarriba_Simon1,2020.1.2,MacIntel,60,3445,,,m,1,0.56724,0,2,2,16,1,,,,,,,
,,,,,,,,,,,,Images/CongruentRight.jpeg,Congruent Right,m,MP,19,Female,1,N,N,English,,,2021-02-21_11h54.14.171,Tse_Altarriba_Simon1,2020.1.2,MacIntel,60,3445,,,m,1,0.551435,0,3,3,12,1,,,,,,,
,,,,,,,,,,,,Images/NeurtalRight.jpeg,Neutral Right,m,MP,19,Female,1,N,N,English,,,2021-02-21_11h54.14.171,Tse_Altarriba_Simon1,2020.1.2,MacIntel,60,3445,,,m,1,0.550865,0,4,4,59,1,,,,,,,
,,,,,,,,,,,,Images/IncongruentRight.jpeg,Incongruent Right,m,MP,19,Female,1,N,N,English,,,2021-02-21_11h54.14.171,Tse_Altarriba_Simon1,2020.1.2,MacIntel,60,3445,,,m,1,0.68283,0,5,5,32,1,,,,,,,
,,,,,,,,,,,,Images/IncongruentLeft.jpeg,Incongruent Left,z,MP,19,Female,1,N,N,English,,,2021-02-21_11h54.14.171,Tse_Altarriba_Simon1,2020.1.2,MacIntel,60,3445,,,z,1,0.669485,0,6,6,25,1,,,,,,,
,,,,,,,,,,,,Images/IncongruentLeft.jpeg,Incongruent Left,z,MP,19,Female,1,N,N,English,,,2021-02-21_11h54.14.171,Tse_Altarriba_Simon1,2020.1.2,MacIntel,60,3445,,,z,1,0.616855,0,7,7,22,1,,,,,,,
,,,,,,,,,,,,Images/NeurtalRight.jpeg,Neutral Right,m,MP,19,Female,1,N,N,English,,,2021-02-21_11h54.14.171,Tse_Altarriba_Simon1,2020.1.2,MacIntel,60,3445,,,m,1,0.7012,0,8,8,54,1,,,,,,,
,,,,,,,,,,,,Images/IncongruentRight.jpeg,Incongruent Right,m,MP,19,Female,1,N,N,English,,,2021-02-21_11h54.14.171,Tse_Altarriba_Simon1,2020.1.2,MacIntel,60,3445,,,m,1,0.63308,0,9,9,39,1,,,,,,,
,,,,,,,,,,,,Images/IncongruentLeft.jpeg,Incongruent Left,z,MP,19,Female,1,N,N,English,,,2021-02-21_11h54.14.171,Tse_Altarriba_Simon1,2020.1.2,MacIntel,60,3445,,,z,1,0.683785,0,10,10,29,1,,,,,,,
,,,,,,,,,,,,Images/IncongruentRight.jpeg,Incongruent Right,m,MP,19,Female,1,N,N,English,,,2021-02-21_11h54.14.171,Tse_Altarriba_Simon1,2020.1.2,MacIntel,60,3445,,,m,1,0.736255,0,11,11,37,1,,,,,,,
,,,,,,,,,,,,Images/CongruentLeft.jpeg,Congruent Left,z,MP,19,Female,1,N,N,English,,,2021-02-21_11h54.14.171,Tse_Altarriba_Simon1,2020.1.2,MacIntel,60,3445,,,z,1,0.867295,0,12,12,6,1,,,,,,,
,,,,,,,,,,,,Images/NeurtalRight.jpeg,Neutral Right,m,MP,19,Female,1,N,N,English,,,2021-02-21_11h54.14.171,Tse_Altarriba_Simon1,2020.1.2,MacIntel,60,3445,,,m,1,0.581955,0,13,13,53,1,,,,,,,
,,,,,,,,,,,,Images/CongruentLeft.jpeg,Congruent Left,z,MP,19,Female,1,N,N,English,,,2021-02-21_11h54.14.171,Tse_Altarriba_Simon1,2020.1.2,MacIntel,60,3445,,,z,1,0.633175,0,14,14,0,1,,,,,,,
,,,,,,,,,,,,Images/CongruentRight.jpeg,Congruent Right,m,MP,19,Female,1,N,N,English,,,2021-02-21_11h54.14.171,Tse_Altarriba_Simon1,2020.1.2,MacIntel,60,3445,,,m,1,0.582795,0,15,15,18,1,,,,,,,
,,,,,,,,,,,,Images/CongruentLeft.jpeg,Congruent Left,z,MP,19,Female,1,N,N,English,,,2021-02-21_11h54.14.171,Tse_Altarriba_Simon1,2020.1.2,MacIntel,60,3445,,,z,1,0.65133,0,16,16,8,1,,,,,,,
,,,,,,,,,,,,Images/CongruentLeft.jpeg,Congruent Left,z,MP,19,Female,1,N,N,English,,,2021-02-21_11h54.14.171,Tse_Altarriba_Simon1,2020.1.2,MacIntel,60,3445,,,z,1,0.58547,0,17,17,4,1,,,,,,,
,,,,,,,,,,,,Images/IncongruentRight.jpeg,Incongruent Right,m,MP,19,Female,1,N,N,English,,,2021-02-21_11h54.14.171,Tse_Altarriba_Simon1,2020.1.2,MacIntel,60,3445,,,m,1,0.73418,0,18,18,30,1,,,,,,,
,,,,,,,,,,,,Images/IncongruentLeft.jpeg,Incongruent Left,z,MP,19,Female,1,N,N,English,,,2021-02-21_11h54.14.171,Tse_Altarriba_Simon1,2020.1.2,MacIntel,60,3445,,,z,1,0.65076,0,19,19,28,1,,,,,,,
,,,,,,,,,,,,Images/CongruentRight.jpeg,Congruent Right,m,MP,19,Female,1,N,N,English,,,2021-02-21_11h54.14.171,Tse_Altarriba_Simon1,2020.1.2,MacIntel,60,3445,,,m,1,0.76946,0,20,20,15,1,,,,,,,
,,,,,,,,,,,,Images/CongruentLeft.jpeg,Congruent Left,z,MP,19,Female,1,N,N,English,,,2021-02-21_11h54.14.171,Tse_Altarriba_Simon1,2020.1.2,MacIntel,60,3445,,,z,1,0.63404,0,21,21,2,1,,,,,,,
,,,,,,,,,,,,Images/CongruentLeft.jpeg,Congruent Left,z,MP,19,Female,1,N,N,English,,,2021-02-21_11h54.14.171,Tse_Altarriba_Simon1,2020.1.2,MacIntel,60,3445,,,z,1,0.6007,0,22,22,1,1,,,,,,,
,,,,,,,,,,,,Images/NeurtalRight.jpeg,Neutral Right,m,MP,19,Female,1,N,N,English,,,2021-02-21_11h54.14.171,Tse_Altarriba_Simon1,2020.1.2,MacIntel,60,3445,,,m,1,0.581955,0,23,23,52,1,,,,,,,
,,,,,,,,,,,,Images/IncongruentRight.jpeg,Incongruent Right,m,MP,19,Female,1,N,N,English,,,2021-02-21_11h54.14.171,Tse_Altarriba_Simon1,2020.1.2,MacIntel,60,3445,,,m,1,0.64945,0,24,24,33,1,,,,,,,
,,,,,,,,,,,,Images/NeutralLeft.jpeg,Neutral Left,z,MP,19,Female,1,N,N,English,,,2021-02-21_11h54.14.171,Tse_Altarriba_Simon1,2020.1.2,MacIntel,60,3445,,,z,1,0.60119,0,25,25,41,1,,,,,,,
,,,,,,,,,,,,Images/NeurtalRight.jpeg,Neutral Right,m,MP,19,Female,1,N,N,English,,,2021-02-21_11h54.14.171,Tse_Altarriba_Simon1,2020.1.2,MacIntel,60,3445,,,m,1,0.533925,0,26,26,57,1,,,,,,,
,,,,,,,,,,,,Images/NeutralLeft.jpeg,Neutral Left,z,MP,19,Female,1,N,N,English,,,2021-02-21_11h54.14.171,Tse_Altarriba_Simon1,2020.1.2,MacIntel,60,3445,,,z,1,0.55009,0,27,27,48,1,,,,,,,
,,,,,,,,,,,,Images/IncongruentRight.jpeg,Incongruent Right,m,MP,19,Female,1,N,N,English,,,2021-02-21_11h54.14.171,Tse_Altarriba_Simon1,2020.1.2,MacIntel,60,3445,,,m,1,0.53293,0,28,28,36,1,,,,,,,
,,,,,,,,,,,,Images/IncongruentLeft.jpeg,Incongruent Left,z,MP,19,Female,1,N,N,English,,,2021-02-21_11h54.14.171,Tse_Altarriba_Simon1,2020.1.2,MacIntel,60,3445,,,z,1,0.63469,0,29,29,23,1,,,,,,,
,,,,,,,,,,,,Images/CongruentRight.jpeg,Congruent Right,m,MP,19,Female,1,N,N,English,,,2021-02-21_11h54.14.171,Tse_Altarriba_Simon1,2020.1.2,MacIntel,60,3445,,,m,1,0.583435,0,30,30,14,1,,,,,,,
,,,,,,,,,,,,Images/NeurtalRight.jpeg,Neutral Right,m,MP,19,Female,1,N,N,English,,,2021-02-21_11h54.14.171,Tse_Altarriba_Simon1,2020.1.2,MacIntel,60,3445,,,m,1,0.56706,0,31,31,55,1,,,,,,,
,,,,,,,,,,,,Images/IncongruentLeft.jpeg,Incongruent Left,z,MP,19,Female,1,N,N,English,,,2021-02-21_11h54.14.171,Tse_Altarriba_Simon1,2020.1.2,MacIntel,60,3445,,,z,1,0.58396,0,32,32,21,1,,,,,,,
,,,,,,,,,,,,Images/CongruentRight.jpeg,Congruent Right,m,MP,19,Female,1,N,N,English,,,2021-02-21_11h54.14.171,Tse_Altarriba_Simon1,2020.1.2,MacIntel,60,3445,,,m,1,0.534085,0,33,33,10,1,,,,,,,
,,,,,,,,,,,,Images/NeutralLeft.jpeg,Neutral Left,z,MP,19,Female,1,N,N,English,,,2021-02-21_11h54.14.171,Tse_Altarriba_Simon1,2020.1.2,MacIntel,60,3445,,,z,1,0.702785,0,34,34,43,1,,,,,,,
,,,,,,,,,,,,Images/IncongruentLeft.jpeg,Incongruent Left,z,MP,19,Female,1,N,N,English,,,2021-02-21_11h54.14.171,Tse_Altarriba_Simon1,2020.1.2,MacIntel,60,3445,,,z,1,0.502345,0,35,35,24,1,,,,,,,
,,,,,,,,,,,,Images/IncongruentLeft.jpeg,Incongruent Left,z,MP,19,Female,1,N,N,English,,,2021-02-21_11h54.14.171,Tse_Altarriba_Simon1,2020.1.2,MacIntel,60,3445,,,z,1,0.549695,0,36,36,20,1,,,,,,,
,,,,,,,,,,,,Images/CongruentLeft.jpeg,Congruent Left,z,MP,19,Female,1,N,N,English,,,2021-02-21_11h54.14.171,Tse_Altarriba_Simon1,2020.1.2,MacIntel,60,3445,,,z,1,0.467385,0,37,37,5,1,,,,,,,
,,,,,,,,,,,,Images/IncongruentRight.jpeg,Incongruent Right,m,MP,19,Female,1,N,N,English,,,2021-02-21_11h54.14.171,Tse_Altarriba_Simon1,2020.1.2,MacIntel,60,3445,,,m,1,0.55028,0,38,38,35,1,,,,,,,
,,,,,,,,,,,,Images/IncongruentLeft.jpeg,Incongruent Left,z,MP,19,Female,1,N,N,English,,,2021-02-21_11h54.14.171,Tse_Altarriba_Simon1,2020.1.2,MacIntel,60,3445,,,z,1,0.483975,0,39,39,27,1,,,,,,,
,,,,,,,,,,,,Images/NeurtalRight.jpeg,Neutral Right,m,MP,19,Female,1,N,N,English,,,2021-02-21_11h54.14.171,Tse_Altarriba_Simon1,2020.1.2,MacIntel,60,3445,,,m,1,0.46706,0,40,40,51,1,,,,,,,
,,,,,,,,,,,,Images/CongruentRight.jpeg,Congruent Right,m,MP,19,Female,1,N,N,English,,,2021-02-21_11h54.14.171,Tse_Altarriba_Simon1,2020.1.2,MacIntel,60,3445,,,m,1,0.53437,0,41,41,19,1,,,,,,,
,,,,,,,,,,,,Images/NeutralLeft.jpeg,Neutral Left,z,MP,19,Female,1,N,N,English,,,2021-02-21_11h54.14.171,Tse_Altarriba_Simon1,2020.1.2,MacIntel,60,3445,,,z,1,0.46759,0,42,42,42,1,,,,,,,
,,,,,,,,,,,,Images/IncongruentRight.jpeg,Incongruent Right,m,MP,19,Female,1,N,N,English,,,2021-02-21_11h54.14.171,Tse_Altarriba_Simon1,2020.1.2,MacIntel,60,3445,,,m,1,0.515995,0,43,43,31,1,,,,,,,
,,,,,,,,,,,,Images/CongruentLeft.jpeg,Congruent Left,z,MP,19,Female,1,N,N,English,,,2021-02-21_11h54.14.171,Tse_Altarriba_Simon1,2020.1.2,MacIntel,60,3445,,,z,1,0.50136,0,44,44,3,1,,,,,,,
,,,,,,,,,,,,Images/CongruentRight.jpeg,Congruent Right,m,MP,19,Female,1,N,N,English,,,2021-02-21_11h54.14.171,Tse_Altarriba_Simon1,2020.1.2,MacIntel,60,3445,,,m,1,0.53585,0,45,45,13,1,,,,,,,
,,,,,,,,,,,,Images/IncongruentLeft.jpeg,Incongruent Left,z,MP,19,Female,1,N,N,English,,,2021-02-21_11h54.14.171,Tse_Altarriba_Simon1,2020.1.2,MacIntel,60,3445,,,z,1,0.600365,0,46,46,26,1,,,,,,,
,,,,,,,,,,,,Images/NeutralLeft.jpeg,Neutral Left,z,MP,19,Female,1,N,N,English,,,2021-02-21_11h54.14.171,Tse_Altarriba_Simon1,2020.1.2,MacIntel,60,3445,,,z,1,0.53295,0,47,47,46,1,,,,,,,
,,,,,,,,,,,,Images/CongruentRight.jpeg,Congruent Right,m,MP,19,Female,1,N,N,English,,,2021-02-21_11h54.14.171,Tse_Altarriba_Simon1,2020.1.2,MacIntel,60,3445,,,m,1,0.51575,0,48,48,11,1,,,,,,,
,,,,,,,,,,,,Images/CongruentLeft.jpeg,Congruent Left,z,MP,19,Female,1,N,N,English,,,2021-02-21_11h54.14.171,Tse_Altarriba_Simon1,2020.1.2,MacIntel,60,3445,,,z,1,0.49695,0,49,49,9,1,,,,,,,
,,,,,,,,,,,,Images/NeurtalRight.jpeg,Neutral Right,m,MP,19,Female,1,N,N,English,,,2021-02-21_11h54.14.171,Tse_Altarriba_Simon1,2020.1.2,MacIntel,60,3445,,,m,1,0.48438,0,50,50,58,1,,,,,,,
,,,,,,,,,,,,Images/NeutralLeft.jpeg,Neutral Left,z,MP,19,Female,1,N,N,English,,,2021-02-21_11h54.14.171,Tse_Altarriba_Simon1,2020.1.2,MacIntel,60,3445,,,z,1,0.503455,0,51,51,40,1,,,,,,,
,,,,,,,,,,,,Images/NeutralLeft.jpeg,Neutral Left,z,MP,19,Female,1,N,N,English,,,2021-02-21_11h54.14.171,Tse_Altarriba_Simon1,2020.1.2,MacIntel,60,3445,,,z,1,0.468295,0,52,52,49,1,,,,,,,
,,,,,,,,,,,,Images/NeurtalRight.jpeg,Neutral Right,m,MP,19,Female,1,N,N,English,,,2021-02-21_11h54.14.171,Tse_Altarriba_Simon1,2020.1.2,MacIntel,60,3445,,,m,1,0.53273,0,53,53,50,1,,,,,,,
,,,,,,,,,,,,Images/NeurtalRight.jpeg,Neutral Right,m,MP,19,Female,1,N,N,English,,,2021-02-21_11h54.14.171,Tse_Altarriba_Simon1,2020.1.2,MacIntel,60,3445,,,m,1,0.61596,0,54,54,56,1,,,,,,,
,,,,,,,,,,,,Images/CongruentRight.jpeg,Congruent Right,m,MP,19,Female,1,N,N,English,,,2021-02-21_11h54.14.171,Tse_Altarriba_Simon1,2020.1.2,MacIntel,60,3445,,,m,1,0.451075,0,55,55,17,1,,,,,,,
,,,,,,,,,,,,Images/CongruentLeft.jpeg,Congruent Left,z,MP,19,Female,1,N,N,English,,,2021-02-21_11h54.14.171,Tse_Altarriba_Simon1,2020.1.2,MacIntel,60,3445,,,z,1,0.48552,0,56,56,7,1,,,,,,,
,,,,,,,,,,,,Images/IncongruentRight.jpeg,Incongruent Right,m,MP,19,Female,1,N,N,English,,,2021-02-21_11h54.14.171,Tse_Altarriba_Simon1,2020.1.2,MacIntel,60,3445,,,m,1,0.56802,0,57,57,34,1,,,,,,,
,,,,,,,,,,,,Images/NeutralLeft.jpeg,Neutral Left,z,MP,19,Female,1,N,N,English,,,2021-02-21_11h54.14.171,Tse_Altarriba_Simon1,2020.1.2,MacIntel,60,3445,,,z,1,0.582875,0,58,58,47,1,,,,,,,
,,,,,,,,,,,,Images/IncongruentRight.jpeg,Incongruent Right,m,MP,19,Female,1,N,N,English,,,2021-02-21_11h54.14.171,Tse_Altarriba_Simon1,2020.1.2,MacIntel,60,3445,,,m,1,0.55059,0,59,59,38,1,,,,,,,
,,,,,,,,,,,,Images/NeutralLeft.jpeg,Neutral Left,z,MP,19,Female,1,N,N,English,,,2021-02-21_11h54.14.171,Tse_Altarriba_Simon1,2020.1.2,MacIntel,60,3445,,,z,1,0.550005,,,,,,space,8.277125,0,0,0,42,1
,,,,,,,,,,,,Images/CongruentLeft.jpeg,Congruent Left,z,MP,19,Female,1,N,N,English,,,2021-02-21_11h54.14.171,Tse_Altarriba_Simon1,2020.1.2,MacIntel,60,3445,,,z,1,0.533455,,,,,,,,0,1,1,0,1
,,,,,,,,,,,,Images/IncongruentLeft.jpeg,Incongruent Left,z,MP,19,Female,1,N,N,English,,,2021-02-21_11h54.14.171,Tse_Altarriba_Simon1,2020.1.2,MacIntel,60,3445,,,z,1,0.570105,,,,,,,,0,2,2,28,1
,,,,,,,,,,,,Images/CongruentRight.jpeg,Congruent Right,m,MP,19,Female,1,N,N,English,,,2021-02-21_11h54.14.171,Tse_Altarriba_Simon1,2020.1.2,MacIntel,60,3445,,,m,1,0.51717,,,,,,,,0,3,3,15,1
,,,,,,,,,,,,Images/NeurtalRight.jpeg,Neutral Right,m,MP,19,Female,1,N,N,English,,,2021-02-21_11h54.14.171,Tse_Altarriba_Simon1,2020.1.2,MacIntel,60,3445,,,m,1,0.500035,,,,,,,,0,4,4,52,1
,,,,,,,,,,,,Images/IncongruentLeft.jpeg,Incongruent Left,z,MP,19,Female,1,N,N,English,,,2021-02-21_11h54.14.171,Tse_Altarriba_Simon1,2020.1.2,MacIntel,60,3445,,,z,1,0.58334,,,,,,,,0,5,5,20,1
,,,,,,,,,,,,Images/IncongruentRight.jpeg,Incongruent Right,m,MP,19,Female,1,N,N,English,,,2021-02-21_11h54.14.171,Tse_Altarriba_Simon1,2020.1.2,MacIntel,60,3445,,,m,1,0.666795,,,,,,,,0,6,6,38,1
,,,,,,,,,,,,Images/CongruentRight.jpeg,Congruent Right,m,MP,19,Female,1,N,N,English,,,2021-02-21_11h54.14.171,Tse_Altarriba_Simon1,2020.1.2,MacIntel,60,3445,,,m,1,0.619945,,,,,,,,0,7,7,17,1
,,,,,,,,,,,,Images/IncongruentLeft.jpeg,Incongruent Left,z,MP,19,Female,1,N,N,English,,,2021-02-21_11h54.14.171,Tse_Altarriba_Simon1,2020.1.2,MacIntel,60,3445,,,z,1,0.569005,,,,,,,,0,8,8,21,1
,,,,,,,,,,,,Images/CongruentRight.jpeg,Congruent Right,m,MP,19,Female,1,N,N,English,,,2021-02-21_11h54.14.171,Tse_Altarriba_Simon1,2020.1.2,MacIntel,60,3445,,,m,1,0.616165,,,,,,,,0,9,9,14,1
,,,,,,,,,,,,Images/IncongruentRight.jpeg,Incongruent Right,m,MP,19,Female,1,N,N,English,,,2021-02-21_11h54.14.171,Tse_Altarriba_Simon1,2020.1.2,MacIntel,60,3445,,,m,1,0.63264,,,,,,,,0,10,10,35,1
,,,,,,,,,,,,Images/CongruentRight.jpeg,Congruent Right,m,MP,19,Female,1,N,N,English,,,2021-02-21_11h54.14.171,Tse_Altarriba_Simon1,2020.1.2,MacIntel,60,3445,,,m,1,0.63289,,,,,,,,0,11,11,11,1
,,,,,,,,,,,,Images/NeutralLeft.jpeg,Neutral Left,z,MP,19,Female,1,N,N,English,,,2021-02-21_11h54.14.171,Tse_Altarriba_Simon1,2020.1.2,MacIntel,60,3445,,,z,1,0.58166,,,,,,,,0,12,12,49,1
,,,,,,,,,,,,Images/CongruentRight.jpeg,Congruent Right,m,MP,19,Female,1,N,N,English,,,2021-02-21_11h54.14.171,Tse_Altarriba_Simon1,2020.1.2,MacIntel,60,3445,,,m,1,0.566915,,,,,,,,0,13,13,19,1
,,,,,,,,,,,,Images/CongruentLeft.jpeg,Congruent Left,z,MP,19,Female,1,N,N,English,,,2021-02-21_11h54.14.171,Tse_Altarriba_Simon1,2020.1.2,MacIntel,60,3445,,,z,1,0.519335,,,,,,,,0,14,14,5,1
,,,,,,,,,,,,Images/CongruentRight.jpeg,Congruent Right,m,MP,19,Female,1,N,N,English,,,2021-02-21_11h54.14.171,Tse_Altarriba_Simon1,2020.1.2,MacIntel,60,3445,,,m,1,0.47902,,,,,,,,0,15,15,13,1
,,,,,,,,,,,,Images/IncongruentLeft.jpeg,Incongruent Left,z,MP,19,Female,1,N,N,English,,,2021-02-21_11h54.14.171,Tse_Altarriba_Simon1,2020.1.2,MacIntel,60,3445,,,z,1,0.583755,,,,,,,,0,16,16,22,1
,,,,,,,,,,,,Images/NeurtalRight.jpeg,Neutral Right,m,MP,19,Female,1,N,N,English,,,2021-02-21_11h54.14.171,Tse_Altarriba_Simon1,2020.1.2,MacIntel,60,3445,,,m,1,0.48344,,,,,,,,0,17,17,53,1
,,,,,,,,,,,,Images/IncongruentRight.jpeg,Incongruent Right,m,MP,19,Female,1,N,N,English,,,2021-02-21_11h54.14.171,Tse_Altarriba_Simon1,2020.1.2,MacIntel,60,3445,,,m,1,0.568795,,,,,,,,0,18,18,33,1
,,,,,,,,,,,,Images/IncongruentLeft.jpeg,Incongruent Left,z,MP,19,Female,1,N,N,English,,,2021-02-21_11h54.14.171,Tse_Altarriba_Simon1,2020.1.2,MacIntel,60,3445,,,z,1,0.614405,,,,,,,,0,19,19,25,1
,,,,,,,,,,,,Images/CongruentRight.jpeg,Congruent Right,m,MP,19,Female,1,N,N,English,,,2021-02-21_11h54.14.171,Tse_Altarriba_Simon1,2020.1.2,MacIntel,60,3445,,,m,1,0.61755,,,,,,,,0,20,20,16,1
,,,,,,,,,,,,Images/IncongruentRight.jpeg,Incongruent Right,m,MP,19,Female,1,N,N,English,,,2021-02-21_11h54.14.171,Tse_Altarriba_Simon1,2020.1.2,MacIntel,60,3445,,,m,1,0.6341,,,,,,,,0,21,21,31,1
,,,,,,,,,,,,Images/NeutralLeft.jpeg,Neutral Left,z,MP,19,Female,1,N,N,English,,,2021-02-21_11h54.14.171,Tse_Altarriba_Simon1,2020.1.2,MacIntel,60,3445,,,z,1,0.58338,,,,,,,,0,22,22,46,1
,,,,,,,,,,,,Images/IncongruentRight.jpeg,Incongruent Right,m,MP,19,Female,1,N,N,English,,,2021-02-21_11h54.14.171,Tse_Altarriba_Simon1,2020.1.2,MacIntel,60,3445,,,m,1,0.73476,,,,,,,,0,23,23,32,1
,,,,,,,,,,,,Images/NeurtalRight.jpeg,Neutral Right,m,MP,19,Female,1,N,N,English,,,2021-02-21_11h54.14.171,Tse_Altarriba_Simon1,2020.1.2,MacIntel,60,3445,,,m,1,0.511005,,,,,,,,0,24,24,56,1
,,,,,,,,,,,,Images/NeutralLeft.jpeg,Neutral Left,z,MP,19,Female,1,N,N,English,,,2021-02-21_11h54.14.171,Tse_Altarriba_Simon1,2020.1.2,MacIntel,60,3445,,,z,1,0.49986,,,,,,,,0,25,25,44,1
,,,,,,,,,,,,Images/CongruentLeft.jpeg,Congruent Left,z,MP,19,Female,1,N,N,English,,,2021-02-21_11h54.14.171,Tse_Altarriba_Simon1,2020.1.2,MacIntel,60,3445,,,z,1,0.511315,,,,,,,,0,26,26,9,1
,,,,,,,,,,,,Images/CongruentLeft.jpeg,Congruent Left,z,MP,19,Female,1,N,N,English,,,2021-02-21_11h54.14.171,Tse_Altarriba_Simon1,2020.1.2,MacIntel,60,3445,,,z,1,0.649125,,,,,,,,0,27,27,4,1
,,,,,,,,,,,,Images/CongruentRight.jpeg,Congruent Right,m,MP,19,Female,1,N,N,English,,,2021-02-21_11h54.14.171,Tse_Altarriba_Simon1,2020.1.2,MacIntel,60,3445,,,m,1,0.63374,,,,,,,,0,28,28,18,1
,,,,,,,,,,,,Images/NeutralLeft.jpeg,Neutral Left,z,MP,19,Female,1,N,N,English,,,2021-02-21_11h54.14.171,Tse_Altarriba_Simon1,2020.1.2,MacIntel,60,3445,,,z,1,0.849915,,,,,,,,0,29,29,41,1
,,,,,,,,,,,,Images/IncongruentLeft.jpeg,Incongruent Left,z,MP,19,Female,1,N,N,English,,,2021-02-21_11h54.14.171,Tse_Altarriba_Simon1,2020.1.2,MacIntel,60,3445,,,z,1,0.719775,,,,,,,,0,30,30,27,1
,,,,,,,,,,,,Images/IncongruentLeft.jpeg,Incongruent Left,z,MP,19,Female,1,N,N,English,,,2021-02-21_11h54.14.171,Tse_Altarriba_Simon1,2020.1.2,MacIntel,60,3445,,,z,1,0.600665,,,,,,,,0,31,31,29,1
,,,,,,,,,,,,Images/CongruentLeft.jpeg,Congruent Left,z,MP,19,Female,1,N,N,English,,,2021-02-21_11h54.14.171,Tse_Altarriba_Simon1,2020.1.2,MacIntel,60,3445,,,z,1,0.71922,,,,,,,,0,32,32,1,1
,,,,,,,,,,,,Images/IncongruentRight.jpeg,Incongruent Right,m,MP,19,Female,1,N,N,English,,,2021-02-21_11h54.14.171,Tse_Altarriba_Simon1,2020.1.2,MacIntel,60,3445,,,m,1,0.586765,,,,,,,,0,33,33,30,1
,,,,,,,,,,,,Images/CongruentRight.jpeg,Congruent Right,m,MP,19,Female,1,N,N,English,,,2021-02-21_11h54.14.171,Tse_Altarriba_Simon1,2020.1.2,MacIntel,60,3445,,,m,1,0.60063,,,,,,,,0,34,34,12,1
,,,,,,,,,,,,Images/IncongruentLeft.jpeg,Incongruent Left,z,MP,19,Female,1,N,N,English,,,2021-02-21_11h54.14.171,Tse_Altarriba_Simon1,2020.1.2,MacIntel,60,3445,,,z,1,0.56685,,,,,,,,0,35,35,23,1
,,,,,,,,,,,,Images/NeurtalRight.jpeg,Neutral Right,m,MP,19,Female,1,N,N,English,,,2021-02-21_11h54.14.171,Tse_Altarriba_Simon1,2020.1.2,MacIntel,60,3445,,,m,1,0.484365,,,,,,,,0,36,36,54,1
,,,,,,,,,,,,Images/IncongruentRight.jpeg,Incongruent Right,m,MP,19,Female,1,N,N,English,,,2021-02-21_11h54.14.171,Tse_Altarriba_Simon1,2020.1.2,MacIntel,60,3445,,,m,1,0.550335,,,,,,,,0,37,37,34,1
,,,,,,,,,,,,Images/NeutralLeft.jpeg,Neutral Left,z,MP,19,Female,1,N,N,English,,,2021-02-21_11h54.14.171,Tse_Altarriba_Simon1,2020.1.2,MacIntel,60,3445,,,z,1,0.74955,,,,,,,,0,38,38,47,1
,,,,,,,,,,,,Images/CongruentLeft.jpeg,Congruent Left,z,MP,19,Female,1,N,N,English,,,2021-02-21_11h54.14.171,Tse_Altarriba_Simon1,2020.1.2,MacIntel,60,3445,,,z,1,0.567585,,,,,,,,0,39,39,6,1
,,,,,,,,,,,,Images/IncongruentRight.jpeg,Incongruent Right,m,MP,19,Female,1,N,N,English,,,2021-02-21_11h54.14.171,Tse_Altarriba_Simon1,2020.1.2,MacIntel,60,3445,,,m,1,0.53413,,,,,,,,0,40,40,36,1
,,,,,,,,,,,,Images/CongruentLeft.jpeg,Congruent Left,z,MP,19,Female,1,N,N,English,,,2021-02-21_11h54.14.171,Tse_Altarriba_Simon1,2020.1.2,MacIntel,60,3445,,,z,1,0.55031,,,,,,,,0,41,41,2,1
,,,,,,,,,,,,Images/NeurtalRight.jpeg,Neutral Right,m,MP,19,Female,1,N,N,English,,,2021-02-21_11h54.14.171,Tse_Altarriba_Simon1,2020.1.2,MacIntel,60,3445,,,m,1,0.546945,,,,,,,,0,42,42,59,1
,,,,,,,,,,,,Images/CongruentLeft.jpeg,Congruent Left,z,MP,19,Female,1,N,N,English,,,2021-02-21_11h54.14.171,Tse_Altarriba_Simon1,2020.1.2,MacIntel,60,3445,,,z,1,0.585215,,,,,,,,0,43,43,7,1
,,,,,,,,,,,,Images/NeurtalRight.jpeg,Neutral Right,m,MP,19,Female,1,N,N,English,,,2021-02-21_11h54.14.171,Tse_Altarriba_Simon1,2020.1.2,MacIntel,60,3445,,,m,1,0.66757,,,,,,,,0,44,44,57,1
,,,,,,,,,,,,Images/NeurtalRight.jpeg,Neutral Right,m,MP,19,Female,1,N,N,English,,,2021-02-21_11h54.14.171,Tse_Altarriba_Simon1,2020.1.2,MacIntel,60,3445,,,m,1,0.61753,,,,,,,,0,45,45,55,1
,,,,,,,,,,,,Images/NeurtalRight.jpeg,Neutral Right,m,MP,19,Female,1,N,N,English,,,2021-02-21_11h54.14.171,Tse_Altarriba_Simon1,2020.1.2,MacIntel,60,3445,,,m,1,0.550335,,,,,,,,0,46,46,51,1
,,,,,,,,,,,,Images/NeutralLeft.jpeg,Neutral Left,z,MP,19,Female,1,N,N,English,,,2021-02-21_11h54.14.171,Tse_Altarriba_Simon1,2020.1.2,MacIntel,60,3445,,,z,1,0.5843,,,,,,,,0,47,47,43,1
,,,,,,,,,,,,Images/CongruentRight.jpeg,Congruent Right,m,MP,19,Female,1,N,N,English,,,2021-02-21_11h54.14.171,Tse_Altarriba_Simon1,2020.1.2,MacIntel,60,3445,,,m,1,0.5167,,,,,,,,0,48,48,10,1
,,,,,,,,,,,,Images/CongruentLeft.jpeg,Congruent Left,z,MP,19,Female,1,N,N,English,,,2021-02-21_11h54.14.171,Tse_Altarriba_Simon1,2020.1.2,MacIntel,60,3445,,,z,1,0.535855,,,,,,,,0,49,49,3,1
,,,,,,,,,,,,Images/NeutralLeft.jpeg,Neutral Left,z,MP,19,Female,1,N,N,English,,,2021-02-21_11h54.14.171,Tse_Altarriba_Simon1,2020.1.2,MacIntel,60,3445,,,z,1,0.467845,,,,,,,,0,50,50,45,1
,,,,,,,,,,,,Images/IncongruentLeft.jpeg,Incongruent Left,z,MP,19,Female,1,N,N,English,,,2021-02-21_11h54.14.171,Tse_Altarriba_Simon1,2020.1.2,MacIntel,60,3445,,,z,1,0.667825,,,,,,,,0,51,51,24,1
,,,,,,,,,,,,Images/IncongruentLeft.jpeg,Incongruent Left,z,MP,19,Female,1,N,N,English,,,2021-02-21_11h54.14.171,Tse_Altarriba_Simon1,2020.1.2,MacIntel,60,3445,,,z,1,0.516075,,,,,,,,0,52,52,26,1
,,,,,,,,,,,,Images/NeurtalRight.jpeg,Neutral Right,m,MP,19,Female,1,N,N,English,,,2021-02-21_11h54.14.171,Tse_Altarriba_Simon1,2020.1.2,MacIntel,60,3445,,,m,1,0.635135,,,,,,,,0,53,53,50,1
,,,,,,,,,,,,Images/CongruentLeft.jpeg,Congruent Left,z,MP,19,Female,1,N,N,English,,,2021-02-21_11h54.14.171,Tse_Altarriba_Simon1,2020.1.2,MacIntel,60,3445,,,z,1,0.548375,,,,,,,,0,54,54,8,1
,,,,,,,,,,,,Images/IncongruentRight.jpeg,Incongruent Right,m,MP,19,Female,1,N,N,English,,,2021-02-21_11h54.14.171,Tse_Altarriba_Simon1,2020.1.2,MacIntel,60,3445,,,m,1,0.59878,,,,,,,,0,55,55,39,1
,,,,,,,,,,,,Images/NeurtalRight.jpeg,Neutral Right,m,MP,19,Female,1,N,N,English,,,2021-02-21_11h54.14.171,Tse_Altarriba_Simon1,2020.1.2,MacIntel,60,3445,,,m,1,0.583235,,,,,,,,0,56,56,58,1
,,,,,,,,,,,,Images/NeutralLeft.jpeg,Neutral Left,z,MP,19,Female,1,N,N,English,,,2021-02-21_11h54.14.171,Tse_Altarriba_Simon1,2020.1.2,MacIntel,60,3445,,,z,1,0.58543,,,,,,,,0,57,57,48,1
,,,,,,,,,,,,Images/NeutralLeft.jpeg,Neutral Left,z,MP,19,Female,1,N,N,English,,,2021-02-21_11h54.14.171,Tse_Altarriba_Simon1,2020.1.2,MacIntel,60,3445,,,z,1,0.850035,,,,,,,,0,58,58,40,1
,,,,,,,,,,,,Images/IncongruentRight.jpeg,Incongruent Right,m,MP,19,Female,1,N,N,English,,,2021-02-21_11h54.14.171,Tse_Altarriba_Simon1,2020.1.2,MacIntel,60,3445,,,m,1,0.63443,,,,,,,,0,59,59,37,1
