Space1.keys,Space1.rt,Space2.keys,Space2.rt,response.keys,response.corr,response.rt,Practice_loop.thisRepN,Practice_loop.thisTrialN,Practice_loop.thisN,Practice_loop.thisIndex,Practice_loop.ran,ImageFile,Condition,CorrAns,Your initials,What is your age?,What is your gender?,What year are you in?,Are you Dyslexic? (Y/N),Are you bi/multilingual? (Y/N),What is your first language?,"What is your second language? (if you are monollingual, leave blank)",What other languages do you speak?,date,expName,psychopyVersion,OS,frameRate,participant,Space3.keys,Space3.rt,key_resp_2.keys,key_resp_2.corr,key_resp_2.rt,trials.thisRepN,trials.thisTrialN,trials.thisN,trials.thisIndex,trials.ran,Space4.keys,Space4.rt,trials_2.thisRepN,trials_2.thisTrialN,trials_2.thisN,trials_2.thisIndex,trials_2.ran
space,3.194235,space,19.25485,m,1,0.54516,0,0,0,6,1,Images/IncongruentRight.jpeg,Incongruent Right,m,LC,19,Female,1,N,Y,Chinese,English,,2021-02-22_12h10.44.877,Tse_Altarriba_Simon1,2020.1.2,MacIntel,60,3457,,,,,,,,,,,,,,,,,
,,,,m,1,0.609295,0,1,1,3,1,Images/CongruentRight.jpeg,Congruent Right,m,LC,19,Female,1,N,Y,Chinese,English,,2021-02-22_12h10.44.877,Tse_Altarriba_Simon1,2020.1.2,MacIntel,60,3457,,,,,,,,,,,,,,,,,
,,,,z,1,0.482295,0,2,2,0,1,Images/CongruentLeft.jpeg,Congruent Left,z,LC,19,Female,1,N,Y,Chinese,English,,2021-02-22_12h10.44.877,Tse_Altarriba_Simon1,2020.1.2,MacIntel,60,3457,,,,,,,,,,,,,,,,,
,,,,m,1,0.497445,0,3,3,10,1,Images/NeurtalRight.jpeg,Neutral Right,m,LC,19,Female,1,N,Y,Chinese,English,,2021-02-22_12h10.44.877,Tse_Altarriba_Simon1,2020.1.2,MacIntel,60,3457,,,,,,,,,,,,,,,,,
,,,,m,1,0.595275,0,4,4,2,1,Images/CongruentRight.jpeg,Congruent Right,m,LC,19,Female,1,N,Y,Chinese,English,,2021-02-22_12h10.44.877,Tse_Altarriba_Simon1,2020.1.2,MacIntel,60,3457,,,,,,,,,,,,,,,,,
,,,,z,1,0.380805,0,5,5,1,1,Images/CongruentLeft.jpeg,Congruent Left,z,LC,19,Female,1,N,Y,Chinese,English,,2021-02-22_12h10.44.877,Tse_Altarriba_Simon1,2020.1.2,MacIntel,60,3457,,,,,,,,,,,,,,,,,
,,,,z,1,0.48359,0,6,6,9,1,Images/NeutralLeft.jpeg,Neutral Left,z,LC,19,Female,1,N,Y,Chinese,English,,2021-02-22_12h10.44.877,Tse_Altarriba_Simon1,2020.1.2,MacIntel,60,3457,,,,,,,,,,,,,,,,,
,,,,m,1,0.42071,0,7,7,11,1,Images/NeurtalRight.jpeg,Neutral Right,m,LC,19,Female,1,N,Y,Chinese,English,,2021-02-22_12h10.44.877,Tse_Altarriba_Simon1,2020.1.2,MacIntel,60,3457,,,,,,,,,,,,,,,,,
,,,,z,1,0.39888,0,8,8,8,1,Images/NeutralLeft.jpeg,Neutral Left,z,LC,19,Female,1,N,Y,Chinese,English,,2021-02-22_12h10.44.877,Tse_Altarriba_Simon1,2020.1.2,MacIntel,60,3457,,,,,,,,,,,,,,,,,
,,,,m,1,0.463015,0,9,9,7,1,Images/IncongruentRight.jpeg,Incongruent Right,m,LC,19,Female,1,N,Y,Chinese,English,,2021-02-22_12h10.44.877,Tse_Altarriba_Simon1,2020.1.2,MacIntel,60,3457,,,,,,,,,,,,,,,,,
,,,,z,1,0.51108,0,10,10,5,1,Images/IncongruentLeft.jpeg,Incongruent Left,z,LC,19,Female,1,N,Y,Chinese,English,,2021-02-22_12h10.44.877,Tse_Altarriba_Simon1,2020.1.2,MacIntel,60,3457,,,,,,,,,,,,,,,,,
,,,,z,1,0.51082,0,11,11,4,1,Images/IncongruentLeft.jpeg,Incongruent Left,z,LC,19,Female,1,N,Y,Chinese,English,,2021-02-22_12h10.44.877,Tse_Altarriba_Simon1,2020.1.2,MacIntel,60,3457,,,,,,,,,,,,,,,,,
,,,,,,,,,,,,Images/NeutralLeft.jpeg,Neutral Left,z,LC,19,Female,1,N,Y,Chinese,English,,2021-02-22_12h10.44.877,Tse_Altarriba_Simon1,2020.1.2,MacIntel,60,3457,space,8.916495,z,1,0.611025,0,0,0,41,1,,,,,,,
,,,,,,,,,,,,Images/CongruentLeft.jpeg,Congruent Left,z,LC,19,Female,1,N,Y,Chinese,English,,2021-02-22_12h10.44.877,Tse_Altarriba_Simon1,2020.1.2,MacIntel,60,3457,,,z,1,0.542955,0,1,1,2,1,,,,,,,
,,,,,,,,,,,,Images/IncongruentRight.jpeg,Incongruent Right,m,LC,19,Female,1,N,Y,Chinese,English,,2021-02-22_12h10.44.877,Tse_Altarriba_Simon1,2020.1.2,MacIntel,60,3457,,,m,1,0.49574,0,2,2,36,1,,,,,,,
,,,,,,,,,,,,Images/IncongruentLeft.jpeg,Incongruent Left,z,LC,19,Female,1,N,Y,Chinese,English,,2021-02-22_12h10.44.877,Tse_Altarriba_Simon1,2020.1.2,MacIntel,60,3457,,,z,1,0.487005,0,3,3,24,1,,,,,,,
,,,,,,,,,,,,Images/NeurtalRight.jpeg,Neutral Right,m,LC,19,Female,1,N,Y,Chinese,English,,2021-02-22_12h10.44.877,Tse_Altarriba_Simon1,2020.1.2,MacIntel,60,3457,,,m,1,0.462515,0,4,4,52,1,,,,,,,
,,,,,,,,,,,,Images/CongruentLeft.jpeg,Congruent Left,z,LC,19,Female,1,N,Y,Chinese,English,,2021-02-22_12h10.44.877,Tse_Altarriba_Simon1,2020.1.2,MacIntel,60,3457,,,z,1,0.495285,0,5,5,5,1,,,,,,,
,,,,,,,,,,,,Images/CongruentLeft.jpeg,Congruent Left,z,LC,19,Female,1,N,Y,Chinese,English,,2021-02-22_12h10.44.877,Tse_Altarriba_Simon1,2020.1.2,MacIntel,60,3457,,,z,1,0.52943,0,6,6,4,1,,,,,,,
,,,,,,,,,,,,Images/NeurtalRight.jpeg,Neutral Right,m,LC,19,Female,1,N,Y,Chinese,English,,2021-02-22_12h10.44.877,Tse_Altarriba_Simon1,2020.1.2,MacIntel,60,3457,,,m,1,0.415625,0,7,7,53,1,,,,,,,
,,,,,,,,,,,,Images/IncongruentRight.jpeg,Incongruent Right,m,LC,19,Female,1,N,Y,Chinese,English,,2021-02-22_12h10.44.877,Tse_Altarriba_Simon1,2020.1.2,MacIntel,60,3457,,,m,1,0.495635,0,8,8,33,1,,,,,,,
,,,,,,,,,,,,Images/CongruentLeft.jpeg,Congruent Left,z,LC,19,Female,1,N,Y,Chinese,English,,2021-02-22_12h10.44.877,Tse_Altarriba_Simon1,2020.1.2,MacIntel,60,3457,,,z,1,0.513385,0,9,9,3,1,,,,,,,
,,,,,,,,,,,,Images/IncongruentRight.jpeg,Incongruent Right,m,LC,19,Female,1,N,Y,Chinese,English,,2021-02-22_12h10.44.877,Tse_Altarriba_Simon1,2020.1.2,MacIntel,60,3457,,,m,1,0.497665,0,10,10,35,1,,,,,,,
,,,,,,,,,,,,Images/NeutralLeft.jpeg,Neutral Left,z,LC,19,Female,1,N,Y,Chinese,English,,2021-02-22_12h10.44.877,Tse_Altarriba_Simon1,2020.1.2,MacIntel,60,3457,,,z,1,0.43071,0,11,11,49,1,,,,,,,
,,,,,,,,,,,,Images/IncongruentLeft.jpeg,Incongruent Left,z,LC,19,Female,1,N,Y,Chinese,English,,2021-02-22_12h10.44.877,Tse_Altarriba_Simon1,2020.1.2,MacIntel,60,3457,,,z,1,0.56971,0,12,12,28,1,,,,,,,
,,,,,,,,,,,,Images/CongruentRight.jpeg,Congruent Right,m,LC,19,Female,1,N,Y,Chinese,English,,2021-02-22_12h10.44.877,Tse_Altarriba_Simon1,2020.1.2,MacIntel,60,3457,,,m,1,0.39597,0,13,13,17,1,,,,,,,
,,,,,,,,,,,,Images/IncongruentLeft.jpeg,Incongruent Left,z,LC,19,Female,1,N,Y,Chinese,English,,2021-02-22_12h10.44.877,Tse_Altarriba_Simon1,2020.1.2,MacIntel,60,3457,,,z,1,0.49976,0,14,14,21,1,,,,,,,
,,,,,,,,,,,,Images/NeutralLeft.jpeg,Neutral Left,z,LC,19,Female,1,N,Y,Chinese,English,,2021-02-22_12h10.44.877,Tse_Altarriba_Simon1,2020.1.2,MacIntel,60,3457,,,m,0,0.39687,0,15,15,46,1,,,,,,,
,,,,,,,,,,,,Images/NeutralLeft.jpeg,Neutral Left,z,LC,19,Female,1,N,Y,Chinese,English,,2021-02-22_12h10.44.877,Tse_Altarriba_Simon1,2020.1.2,MacIntel,60,3457,,,z,1,0.483465,0,16,16,43,1,,,,,,,
,,,,,,,,,,,,Images/CongruentRight.jpeg,Congruent Right,m,LC,19,Female,1,N,Y,Chinese,English,,2021-02-22_12h10.44.877,Tse_Altarriba_Simon1,2020.1.2,MacIntel,60,3457,,,m,1,0.546265,0,17,17,19,1,,,,,,,
,,,,,,,,,,,,Images/IncongruentRight.jpeg,Incongruent Right,m,LC,19,Female,1,N,Y,Chinese,English,,2021-02-22_12h10.44.877,Tse_Altarriba_Simon1,2020.1.2,MacIntel,60,3457,,,m,1,0.582255,0,18,18,31,1,,,,,,,
,,,,,,,,,,,,Images/IncongruentLeft.jpeg,Incongruent Left,z,LC,19,Female,1,N,Y,Chinese,English,,2021-02-22_12h10.44.877,Tse_Altarriba_Simon1,2020.1.2,MacIntel,60,3457,,,z,1,0.50452,0,19,19,29,1,,,,,,,
,,,,,,,,,,,,Images/CongruentRight.jpeg,Congruent Right,m,LC,19,Female,1,N,Y,Chinese,English,,2021-02-22_12h10.44.877,Tse_Altarriba_Simon1,2020.1.2,MacIntel,60,3457,,,m,1,0.52164,0,20,20,16,1,,,,,,,
,,,,,,,,,,,,Images/CongruentRight.jpeg,Congruent Right,m,LC,19,Female,1,N,Y,Chinese,English,,2021-02-22_12h10.44.877,Tse_Altarriba_Simon1,2020.1.2,MacIntel,60,3457,,,m,1,0.46186,0,21,21,15,1,,,,,,,
,,,,,,,,,,,,Images/NeurtalRight.jpeg,Neutral Right,m,LC,19,Female,1,N,Y,Chinese,English,,2021-02-22_12h10.44.877,Tse_Altarriba_Simon1,2020.1.2,MacIntel,60,3457,,,m,1,0.42058,0,22,22,51,1,,,,,,,
,,,,,,,,,,,,Images/NeutralLeft.jpeg,Neutral Left,z,LC,19,Female,1,N,Y,Chinese,English,,2021-02-22_12h10.44.877,Tse_Altarriba_Simon1,2020.1.2,MacIntel,60,3457,,,z,1,0.39621,0,23,23,45,1,,,,,,,
,,,,,,,,,,,,Images/CongruentRight.jpeg,Congruent Right,m,LC,19,Female,1,N,Y,Chinese,English,,2021-02-22_12h10.44.877,Tse_Altarriba_Simon1,2020.1.2,MacIntel,60,3457,,,m,1,0.44675,0,24,24,11,1,,,,,,,
,,,,,,,,,,,,Images/NeurtalRight.jpeg,Neutral Right,m,LC,19,Female,1,N,Y,Chinese,English,,2021-02-22_12h10.44.877,Tse_Altarriba_Simon1,2020.1.2,MacIntel,60,3457,,,m,1,0.4464,0,25,25,59,1,,,,,,,
,,,,,,,,,,,,Images/CongruentLeft.jpeg,Congruent Left,z,LC,19,Female,1,N,Y,Chinese,English,,2021-02-22_12h10.44.877,Tse_Altarriba_Simon1,2020.1.2,MacIntel,60,3457,,,z,1,0.46265,0,26,26,6,1,,,,,,,
,,,,,,,,,,,,Images/CongruentLeft.jpeg,Congruent Left,z,LC,19,Female,1,N,Y,Chinese,English,,2021-02-22_12h10.44.877,Tse_Altarriba_Simon1,2020.1.2,MacIntel,60,3457,,,z,1,0.429185,0,27,27,7,1,,,,,,,
,,,,,,,,,,,,Images/IncongruentRight.jpeg,Incongruent Right,m,LC,19,Female,1,N,Y,Chinese,English,,2021-02-22_12h10.44.877,Tse_Altarriba_Simon1,2020.1.2,MacIntel,60,3457,,,m,1,0.46352,0,28,28,30,1,,,,,,,
,,,,,,,,,,,,Images/NeurtalRight.jpeg,Neutral Right,m,LC,19,Female,1,N,Y,Chinese,English,,2021-02-22_12h10.44.877,Tse_Altarriba_Simon1,2020.1.2,MacIntel,60,3457,,,m,1,0.43676,0,29,29,55,1,,,,,,,
,,,,,,,,,,,,Images/IncongruentLeft.jpeg,Incongruent Left,z,LC,19,Female,1,N,Y,Chinese,English,,2021-02-22_12h10.44.877,Tse_Altarriba_Simon1,2020.1.2,MacIntel,60,3457,,,z,1,0.490995,0,30,30,26,1,,,,,,,
,,,,,,,,,,,,Images/NeutralLeft.jpeg,Neutral Left,z,LC,19,Female,1,N,Y,Chinese,English,,2021-02-22_12h10.44.877,Tse_Altarriba_Simon1,2020.1.2,MacIntel,60,3457,,,z,1,0.5395,0,31,31,48,1,,,,,,,
,,,,,,,,,,,,Images/CongruentRight.jpeg,Congruent Right,m,LC,19,Female,1,N,Y,Chinese,English,,2021-02-22_12h10.44.877,Tse_Altarriba_Simon1,2020.1.2,MacIntel,60,3457,,,m,1,0.42825,0,32,32,18,1,,,,,,,
,,,,,,,,,,,,Images/CongruentRight.jpeg,Congruent Right,m,LC,19,Female,1,N,Y,Chinese,English,,2021-02-22_12h10.44.877,Tse_Altarriba_Simon1,2020.1.2,MacIntel,60,3457,,,m,1,0.444965,0,33,33,13,1,,,,,,,
,,,,,,,,,,,,Images/IncongruentLeft.jpeg,Incongruent Left,z,LC,19,Female,1,N,Y,Chinese,English,,2021-02-22_12h10.44.877,Tse_Altarriba_Simon1,2020.1.2,MacIntel,60,3457,,,m,0,0.43527,0,34,34,22,1,,,,,,,
,,,,,,,,,,,,Images/NeurtalRight.jpeg,Neutral Right,m,LC,19,Female,1,N,Y,Chinese,English,,2021-02-22_12h10.44.877,Tse_Altarriba_Simon1,2020.1.2,MacIntel,60,3457,,,m,1,0.44476,0,35,35,58,1,,,,,,,
,,,,,,,,,,,,Images/NeutralLeft.jpeg,Neutral Left,z,LC,19,Female,1,N,Y,Chinese,English,,2021-02-22_12h10.44.877,Tse_Altarriba_Simon1,2020.1.2,MacIntel,60,3457,,,z,1,0.431845,0,36,36,47,1,,,,,,,
,,,,,,,,,,,,Images/NeutralLeft.jpeg,Neutral Left,z,LC,19,Female,1,N,Y,Chinese,English,,2021-02-22_12h10.44.877,Tse_Altarriba_Simon1,2020.1.2,MacIntel,60,3457,,,z,1,0.404425,0,37,37,44,1,,,,,,,
,,,,,,,,,,,,Images/IncongruentRight.jpeg,Incongruent Right,m,LC,19,Female,1,N,Y,Chinese,English,,2021-02-22_12h10.44.877,Tse_Altarriba_Simon1,2020.1.2,MacIntel,60,3457,,,m,1,0.49543,0,38,38,39,1,,,,,,,
,,,,,,,,,,,,Images/CongruentRight.jpeg,Congruent Right,m,LC,19,Female,1,N,Y,Chinese,English,,2021-02-22_12h10.44.877,Tse_Altarriba_Simon1,2020.1.2,MacIntel,60,3457,,,m,1,0.40106,0,39,39,14,1,,,,,,,
,,,,,,,,,,,,Images/IncongruentRight.jpeg,Incongruent Right,m,LC,19,Female,1,N,Y,Chinese,English,,2021-02-22_12h10.44.877,Tse_Altarriba_Simon1,2020.1.2,MacIntel,60,3457,,,m,1,0.646785,0,40,40,32,1,,,,,,,
,,,,,,,,,,,,Images/CongruentLeft.jpeg,Congruent Left,z,LC,19,Female,1,N,Y,Chinese,English,,2021-02-22_12h10.44.877,Tse_Altarriba_Simon1,2020.1.2,MacIntel,60,3457,,,z,1,0.46526,0,41,41,1,1,,,,,,,
,,,,,,,,,,,,Images/IncongruentLeft.jpeg,Incongruent Left,z,LC,19,Female,1,N,Y,Chinese,English,,2021-02-22_12h10.44.877,Tse_Altarriba_Simon1,2020.1.2,MacIntel,60,3457,,,m,0,0.412565,0,42,42,20,1,,,,,,,
,,,,,,,,,,,,Images/CongruentLeft.jpeg,Congruent Left,z,LC,19,Female,1,N,Y,Chinese,English,,2021-02-22_12h10.44.877,Tse_Altarriba_Simon1,2020.1.2,MacIntel,60,3457,,,z,1,0.431,0,43,43,0,1,,,,,,,
,,,,,,,,,,,,Images/NeutralLeft.jpeg,Neutral Left,z,LC,19,Female,1,N,Y,Chinese,English,,2021-02-22_12h10.44.877,Tse_Altarriba_Simon1,2020.1.2,MacIntel,60,3457,,,z,1,0.47005,0,44,44,42,1,,,,,,,
,,,,,,,,,,,,Images/IncongruentLeft.jpeg,Incongruent Left,z,LC,19,Female,1,N,Y,Chinese,English,,2021-02-22_12h10.44.877,Tse_Altarriba_Simon1,2020.1.2,MacIntel,60,3457,,,z,1,0.45021,0,45,45,27,1,,,,,,,
,,,,,,,,,,,,Images/NeurtalRight.jpeg,Neutral Right,m,LC,19,Female,1,N,Y,Chinese,English,,2021-02-22_12h10.44.877,Tse_Altarriba_Simon1,2020.1.2,MacIntel,60,3457,,,m,1,0.41324,0,46,46,54,1,,,,,,,
,,,,,,,,,,,,Images/IncongruentRight.jpeg,Incongruent Right,m,LC,19,Female,1,N,Y,Chinese,English,,2021-02-22_12h10.44.877,Tse_Altarriba_Simon1,2020.1.2,MacIntel,60,3457,,,m,1,0.519,0,47,47,34,1,,,,,,,
,,,,,,,,,,,,Images/CongruentLeft.jpeg,Congruent Left,z,LC,19,Female,1,N,Y,Chinese,English,,2021-02-22_12h10.44.877,Tse_Altarriba_Simon1,2020.1.2,MacIntel,60,3457,,,z,1,0.451075,0,48,48,8,1,,,,,,,
,,,,,,,,,,,,Images/IncongruentRight.jpeg,Incongruent Right,m,LC,19,Female,1,N,Y,Chinese,English,,2021-02-22_12h10.44.877,Tse_Altarriba_Simon1,2020.1.2,MacIntel,60,3457,,,m,1,0.469535,0,49,49,37,1,,,,,,,
,,,,,,,,,,,,Images/IncongruentLeft.jpeg,Incongruent Left,z,LC,19,Female,1,N,Y,Chinese,English,,2021-02-22_12h10.44.877,Tse_Altarriba_Simon1,2020.1.2,MacIntel,60,3457,,,z,1,0.43018,0,50,50,23,1,,,,,,,
,,,,,,,,,,,,Images/CongruentLeft.jpeg,Congruent Left,z,LC,19,Female,1,N,Y,Chinese,English,,2021-02-22_12h10.44.877,Tse_Altarriba_Simon1,2020.1.2,MacIntel,60,3457,,,z,1,0.61446,0,51,51,9,1,,,,,,,
,,,,,,,,,,,,Images/NeutralLeft.jpeg,Neutral Left,z,LC,19,Female,1,N,Y,Chinese,English,,2021-02-22_12h10.44.877,Tse_Altarriba_Simon1,2020.1.2,MacIntel,60,3457,,,z,1,0.41333,0,52,52,40,1,,,,,,,
,,,,,,,,,,,,Images/CongruentRight.jpeg,Congruent Right,m,LC,19,Female,1,N,Y,Chinese,English,,2021-02-22_12h10.44.877,Tse_Altarriba_Simon1,2020.1.2,MacIntel,60,3457,,,m,1,0.380615,0,53,53,10,1,,,,,,,
,,,,,,,,,,,,Images/NeurtalRight.jpeg,Neutral Right,m,LC,19,Female,1,N,Y,Chinese,English,,2021-02-22_12h10.44.877,Tse_Altarriba_Simon1,2020.1.2,MacIntel,60,3457,,,m,1,0.428085,0,54,54,50,1,,,,,,,
,,,,,,,,,,,,Images/IncongruentRight.jpeg,Incongruent Right,m,LC,19,Female,1,N,Y,Chinese,English,,2021-02-22_12h10.44.877,Tse_Altarriba_Simon1,2020.1.2,MacIntel,60,3457,,,m,1,0.53591,0,55,55,38,1,,,,,,,
,,,,,,,,,,,,Images/NeurtalRight.jpeg,Neutral Right,m,LC,19,Female,1,N,Y,Chinese,English,,2021-02-22_12h10.44.877,Tse_Altarriba_Simon1,2020.1.2,MacIntel,60,3457,,,m,1,0.43082,0,56,56,57,1,,,,,,,
,,,,,,,,,,,,Images/IncongruentLeft.jpeg,Incongruent Left,z,LC,19,Female,1,N,Y,Chinese,English,,2021-02-22_12h10.44.877,Tse_Altarriba_Simon1,2020.1.2,MacIntel,60,3457,,,z,1,0.481005,0,57,57,25,1,,,,,,,
,,,,,,,,,,,,Images/CongruentRight.jpeg,Congruent Right,m,LC,19,Female,1,N,Y,Chinese,English,,2021-02-22_12h10.44.877,Tse_Altarriba_Simon1,2020.1.2,MacIntel,60,3457,,,m,1,0.428365,0,58,58,12,1,,,,,,,
,,,,,,,,,,,,Images/NeurtalRight.jpeg,Neutral Right,m,LC,19,Female,1,N,Y,Chinese,English,,2021-02-22_12h10.44.877,Tse_Altarriba_Simon1,2020.1.2,MacIntel,60,3457,,,m,1,0.462455,0,59,59,56,1,,,,,,,
,,,,,,,,,,,,Images/NeutralLeft.jpeg,Neutral Left,z,LC,19,Female,1,N,Y,Chinese,English,,2021-02-22_12h10.44.877,Tse_Altarriba_Simon1,2020.1.2,MacIntel,60,3457,,,z,1,0.43023,,,,,,space,6.7975,0,0,0,45,1
,,,,,,,,,,,,Images/CongruentRight.jpeg,Congruent Right,m,LC,19,Female,1,N,Y,Chinese,English,,2021-02-22_12h10.44.877,Tse_Altarriba_Simon1,2020.1.2,MacIntel,60,3457,,,m,1,0.430335,,,,,,,,0,1,1,15,1
,,,,,,,,,,,,Images/NeurtalRight.jpeg,Neutral Right,m,LC,19,Female,1,N,Y,Chinese,English,,2021-02-22_12h10.44.877,Tse_Altarriba_Simon1,2020.1.2,MacIntel,60,3457,,,m,1,0.397805,,,,,,,,0,2,2,54,1
,,,,,,,,,,,,Images/CongruentRight.jpeg,Congruent Right,m,LC,19,Female,1,N,Y,Chinese,English,,2021-02-22_12h10.44.877,Tse_Altarriba_Simon1,2020.1.2,MacIntel,60,3457,,,m,1,0.415865,,,,,,,,0,3,3,14,1
,,,,,,,,,,,,Images/NeurtalRight.jpeg,Neutral Right,m,LC,19,Female,1,N,Y,Chinese,English,,2021-02-22_12h10.44.877,Tse_Altarriba_Simon1,2020.1.2,MacIntel,60,3457,,,m,1,0.397545,,,,,,,,0,4,4,53,1
,,,,,,,,,,,,Images/NeutralLeft.jpeg,Neutral Left,z,LC,19,Female,1,N,Y,Chinese,English,,2021-02-22_12h10.44.877,Tse_Altarriba_Simon1,2020.1.2,MacIntel,60,3457,,,z,1,0.41824,,,,,,,,0,5,5,46,1
,,,,,,,,,,,,Images/NeurtalRight.jpeg,Neutral Right,m,LC,19,Female,1,N,Y,Chinese,English,,2021-02-22_12h10.44.877,Tse_Altarriba_Simon1,2020.1.2,MacIntel,60,3457,,,m,1,0.38009,,,,,,,,0,6,6,57,1
,,,,,,,,,,,,Images/NeutralLeft.jpeg,Neutral Left,z,LC,19,Female,1,N,Y,Chinese,English,,2021-02-22_12h10.44.877,Tse_Altarriba_Simon1,2020.1.2,MacIntel,60,3457,,,z,1,0.36463,,,,,,,,0,7,7,44,1
,,,,,,,,,,,,Images/IncongruentLeft.jpeg,Incongruent Left,z,LC,19,Female,1,N,Y,Chinese,English,,2021-02-22_12h10.44.877,Tse_Altarriba_Simon1,2020.1.2,MacIntel,60,3457,,,z,1,0.52402,,,,,,,,0,8,8,28,1
,,,,,,,,,,,,Images/NeurtalRight.jpeg,Neutral Right,m,LC,19,Female,1,N,Y,Chinese,English,,2021-02-22_12h10.44.877,Tse_Altarriba_Simon1,2020.1.2,MacIntel,60,3457,,,m,1,0.469555,,,,,,,,0,9,9,50,1
,,,,,,,,,,,,Images/IncongruentRight.jpeg,Incongruent Right,m,LC,19,Female,1,N,Y,Chinese,English,,2021-02-22_12h10.44.877,Tse_Altarriba_Simon1,2020.1.2,MacIntel,60,3457,,,m,1,0.41371,,,,,,,,0,10,10,32,1
,,,,,,,,,,,,Images/IncongruentLeft.jpeg,Incongruent Left,z,LC,19,Female,1,N,Y,Chinese,English,,2021-02-22_12h10.44.877,Tse_Altarriba_Simon1,2020.1.2,MacIntel,60,3457,,,z,1,0.421975,,,,,,,,0,11,11,21,1
,,,,,,,,,,,,Images/IncongruentLeft.jpeg,Incongruent Left,z,LC,19,Female,1,N,Y,Chinese,English,,2021-02-22_12h10.44.877,Tse_Altarriba_Simon1,2020.1.2,MacIntel,60,3457,,,z,1,0.41588,,,,,,,,0,12,12,24,1
,,,,,,,,,,,,Images/CongruentLeft.jpeg,Congruent Left,z,LC,19,Female,1,N,Y,Chinese,English,,2021-02-22_12h10.44.877,Tse_Altarriba_Simon1,2020.1.2,MacIntel,60,3457,,,z,1,0.4328,,,,,,,,0,13,13,8,1
,,,,,,,,,,,,Images/CongruentRight.jpeg,Congruent Right,m,LC,19,Female,1,N,Y,Chinese,English,,2021-02-22_12h10.44.877,Tse_Altarriba_Simon1,2020.1.2,MacIntel,60,3457,,,m,1,0.5149,,,,,,,,0,14,14,12,1
,,,,,,,,,,,,Images/NeutralLeft.jpeg,Neutral Left,z,LC,19,Female,1,N,Y,Chinese,English,,2021-02-22_12h10.44.877,Tse_Altarriba_Simon1,2020.1.2,MacIntel,60,3457,,,z,1,0.437555,,,,,,,,0,15,15,42,1
,,,,,,,,,,,,Images/CongruentRight.jpeg,Congruent Right,m,LC,19,Female,1,N,Y,Chinese,English,,2021-02-22_12h10.44.877,Tse_Altarriba_Simon1,2020.1.2,MacIntel,60,3457,,,m,1,0.430015,,,,,,,,0,16,16,17,1
,,,,,,,,,,,,Images/CongruentLeft.jpeg,Congruent Left,z,LC,19,Female,1,N,Y,Chinese,English,,2021-02-22_12h10.44.877,Tse_Altarriba_Simon1,2020.1.2,MacIntel,60,3457,,,z,1,0.38078,,,,,,,,0,17,17,9,1
,,,,,,,,,,,,Images/IncongruentRight.jpeg,Incongruent Right,m,LC,19,Female,1,N,Y,Chinese,English,,2021-02-22_12h10.44.877,Tse_Altarriba_Simon1,2020.1.2,MacIntel,60,3457,,,m,1,0.448275,,,,,,,,0,18,18,31,1
,,,,,,,,,,,,Images/NeurtalRight.jpeg,Neutral Right,m,LC,19,Female,1,N,Y,Chinese,English,,2021-02-22_12h10.44.877,Tse_Altarriba_Simon1,2020.1.2,MacIntel,60,3457,,,m,1,0.414755,,,,,,,,0,19,19,59,1
,,,,,,,,,,,,Images/NeutralLeft.jpeg,Neutral Left,z,LC,19,Female,1,N,Y,Chinese,English,,2021-02-22_12h10.44.877,Tse_Altarriba_Simon1,2020.1.2,MacIntel,60,3457,,,z,1,0.415535,,,,,,,,0,20,20,47,1
,,,,,,,,,,,,Images/CongruentRight.jpeg,Congruent Right,m,LC,19,Female,1,N,Y,Chinese,English,,2021-02-22_12h10.44.877,Tse_Altarriba_Simon1,2020.1.2,MacIntel,60,3457,,,m,1,0.367035,,,,,,,,0,21,21,11,1
,,,,,,,,,,,,Images/NeurtalRight.jpeg,Neutral Right,m,LC,19,Female,1,N,Y,Chinese,English,,2021-02-22_12h10.44.877,Tse_Altarriba_Simon1,2020.1.2,MacIntel,60,3457,,,m,1,0.422125,,,,,,,,0,22,22,58,1
,,,,,,,,,,,,Images/CongruentRight.jpeg,Congruent Right,m,LC,19,Female,1,N,Y,Chinese,English,,2021-02-22_12h10.44.877,Tse_Altarriba_Simon1,2020.1.2,MacIntel,60,3457,,,m,1,0.385405,,,,,,,,0,23,23,18,1
,,,,,,,,,,,,Images/NeurtalRight.jpeg,Neutral Right,m,LC,19,Female,1,N,Y,Chinese,English,,2021-02-22_12h10.44.877,Tse_Altarriba_Simon1,2020.1.2,MacIntel,60,3457,,,m,1,0.416295,,,,,,,,0,24,24,56,1
,,,,,,,,,,,,Images/NeutralLeft.jpeg,Neutral Left,z,LC,19,Female,1,N,Y,Chinese,English,,2021-02-22_12h10.44.877,Tse_Altarriba_Simon1,2020.1.2,MacIntel,60,3457,,,z,1,0.38241,,,,,,,,0,25,25,49,1
,,,,,,,,,,,,Images/IncongruentRight.jpeg,Incongruent Right,m,LC,19,Female,1,N,Y,Chinese,English,,2021-02-22_12h10.44.877,Tse_Altarriba_Simon1,2020.1.2,MacIntel,60,3457,,,m,1,0.44748,,,,,,,,0,26,26,30,1
,,,,,,,,,,,,Images/IncongruentLeft.jpeg,Incongruent Left,z,LC,19,Female,1,N,Y,Chinese,English,,2021-02-22_12h10.44.877,Tse_Altarriba_Simon1,2020.1.2,MacIntel,60,3457,,,z,1,0.440175,,,,,,,,0,27,27,25,1
,,,,,,,,,,,,Images/IncongruentLeft.jpeg,Incongruent Left,z,LC,19,Female,1,N,Y,Chinese,English,,2021-02-22_12h10.44.877,Tse_Altarriba_Simon1,2020.1.2,MacIntel,60,3457,,,z,1,0.464955,,,,,,,,0,28,28,23,1
,,,,,,,,,,,,Images/CongruentLeft.jpeg,Congruent Left,z,LC,19,Female,1,N,Y,Chinese,English,,2021-02-22_12h10.44.877,Tse_Altarriba_Simon1,2020.1.2,MacIntel,60,3457,,,z,1,0.431345,,,,,,,,0,29,29,0,1
,,,,,,,,,,,,Images/NeurtalRight.jpeg,Neutral Right,m,LC,19,Female,1,N,Y,Chinese,English,,2021-02-22_12h10.44.877,Tse_Altarriba_Simon1,2020.1.2,MacIntel,60,3457,,,m,1,0.401355,,,,,,,,0,30,30,55,1
,,,,,,,,,,,,Images/IncongruentLeft.jpeg,Incongruent Left,z,LC,19,Female,1,N,Y,Chinese,English,,2021-02-22_12h10.44.877,Tse_Altarriba_Simon1,2020.1.2,MacIntel,60,3457,,,z,1,0.517645,,,,,,,,0,31,31,29,1
,,,,,,,,,,,,Images/NeurtalRight.jpeg,Neutral Right,m,LC,19,Female,1,N,Y,Chinese,English,,2021-02-22_12h10.44.877,Tse_Altarriba_Simon1,2020.1.2,MacIntel,60,3457,,,m,1,0.397245,,,,,,,,0,32,32,52,1
,,,,,,,,,,,,Images/NeutralLeft.jpeg,Neutral Left,z,LC,19,Female,1,N,Y,Chinese,English,,2021-02-22_12h10.44.877,Tse_Altarriba_Simon1,2020.1.2,MacIntel,60,3457,,,z,1,0.431565,,,,,,,,0,33,33,43,1
,,,,,,,,,,,,Images/IncongruentLeft.jpeg,Incongruent Left,z,LC,19,Female,1,N,Y,Chinese,English,,2021-02-22_12h10.44.877,Tse_Altarriba_Simon1,2020.1.2,MacIntel,60,3457,,,z,1,0.45181,,,,,,,,0,34,34,22,1
,,,,,,,,,,,,Images/IncongruentRight.jpeg,Incongruent Right,m,LC,19,Female,1,N,Y,Chinese,English,,2021-02-22_12h10.44.877,Tse_Altarriba_Simon1,2020.1.2,MacIntel,60,3457,,,m,1,0.40074,,,,,,,,0,35,35,37,1
,,,,,,,,,,,,Images/CongruentRight.jpeg,Congruent Right,m,LC,19,Female,1,N,Y,Chinese,English,,2021-02-22_12h10.44.877,Tse_Altarriba_Simon1,2020.1.2,MacIntel,60,3457,,,m,1,0.44856,,,,,,,,0,36,36,19,1
,,,,,,,,,,,,Images/CongruentRight.jpeg,Congruent Right,m,LC,19,Female,1,N,Y,Chinese,English,,2021-02-22_12h10.44.877,Tse_Altarriba_Simon1,2020.1.2,MacIntel,60,3457,,,m,1,0.36413,,,,,,,,0,37,37,13,1
,,,,,,,,,,,,Images/IncongruentRight.jpeg,Incongruent Right,m,LC,19,Female,1,N,Y,Chinese,English,,2021-02-22_12h10.44.877,Tse_Altarriba_Simon1,2020.1.2,MacIntel,60,3457,,,m,1,0.537965,,,,,,,,0,38,38,39,1
,,,,,,,,,,,,Images/IncongruentRight.jpeg,Incongruent Right,m,LC,19,Female,1,N,Y,Chinese,English,,2021-02-22_12h10.44.877,Tse_Altarriba_Simon1,2020.1.2,MacIntel,60,3457,,,m,1,0.43085,,,,,,,,0,39,39,35,1
,,,,,,,,,,,,Images/CongruentRight.jpeg,Congruent Right,m,LC,19,Female,1,N,Y,Chinese,English,,2021-02-22_12h10.44.877,Tse_Altarriba_Simon1,2020.1.2,MacIntel,60,3457,,,m,1,0.43173,,,,,,,,0,40,40,16,1
,,,,,,,,,,,,Images/NeurtalRight.jpeg,Neutral Right,m,LC,19,Female,1,N,Y,Chinese,English,,2021-02-22_12h10.44.877,Tse_Altarriba_Simon1,2020.1.2,MacIntel,60,3457,,,m,1,0.382295,,,,,,,,0,41,41,51,1
,,,,,,,,,,,,Images/CongruentLeft.jpeg,Congruent Left,z,LC,19,Female,1,N,Y,Chinese,English,,2021-02-22_12h10.44.877,Tse_Altarriba_Simon1,2020.1.2,MacIntel,60,3457,,,z,1,0.347475,,,,,,,,0,42,42,3,1
,,,,,,,,,,,,Images/NeutralLeft.jpeg,Neutral Left,z,LC,19,Female,1,N,Y,Chinese,English,,2021-02-22_12h10.44.877,Tse_Altarriba_Simon1,2020.1.2,MacIntel,60,3457,,,z,1,0.41418,,,,,,,,0,43,43,48,1
,,,,,,,,,,,,Images/IncongruentRight.jpeg,Incongruent Right,m,LC,19,Female,1,N,Y,Chinese,English,,2021-02-22_12h10.44.877,Tse_Altarriba_Simon1,2020.1.2,MacIntel,60,3457,,,m,1,0.41425,,,,,,,,0,44,44,34,1
,,,,,,,,,,,,Images/IncongruentRight.jpeg,Incongruent Right,m,LC,19,Female,1,N,Y,Chinese,English,,2021-02-22_12h10.44.877,Tse_Altarriba_Simon1,2020.1.2,MacIntel,60,3457,,,m,1,0.41389,,,,,,,,0,45,45,38,1
,,,,,,,,,,,,Images/IncongruentLeft.jpeg,Incongruent Left,z,LC,19,Female,1,N,Y,Chinese,English,,2021-02-22_12h10.44.877,Tse_Altarriba_Simon1,2020.1.2,MacIntel,60,3457,,,z,1,0.430805,,,,,,,,0,46,46,27,1
,,,,,,,,,,,,Images/IncongruentLeft.jpeg,Incongruent Left,z,LC,19,Female,1,N,Y,Chinese,English,,2021-02-22_12h10.44.877,Tse_Altarriba_Simon1,2020.1.2,MacIntel,60,3457,,,z,1,0.46372,,,,,,,,0,47,47,26,1
,,,,,,,,,,,,Images/IncongruentRight.jpeg,Incongruent Right,m,LC,19,Female,1,N,Y,Chinese,English,,2021-02-22_12h10.44.877,Tse_Altarriba_Simon1,2020.1.2,MacIntel,60,3457,,,m,1,0.437265,,,,,,,,0,48,48,33,1
,,,,,,,,,,,,Images/CongruentLeft.jpeg,Congruent Left,z,LC,19,Female,1,N,Y,Chinese,English,,2021-02-22_12h10.44.877,Tse_Altarriba_Simon1,2020.1.2,MacIntel,60,3457,,,m,0,0.465635,,,,,,,,0,49,49,5,1
,,,,,,,,,,,,Images/CongruentLeft.jpeg,Congruent Left,z,LC,19,Female,1,N,Y,Chinese,English,,2021-02-22_12h10.44.877,Tse_Altarriba_Simon1,2020.1.2,MacIntel,60,3457,,,z,1,0.63546,,,,,,,,0,50,50,2,1
,,,,,,,,,,,,Images/CongruentLeft.jpeg,Congruent Left,z,LC,19,Female,1,N,Y,Chinese,English,,2021-02-22_12h10.44.877,Tse_Altarriba_Simon1,2020.1.2,MacIntel,60,3457,,,z,1,0.396725,,,,,,,,0,51,51,1,1
,,,,,,,,,,,,Images/CongruentLeft.jpeg,Congruent Left,z,LC,19,Female,1,N,Y,Chinese,English,,2021-02-22_12h10.44.877,Tse_Altarriba_Simon1,2020.1.2,MacIntel,60,3457,,,z,1,0.38045,,,,,,,,0,52,52,4,1
,,,,,,,,,,,,Images/CongruentRight.jpeg,Congruent Right,m,LC,19,Female,1,N,Y,Chinese,English,,2021-02-22_12h10.44.877,Tse_Altarriba_Simon1,2020.1.2,MacIntel,60,3457,,,m,1,0.44922,,,,,,,,0,53,53,10,1
,,,,,,,,,,,,Images/IncongruentRight.jpeg,Incongruent Right,m,LC,19,Female,1,N,Y,Chinese,English,,2021-02-22_12h10.44.877,Tse_Altarriba_Simon1,2020.1.2,MacIntel,60,3457,,,m,1,0.463355,,,,,,,,0,54,54,36,1
,,,,,,,,,,,,Images/CongruentLeft.jpeg,Congruent Left,z,LC,19,Female,1,N,Y,Chinese,English,,2021-02-22_12h10.44.877,Tse_Altarriba_Simon1,2020.1.2,MacIntel,60,3457,,,z,1,0.496345,,,,,,,,0,55,55,6,1
,,,,,,,,,,,,Images/NeutralLeft.jpeg,Neutral Left,z,LC,19,Female,1,N,Y,Chinese,English,,2021-02-22_12h10.44.877,Tse_Altarriba_Simon1,2020.1.2,MacIntel,60,3457,,,z,1,0.419975,,,,,,,,0,56,56,41,1
,,,,,,,,,,,,Images/NeutralLeft.jpeg,Neutral Left,z,LC,19,Female,1,N,Y,Chinese,English,,2021-02-22_12h10.44.877,Tse_Altarriba_Simon1,2020.1.2,MacIntel,60,3457,,,z,1,0.348155,,,,,,,,0,57,57,40,1
,,,,,,,,,,,,Images/IncongruentLeft.jpeg,Incongruent Left,z,LC,19,Female,1,N,Y,Chinese,English,,2021-02-22_12h10.44.877,Tse_Altarriba_Simon1,2020.1.2,MacIntel,60,3457,,,m,0,0.463765,,,,,,,,0,58,58,20,1
,,,,,,,,,,,,Images/CongruentLeft.jpeg,Congruent Left,z,LC,19,Female,1,N,Y,Chinese,English,,2021-02-22_12h10.44.877,Tse_Altarriba_Simon1,2020.1.2,MacIntel,60,3457,,,z,1,0.471285,,,,,,,,0,59,59,7,1
