Space1.keys,Space1.rt,Space2.keys,Space2.rt,response.keys,response.corr,response.rt,Practice_loop.thisRepN,Practice_loop.thisTrialN,Practice_loop.thisN,Practice_loop.thisIndex,Practice_loop.ran,ImageFile,Condition,CorrAns,Your initials,What is your age?,What is your gender?,What year are you in?,Are you Dyslexic? (Y/N),Are you bi/multilingual? (Y/N),What is your first language?,"What is your second language? (if you are monollingual, leave blank)",What other languages do you speak?,date,expName,psychopyVersion,OS,frameRate,participant,Space3.keys,Space3.rt,key_resp_2.keys,key_resp_2.corr,key_resp_2.rt,trials.thisRepN,trials.thisTrialN,trials.thisN,trials.thisIndex,trials.ran,Space4.keys,Space4.rt,trials_2.thisRepN,trials_2.thisTrialN,trials_2.thisN,trials_2.thisIndex,trials_2.ran
space,3.211,space,18.989,m,1,0.514,0,0,0,11,1,Images/NeurtalRight.jpeg,Neutral Right,m,E.Y.,18,Female,Year 1,N,Y,Chineses,English,English,2021-02-16_14h35.06.523,Tse_Altarriba_Simon1,2020.1.2,MacIntel,60,3460,,,,,,,,,,,,,,,,,
,,,,m,1,0.533,0,1,1,7,1,Images/IncongruentRight.jpeg,Incongruent Right,m,E.Y.,18,Female,Year 1,N,Y,Chineses,English,English,2021-02-16_14h35.06.523,Tse_Altarriba_Simon1,2020.1.2,MacIntel,60,3460,,,,,,,,,,,,,,,,,
,,,,z,1,0.41,0,2,2,9,1,Images/NeutralLeft.jpeg,Neutral Left,z,E.Y.,18,Female,Year 1,N,Y,Chineses,English,English,2021-02-16_14h35.06.523,Tse_Altarriba_Simon1,2020.1.2,MacIntel,60,3460,,,,,,,,,,,,,,,,,
,,,,m,1,0.467,0,3,3,6,1,Images/IncongruentRight.jpeg,Incongruent Right,m,E.Y.,18,Female,Year 1,N,Y,Chineses,English,English,2021-02-16_14h35.06.523,Tse_Altarriba_Simon1,2020.1.2,MacIntel,60,3460,,,,,,,,,,,,,,,,,
,,,,z,1,0.413,0,4,4,8,1,Images/NeutralLeft.jpeg,Neutral Left,z,E.Y.,18,Female,Year 1,N,Y,Chineses,English,English,2021-02-16_14h35.06.523,Tse_Altarriba_Simon1,2020.1.2,MacIntel,60,3460,,,,,,,,,,,,,,,,,
,,,,m,1,0.386,0,5,5,3,1,Images/CongruentRight.jpeg,Congruent Right,m,E.Y.,18,Female,Year 1,N,Y,Chineses,English,English,2021-02-16_14h35.06.523,Tse_Altarriba_Simon1,2020.1.2,MacIntel,60,3460,,,,,,,,,,,,,,,,,
,,,,z,1,0.362,0,6,6,0,1,Images/CongruentLeft.jpeg,Congruent Left,z,E.Y.,18,Female,Year 1,N,Y,Chineses,English,English,2021-02-16_14h35.06.523,Tse_Altarriba_Simon1,2020.1.2,MacIntel,60,3460,,,,,,,,,,,,,,,,,
,,,,z,1,0.334,0,7,7,1,1,Images/CongruentLeft.jpeg,Congruent Left,z,E.Y.,18,Female,Year 1,N,Y,Chineses,English,English,2021-02-16_14h35.06.523,Tse_Altarriba_Simon1,2020.1.2,MacIntel,60,3460,,,,,,,,,,,,,,,,,
,,,,m,1,0.351,0,8,8,2,1,Images/CongruentRight.jpeg,Congruent Right,m,E.Y.,18,Female,Year 1,N,Y,Chineses,English,English,2021-02-16_14h35.06.523,Tse_Altarriba_Simon1,2020.1.2,MacIntel,60,3460,,,,,,,,,,,,,,,,,
,,,,z,1,0.518,0,9,9,4,1,Images/IncongruentLeft.jpeg,Incongruent Left,z,E.Y.,18,Female,Year 1,N,Y,Chineses,English,English,2021-02-16_14h35.06.523,Tse_Altarriba_Simon1,2020.1.2,MacIntel,60,3460,,,,,,,,,,,,,,,,,
,,,,m,1,0.395,0,10,10,10,1,Images/NeurtalRight.jpeg,Neutral Right,m,E.Y.,18,Female,Year 1,N,Y,Chineses,English,English,2021-02-16_14h35.06.523,Tse_Altarriba_Simon1,2020.1.2,MacIntel,60,3460,,,,,,,,,,,,,,,,,
,,,,z,1,0.412,0,11,11,5,1,Images/IncongruentLeft.jpeg,Incongruent Left,z,E.Y.,18,Female,Year 1,N,Y,Chineses,English,English,2021-02-16_14h35.06.523,Tse_Altarriba_Simon1,2020.1.2,MacIntel,60,3460,,,,,,,,,,,,,,,,,
,,,,,,,,,,,,Images/NeurtalRight.jpeg,Neutral Right,m,E.Y.,18,Female,Year 1,N,Y,Chineses,English,English,2021-02-16_14h35.06.523,Tse_Altarriba_Simon1,2020.1.2,MacIntel,60,3460,space,13.759,m,1,0.416,0,0,0,57,1,,,,,,,
,,,,,,,,,,,,Images/NeurtalRight.jpeg,Neutral Right,m,E.Y.,18,Female,Year 1,N,Y,Chineses,English,English,2021-02-16_14h35.06.523,Tse_Altarriba_Simon1,2020.1.2,MacIntel,60,3460,,,m,1,0.368,0,1,1,50,1,,,,,,,
,,,,,,,,,,,,Images/NeutralLeft.jpeg,Neutral Left,z,E.Y.,18,Female,Year 1,N,Y,Chineses,English,English,2021-02-16_14h35.06.523,Tse_Altarriba_Simon1,2020.1.2,MacIntel,60,3460,,,z,1,0.484,0,2,2,41,1,,,,,,,
,,,,,,,,,,,,Images/NeurtalRight.jpeg,Neutral Right,m,E.Y.,18,Female,Year 1,N,Y,Chineses,English,English,2021-02-16_14h35.06.523,Tse_Altarriba_Simon1,2020.1.2,MacIntel,60,3460,,,m,1,0.337,0,3,3,51,1,,,,,,,
,,,,,,,,,,,,Images/CongruentRight.jpeg,Congruent Right,m,E.Y.,18,Female,Year 1,N,Y,Chineses,English,English,2021-02-16_14h35.06.523,Tse_Altarriba_Simon1,2020.1.2,MacIntel,60,3460,,,m,1,0.318,0,4,4,11,1,,,,,,,
,,,,,,,,,,,,Images/IncongruentLeft.jpeg,Incongruent Left,z,E.Y.,18,Female,Year 1,N,Y,Chineses,English,English,2021-02-16_14h35.06.523,Tse_Altarriba_Simon1,2020.1.2,MacIntel,60,3460,,,z,1,0.381,0,5,5,22,1,,,,,,,
,,,,,,,,,,,,Images/CongruentRight.jpeg,Congruent Right,m,E.Y.,18,Female,Year 1,N,Y,Chineses,English,English,2021-02-16_14h35.06.523,Tse_Altarriba_Simon1,2020.1.2,MacIntel,60,3460,,,m,1,0.417,0,6,6,16,1,,,,,,,
,,,,,,,,,,,,Images/NeurtalRight.jpeg,Neutral Right,m,E.Y.,18,Female,Year 1,N,Y,Chineses,English,English,2021-02-16_14h35.06.523,Tse_Altarriba_Simon1,2020.1.2,MacIntel,60,3460,,,m,1,0.366,0,7,7,59,1,,,,,,,
,,,,,,,,,,,,Images/NeurtalRight.jpeg,Neutral Right,m,E.Y.,18,Female,Year 1,N,Y,Chineses,English,English,2021-02-16_14h35.06.523,Tse_Altarriba_Simon1,2020.1.2,MacIntel,60,3460,,,m,1,0.385,0,8,8,52,1,,,,,,,
,,,,,,,,,,,,Images/IncongruentLeft.jpeg,Incongruent Left,z,E.Y.,18,Female,Year 1,N,Y,Chineses,English,English,2021-02-16_14h35.06.523,Tse_Altarriba_Simon1,2020.1.2,MacIntel,60,3460,,,z,1,0.354,0,9,9,28,1,,,,,,,
,,,,,,,,,,,,Images/IncongruentLeft.jpeg,Incongruent Left,z,E.Y.,18,Female,Year 1,N,Y,Chineses,English,English,2021-02-16_14h35.06.523,Tse_Altarriba_Simon1,2020.1.2,MacIntel,60,3460,,,z,1,0.353,0,10,10,27,1,,,,,,,
,,,,,,,,,,,,Images/IncongruentRight.jpeg,Incongruent Right,m,E.Y.,18,Female,Year 1,N,Y,Chineses,English,English,2021-02-16_14h35.06.523,Tse_Altarriba_Simon1,2020.1.2,MacIntel,60,3460,,,m,1,0.37,0,11,11,32,1,,,,,,,
,,,,,,,,,,,,Images/IncongruentRight.jpeg,Incongruent Right,m,E.Y.,18,Female,Year 1,N,Y,Chineses,English,English,2021-02-16_14h35.06.523,Tse_Altarriba_Simon1,2020.1.2,MacIntel,60,3460,,,m,1,0.4,0,12,12,30,1,,,,,,,
,,,,,,,,,,,,Images/CongruentLeft.jpeg,Congruent Left,z,E.Y.,18,Female,Year 1,N,Y,Chineses,English,English,2021-02-16_14h35.06.523,Tse_Altarriba_Simon1,2020.1.2,MacIntel,60,3460,,,z,1,0.38,0,13,13,6,1,,,,,,,
,,,,,,,,,,,,Images/NeutralLeft.jpeg,Neutral Left,z,E.Y.,18,Female,Year 1,N,Y,Chineses,English,English,2021-02-16_14h35.06.523,Tse_Altarriba_Simon1,2020.1.2,MacIntel,60,3460,,,z,1,0.366,0,14,14,42,1,,,,,,,
,,,,,,,,,,,,Images/CongruentRight.jpeg,Congruent Right,m,E.Y.,18,Female,Year 1,N,Y,Chineses,English,English,2021-02-16_14h35.06.523,Tse_Altarriba_Simon1,2020.1.2,MacIntel,60,3460,,,m,1,0.316,0,15,15,13,1,,,,,,,
,,,,,,,,,,,,Images/CongruentRight.jpeg,Congruent Right,m,E.Y.,18,Female,Year 1,N,Y,Chineses,English,English,2021-02-16_14h35.06.523,Tse_Altarriba_Simon1,2020.1.2,MacIntel,60,3460,,,m,1,0.336,0,16,16,19,1,,,,,,,
,,,,,,,,,,,,Images/NeurtalRight.jpeg,Neutral Right,m,E.Y.,18,Female,Year 1,N,Y,Chineses,English,English,2021-02-16_14h35.06.523,Tse_Altarriba_Simon1,2020.1.2,MacIntel,60,3460,,,m,1,0.348,0,17,17,53,1,,,,,,,
,,,,,,,,,,,,Images/IncongruentLeft.jpeg,Incongruent Left,z,E.Y.,18,Female,Year 1,N,Y,Chineses,English,English,2021-02-16_14h35.06.523,Tse_Altarriba_Simon1,2020.1.2,MacIntel,60,3460,,,z,1,0.43,0,18,18,25,1,,,,,,,
,,,,,,,,,,,,Images/CongruentRight.jpeg,Congruent Right,m,E.Y.,18,Female,Year 1,N,Y,Chineses,English,English,2021-02-16_14h35.06.523,Tse_Altarriba_Simon1,2020.1.2,MacIntel,60,3460,,,m,1,0.285,0,19,19,17,1,,,,,,,
,,,,,,,,,,,,Images/NeutralLeft.jpeg,Neutral Left,z,E.Y.,18,Female,Year 1,N,Y,Chineses,English,English,2021-02-16_14h35.06.523,Tse_Altarriba_Simon1,2020.1.2,MacIntel,60,3460,,,z,1,0.354,0,20,20,44,1,,,,,,,
,,,,,,,,,,,,Images/IncongruentRight.jpeg,Incongruent Right,m,E.Y.,18,Female,Year 1,N,Y,Chineses,English,English,2021-02-16_14h35.06.523,Tse_Altarriba_Simon1,2020.1.2,MacIntel,60,3460,,,z,0,0.353,0,21,21,38,1,,,,,,,
,,,,,,,,,,,,Images/IncongruentRight.jpeg,Incongruent Right,m,E.Y.,18,Female,Year 1,N,Y,Chineses,English,English,2021-02-16_14h35.06.523,Tse_Altarriba_Simon1,2020.1.2,MacIntel,60,3460,,,m,1,0.452,0,22,22,36,1,,,,,,,
,,,,,,,,,,,,Images/NeurtalRight.jpeg,Neutral Right,m,E.Y.,18,Female,Year 1,N,Y,Chineses,English,English,2021-02-16_14h35.06.523,Tse_Altarriba_Simon1,2020.1.2,MacIntel,60,3460,,,m,1,0.388,0,23,23,56,1,,,,,,,
,,,,,,,,,,,,Images/CongruentLeft.jpeg,Congruent Left,z,E.Y.,18,Female,Year 1,N,Y,Chineses,English,English,2021-02-16_14h35.06.523,Tse_Altarriba_Simon1,2020.1.2,MacIntel,60,3460,,,z,1,0.417,0,24,24,1,1,,,,,,,
,,,,,,,,,,,,Images/IncongruentLeft.jpeg,Incongruent Left,z,E.Y.,18,Female,Year 1,N,Y,Chineses,English,English,2021-02-16_14h35.06.523,Tse_Altarriba_Simon1,2020.1.2,MacIntel,60,3460,,,z,1,0.451,0,25,25,29,1,,,,,,,
,,,,,,,,,,,,Images/CongruentLeft.jpeg,Congruent Left,z,E.Y.,18,Female,Year 1,N,Y,Chineses,English,English,2021-02-16_14h35.06.523,Tse_Altarriba_Simon1,2020.1.2,MacIntel,60,3460,,,z,1,0.353,0,26,26,2,1,,,,,,,
,,,,,,,,,,,,Images/CongruentRight.jpeg,Congruent Right,m,E.Y.,18,Female,Year 1,N,Y,Chineses,English,English,2021-02-16_14h35.06.523,Tse_Altarriba_Simon1,2020.1.2,MacIntel,60,3460,,,m,1,0.331,0,27,27,14,1,,,,,,,
,,,,,,,,,,,,Images/CongruentLeft.jpeg,Congruent Left,z,E.Y.,18,Female,Year 1,N,Y,Chineses,English,English,2021-02-16_14h35.06.523,Tse_Altarriba_Simon1,2020.1.2,MacIntel,60,3460,,,z,1,0.32,0,28,28,4,1,,,,,,,
,,,,,,,,,,,,Images/CongruentRight.jpeg,Congruent Right,m,E.Y.,18,Female,Year 1,N,Y,Chineses,English,English,2021-02-16_14h35.06.523,Tse_Altarriba_Simon1,2020.1.2,MacIntel,60,3460,,,m,1,0.337,0,29,29,18,1,,,,,,,
,,,,,,,,,,,,Images/IncongruentRight.jpeg,Incongruent Right,m,E.Y.,18,Female,Year 1,N,Y,Chineses,English,English,2021-02-16_14h35.06.523,Tse_Altarriba_Simon1,2020.1.2,MacIntel,60,3460,,,m,1,0.554,0,30,30,31,1,,,,,,,
,,,,,,,,,,,,Images/CongruentLeft.jpeg,Congruent Left,z,E.Y.,18,Female,Year 1,N,Y,Chineses,English,English,2021-02-16_14h35.06.523,Tse_Altarriba_Simon1,2020.1.2,MacIntel,60,3460,,,z,1,0.4,0,31,31,5,1,,,,,,,
,,,,,,,,,,,,Images/CongruentLeft.jpeg,Congruent Left,z,E.Y.,18,Female,Year 1,N,Y,Chineses,English,English,2021-02-16_14h35.06.523,Tse_Altarriba_Simon1,2020.1.2,MacIntel,60,3460,,,z,1,0.353,0,32,32,0,1,,,,,,,
,,,,,,,,,,,,Images/IncongruentRight.jpeg,Incongruent Right,m,E.Y.,18,Female,Year 1,N,Y,Chineses,English,English,2021-02-16_14h35.06.523,Tse_Altarriba_Simon1,2020.1.2,MacIntel,60,3460,,,m,1,0.403,0,33,33,34,1,,,,,,,
,,,,,,,,,,,,Images/IncongruentRight.jpeg,Incongruent Right,m,E.Y.,18,Female,Year 1,N,Y,Chineses,English,English,2021-02-16_14h35.06.523,Tse_Altarriba_Simon1,2020.1.2,MacIntel,60,3460,,,m,1,0.402,0,34,34,35,1,,,,,,,
,,,,,,,,,,,,Images/NeurtalRight.jpeg,Neutral Right,m,E.Y.,18,Female,Year 1,N,Y,Chineses,English,English,2021-02-16_14h35.06.523,Tse_Altarriba_Simon1,2020.1.2,MacIntel,60,3460,,,m,1,0.602,0,35,35,54,1,,,,,,,
,,,,,,,,,,,,Images/IncongruentLeft.jpeg,Incongruent Left,z,E.Y.,18,Female,Year 1,N,Y,Chineses,English,English,2021-02-16_14h35.06.523,Tse_Altarriba_Simon1,2020.1.2,MacIntel,60,3460,,,z,1,0.368,0,36,36,26,1,,,,,,,
,,,,,,,,,,,,Images/IncongruentRight.jpeg,Incongruent Right,m,E.Y.,18,Female,Year 1,N,Y,Chineses,English,English,2021-02-16_14h35.06.523,Tse_Altarriba_Simon1,2020.1.2,MacIntel,60,3460,,,m,1,0.384,0,37,37,37,1,,,,,,,
,,,,,,,,,,,,Images/CongruentRight.jpeg,Congruent Right,m,E.Y.,18,Female,Year 1,N,Y,Chineses,English,English,2021-02-16_14h35.06.523,Tse_Altarriba_Simon1,2020.1.2,MacIntel,60,3460,,,m,1,0.349,0,38,38,12,1,,,,,,,
,,,,,,,,,,,,Images/NeurtalRight.jpeg,Neutral Right,m,E.Y.,18,Female,Year 1,N,Y,Chineses,English,English,2021-02-16_14h35.06.523,Tse_Altarriba_Simon1,2020.1.2,MacIntel,60,3460,,,m,1,0.369,0,39,39,58,1,,,,,,,
,,,,,,,,,,,,Images/NeutralLeft.jpeg,Neutral Left,z,E.Y.,18,Female,Year 1,N,Y,Chineses,English,English,2021-02-16_14h35.06.523,Tse_Altarriba_Simon1,2020.1.2,MacIntel,60,3460,,,z,1,0.433,0,40,40,40,1,,,,,,,
,,,,,,,,,,,,Images/NeutralLeft.jpeg,Neutral Left,z,E.Y.,18,Female,Year 1,N,Y,Chineses,English,English,2021-02-16_14h35.06.523,Tse_Altarriba_Simon1,2020.1.2,MacIntel,60,3460,,,z,1,0.321,0,41,41,48,1,,,,,,,
,,,,,,,,,,,,Images/NeurtalRight.jpeg,Neutral Right,m,E.Y.,18,Female,Year 1,N,Y,Chineses,English,English,2021-02-16_14h35.06.523,Tse_Altarriba_Simon1,2020.1.2,MacIntel,60,3460,,,m,1,0.385,0,42,42,55,1,,,,,,,
,,,,,,,,,,,,Images/NeutralLeft.jpeg,Neutral Left,z,E.Y.,18,Female,Year 1,N,Y,Chineses,English,English,2021-02-16_14h35.06.523,Tse_Altarriba_Simon1,2020.1.2,MacIntel,60,3460,,,z,1,0.33,0,43,43,43,1,,,,,,,
,,,,,,,,,,,,Images/IncongruentLeft.jpeg,Incongruent Left,z,E.Y.,18,Female,Year 1,N,Y,Chineses,English,English,2021-02-16_14h35.06.523,Tse_Altarriba_Simon1,2020.1.2,MacIntel,60,3460,,,z,1,0.45,0,44,44,20,1,,,,,,,
,,,,,,,,,,,,Images/IncongruentLeft.jpeg,Incongruent Left,z,E.Y.,18,Female,Year 1,N,Y,Chineses,English,English,2021-02-16_14h35.06.523,Tse_Altarriba_Simon1,2020.1.2,MacIntel,60,3460,,,z,1,0.336,0,45,45,21,1,,,,,,,
,,,,,,,,,,,,Images/IncongruentLeft.jpeg,Incongruent Left,z,E.Y.,18,Female,Year 1,N,Y,Chineses,English,English,2021-02-16_14h35.06.523,Tse_Altarriba_Simon1,2020.1.2,MacIntel,60,3460,,,z,1,0.4,0,46,46,24,1,,,,,,,
,,,,,,,,,,,,Images/NeutralLeft.jpeg,Neutral Left,z,E.Y.,18,Female,Year 1,N,Y,Chineses,English,English,2021-02-16_14h35.06.523,Tse_Altarriba_Simon1,2020.1.2,MacIntel,60,3460,,,z,1,0.415,0,47,47,49,1,,,,,,,
,,,,,,,,,,,,Images/IncongruentRight.jpeg,Incongruent Right,m,E.Y.,18,Female,Year 1,N,Y,Chineses,English,English,2021-02-16_14h35.06.523,Tse_Altarriba_Simon1,2020.1.2,MacIntel,60,3460,,,m,1,0.382,0,48,48,39,1,,,,,,,
,,,,,,,,,,,,Images/CongruentLeft.jpeg,Congruent Left,z,E.Y.,18,Female,Year 1,N,Y,Chineses,English,English,2021-02-16_14h35.06.523,Tse_Altarriba_Simon1,2020.1.2,MacIntel,60,3460,,,z,1,0.383,0,49,49,3,1,,,,,,,
,,,,,,,,,,,,Images/CongruentRight.jpeg,Congruent Right,m,E.Y.,18,Female,Year 1,N,Y,Chineses,English,English,2021-02-16_14h35.06.523,Tse_Altarriba_Simon1,2020.1.2,MacIntel,60,3460,,,m,1,0.305,0,50,50,15,1,,,,,,,
,,,,,,,,,,,,Images/IncongruentLeft.jpeg,Incongruent Left,z,E.Y.,18,Female,Year 1,N,Y,Chineses,English,English,2021-02-16_14h35.06.523,Tse_Altarriba_Simon1,2020.1.2,MacIntel,60,3460,,,z,1,0.431,0,51,51,23,1,,,,,,,
,,,,,,,,,,,,Images/CongruentLeft.jpeg,Congruent Left,z,E.Y.,18,Female,Year 1,N,Y,Chineses,English,English,2021-02-16_14h35.06.523,Tse_Altarriba_Simon1,2020.1.2,MacIntel,60,3460,,,z,1,0.381,0,52,52,7,1,,,,,,,
,,,,,,,,,,,,Images/NeutralLeft.jpeg,Neutral Left,z,E.Y.,18,Female,Year 1,N,Y,Chineses,English,English,2021-02-16_14h35.06.523,Tse_Altarriba_Simon1,2020.1.2,MacIntel,60,3460,,,z,1,0.37,0,53,53,45,1,,,,,,,
,,,,,,,,,,,,Images/NeutralLeft.jpeg,Neutral Left,z,E.Y.,18,Female,Year 1,N,Y,Chineses,English,English,2021-02-16_14h35.06.523,Tse_Altarriba_Simon1,2020.1.2,MacIntel,60,3460,,,z,1,0.348,0,54,54,46,1,,,,,,,
,,,,,,,,,,,,Images/CongruentLeft.jpeg,Congruent Left,z,E.Y.,18,Female,Year 1,N,Y,Chineses,English,English,2021-02-16_14h35.06.523,Tse_Altarriba_Simon1,2020.1.2,MacIntel,60,3460,,,z,1,0.387,0,55,55,8,1,,,,,,,
,,,,,,,,,,,,Images/NeutralLeft.jpeg,Neutral Left,z,E.Y.,18,Female,Year 1,N,Y,Chineses,English,English,2021-02-16_14h35.06.523,Tse_Altarriba_Simon1,2020.1.2,MacIntel,60,3460,,,z,1,0.385,0,56,56,47,1,,,,,,,
,,,,,,,,,,,,Images/CongruentLeft.jpeg,Congruent Left,z,E.Y.,18,Female,Year 1,N,Y,Chineses,English,English,2021-02-16_14h35.06.523,Tse_Altarriba_Simon1,2020.1.2,MacIntel,60,3460,,,z,1,0.303,0,57,57,9,1,,,,,,,
,,,,,,,,,,,,Images/IncongruentRight.jpeg,Incongruent Right,m,E.Y.,18,Female,Year 1,N,Y,Chineses,English,English,2021-02-16_14h35.06.523,Tse_Altarriba_Simon1,2020.1.2,MacIntel,60,3460,,,m,1,0.631,0,58,58,33,1,,,,,,,
,,,,,,,,,,,,Images/CongruentRight.jpeg,Congruent Right,m,E.Y.,18,Female,Year 1,N,Y,Chineses,English,English,2021-02-16_14h35.06.523,Tse_Altarriba_Simon1,2020.1.2,MacIntel,60,3460,,,m,1,0.381,0,59,59,10,1,,,,,,,
,,,,,,,,,,,,Images/CongruentRight.jpeg,Congruent Right,m,E.Y.,18,Female,Year 1,N,Y,Chineses,English,English,2021-02-16_14h35.06.523,Tse_Altarriba_Simon1,2020.1.2,MacIntel,60,3460,,,m,1,0.399,,,,,,space,4.689,0,0,0,14,1
,,,,,,,,,,,,Images/IncongruentRight.jpeg,Incongruent Right,m,E.Y.,18,Female,Year 1,N,Y,Chineses,English,English,2021-02-16_14h35.06.523,Tse_Altarriba_Simon1,2020.1.2,MacIntel,60,3460,,,m,1,0.403,,,,,,,,0,1,1,35,1
,,,,,,,,,,,,Images/IncongruentRight.jpeg,Incongruent Right,m,E.Y.,18,Female,Year 1,N,Y,Chineses,English,English,2021-02-16_14h35.06.523,Tse_Altarriba_Simon1,2020.1.2,MacIntel,60,3460,,,m,1,0.346,,,,,,,,0,2,2,38,1
,,,,,,,,,,,,Images/NeutralLeft.jpeg,Neutral Left,z,E.Y.,18,Female,Year 1,N,Y,Chineses,English,English,2021-02-16_14h35.06.523,Tse_Altarriba_Simon1,2020.1.2,MacIntel,60,3460,,,z,1,0.382,,,,,,,,0,3,3,40,1
,,,,,,,,,,,,Images/IncongruentLeft.jpeg,Incongruent Left,z,E.Y.,18,Female,Year 1,N,Y,Chineses,English,English,2021-02-16_14h35.06.523,Tse_Altarriba_Simon1,2020.1.2,MacIntel,60,3460,,,z,1,0.388,,,,,,,,0,4,4,25,1
,,,,,,,,,,,,Images/NeutralLeft.jpeg,Neutral Left,z,E.Y.,18,Female,Year 1,N,Y,Chineses,English,English,2021-02-16_14h35.06.523,Tse_Altarriba_Simon1,2020.1.2,MacIntel,60,3460,,,z,1,0.353,,,,,,,,0,5,5,46,1
,,,,,,,,,,,,Images/CongruentRight.jpeg,Congruent Right,m,E.Y.,18,Female,Year 1,N,Y,Chineses,English,English,2021-02-16_14h35.06.523,Tse_Altarriba_Simon1,2020.1.2,MacIntel,60,3460,,,m,1,0.322,,,,,,,,0,6,6,10,1
,,,,,,,,,,,,Images/NeurtalRight.jpeg,Neutral Right,m,E.Y.,18,Female,Year 1,N,Y,Chineses,English,English,2021-02-16_14h35.06.523,Tse_Altarriba_Simon1,2020.1.2,MacIntel,60,3460,,,m,1,0.499,,,,,,,,0,7,7,55,1
,,,,,,,,,,,,Images/CongruentRight.jpeg,Congruent Right,m,E.Y.,18,Female,Year 1,N,Y,Chineses,English,English,2021-02-16_14h35.06.523,Tse_Altarriba_Simon1,2020.1.2,MacIntel,60,3460,,,m,1,0.354,,,,,,,,0,8,8,16,1
,,,,,,,,,,,,Images/IncongruentLeft.jpeg,Incongruent Left,z,E.Y.,18,Female,Year 1,N,Y,Chineses,English,English,2021-02-16_14h35.06.523,Tse_Altarriba_Simon1,2020.1.2,MacIntel,60,3460,,,z,1,0.452,,,,,,,,0,9,9,28,1
,,,,,,,,,,,,Images/CongruentRight.jpeg,Congruent Right,m,E.Y.,18,Female,Year 1,N,Y,Chineses,English,English,2021-02-16_14h35.06.523,Tse_Altarriba_Simon1,2020.1.2,MacIntel,60,3460,,,m,1,0.386,,,,,,,,0,10,10,13,1
,,,,,,,,,,,,Images/IncongruentLeft.jpeg,Incongruent Left,z,E.Y.,18,Female,Year 1,N,Y,Chineses,English,English,2021-02-16_14h35.06.523,Tse_Altarriba_Simon1,2020.1.2,MacIntel,60,3460,,,z,1,0.38,,,,,,,,0,11,11,22,1
,,,,,,,,,,,,Images/NeurtalRight.jpeg,Neutral Right,m,E.Y.,18,Female,Year 1,N,Y,Chineses,English,English,2021-02-16_14h35.06.523,Tse_Altarriba_Simon1,2020.1.2,MacIntel,60,3460,,,m,1,0.381,,,,,,,,0,12,12,52,1
,,,,,,,,,,,,Images/CongruentLeft.jpeg,Congruent Left,z,E.Y.,18,Female,Year 1,N,Y,Chineses,English,English,2021-02-16_14h35.06.523,Tse_Altarriba_Simon1,2020.1.2,MacIntel,60,3460,,,z,1,0.299,,,,,,,,0,13,13,7,1
,,,,,,,,,,,,Images/NeurtalRight.jpeg,Neutral Right,m,E.Y.,18,Female,Year 1,N,Y,Chineses,English,English,2021-02-16_14h35.06.523,Tse_Altarriba_Simon1,2020.1.2,MacIntel,60,3460,,,m,1,0.333,,,,,,,,0,14,14,53,1
,,,,,,,,,,,,Images/IncongruentRight.jpeg,Incongruent Right,m,E.Y.,18,Female,Year 1,N,Y,Chineses,English,English,2021-02-16_14h35.06.523,Tse_Altarriba_Simon1,2020.1.2,MacIntel,60,3460,,,z,0,0.265,,,,,,,,0,15,15,36,1
,,,,,,,,,,,,Images/CongruentRight.jpeg,Congruent Right,m,E.Y.,18,Female,Year 1,N,Y,Chineses,English,English,2021-02-16_14h35.06.523,Tse_Altarriba_Simon1,2020.1.2,MacIntel,60,3460,,,m,1,0.314,,,,,,,,0,16,16,15,1
,,,,,,,,,,,,Images/IncongruentRight.jpeg,Incongruent Right,m,E.Y.,18,Female,Year 1,N,Y,Chineses,English,English,2021-02-16_14h35.06.523,Tse_Altarriba_Simon1,2020.1.2,MacIntel,60,3460,,,m,1,0.387,,,,,,,,0,17,17,33,1
,,,,,,,,,,,,Images/IncongruentLeft.jpeg,Incongruent Left,z,E.Y.,18,Female,Year 1,N,Y,Chineses,English,English,2021-02-16_14h35.06.523,Tse_Altarriba_Simon1,2020.1.2,MacIntel,60,3460,,,z,1,0.388,,,,,,,,0,18,18,24,1
,,,,,,,,,,,,Images/IncongruentRight.jpeg,Incongruent Right,m,E.Y.,18,Female,Year 1,N,Y,Chineses,English,English,2021-02-16_14h35.06.523,Tse_Altarriba_Simon1,2020.1.2,MacIntel,60,3460,,,m,1,0.318,,,,,,,,0,19,19,32,1
,,,,,,,,,,,,Images/IncongruentLeft.jpeg,Incongruent Left,z,E.Y.,18,Female,Year 1,N,Y,Chineses,English,English,2021-02-16_14h35.06.523,Tse_Altarriba_Simon1,2020.1.2,MacIntel,60,3460,,,z,1,0.351,,,,,,,,0,20,20,26,1
,,,,,,,,,,,,Images/NeutralLeft.jpeg,Neutral Left,z,E.Y.,18,Female,Year 1,N,Y,Chineses,English,English,2021-02-16_14h35.06.523,Tse_Altarriba_Simon1,2020.1.2,MacIntel,60,3460,,,z,1,0.449,,,,,,,,0,21,21,44,1
,,,,,,,,,,,,Images/IncongruentRight.jpeg,Incongruent Right,m,E.Y.,18,Female,Year 1,N,Y,Chineses,English,English,2021-02-16_14h35.06.523,Tse_Altarriba_Simon1,2020.1.2,MacIntel,60,3460,,,m,1,0.384,,,,,,,,0,22,22,37,1
,,,,,,,,,,,,Images/NeutralLeft.jpeg,Neutral Left,z,E.Y.,18,Female,Year 1,N,Y,Chineses,English,English,2021-02-16_14h35.06.523,Tse_Altarriba_Simon1,2020.1.2,MacIntel,60,3460,,,z,1,0.404,,,,,,,,0,23,23,48,1
,,,,,,,,,,,,Images/CongruentLeft.jpeg,Congruent Left,z,E.Y.,18,Female,Year 1,N,Y,Chineses,English,English,2021-02-16_14h35.06.523,Tse_Altarriba_Simon1,2020.1.2,MacIntel,60,3460,,,z,1,0.433,,,,,,,,0,24,24,8,1
,,,,,,,,,,,,Images/NeurtalRight.jpeg,Neutral Right,m,E.Y.,18,Female,Year 1,N,Y,Chineses,English,English,2021-02-16_14h35.06.523,Tse_Altarriba_Simon1,2020.1.2,MacIntel,60,3460,,,m,1,0.4,,,,,,,,0,25,25,57,1
,,,,,,,,,,,,Images/IncongruentRight.jpeg,Incongruent Right,m,E.Y.,18,Female,Year 1,N,Y,Chineses,English,English,2021-02-16_14h35.06.523,Tse_Altarriba_Simon1,2020.1.2,MacIntel,60,3460,,,z,0,0.348,,,,,,,,0,26,26,31,1
,,,,,,,,,,,,Images/NeutralLeft.jpeg,Neutral Left,z,E.Y.,18,Female,Year 1,N,Y,Chineses,English,English,2021-02-16_14h35.06.523,Tse_Altarriba_Simon1,2020.1.2,MacIntel,60,3460,,,z,1,0.471,,,,,,,,0,27,27,49,1
,,,,,,,,,,,,Images/IncongruentLeft.jpeg,Incongruent Left,z,E.Y.,18,Female,Year 1,N,Y,Chineses,English,English,2021-02-16_14h35.06.523,Tse_Altarriba_Simon1,2020.1.2,MacIntel,60,3460,,,z,1,0.599,,,,,,,,0,28,28,27,1
,,,,,,,,,,,,Images/IncongruentLeft.jpeg,Incongruent Left,z,E.Y.,18,Female,Year 1,N,Y,Chineses,English,English,2021-02-16_14h35.06.523,Tse_Altarriba_Simon1,2020.1.2,MacIntel,60,3460,,,z,1,0.537,,,,,,,,0,29,29,21,1
,,,,,,,,,,,,Images/NeurtalRight.jpeg,Neutral Right,m,E.Y.,18,Female,Year 1,N,Y,Chineses,English,English,2021-02-16_14h35.06.523,Tse_Altarriba_Simon1,2020.1.2,MacIntel,60,3460,,,m,1,0.387,,,,,,,,0,30,30,51,1
,,,,,,,,,,,,Images/CongruentRight.jpeg,Congruent Right,m,E.Y.,18,Female,Year 1,N,Y,Chineses,English,English,2021-02-16_14h35.06.523,Tse_Altarriba_Simon1,2020.1.2,MacIntel,60,3460,,,m,1,0.315,,,,,,,,0,31,31,11,1
,,,,,,,,,,,,Images/CongruentLeft.jpeg,Congruent Left,z,E.Y.,18,Female,Year 1,N,Y,Chineses,English,English,2021-02-16_14h35.06.523,Tse_Altarriba_Simon1,2020.1.2,MacIntel,60,3460,,,z,1,0.322,,,,,,,,0,32,32,5,1
,,,,,,,,,,,,Images/NeutralLeft.jpeg,Neutral Left,z,E.Y.,18,Female,Year 1,N,Y,Chineses,English,English,2021-02-16_14h35.06.523,Tse_Altarriba_Simon1,2020.1.2,MacIntel,60,3460,,,z,1,0.604,,,,,,,,0,33,33,45,1
,,,,,,,,,,,,Images/IncongruentLeft.jpeg,Incongruent Left,z,E.Y.,18,Female,Year 1,N,Y,Chineses,English,English,2021-02-16_14h35.06.523,Tse_Altarriba_Simon1,2020.1.2,MacIntel,60,3460,,,z,1,0.586,,,,,,,,0,34,34,20,1
,,,,,,,,,,,,Images/NeutralLeft.jpeg,Neutral Left,z,E.Y.,18,Female,Year 1,N,Y,Chineses,English,English,2021-02-16_14h35.06.523,Tse_Altarriba_Simon1,2020.1.2,MacIntel,60,3460,,,z,1,0.383,,,,,,,,0,35,35,42,1
,,,,,,,,,,,,Images/NeurtalRight.jpeg,Neutral Right,m,E.Y.,18,Female,Year 1,N,Y,Chineses,English,English,2021-02-16_14h35.06.523,Tse_Altarriba_Simon1,2020.1.2,MacIntel,60,3460,,,m,1,0.405,,,,,,,,0,36,36,59,1
,,,,,,,,,,,,Images/CongruentRight.jpeg,Congruent Right,m,E.Y.,18,Female,Year 1,N,Y,Chineses,English,English,2021-02-16_14h35.06.523,Tse_Altarriba_Simon1,2020.1.2,MacIntel,60,3460,,,m,1,0.349,,,,,,,,0,37,37,12,1
,,,,,,,,,,,,Images/NeurtalRight.jpeg,Neutral Right,m,E.Y.,18,Female,Year 1,N,Y,Chineses,English,English,2021-02-16_14h35.06.523,Tse_Altarriba_Simon1,2020.1.2,MacIntel,60,3460,,,m,1,0.431,,,,,,,,0,38,38,54,1
,,,,,,,,,,,,Images/CongruentRight.jpeg,Congruent Right,m,E.Y.,18,Female,Year 1,N,Y,Chineses,English,English,2021-02-16_14h35.06.523,Tse_Altarriba_Simon1,2020.1.2,MacIntel,60,3460,,,m,1,0.564,,,,,,,,0,39,39,17,1
,,,,,,,,,,,,Images/NeurtalRight.jpeg,Neutral Right,m,E.Y.,18,Female,Year 1,N,Y,Chineses,English,English,2021-02-16_14h35.06.523,Tse_Altarriba_Simon1,2020.1.2,MacIntel,60,3460,,,m,1,0.347,,,,,,,,0,40,40,58,1
,,,,,,,,,,,,Images/NeutralLeft.jpeg,Neutral Left,z,E.Y.,18,Female,Year 1,N,Y,Chineses,English,English,2021-02-16_14h35.06.523,Tse_Altarriba_Simon1,2020.1.2,MacIntel,60,3460,,,z,1,0.354,,,,,,,,0,41,41,43,1
,,,,,,,,,,,,Images/NeurtalRight.jpeg,Neutral Right,m,E.Y.,18,Female,Year 1,N,Y,Chineses,English,English,2021-02-16_14h35.06.523,Tse_Altarriba_Simon1,2020.1.2,MacIntel,60,3460,,,m,1,0.387,,,,,,,,0,42,42,50,1
,,,,,,,,,,,,Images/NeutralLeft.jpeg,Neutral Left,z,E.Y.,18,Female,Year 1,N,Y,Chineses,English,English,2021-02-16_14h35.06.523,Tse_Altarriba_Simon1,2020.1.2,MacIntel,60,3460,,,z,1,0.369,,,,,,,,0,43,43,47,1
,,,,,,,,,,,,Images/CongruentLeft.jpeg,Congruent Left,z,E.Y.,18,Female,Year 1,N,Y,Chineses,English,English,2021-02-16_14h35.06.523,Tse_Altarriba_Simon1,2020.1.2,MacIntel,60,3460,,,z,1,0.381,,,,,,,,0,44,44,4,1
,,,,,,,,,,,,Images/IncongruentRight.jpeg,Incongruent Right,m,E.Y.,18,Female,Year 1,N,Y,Chineses,English,English,2021-02-16_14h35.06.523,Tse_Altarriba_Simon1,2020.1.2,MacIntel,60,3460,,,m,1,0.42,,,,,,,,0,45,45,30,1
,,,,,,,,,,,,Images/CongruentLeft.jpeg,Congruent Left,z,E.Y.,18,Female,Year 1,N,Y,Chineses,English,English,2021-02-16_14h35.06.523,Tse_Altarriba_Simon1,2020.1.2,MacIntel,60,3460,,,z,1,0.471,,,,,,,,0,46,46,6,1
,,,,,,,,,,,,Images/IncongruentLeft.jpeg,Incongruent Left,z,E.Y.,18,Female,Year 1,N,Y,Chineses,English,English,2021-02-16_14h35.06.523,Tse_Altarriba_Simon1,2020.1.2,MacIntel,60,3460,,,z,1,0.566,,,,,,,,0,47,47,29,1
,,,,,,,,,,,,Images/CongruentLeft.jpeg,Congruent Left,z,E.Y.,18,Female,Year 1,N,Y,Chineses,English,English,2021-02-16_14h35.06.523,Tse_Altarriba_Simon1,2020.1.2,MacIntel,60,3460,,,z,1,0.453,,,,,,,,0,48,48,9,1
,,,,,,,,,,,,Images/CongruentRight.jpeg,Congruent Right,m,E.Y.,18,Female,Year 1,N,Y,Chineses,English,English,2021-02-16_14h35.06.523,Tse_Altarriba_Simon1,2020.1.2,MacIntel,60,3460,,,m,1,0.381,,,,,,,,0,49,49,19,1
,,,,,,,,,,,,Images/NeutralLeft.jpeg,Neutral Left,z,E.Y.,18,Female,Year 1,N,Y,Chineses,English,English,2021-02-16_14h35.06.523,Tse_Altarriba_Simon1,2020.1.2,MacIntel,60,3460,,,z,1,0.404,,,,,,,,0,50,50,41,1
,,,,,,,,,,,,Images/IncongruentRight.jpeg,Incongruent Right,m,E.Y.,18,Female,Year 1,N,Y,Chineses,English,English,2021-02-16_14h35.06.523,Tse_Altarriba_Simon1,2020.1.2,MacIntel,60,3460,,,m,1,0.452,,,,,,,,0,51,51,34,1
,,,,,,,,,,,,Images/CongruentRight.jpeg,Congruent Right,m,E.Y.,18,Female,Year 1,N,Y,Chineses,English,English,2021-02-16_14h35.06.523,Tse_Altarriba_Simon1,2020.1.2,MacIntel,60,3460,,,m,1,0.366,,,,,,,,0,52,52,18,1
,,,,,,,,,,,,Images/CongruentLeft.jpeg,Congruent Left,z,E.Y.,18,Female,Year 1,N,Y,Chineses,English,English,2021-02-16_14h35.06.523,Tse_Altarriba_Simon1,2020.1.2,MacIntel,60,3460,,,z,1,0.349,,,,,,,,0,53,53,0,1
,,,,,,,,,,,,Images/CongruentLeft.jpeg,Congruent Left,z,E.Y.,18,Female,Year 1,N,Y,Chineses,English,English,2021-02-16_14h35.06.523,Tse_Altarriba_Simon1,2020.1.2,MacIntel,60,3460,,,z,1,0.355,,,,,,,,0,54,54,3,1
,,,,,,,,,,,,Images/CongruentLeft.jpeg,Congruent Left,z,E.Y.,18,Female,Year 1,N,Y,Chineses,English,English,2021-02-16_14h35.06.523,Tse_Altarriba_Simon1,2020.1.2,MacIntel,60,3460,,,z,1,0.338,,,,,,,,0,55,55,2,1
,,,,,,,,,,,,Images/IncongruentRight.jpeg,Incongruent Right,m,E.Y.,18,Female,Year 1,N,Y,Chineses,English,English,2021-02-16_14h35.06.523,Tse_Altarriba_Simon1,2020.1.2,MacIntel,60,3460,,,m,1,0.437,,,,,,,,0,56,56,39,1
,,,,,,,,,,,,Images/NeurtalRight.jpeg,Neutral Right,m,E.Y.,18,Female,Year 1,N,Y,Chineses,English,English,2021-02-16_14h35.06.523,Tse_Altarriba_Simon1,2020.1.2,MacIntel,60,3460,,,m,1,0.481,,,,,,,,0,57,57,56,1
,,,,,,,,,,,,Images/CongruentLeft.jpeg,Congruent Left,z,E.Y.,18,Female,Year 1,N,Y,Chineses,English,English,2021-02-16_14h35.06.523,Tse_Altarriba_Simon1,2020.1.2,MacIntel,60,3460,,,z,1,0.347,,,,,,,,0,58,58,1,1
,,,,,,,,,,,,Images/IncongruentLeft.jpeg,Incongruent Left,z,E.Y.,18,Female,Year 1,N,Y,Chineses,English,English,2021-02-16_14h35.06.523,Tse_Altarriba_Simon1,2020.1.2,MacIntel,60,3460,,,z,1,0.5,,,,,,,,0,59,59,23,1
