Space1.keys,Space1.rt,Space2.keys,Space2.rt,response.keys,response.corr,response.rt,Practice_loop.thisRepN,Practice_loop.thisTrialN,Practice_loop.thisN,Practice_loop.thisIndex,Practice_loop.ran,ImageFile,Condition,CorrAns,Your initials,What is your age?,What is your gender?,What year are you in?,Are you Dyslexic? (Y/N),Are you bi/multilingual? (Y/N),What is your first language?,"What is your second language? (if you are monollingual, leave blank)",What other languages do you speak?,date,expName,psychopyVersion,OS,frameRate,participant,Space3.keys,Space3.rt,key_resp_2.keys,key_resp_2.corr,key_resp_2.rt,trials.thisRepN,trials.thisTrialN,trials.thisN,trials.thisIndex,trials.ran,Space4.keys,Space4.rt,trials_2.thisRepN,trials_2.thisTrialN,trials_2.thisN,trials_2.thisIndex,trials_2.ran
space,2.77221,space,16.206065,m,1,1.60166,0,0,0,2,1,Images/CongruentRight.jpeg,Congruent Right,m,hk,20,female,1,n,y,turkish,english,,2021-02-22_13h30.24.172,Tse_Altarriba_Simon1,2020.1.2,Win32,60,3466,,,,,,,,,,,,,,,,,
,,,,m,1,0.634495,0,1,1,10,1,Images/NeurtalRight.jpeg,Neutral Right,m,hk,20,female,1,n,y,turkish,english,,2021-02-22_13h30.24.172,Tse_Altarriba_Simon1,2020.1.2,Win32,60,3466,,,,,,,,,,,,,,,,,
,,,,m,1,0.401235,0,2,2,3,1,Images/CongruentRight.jpeg,Congruent Right,m,hk,20,female,1,n,y,turkish,english,,2021-02-22_13h30.24.172,Tse_Altarriba_Simon1,2020.1.2,Win32,60,3466,,,,,,,,,,,,,,,,,
,,,,z,1,0.54616,0,3,3,4,1,Images/IncongruentLeft.jpeg,Incongruent Left,z,hk,20,female,1,n,y,turkish,english,,2021-02-22_13h30.24.172,Tse_Altarriba_Simon1,2020.1.2,Win32,60,3466,,,,,,,,,,,,,,,,,
,,,,m,1,0.529305,0,4,4,6,1,Images/IncongruentRight.jpeg,Incongruent Right,m,hk,20,female,1,n,y,turkish,english,,2021-02-22_13h30.24.172,Tse_Altarriba_Simon1,2020.1.2,Win32,60,3466,,,,,,,,,,,,,,,,,
,,,,z,1,0.47775,0,5,5,5,1,Images/IncongruentLeft.jpeg,Incongruent Left,z,hk,20,female,1,n,y,turkish,english,,2021-02-22_13h30.24.172,Tse_Altarriba_Simon1,2020.1.2,Win32,60,3466,,,,,,,,,,,,,,,,,
,,,,z,1,0.46969,0,6,6,1,1,Images/CongruentLeft.jpeg,Congruent Left,z,hk,20,female,1,n,y,turkish,english,,2021-02-22_13h30.24.172,Tse_Altarriba_Simon1,2020.1.2,Win32,60,3466,,,,,,,,,,,,,,,,,
,,,,z,1,0.428525,0,7,7,9,1,Images/NeutralLeft.jpeg,Neutral Left,z,hk,20,female,1,n,y,turkish,english,,2021-02-22_13h30.24.172,Tse_Altarriba_Simon1,2020.1.2,Win32,60,3466,,,,,,,,,,,,,,,,,
,,,,z,1,0.403585,0,8,8,8,1,Images/NeutralLeft.jpeg,Neutral Left,z,hk,20,female,1,n,y,turkish,english,,2021-02-22_13h30.24.172,Tse_Altarriba_Simon1,2020.1.2,Win32,60,3466,,,,,,,,,,,,,,,,,
,,,,m,1,0.48621,0,9,9,7,1,Images/IncongruentRight.jpeg,Incongruent Right,m,hk,20,female,1,n,y,turkish,english,,2021-02-22_13h30.24.172,Tse_Altarriba_Simon1,2020.1.2,Win32,60,3466,,,,,,,,,,,,,,,,,
,,,,z,1,0.45313,0,10,10,0,1,Images/CongruentLeft.jpeg,Congruent Left,z,hk,20,female,1,n,y,turkish,english,,2021-02-22_13h30.24.172,Tse_Altarriba_Simon1,2020.1.2,Win32,60,3466,,,,,,,,,,,,,,,,,
,,,,m,1,0.43554,0,11,11,11,1,Images/NeurtalRight.jpeg,Neutral Right,m,hk,20,female,1,n,y,turkish,english,,2021-02-22_13h30.24.172,Tse_Altarriba_Simon1,2020.1.2,Win32,60,3466,,,,,,,,,,,,,,,,,
,,,,,,,,,,,,Images/IncongruentRight.jpeg,Incongruent Right,m,hk,20,female,1,n,y,turkish,english,,2021-02-22_13h30.24.172,Tse_Altarriba_Simon1,2020.1.2,Win32,60,3466,space,11.540895,m,1,0.4731,0,0,0,35,1,,,,,,,
,,,,,,,,,,,,Images/CongruentLeft.jpeg,Congruent Left,z,hk,20,female,1,n,y,turkish,english,,2021-02-22_13h30.24.172,Tse_Altarriba_Simon1,2020.1.2,Win32,60,3466,,,z,1,0.442885,0,1,1,3,1,,,,,,,
,,,,,,,,,,,,Images/CongruentLeft.jpeg,Congruent Left,z,hk,20,female,1,n,y,turkish,english,,2021-02-22_13h30.24.172,Tse_Altarriba_Simon1,2020.1.2,Win32,60,3466,,,z,1,0.392245,0,2,2,2,1,,,,,,,
,,,,,,,,,,,,Images/NeutralLeft.jpeg,Neutral Left,z,hk,20,female,1,n,y,turkish,english,,2021-02-22_13h30.24.172,Tse_Altarriba_Simon1,2020.1.2,Win32,60,3466,,,z,1,0.40979,0,3,3,40,1,,,,,,,
,,,,,,,,,,,,Images/CongruentRight.jpeg,Congruent Right,m,hk,20,female,1,n,y,turkish,english,,2021-02-22_13h30.24.172,Tse_Altarriba_Simon1,2020.1.2,Win32,60,3466,,,m,1,0.309255,0,4,4,15,1,,,,,,,
,,,,,,,,,,,,Images/CongruentRight.jpeg,Congruent Right,m,hk,20,female,1,n,y,turkish,english,,2021-02-22_13h30.24.172,Tse_Altarriba_Simon1,2020.1.2,Win32,60,3466,,,m,1,0.399905,0,5,5,14,1,,,,,,,
,,,,,,,,,,,,Images/CongruentLeft.jpeg,Congruent Left,z,hk,20,female,1,n,y,turkish,english,,2021-02-22_13h30.24.172,Tse_Altarriba_Simon1,2020.1.2,Win32,60,3466,,,z,1,0.42687,0,6,6,8,1,,,,,,,
,,,,,,,,,,,,Images/IncongruentRight.jpeg,Incongruent Right,m,hk,20,female,1,n,y,turkish,english,,2021-02-22_13h30.24.172,Tse_Altarriba_Simon1,2020.1.2,Win32,60,3466,,,m,1,0.44297,0,7,7,39,1,,,,,,,
,,,,,,,,,,,,Images/NeurtalRight.jpeg,Neutral Right,m,hk,20,female,1,n,y,turkish,english,,2021-02-22_13h30.24.172,Tse_Altarriba_Simon1,2020.1.2,Win32,60,3466,,,m,1,0.399785,0,8,8,56,1,,,,,,,
,,,,,,,,,,,,Images/NeutralLeft.jpeg,Neutral Left,z,hk,20,female,1,n,y,turkish,english,,2021-02-22_13h30.24.172,Tse_Altarriba_Simon1,2020.1.2,Win32,60,3466,,,z,1,0.398685,0,9,9,41,1,,,,,,,
,,,,,,,,,,,,Images/IncongruentLeft.jpeg,Incongruent Left,z,hk,20,female,1,n,y,turkish,english,,2021-02-22_13h30.24.172,Tse_Altarriba_Simon1,2020.1.2,Win32,60,3466,,,z,1,0.56013,0,10,10,21,1,,,,,,,
,,,,,,,,,,,,Images/NeutralLeft.jpeg,Neutral Left,z,hk,20,female,1,n,y,turkish,english,,2021-02-22_13h30.24.172,Tse_Altarriba_Simon1,2020.1.2,Win32,60,3466,,,z,1,0.381685,0,11,11,49,1,,,,,,,
,,,,,,,,,,,,Images/NeutralLeft.jpeg,Neutral Left,z,hk,20,female,1,n,y,turkish,english,,2021-02-22_13h30.24.172,Tse_Altarriba_Simon1,2020.1.2,Win32,60,3466,,,z,1,0.399135,0,12,12,46,1,,,,,,,
,,,,,,,,,,,,Images/IncongruentLeft.jpeg,Incongruent Left,z,hk,20,female,1,n,y,turkish,english,,2021-02-22_13h30.24.172,Tse_Altarriba_Simon1,2020.1.2,Win32,60,3466,,,z,1,0.55805,0,13,13,28,1,,,,,,,
,,,,,,,,,,,,Images/NeurtalRight.jpeg,Neutral Right,m,hk,20,female,1,n,y,turkish,english,,2021-02-22_13h30.24.172,Tse_Altarriba_Simon1,2020.1.2,Win32,60,3466,,,m,1,0.543355,0,14,14,52,1,,,,,,,
,,,,,,,,,,,,Images/CongruentRight.jpeg,Congruent Right,m,hk,20,female,1,n,y,turkish,english,,2021-02-22_13h30.24.172,Tse_Altarriba_Simon1,2020.1.2,Win32,60,3466,,,m,1,0.464485,0,15,15,10,1,,,,,,,
,,,,,,,,,,,,Images/IncongruentLeft.jpeg,Incongruent Left,z,hk,20,female,1,n,y,turkish,english,,2021-02-22_13h30.24.172,Tse_Altarriba_Simon1,2020.1.2,Win32,60,3466,,,z,1,0.413115,0,16,16,27,1,,,,,,,
,,,,,,,,,,,,Images/IncongruentRight.jpeg,Incongruent Right,m,hk,20,female,1,n,y,turkish,english,,2021-02-22_13h30.24.172,Tse_Altarriba_Simon1,2020.1.2,Win32,60,3466,,,m,1,0.39774,0,17,17,36,1,,,,,,,
,,,,,,,,,,,,Images/CongruentLeft.jpeg,Congruent Left,z,hk,20,female,1,n,y,turkish,english,,2021-02-22_13h30.24.172,Tse_Altarriba_Simon1,2020.1.2,Win32,60,3466,,,z,1,0.665135,0,18,18,9,1,,,,,,,
,,,,,,,,,,,,Images/CongruentLeft.jpeg,Congruent Left,z,hk,20,female,1,n,y,turkish,english,,2021-02-22_13h30.24.172,Tse_Altarriba_Simon1,2020.1.2,Win32,60,3466,,,z,1,0.333495,0,19,19,0,1,,,,,,,
,,,,,,,,,,,,Images/NeurtalRight.jpeg,Neutral Right,m,hk,20,female,1,n,y,turkish,english,,2021-02-22_13h30.24.172,Tse_Altarriba_Simon1,2020.1.2,Win32,60,3466,,,m,1,0.71349,0,20,20,59,1,,,,,,,
,,,,,,,,,,,,Images/NeutralLeft.jpeg,Neutral Left,z,hk,20,female,1,n,y,turkish,english,,2021-02-22_13h30.24.172,Tse_Altarriba_Simon1,2020.1.2,Win32,60,3466,,,z,1,0.42518,0,21,21,43,1,,,,,,,
,,,,,,,,,,,,Images/CongruentLeft.jpeg,Congruent Left,z,hk,20,female,1,n,y,turkish,english,,2021-02-22_13h30.24.172,Tse_Altarriba_Simon1,2020.1.2,Win32,60,3466,,,m,0,0.408015,0,22,22,1,1,,,,,,,
,,,,,,,,,,,,Images/NeutralLeft.jpeg,Neutral Left,z,hk,20,female,1,n,y,turkish,english,,2021-02-22_13h30.24.172,Tse_Altarriba_Simon1,2020.1.2,Win32,60,3466,,,z,1,0.42441,0,23,23,45,1,,,,,,,
,,,,,,,,,,,,Images/CongruentRight.jpeg,Congruent Right,m,hk,20,female,1,n,y,turkish,english,,2021-02-22_13h30.24.172,Tse_Altarriba_Simon1,2020.1.2,Win32,60,3466,,,m,1,0.3924,0,24,24,11,1,,,,,,,
,,,,,,,,,,,,Images/IncongruentRight.jpeg,Incongruent Right,m,hk,20,female,1,n,y,turkish,english,,2021-02-22_13h30.24.172,Tse_Altarriba_Simon1,2020.1.2,Win32,60,3466,,,m,1,0.441335,0,25,25,37,1,,,,,,,
,,,,,,,,,,,,Images/NeurtalRight.jpeg,Neutral Right,m,hk,20,female,1,n,y,turkish,english,,2021-02-22_13h30.24.172,Tse_Altarriba_Simon1,2020.1.2,Win32,60,3466,,,m,1,0.39211,0,26,26,54,1,,,,,,,
,,,,,,,,,,,,Images/NeutralLeft.jpeg,Neutral Left,z,hk,20,female,1,n,y,turkish,english,,2021-02-22_13h30.24.172,Tse_Altarriba_Simon1,2020.1.2,Win32,60,3466,,,z,1,0.6254,0,27,27,44,1,,,,,,,
,,,,,,,,,,,,Images/IncongruentLeft.jpeg,Incongruent Left,z,hk,20,female,1,n,y,turkish,english,,2021-02-22_13h30.24.172,Tse_Altarriba_Simon1,2020.1.2,Win32,60,3466,,,z,1,0.44158,0,28,28,24,1,,,,,,,
,,,,,,,,,,,,Images/NeurtalRight.jpeg,Neutral Right,m,hk,20,female,1,n,y,turkish,english,,2021-02-22_13h30.24.172,Tse_Altarriba_Simon1,2020.1.2,Win32,60,3466,,,m,1,0.428005,0,29,29,50,1,,,,,,,
,,,,,,,,,,,,Images/CongruentLeft.jpeg,Congruent Left,z,hk,20,female,1,n,y,turkish,english,,2021-02-22_13h30.24.172,Tse_Altarriba_Simon1,2020.1.2,Win32,60,3466,,,z,1,0.3921,0,30,30,4,1,,,,,,,
,,,,,,,,,,,,Images/NeurtalRight.jpeg,Neutral Right,m,hk,20,female,1,n,y,turkish,english,,2021-02-22_13h30.24.172,Tse_Altarriba_Simon1,2020.1.2,Win32,60,3466,,,m,1,0.333395,0,31,31,58,1,,,,,,,
,,,,,,,,,,,,Images/IncongruentRight.jpeg,Incongruent Right,m,hk,20,female,1,n,y,turkish,english,,2021-02-22_13h30.24.172,Tse_Altarriba_Simon1,2020.1.2,Win32,60,3466,,,m,1,0.394485,0,32,32,31,1,,,,,,,
,,,,,,,,,,,,Images/IncongruentLeft.jpeg,Incongruent Left,z,hk,20,female,1,n,y,turkish,english,,2021-02-22_13h30.24.172,Tse_Altarriba_Simon1,2020.1.2,Win32,60,3466,,,z,1,0.475935,0,33,33,23,1,,,,,,,
,,,,,,,,,,,,Images/IncongruentRight.jpeg,Incongruent Right,m,hk,20,female,1,n,y,turkish,english,,2021-02-22_13h30.24.172,Tse_Altarriba_Simon1,2020.1.2,Win32,60,3466,,,m,1,0.38399,0,34,34,30,1,,,,,,,
,,,,,,,,,,,,Images/CongruentRight.jpeg,Congruent Right,m,hk,20,female,1,n,y,turkish,english,,2021-02-22_13h30.24.172,Tse_Altarriba_Simon1,2020.1.2,Win32,60,3466,,,m,1,0.44839,0,35,35,17,1,,,,,,,
,,,,,,,,,,,,Images/CongruentRight.jpeg,Congruent Right,m,hk,20,female,1,n,y,turkish,english,,2021-02-22_13h30.24.172,Tse_Altarriba_Simon1,2020.1.2,Win32,60,3466,,,m,1,0.384315,0,36,36,18,1,,,,,,,
,,,,,,,,,,,,Images/IncongruentLeft.jpeg,Incongruent Left,z,hk,20,female,1,n,y,turkish,english,,2021-02-22_13h30.24.172,Tse_Altarriba_Simon1,2020.1.2,Win32,60,3466,,,m,0,0.342245,0,37,37,22,1,,,,,,,
,,,,,,,,,,,,Images/CongruentRight.jpeg,Congruent Right,m,hk,20,female,1,n,y,turkish,english,,2021-02-22_13h30.24.172,Tse_Altarriba_Simon1,2020.1.2,Win32,60,3466,,,m,1,0.59247,0,38,38,12,1,,,,,,,
,,,,,,,,,,,,Images/NeutralLeft.jpeg,Neutral Left,z,hk,20,female,1,n,y,turkish,english,,2021-02-22_13h30.24.172,Tse_Altarriba_Simon1,2020.1.2,Win32,60,3466,,,z,1,0.410435,0,39,39,47,1,,,,,,,
,,,,,,,,,,,,Images/NeutralLeft.jpeg,Neutral Left,z,hk,20,female,1,n,y,turkish,english,,2021-02-22_13h30.24.172,Tse_Altarriba_Simon1,2020.1.2,Win32,60,3466,,,z,1,0.432015,0,40,40,42,1,,,,,,,
,,,,,,,,,,,,Images/NeurtalRight.jpeg,Neutral Right,m,hk,20,female,1,n,y,turkish,english,,2021-02-22_13h30.24.172,Tse_Altarriba_Simon1,2020.1.2,Win32,60,3466,,,m,1,0.45908,0,41,41,51,1,,,,,,,
,,,,,,,,,,,,Images/CongruentRight.jpeg,Congruent Right,m,hk,20,female,1,n,y,turkish,english,,2021-02-22_13h30.24.172,Tse_Altarriba_Simon1,2020.1.2,Win32,60,3466,,,m,1,0.392615,0,42,42,16,1,,,,,,,
,,,,,,,,,,,,Images/CongruentRight.jpeg,Congruent Right,m,hk,20,female,1,n,y,turkish,english,,2021-02-22_13h30.24.172,Tse_Altarriba_Simon1,2020.1.2,Win32,60,3466,,,m,1,0.450485,0,43,43,13,1,,,,,,,
,,,,,,,,,,,,Images/IncongruentRight.jpeg,Incongruent Right,m,hk,20,female,1,n,y,turkish,english,,2021-02-22_13h30.24.172,Tse_Altarriba_Simon1,2020.1.2,Win32,60,3466,,,m,1,0.50928,0,44,44,34,1,,,,,,,
,,,,,,,,,,,,Images/IncongruentRight.jpeg,Incongruent Right,m,hk,20,female,1,n,y,turkish,english,,2021-02-22_13h30.24.172,Tse_Altarriba_Simon1,2020.1.2,Win32,60,3466,,,m,1,0.44571,0,45,45,32,1,,,,,,,
,,,,,,,,,,,,Images/IncongruentLeft.jpeg,Incongruent Left,z,hk,20,female,1,n,y,turkish,english,,2021-02-22_13h30.24.172,Tse_Altarriba_Simon1,2020.1.2,Win32,60,3466,,,z,1,0.509375,0,46,46,25,1,,,,,,,
,,,,,,,,,,,,Images/CongruentLeft.jpeg,Congruent Left,z,hk,20,female,1,n,y,turkish,english,,2021-02-22_13h30.24.172,Tse_Altarriba_Simon1,2020.1.2,Win32,60,3466,,,z,1,0.591395,0,47,47,7,1,,,,,,,
,,,,,,,,,,,,Images/IncongruentRight.jpeg,Incongruent Right,m,hk,20,female,1,n,y,turkish,english,,2021-02-22_13h30.24.172,Tse_Altarriba_Simon1,2020.1.2,Win32,60,3466,,,m,1,0.557105,0,48,48,38,1,,,,,,,
,,,,,,,,,,,,Images/IncongruentRight.jpeg,Incongruent Right,m,hk,20,female,1,n,y,turkish,english,,2021-02-22_13h30.24.172,Tse_Altarriba_Simon1,2020.1.2,Win32,60,3466,,,m,1,0.424615,0,49,49,33,1,,,,,,,
,,,,,,,,,,,,Images/IncongruentLeft.jpeg,Incongruent Left,z,hk,20,female,1,n,y,turkish,english,,2021-02-22_13h30.24.172,Tse_Altarriba_Simon1,2020.1.2,Win32,60,3466,,,z,1,0.50924,0,50,50,20,1,,,,,,,
,,,,,,,,,,,,Images/NeurtalRight.jpeg,Neutral Right,m,hk,20,female,1,n,y,turkish,english,,2021-02-22_13h30.24.172,Tse_Altarriba_Simon1,2020.1.2,Win32,60,3466,,,m,1,0.50953,0,51,51,53,1,,,,,,,
,,,,,,,,,,,,Images/CongruentRight.jpeg,Congruent Right,m,hk,20,female,1,n,y,turkish,english,,2021-02-22_13h30.24.172,Tse_Altarriba_Simon1,2020.1.2,Win32,60,3466,,,m,1,0.5243,0,52,52,19,1,,,,,,,
,,,,,,,,,,,,Images/IncongruentLeft.jpeg,Incongruent Left,z,hk,20,female,1,n,y,turkish,english,,2021-02-22_13h30.24.172,Tse_Altarriba_Simon1,2020.1.2,Win32,60,3466,,,z,1,0.552035,0,53,53,29,1,,,,,,,
,,,,,,,,,,,,Images/NeurtalRight.jpeg,Neutral Right,m,hk,20,female,1,n,y,turkish,english,,2021-02-22_13h30.24.172,Tse_Altarriba_Simon1,2020.1.2,Win32,60,3466,,,m,1,0.47619,0,54,54,57,1,,,,,,,
,,,,,,,,,,,,Images/IncongruentLeft.jpeg,Incongruent Left,z,hk,20,female,1,n,y,turkish,english,,2021-02-22_13h30.24.172,Tse_Altarriba_Simon1,2020.1.2,Win32,60,3466,,,z,1,0.466815,0,55,55,26,1,,,,,,,
,,,,,,,,,,,,Images/NeutralLeft.jpeg,Neutral Left,z,hk,20,female,1,n,y,turkish,english,,2021-02-22_13h30.24.172,Tse_Altarriba_Simon1,2020.1.2,Win32,60,3466,,,z,1,0.558845,0,56,56,48,1,,,,,,,
,,,,,,,,,,,,Images/CongruentLeft.jpeg,Congruent Left,z,hk,20,female,1,n,y,turkish,english,,2021-02-22_13h30.24.172,Tse_Altarriba_Simon1,2020.1.2,Win32,60,3466,,,z,1,0.518725,0,57,57,6,1,,,,,,,
,,,,,,,,,,,,Images/CongruentLeft.jpeg,Congruent Left,z,hk,20,female,1,n,y,turkish,english,,2021-02-22_13h30.24.172,Tse_Altarriba_Simon1,2020.1.2,Win32,60,3466,,,z,1,0.477395,0,58,58,5,1,,,,,,,
,,,,,,,,,,,,Images/NeurtalRight.jpeg,Neutral Right,m,hk,20,female,1,n,y,turkish,english,,2021-02-22_13h30.24.172,Tse_Altarriba_Simon1,2020.1.2,Win32,60,3466,,,m,1,0.613345,0,59,59,55,1,,,,,,,
,,,,,,,,,,,,Images/NeutralLeft.jpeg,Neutral Left,z,hk,20,female,1,n,y,turkish,english,,2021-02-22_13h30.24.172,Tse_Altarriba_Simon1,2020.1.2,Win32,60,3466,,,z,1,0.482095,,,,,,space,3.07293,0,0,0,43,1
,,,,,,,,,,,,Images/IncongruentRight.jpeg,Incongruent Right,m,hk,20,female,1,n,y,turkish,english,,2021-02-22_13h30.24.172,Tse_Altarriba_Simon1,2020.1.2,Win32,60,3466,,,m,1,0.47597,,,,,,,,0,1,1,37,1
,,,,,,,,,,,,Images/NeutralLeft.jpeg,Neutral Left,z,hk,20,female,1,n,y,turkish,english,,2021-02-22_13h30.24.172,Tse_Altarriba_Simon1,2020.1.2,Win32,60,3466,,,z,1,0.459425,,,,,,,,0,2,2,41,1
,,,,,,,,,,,,Images/NeurtalRight.jpeg,Neutral Right,m,hk,20,female,1,n,y,turkish,english,,2021-02-22_13h30.24.172,Tse_Altarriba_Simon1,2020.1.2,Win32,60,3466,,,m,1,0.38214,,,,,,,,0,3,3,58,1
,,,,,,,,,,,,Images/CongruentRight.jpeg,Congruent Right,m,hk,20,female,1,n,y,turkish,english,,2021-02-22_13h30.24.172,Tse_Altarriba_Simon1,2020.1.2,Win32,60,3466,,,m,1,0.61216,,,,,,,,0,4,4,18,1
,,,,,,,,,,,,Images/CongruentLeft.jpeg,Congruent Left,z,hk,20,female,1,n,y,turkish,english,,2021-02-22_13h30.24.172,Tse_Altarriba_Simon1,2020.1.2,Win32,60,3466,,,z,1,0.38075,,,,,,,,0,5,5,9,1
,,,,,,,,,,,,Images/CongruentRight.jpeg,Congruent Right,m,hk,20,female,1,n,y,turkish,english,,2021-02-22_13h30.24.172,Tse_Altarriba_Simon1,2020.1.2,Win32,60,3466,,,m,1,0.40326,,,,,,,,0,6,6,19,1
,,,,,,,,,,,,Images/CongruentLeft.jpeg,Congruent Left,z,hk,20,female,1,n,y,turkish,english,,2021-02-22_13h30.24.172,Tse_Altarriba_Simon1,2020.1.2,Win32,60,3466,,,z,1,0.42651,,,,,,,,0,7,7,6,1
,,,,,,,,,,,,Images/IncongruentRight.jpeg,Incongruent Right,m,hk,20,female,1,n,y,turkish,english,,2021-02-22_13h30.24.172,Tse_Altarriba_Simon1,2020.1.2,Win32,60,3466,,,z,0,0.33436,,,,,,,,0,8,8,34,1
,,,,,,,,,,,,Images/CongruentRight.jpeg,Congruent Right,m,hk,20,female,1,n,y,turkish,english,,2021-02-22_13h30.24.172,Tse_Altarriba_Simon1,2020.1.2,Win32,60,3466,,,m,1,0.49335,,,,,,,,0,9,9,17,1
,,,,,,,,,,,,Images/NeurtalRight.jpeg,Neutral Right,m,hk,20,female,1,n,y,turkish,english,,2021-02-22_13h30.24.172,Tse_Altarriba_Simon1,2020.1.2,Win32,60,3466,,,m,1,0.5118,,,,,,,,0,10,10,56,1
,,,,,,,,,,,,Images/IncongruentRight.jpeg,Incongruent Right,m,hk,20,female,1,n,y,turkish,english,,2021-02-22_13h30.24.172,Tse_Altarriba_Simon1,2020.1.2,Win32,60,3466,,,m,1,0.5667,,,,,,,,0,11,11,39,1
,,,,,,,,,,,,Images/CongruentLeft.jpeg,Congruent Left,z,hk,20,female,1,n,y,turkish,english,,2021-02-22_13h30.24.172,Tse_Altarriba_Simon1,2020.1.2,Win32,60,3466,,,z,1,0.61093,,,,,,,,0,12,12,7,1
,,,,,,,,,,,,Images/IncongruentRight.jpeg,Incongruent Right,m,hk,20,female,1,n,y,turkish,english,,2021-02-22_13h30.24.172,Tse_Altarriba_Simon1,2020.1.2,Win32,60,3466,,,m,1,0.517065,,,,,,,,0,13,13,33,1
,,,,,,,,,,,,Images/CongruentLeft.jpeg,Congruent Left,z,hk,20,female,1,n,y,turkish,english,,2021-02-22_13h30.24.172,Tse_Altarriba_Simon1,2020.1.2,Win32,60,3466,,,z,1,0.55993,,,,,,,,0,14,14,5,1
,,,,,,,,,,,,Images/CongruentRight.jpeg,Congruent Right,m,hk,20,female,1,n,y,turkish,english,,2021-02-22_13h30.24.172,Tse_Altarriba_Simon1,2020.1.2,Win32,60,3466,,,m,1,0.43065,,,,,,,,0,15,15,15,1
,,,,,,,,,,,,Images/IncongruentLeft.jpeg,Incongruent Left,z,hk,20,female,1,n,y,turkish,english,,2021-02-22_13h30.24.172,Tse_Altarriba_Simon1,2020.1.2,Win32,60,3466,,,z,1,0.13179,,,,,,,,0,16,16,23,1
,,,,,,,,,,,,Images/CongruentLeft.jpeg,Congruent Left,z,hk,20,female,1,n,y,turkish,english,,2021-02-22_13h30.24.172,Tse_Altarriba_Simon1,2020.1.2,Win32,60,3466,,,z,1,0.577085,,,,,,,,0,17,17,1,1
,,,,,,,,,,,,Images/NeurtalRight.jpeg,Neutral Right,m,hk,20,female,1,n,y,turkish,english,,2021-02-22_13h30.24.172,Tse_Altarriba_Simon1,2020.1.2,Win32,60,3466,,,m,1,0.495945,,,,,,,,0,18,18,59,1
,,,,,,,,,,,,Images/CongruentRight.jpeg,Congruent Right,m,hk,20,female,1,n,y,turkish,english,,2021-02-22_13h30.24.172,Tse_Altarriba_Simon1,2020.1.2,Win32,60,3466,,,m,1,0.45891,,,,,,,,0,19,19,13,1
,,,,,,,,,,,,Images/IncongruentLeft.jpeg,Incongruent Left,z,hk,20,female,1,n,y,turkish,english,,2021-02-22_13h30.24.172,Tse_Altarriba_Simon1,2020.1.2,Win32,60,3466,,,z,1,0.845445,,,,,,,,0,20,20,26,1
,,,,,,,,,,,,Images/NeutralLeft.jpeg,Neutral Left,z,hk,20,female,1,n,y,turkish,english,,2021-02-22_13h30.24.172,Tse_Altarriba_Simon1,2020.1.2,Win32,60,3466,,,z,1,0.48853,,,,,,,,0,21,21,47,1
,,,,,,,,,,,,Images/NeutralLeft.jpeg,Neutral Left,z,hk,20,female,1,n,y,turkish,english,,2021-02-22_13h30.24.172,Tse_Altarriba_Simon1,2020.1.2,Win32,60,3466,,,z,1,0.432995,,,,,,,,0,22,22,49,1
,,,,,,,,,,,,Images/CongruentLeft.jpeg,Congruent Left,z,hk,20,female,1,n,y,turkish,english,,2021-02-22_13h30.24.172,Tse_Altarriba_Simon1,2020.1.2,Win32,60,3466,,,z,1,0.43123,,,,,,,,0,23,23,2,1
,,,,,,,,,,,,Images/NeutralLeft.jpeg,Neutral Left,z,hk,20,female,1,n,y,turkish,english,,2021-02-22_13h30.24.172,Tse_Altarriba_Simon1,2020.1.2,Win32,60,3466,,,z,1,0.41061,,,,,,,,0,24,24,45,1
,,,,,,,,,,,,Images/CongruentLeft.jpeg,Congruent Left,z,hk,20,female,1,n,y,turkish,english,,2021-02-22_13h30.24.172,Tse_Altarriba_Simon1,2020.1.2,Win32,60,3466,,,z,1,0.3597,,,,,,,,0,25,25,0,1
,,,,,,,,,,,,Images/NeurtalRight.jpeg,Neutral Right,m,hk,20,female,1,n,y,turkish,english,,2021-02-22_13h30.24.172,Tse_Altarriba_Simon1,2020.1.2,Win32,60,3466,,,m,1,0.4673,,,,,,,,0,26,26,55,1
,,,,,,,,,,,,Images/NeurtalRight.jpeg,Neutral Right,m,hk,20,female,1,n,y,turkish,english,,2021-02-22_13h30.24.172,Tse_Altarriba_Simon1,2020.1.2,Win32,60,3466,,,m,1,0.349825,,,,,,,,0,27,27,57,1
,,,,,,,,,,,,Images/IncongruentLeft.jpeg,Incongruent Left,z,hk,20,female,1,n,y,turkish,english,,2021-02-22_13h30.24.172,Tse_Altarriba_Simon1,2020.1.2,Win32,60,3466,,,z,1,0.61235,,,,,,,,0,28,28,25,1
,,,,,,,,,,,,Images/IncongruentLeft.jpeg,Incongruent Left,z,hk,20,female,1,n,y,turkish,english,,2021-02-22_13h30.24.172,Tse_Altarriba_Simon1,2020.1.2,Win32,60,3466,,,z,1,0.6598,,,,,,,,0,29,29,21,1
,,,,,,,,,,,,Images/NeurtalRight.jpeg,Neutral Right,m,hk,20,female,1,n,y,turkish,english,,2021-02-22_13h30.24.172,Tse_Altarriba_Simon1,2020.1.2,Win32,60,3466,,,m,1,0.460505,,,,,,,,0,30,30,53,1
,,,,,,,,,,,,Images/IncongruentLeft.jpeg,Incongruent Left,z,hk,20,female,1,n,y,turkish,english,,2021-02-22_13h30.24.172,Tse_Altarriba_Simon1,2020.1.2,Win32,60,3466,,,z,1,0.48307,,,,,,,,0,31,31,29,1
,,,,,,,,,,,,Images/NeurtalRight.jpeg,Neutral Right,m,hk,20,female,1,n,y,turkish,english,,2021-02-22_13h30.24.172,Tse_Altarriba_Simon1,2020.1.2,Win32,60,3466,,,m,1,0.459905,,,,,,,,0,32,32,52,1
,,,,,,,,,,,,Images/CongruentLeft.jpeg,Congruent Left,z,hk,20,female,1,n,y,turkish,english,,2021-02-22_13h30.24.172,Tse_Altarriba_Simon1,2020.1.2,Win32,60,3466,,,z,1,0.47628,,,,,,,,0,33,33,4,1
,,,,,,,,,,,,Images/NeutralLeft.jpeg,Neutral Left,z,hk,20,female,1,n,y,turkish,english,,2021-02-22_13h30.24.172,Tse_Altarriba_Simon1,2020.1.2,Win32,60,3466,,,z,1,0.36073,,,,,,,,0,34,34,46,1
,,,,,,,,,,,,Images/CongruentLeft.jpeg,Congruent Left,z,hk,20,female,1,n,y,turkish,english,,2021-02-22_13h30.24.172,Tse_Altarriba_Simon1,2020.1.2,Win32,60,3466,,,z,1,0.31747,,,,,,,,0,35,35,3,1
,,,,,,,,,,,,Images/NeurtalRight.jpeg,Neutral Right,m,hk,20,female,1,n,y,turkish,english,,2021-02-22_13h30.24.172,Tse_Altarriba_Simon1,2020.1.2,Win32,60,3466,,,m,1,0.44339,,,,,,,,0,36,36,54,1
,,,,,,,,,,,,Images/IncongruentRight.jpeg,Incongruent Right,m,hk,20,female,1,n,y,turkish,english,,2021-02-22_13h30.24.172,Tse_Altarriba_Simon1,2020.1.2,Win32,60,3466,,,m,1,0.44281,,,,,,,,0,37,37,35,1
,,,,,,,,,,,,Images/IncongruentLeft.jpeg,Incongruent Left,z,hk,20,female,1,n,y,turkish,english,,2021-02-22_13h30.24.172,Tse_Altarriba_Simon1,2020.1.2,Win32,60,3466,,,z,1,0.45999,,,,,,,,0,38,38,27,1
,,,,,,,,,,,,Images/NeurtalRight.jpeg,Neutral Right,m,hk,20,female,1,n,y,turkish,english,,2021-02-22_13h30.24.172,Tse_Altarriba_Simon1,2020.1.2,Win32,60,3466,,,m,1,0.387215,,,,,,,,0,39,39,50,1
,,,,,,,,,,,,Images/NeutralLeft.jpeg,Neutral Left,z,hk,20,female,1,n,y,turkish,english,,2021-02-22_13h30.24.172,Tse_Altarriba_Simon1,2020.1.2,Win32,60,3466,,,z,1,0.527275,,,,,,,,0,40,40,44,1
,,,,,,,,,,,,Images/IncongruentRight.jpeg,Incongruent Right,m,hk,20,female,1,n,y,turkish,english,,2021-02-22_13h30.24.172,Tse_Altarriba_Simon1,2020.1.2,Win32,60,3466,,,m,1,0.412355,,,,,,,,0,41,41,36,1
,,,,,,,,,,,,Images/IncongruentRight.jpeg,Incongruent Right,m,hk,20,female,1,n,y,turkish,english,,2021-02-22_13h30.24.172,Tse_Altarriba_Simon1,2020.1.2,Win32,60,3466,,,m,1,0.412055,,,,,,,,0,42,42,30,1
,,,,,,,,,,,,Images/CongruentRight.jpeg,Congruent Right,m,hk,20,female,1,n,y,turkish,english,,2021-02-22_13h30.24.172,Tse_Altarriba_Simon1,2020.1.2,Win32,60,3466,,,m,1,0.40957,,,,,,,,0,43,43,14,1
,,,,,,,,,,,,Images/IncongruentRight.jpeg,Incongruent Right,m,hk,20,female,1,n,y,turkish,english,,2021-02-22_13h30.24.172,Tse_Altarriba_Simon1,2020.1.2,Win32,60,3466,,,m,1,0.42797,,,,,,,,0,44,44,38,1
,,,,,,,,,,,,Images/NeutralLeft.jpeg,Neutral Left,z,hk,20,female,1,n,y,turkish,english,,2021-02-22_13h30.24.172,Tse_Altarriba_Simon1,2020.1.2,Win32,60,3466,,,z,1,0.496455,,,,,,,,0,45,45,48,1
,,,,,,,,,,,,Images/IncongruentLeft.jpeg,Incongruent Left,z,hk,20,female,1,n,y,turkish,english,,2021-02-22_13h30.24.172,Tse_Altarriba_Simon1,2020.1.2,Win32,60,3466,,,z,1,0.71282,,,,,,,,0,46,46,22,1
,,,,,,,,,,,,Images/CongruentRight.jpeg,Congruent Right,m,hk,20,female,1,n,y,turkish,english,,2021-02-22_13h30.24.172,Tse_Altarriba_Simon1,2020.1.2,Win32,60,3466,,,m,1,0.56123,,,,,,,,0,47,47,10,1
,,,,,,,,,,,,Images/CongruentRight.jpeg,Congruent Right,m,hk,20,female,1,n,y,turkish,english,,2021-02-22_13h30.24.172,Tse_Altarriba_Simon1,2020.1.2,Win32,60,3466,,,m,1,0.36163,,,,,,,,0,48,48,12,1
,,,,,,,,,,,,Images/NeurtalRight.jpeg,Neutral Right,m,hk,20,female,1,n,y,turkish,english,,2021-02-22_13h30.24.172,Tse_Altarriba_Simon1,2020.1.2,Win32,60,3466,,,m,1,0.431075,,,,,,,,0,49,49,51,1
,,,,,,,,,,,,Images/NeutralLeft.jpeg,Neutral Left,z,hk,20,female,1,n,y,turkish,english,,2021-02-22_13h30.24.172,Tse_Altarriba_Simon1,2020.1.2,Win32,60,3466,,,z,1,0.4308,,,,,,,,0,50,50,42,1
,,,,,,,,,,,,Images/NeutralLeft.jpeg,Neutral Left,z,hk,20,female,1,n,y,turkish,english,,2021-02-22_13h30.24.172,Tse_Altarriba_Simon1,2020.1.2,Win32,60,3466,,,z,1,0.58528,,,,,,,,0,51,51,40,1
,,,,,,,,,,,,Images/CongruentRight.jpeg,Congruent Right,m,hk,20,female,1,n,y,turkish,english,,2021-02-22_13h30.24.172,Tse_Altarriba_Simon1,2020.1.2,Win32,60,3466,,,m,1,0.38647,,,,,,,,0,52,52,16,1
,,,,,,,,,,,,Images/IncongruentLeft.jpeg,Incongruent Left,z,hk,20,female,1,n,y,turkish,english,,2021-02-22_13h30.24.172,Tse_Altarriba_Simon1,2020.1.2,Win32,60,3466,,,z,1,0.56183,,,,,,,,0,53,53,24,1
,,,,,,,,,,,,Images/IncongruentRight.jpeg,Incongruent Right,m,hk,20,female,1,n,y,turkish,english,,2021-02-22_13h30.24.172,Tse_Altarriba_Simon1,2020.1.2,Win32,60,3466,,,m,1,0.43571,,,,,,,,0,54,54,31,1
,,,,,,,,,,,,Images/IncongruentRight.jpeg,Incongruent Right,m,hk,20,female,1,n,y,turkish,english,,2021-02-22_13h30.24.172,Tse_Altarriba_Simon1,2020.1.2,Win32,60,3466,,,m,1,0.36455,,,,,,,,0,55,55,32,1
,,,,,,,,,,,,Images/IncongruentLeft.jpeg,Incongruent Left,z,hk,20,female,1,n,y,turkish,english,,2021-02-22_13h30.24.172,Tse_Altarriba_Simon1,2020.1.2,Win32,60,3466,,,z,1,0.50028,,,,,,,,0,56,56,20,1
,,,,,,,,,,,,Images/IncongruentLeft.jpeg,Incongruent Left,z,hk,20,female,1,n,y,turkish,english,,2021-02-22_13h30.24.172,Tse_Altarriba_Simon1,2020.1.2,Win32,60,3466,,,z,1,0.509415,,,,,,,,0,57,57,28,1
,,,,,,,,,,,,Images/CongruentLeft.jpeg,Congruent Left,z,hk,20,female,1,n,y,turkish,english,,2021-02-22_13h30.24.172,Tse_Altarriba_Simon1,2020.1.2,Win32,60,3466,,,z,1,0.40051,,,,,,,,0,58,58,8,1
,,,,,,,,,,,,Images/CongruentRight.jpeg,Congruent Right,m,hk,20,female,1,n,y,turkish,english,,2021-02-22_13h30.24.172,Tse_Altarriba_Simon1,2020.1.2,Win32,60,3466,,,m,1,0.64661,,,,,,,,0,59,59,11,1
