Space1.keys,Space1.rt,Space2.keys,Space2.rt,response.keys,response.corr,response.rt,Practice_loop.thisRepN,Practice_loop.thisTrialN,Practice_loop.thisN,Practice_loop.thisIndex,Practice_loop.ran,ImageFile,Condition,CorrAns,Your initials,What is your age?,What is your gender?,What year are you in?,Are you Dyslexic? (Y/N),Are you bi/multilingual? (Y/N),What is your first language?,"What is your second language? (if you are monollingual, leave blank)",What other languages do you speak?,date,expName,psychopyVersion,OS,frameRate,participant,Space3.keys,Space3.rt,key_resp_2.keys,key_resp_2.corr,key_resp_2.rt,trials.thisRepN,trials.thisTrialN,trials.thisN,trials.thisIndex,trials.ran,Space4.keys,Space4.rt,trials_2.thisRepN,trials_2.thisTrialN,trials_2.thisN,trials_2.thisIndex,trials_2.ran
space,2.003,space,40.572,m,1,2.2,0,0,0,7,1,Images/IncongruentRight.jpeg,Incongruent Right,m,Y.Y.J,20,Female,Year 1,N,Y,Chinese,English,N,2021-02-16_00h12.40.493,Tse_Altarriba_Simon1,2020.1.2,MacIntel,60,3484,,,,,,,,,,,,,,,,,
,,,,m,1,0.844,0,1,1,2,1,Images/CongruentRight.jpeg,Congruent Right,m,Y.Y.J,20,Female,Year 1,N,Y,Chinese,English,N,2021-02-16_00h12.40.493,Tse_Altarriba_Simon1,2020.1.2,MacIntel,60,3484,,,,,,,,,,,,,,,,,
,,,,m,1,0.463,0,2,2,3,1,Images/CongruentRight.jpeg,Congruent Right,m,Y.Y.J,20,Female,Year 1,N,Y,Chinese,English,N,2021-02-16_00h12.40.493,Tse_Altarriba_Simon1,2020.1.2,MacIntel,60,3484,,,,,,,,,,,,,,,,,
,,,,z,1,0.749,0,3,3,0,1,Images/CongruentLeft.jpeg,Congruent Left,z,Y.Y.J,20,Female,Year 1,N,Y,Chinese,English,N,2021-02-16_00h12.40.493,Tse_Altarriba_Simon1,2020.1.2,MacIntel,60,3484,,,,,,,,,,,,,,,,,
,,,,m,1,0.511,0,4,4,11,1,Images/NeurtalRight.jpeg,Neutral Right,m,Y.Y.J,20,Female,Year 1,N,Y,Chinese,English,N,2021-02-16_00h12.40.493,Tse_Altarriba_Simon1,2020.1.2,MacIntel,60,3484,,,,,,,,,,,,,,,,,
,,,,z,1,0.519,0,5,5,5,1,Images/IncongruentLeft.jpeg,Incongruent Left,z,Y.Y.J,20,Female,Year 1,N,Y,Chinese,English,N,2021-02-16_00h12.40.493,Tse_Altarriba_Simon1,2020.1.2,MacIntel,60,3484,,,,,,,,,,,,,,,,,
,,,,z,1,0.397,0,6,6,1,1,Images/CongruentLeft.jpeg,Congruent Left,z,Y.Y.J,20,Female,Year 1,N,Y,Chinese,English,N,2021-02-16_00h12.40.493,Tse_Altarriba_Simon1,2020.1.2,MacIntel,60,3484,,,,,,,,,,,,,,,,,
,,,,z,1,0.547,0,7,7,4,1,Images/IncongruentLeft.jpeg,Incongruent Left,z,Y.Y.J,20,Female,Year 1,N,Y,Chinese,English,N,2021-02-16_00h12.40.493,Tse_Altarriba_Simon1,2020.1.2,MacIntel,60,3484,,,,,,,,,,,,,,,,,
,,,,m,1,0.415,0,8,8,6,1,Images/IncongruentRight.jpeg,Incongruent Right,m,Y.Y.J,20,Female,Year 1,N,Y,Chinese,English,N,2021-02-16_00h12.40.493,Tse_Altarriba_Simon1,2020.1.2,MacIntel,60,3484,,,,,,,,,,,,,,,,,
,,,,m,1,0.578,0,9,9,10,1,Images/NeurtalRight.jpeg,Neutral Right,m,Y.Y.J,20,Female,Year 1,N,Y,Chinese,English,N,2021-02-16_00h12.40.493,Tse_Altarriba_Simon1,2020.1.2,MacIntel,60,3484,,,,,,,,,,,,,,,,,
,,,,z,1,0.482,0,10,10,9,1,Images/NeutralLeft.jpeg,Neutral Left,z,Y.Y.J,20,Female,Year 1,N,Y,Chinese,English,N,2021-02-16_00h12.40.493,Tse_Altarriba_Simon1,2020.1.2,MacIntel,60,3484,,,,,,,,,,,,,,,,,
,,,,z,1,0.465,0,11,11,8,1,Images/NeutralLeft.jpeg,Neutral Left,z,Y.Y.J,20,Female,Year 1,N,Y,Chinese,English,N,2021-02-16_00h12.40.493,Tse_Altarriba_Simon1,2020.1.2,MacIntel,60,3484,,,,,,,,,,,,,,,,,
,,,,,,,,,,,,Images/NeurtalRight.jpeg,Neutral Right,m,Y.Y.J,20,Female,Year 1,N,Y,Chinese,English,N,2021-02-16_00h12.40.493,Tse_Altarriba_Simon1,2020.1.2,MacIntel,60,3484,space,15.974,m,1,0.472,0,0,0,51,1,,,,,,,
,,,,,,,,,,,,Images/IncongruentRight.jpeg,Incongruent Right,m,Y.Y.J,20,Female,Year 1,N,Y,Chinese,English,N,2021-02-16_00h12.40.493,Tse_Altarriba_Simon1,2020.1.2,MacIntel,60,3484,,,m,1,0.533,0,1,1,31,1,,,,,,,
,,,,,,,,,,,,Images/IncongruentRight.jpeg,Incongruent Right,m,Y.Y.J,20,Female,Year 1,N,Y,Chinese,English,N,2021-02-16_00h12.40.493,Tse_Altarriba_Simon1,2020.1.2,MacIntel,60,3484,,,m,1,0.447,0,2,2,36,1,,,,,,,
,,,,,,,,,,,,Images/NeutralLeft.jpeg,Neutral Left,z,Y.Y.J,20,Female,Year 1,N,Y,Chinese,English,N,2021-02-16_00h12.40.493,Tse_Altarriba_Simon1,2020.1.2,MacIntel,60,3484,,,z,1,0.436,0,3,3,43,1,,,,,,,
,,,,,,,,,,,,Images/IncongruentRight.jpeg,Incongruent Right,m,Y.Y.J,20,Female,Year 1,N,Y,Chinese,English,N,2021-02-16_00h12.40.493,Tse_Altarriba_Simon1,2020.1.2,MacIntel,60,3484,,,m,1,0.47,0,4,4,32,1,,,,,,,
,,,,,,,,,,,,Images/IncongruentRight.jpeg,Incongruent Right,m,Y.Y.J,20,Female,Year 1,N,Y,Chinese,English,N,2021-02-16_00h12.40.493,Tse_Altarriba_Simon1,2020.1.2,MacIntel,60,3484,,,m,1,0.462,0,5,5,37,1,,,,,,,
,,,,,,,,,,,,Images/NeurtalRight.jpeg,Neutral Right,m,Y.Y.J,20,Female,Year 1,N,Y,Chinese,English,N,2021-02-16_00h12.40.493,Tse_Altarriba_Simon1,2020.1.2,MacIntel,60,3484,,,m,1,0.446,0,6,6,55,1,,,,,,,
,,,,,,,,,,,,Images/IncongruentLeft.jpeg,Incongruent Left,z,Y.Y.J,20,Female,Year 1,N,Y,Chinese,English,N,2021-02-16_00h12.40.493,Tse_Altarriba_Simon1,2020.1.2,MacIntel,60,3484,,,z,1,0.546,0,7,7,27,1,,,,,,,
,,,,,,,,,,,,Images/NeurtalRight.jpeg,Neutral Right,m,Y.Y.J,20,Female,Year 1,N,Y,Chinese,English,N,2021-02-16_00h12.40.493,Tse_Altarriba_Simon1,2020.1.2,MacIntel,60,3484,,,m,1,0.432,0,8,8,53,1,,,,,,,
,,,,,,,,,,,,Images/NeurtalRight.jpeg,Neutral Right,m,Y.Y.J,20,Female,Year 1,N,Y,Chinese,English,N,2021-02-16_00h12.40.493,Tse_Altarriba_Simon1,2020.1.2,MacIntel,60,3484,,,m,1,0.429,0,9,9,54,1,,,,,,,
,,,,,,,,,,,,Images/NeurtalRight.jpeg,Neutral Right,m,Y.Y.J,20,Female,Year 1,N,Y,Chinese,English,N,2021-02-16_00h12.40.493,Tse_Altarriba_Simon1,2020.1.2,MacIntel,60,3484,,,m,1,0.454,0,10,10,57,1,,,,,,,
,,,,,,,,,,,,Images/IncongruentRight.jpeg,Incongruent Right,m,Y.Y.J,20,Female,Year 1,N,Y,Chinese,English,N,2021-02-16_00h12.40.493,Tse_Altarriba_Simon1,2020.1.2,MacIntel,60,3484,,,m,1,0.497,0,11,11,33,1,,,,,,,
,,,,,,,,,,,,Images/CongruentRight.jpeg,Congruent Right,m,Y.Y.J,20,Female,Year 1,N,Y,Chinese,English,N,2021-02-16_00h12.40.493,Tse_Altarriba_Simon1,2020.1.2,MacIntel,60,3484,,,m,1,0.52,0,12,12,11,1,,,,,,,
,,,,,,,,,,,,Images/IncongruentLeft.jpeg,Incongruent Left,z,Y.Y.J,20,Female,Year 1,N,Y,Chinese,English,N,2021-02-16_00h12.40.493,Tse_Altarriba_Simon1,2020.1.2,MacIntel,60,3484,,,z,1,0.531,0,13,13,26,1,,,,,,,
,,,,,,,,,,,,Images/NeutralLeft.jpeg,Neutral Left,z,Y.Y.J,20,Female,Year 1,N,Y,Chinese,English,N,2021-02-16_00h12.40.493,Tse_Altarriba_Simon1,2020.1.2,MacIntel,60,3484,,,z,1,0.448,0,14,14,47,1,,,,,,,
,,,,,,,,,,,,Images/CongruentLeft.jpeg,Congruent Left,z,Y.Y.J,20,Female,Year 1,N,Y,Chinese,English,N,2021-02-16_00h12.40.493,Tse_Altarriba_Simon1,2020.1.2,MacIntel,60,3484,,,z,1,0.453,0,15,15,2,1,,,,,,,
,,,,,,,,,,,,Images/NeutralLeft.jpeg,Neutral Left,z,Y.Y.J,20,Female,Year 1,N,Y,Chinese,English,N,2021-02-16_00h12.40.493,Tse_Altarriba_Simon1,2020.1.2,MacIntel,60,3484,,,z,1,0.462,0,16,16,45,1,,,,,,,
,,,,,,,,,,,,Images/IncongruentLeft.jpeg,Incongruent Left,z,Y.Y.J,20,Female,Year 1,N,Y,Chinese,English,N,2021-02-16_00h12.40.493,Tse_Altarriba_Simon1,2020.1.2,MacIntel,60,3484,,,z,1,0.48,0,17,17,24,1,,,,,,,
,,,,,,,,,,,,Images/NeurtalRight.jpeg,Neutral Right,m,Y.Y.J,20,Female,Year 1,N,Y,Chinese,English,N,2021-02-16_00h12.40.493,Tse_Altarriba_Simon1,2020.1.2,MacIntel,60,3484,,,m,1,0.388,0,18,18,58,1,,,,,,,
,,,,,,,,,,,,Images/NeutralLeft.jpeg,Neutral Left,z,Y.Y.J,20,Female,Year 1,N,Y,Chinese,English,N,2021-02-16_00h12.40.493,Tse_Altarriba_Simon1,2020.1.2,MacIntel,60,3484,,,z,1,0.367,0,19,19,41,1,,,,,,,
,,,,,,,,,,,,Images/CongruentRight.jpeg,Congruent Right,m,Y.Y.J,20,Female,Year 1,N,Y,Chinese,English,N,2021-02-16_00h12.40.493,Tse_Altarriba_Simon1,2020.1.2,MacIntel,60,3484,,,m,1,0.589,0,20,20,14,1,,,,,,,
,,,,,,,,,,,,Images/CongruentRight.jpeg,Congruent Right,m,Y.Y.J,20,Female,Year 1,N,Y,Chinese,English,N,2021-02-16_00h12.40.493,Tse_Altarriba_Simon1,2020.1.2,MacIntel,60,3484,,,m,1,0.415,0,21,21,16,1,,,,,,,
,,,,,,,,,,,,Images/NeutralLeft.jpeg,Neutral Left,z,Y.Y.J,20,Female,Year 1,N,Y,Chinese,English,N,2021-02-16_00h12.40.493,Tse_Altarriba_Simon1,2020.1.2,MacIntel,60,3484,,,z,1,0.402,0,22,22,44,1,,,,,,,
,,,,,,,,,,,,Images/CongruentRight.jpeg,Congruent Right,m,Y.Y.J,20,Female,Year 1,N,Y,Chinese,English,N,2021-02-16_00h12.40.493,Tse_Altarriba_Simon1,2020.1.2,MacIntel,60,3484,,,m,1,0.412,0,23,23,19,1,,,,,,,
,,,,,,,,,,,,Images/CongruentLeft.jpeg,Congruent Left,z,Y.Y.J,20,Female,Year 1,N,Y,Chinese,English,N,2021-02-16_00h12.40.493,Tse_Altarriba_Simon1,2020.1.2,MacIntel,60,3484,,,z,1,0.346,0,24,24,5,1,,,,,,,
,,,,,,,,,,,,Images/NeutralLeft.jpeg,Neutral Left,z,Y.Y.J,20,Female,Year 1,N,Y,Chinese,English,N,2021-02-16_00h12.40.493,Tse_Altarriba_Simon1,2020.1.2,MacIntel,60,3484,,,z,1,0.437,0,25,25,46,1,,,,,,,
,,,,,,,,,,,,Images/NeutralLeft.jpeg,Neutral Left,z,Y.Y.J,20,Female,Year 1,N,Y,Chinese,English,N,2021-02-16_00h12.40.493,Tse_Altarriba_Simon1,2020.1.2,MacIntel,60,3484,,,z,1,0.452,0,26,26,49,1,,,,,,,
,,,,,,,,,,,,Images/CongruentRight.jpeg,Congruent Right,m,Y.Y.J,20,Female,Year 1,N,Y,Chinese,English,N,2021-02-16_00h12.40.493,Tse_Altarriba_Simon1,2020.1.2,MacIntel,60,3484,,,m,1,0.323,0,27,27,10,1,,,,,,,
,,,,,,,,,,,,Images/IncongruentRight.jpeg,Incongruent Right,m,Y.Y.J,20,Female,Year 1,N,Y,Chinese,English,N,2021-02-16_00h12.40.493,Tse_Altarriba_Simon1,2020.1.2,MacIntel,60,3484,,,m,1,0.528,0,28,28,39,1,,,,,,,
,,,,,,,,,,,,Images/CongruentLeft.jpeg,Congruent Left,z,Y.Y.J,20,Female,Year 1,N,Y,Chinese,English,N,2021-02-16_00h12.40.493,Tse_Altarriba_Simon1,2020.1.2,MacIntel,60,3484,,,z,1,0.564,0,29,29,6,1,,,,,,,
,,,,,,,,,,,,Images/CongruentLeft.jpeg,Congruent Left,z,Y.Y.J,20,Female,Year 1,N,Y,Chinese,English,N,2021-02-16_00h12.40.493,Tse_Altarriba_Simon1,2020.1.2,MacIntel,60,3484,,,z,1,0.347,0,30,30,3,1,,,,,,,
,,,,,,,,,,,,Images/IncongruentRight.jpeg,Incongruent Right,m,Y.Y.J,20,Female,Year 1,N,Y,Chinese,English,N,2021-02-16_00h12.40.493,Tse_Altarriba_Simon1,2020.1.2,MacIntel,60,3484,,,m,1,0.447,0,31,31,38,1,,,,,,,
,,,,,,,,,,,,Images/NeurtalRight.jpeg,Neutral Right,m,Y.Y.J,20,Female,Year 1,N,Y,Chinese,English,N,2021-02-16_00h12.40.493,Tse_Altarriba_Simon1,2020.1.2,MacIntel,60,3484,,,m,1,0.488,0,32,32,59,1,,,,,,,
,,,,,,,,,,,,Images/NeurtalRight.jpeg,Neutral Right,m,Y.Y.J,20,Female,Year 1,N,Y,Chinese,English,N,2021-02-16_00h12.40.493,Tse_Altarriba_Simon1,2020.1.2,MacIntel,60,3484,,,m,1,0.415,0,33,33,56,1,,,,,,,
,,,,,,,,,,,,Images/CongruentLeft.jpeg,Congruent Left,z,Y.Y.J,20,Female,Year 1,N,Y,Chinese,English,N,2021-02-16_00h12.40.493,Tse_Altarriba_Simon1,2020.1.2,MacIntel,60,3484,,,z,1,0.385,0,34,34,1,1,,,,,,,
,,,,,,,,,,,,Images/NeurtalRight.jpeg,Neutral Right,m,Y.Y.J,20,Female,Year 1,N,Y,Chinese,English,N,2021-02-16_00h12.40.493,Tse_Altarriba_Simon1,2020.1.2,MacIntel,60,3484,,,m,1,0.404,0,35,35,50,1,,,,,,,
,,,,,,,,,,,,Images/IncongruentRight.jpeg,Incongruent Right,m,Y.Y.J,20,Female,Year 1,N,Y,Chinese,English,N,2021-02-16_00h12.40.493,Tse_Altarriba_Simon1,2020.1.2,MacIntel,60,3484,,,m,1,0.432,0,36,36,30,1,,,,,,,
,,,,,,,,,,,,Images/IncongruentLeft.jpeg,Incongruent Left,z,Y.Y.J,20,Female,Year 1,N,Y,Chinese,English,N,2021-02-16_00h12.40.493,Tse_Altarriba_Simon1,2020.1.2,MacIntel,60,3484,,,z,1,0.485,0,37,37,25,1,,,,,,,
,,,,,,,,,,,,Images/CongruentLeft.jpeg,Congruent Left,z,Y.Y.J,20,Female,Year 1,N,Y,Chinese,English,N,2021-02-16_00h12.40.493,Tse_Altarriba_Simon1,2020.1.2,MacIntel,60,3484,,,z,1,0.431,0,38,38,9,1,,,,,,,
,,,,,,,,,,,,Images/CongruentRight.jpeg,Congruent Right,m,Y.Y.J,20,Female,Year 1,N,Y,Chinese,English,N,2021-02-16_00h12.40.493,Tse_Altarriba_Simon1,2020.1.2,MacIntel,60,3484,,,m,1,0.34,0,39,39,17,1,,,,,,,
,,,,,,,,,,,,Images/IncongruentRight.jpeg,Incongruent Right,m,Y.Y.J,20,Female,Year 1,N,Y,Chinese,English,N,2021-02-16_00h12.40.493,Tse_Altarriba_Simon1,2020.1.2,MacIntel,60,3484,,,m,1,0.454,0,40,40,34,1,,,,,,,
,,,,,,,,,,,,Images/CongruentLeft.jpeg,Congruent Left,z,Y.Y.J,20,Female,Year 1,N,Y,Chinese,English,N,2021-02-16_00h12.40.493,Tse_Altarriba_Simon1,2020.1.2,MacIntel,60,3484,,,z,1,0.457,0,41,41,8,1,,,,,,,
,,,,,,,,,,,,Images/NeurtalRight.jpeg,Neutral Right,m,Y.Y.J,20,Female,Year 1,N,Y,Chinese,English,N,2021-02-16_00h12.40.493,Tse_Altarriba_Simon1,2020.1.2,MacIntel,60,3484,,,m,1,0.404,0,42,42,52,1,,,,,,,
,,,,,,,,,,,,Images/CongruentLeft.jpeg,Congruent Left,z,Y.Y.J,20,Female,Year 1,N,Y,Chinese,English,N,2021-02-16_00h12.40.493,Tse_Altarriba_Simon1,2020.1.2,MacIntel,60,3484,,,z,1,0.383,0,43,43,4,1,,,,,,,
,,,,,,,,,,,,Images/IncongruentLeft.jpeg,Incongruent Left,z,Y.Y.J,20,Female,Year 1,N,Y,Chinese,English,N,2021-02-16_00h12.40.493,Tse_Altarriba_Simon1,2020.1.2,MacIntel,60,3484,,,z,1,0.449,0,44,44,21,1,,,,,,,
,,,,,,,,,,,,Images/NeutralLeft.jpeg,Neutral Left,z,Y.Y.J,20,Female,Year 1,N,Y,Chinese,English,N,2021-02-16_00h12.40.493,Tse_Altarriba_Simon1,2020.1.2,MacIntel,60,3484,,,z,1,0.432,0,45,45,48,1,,,,,,,
,,,,,,,,,,,,Images/CongruentRight.jpeg,Congruent Right,m,Y.Y.J,20,Female,Year 1,N,Y,Chinese,English,N,2021-02-16_00h12.40.493,Tse_Altarriba_Simon1,2020.1.2,MacIntel,60,3484,,,m,1,0.381,0,46,46,13,1,,,,,,,
,,,,,,,,,,,,Images/IncongruentLeft.jpeg,Incongruent Left,z,Y.Y.J,20,Female,Year 1,N,Y,Chinese,English,N,2021-02-16_00h12.40.493,Tse_Altarriba_Simon1,2020.1.2,MacIntel,60,3484,,,z,1,0.454,0,47,47,29,1,,,,,,,
,,,,,,,,,,,,Images/IncongruentRight.jpeg,Incongruent Right,m,Y.Y.J,20,Female,Year 1,N,Y,Chinese,English,N,2021-02-16_00h12.40.493,Tse_Altarriba_Simon1,2020.1.2,MacIntel,60,3484,,,m,1,0.382,0,48,48,35,1,,,,,,,
,,,,,,,,,,,,Images/CongruentRight.jpeg,Congruent Right,m,Y.Y.J,20,Female,Year 1,N,Y,Chinese,English,N,2021-02-16_00h12.40.493,Tse_Altarriba_Simon1,2020.1.2,MacIntel,60,3484,,,m,1,0.474,0,49,49,12,1,,,,,,,
,,,,,,,,,,,,Images/IncongruentLeft.jpeg,Incongruent Left,z,Y.Y.J,20,Female,Year 1,N,Y,Chinese,English,N,2021-02-16_00h12.40.493,Tse_Altarriba_Simon1,2020.1.2,MacIntel,60,3484,,,z,1,0.42,0,50,50,22,1,,,,,,,
,,,,,,,,,,,,Images/CongruentLeft.jpeg,Congruent Left,z,Y.Y.J,20,Female,Year 1,N,Y,Chinese,English,N,2021-02-16_00h12.40.493,Tse_Altarriba_Simon1,2020.1.2,MacIntel,60,3484,,,z,1,0.366,0,51,51,7,1,,,,,,,
,,,,,,,,,,,,Images/NeutralLeft.jpeg,Neutral Left,z,Y.Y.J,20,Female,Year 1,N,Y,Chinese,English,N,2021-02-16_00h12.40.493,Tse_Altarriba_Simon1,2020.1.2,MacIntel,60,3484,,,z,1,0.417,0,52,52,40,1,,,,,,,
,,,,,,,,,,,,Images/IncongruentLeft.jpeg,Incongruent Left,z,Y.Y.J,20,Female,Year 1,N,Y,Chinese,English,N,2021-02-16_00h12.40.493,Tse_Altarriba_Simon1,2020.1.2,MacIntel,60,3484,,,z,1,0.424,0,53,53,28,1,,,,,,,
,,,,,,,,,,,,Images/NeutralLeft.jpeg,Neutral Left,z,Y.Y.J,20,Female,Year 1,N,Y,Chinese,English,N,2021-02-16_00h12.40.493,Tse_Altarriba_Simon1,2020.1.2,MacIntel,60,3484,,,z,1,0.404,0,54,54,42,1,,,,,,,
,,,,,,,,,,,,Images/CongruentRight.jpeg,Congruent Right,m,Y.Y.J,20,Female,Year 1,N,Y,Chinese,English,N,2021-02-16_00h12.40.493,Tse_Altarriba_Simon1,2020.1.2,MacIntel,60,3484,,,m,1,0.415,0,55,55,15,1,,,,,,,
,,,,,,,,,,,,Images/CongruentRight.jpeg,Congruent Right,m,Y.Y.J,20,Female,Year 1,N,Y,Chinese,English,N,2021-02-16_00h12.40.493,Tse_Altarriba_Simon1,2020.1.2,MacIntel,60,3484,,,m,1,0.337,0,56,56,18,1,,,,,,,
,,,,,,,,,,,,Images/IncongruentLeft.jpeg,Incongruent Left,z,Y.Y.J,20,Female,Year 1,N,Y,Chinese,English,N,2021-02-16_00h12.40.493,Tse_Altarriba_Simon1,2020.1.2,MacIntel,60,3484,,,z,1,0.431,0,57,57,20,1,,,,,,,
,,,,,,,,,,,,Images/CongruentLeft.jpeg,Congruent Left,z,Y.Y.J,20,Female,Year 1,N,Y,Chinese,English,N,2021-02-16_00h12.40.493,Tse_Altarriba_Simon1,2020.1.2,MacIntel,60,3484,,,z,1,0.332,0,58,58,0,1,,,,,,,
,,,,,,,,,,,,Images/IncongruentLeft.jpeg,Incongruent Left,z,Y.Y.J,20,Female,Year 1,N,Y,Chinese,English,N,2021-02-16_00h12.40.493,Tse_Altarriba_Simon1,2020.1.2,MacIntel,60,3484,,,z,1,0.399,0,59,59,23,1,,,,,,,
,,,,,,,,,,,,Images/CongruentLeft.jpeg,Congruent Left,z,Y.Y.J,20,Female,Year 1,N,Y,Chinese,English,N,2021-02-16_00h12.40.493,Tse_Altarriba_Simon1,2020.1.2,MacIntel,60,3484,,,z,1,0.455,,,,,,space,9.217,0,0,0,7,1
,,,,,,,,,,,,Images/CongruentRight.jpeg,Congruent Right,m,Y.Y.J,20,Female,Year 1,N,Y,Chinese,English,N,2021-02-16_00h12.40.493,Tse_Altarriba_Simon1,2020.1.2,MacIntel,60,3484,,,m,1,0.398,,,,,,,,0,1,1,15,1
,,,,,,,,,,,,Images/CongruentRight.jpeg,Congruent Right,m,Y.Y.J,20,Female,Year 1,N,Y,Chinese,English,N,2021-02-16_00h12.40.493,Tse_Altarriba_Simon1,2020.1.2,MacIntel,60,3484,,,m,1,0.382,,,,,,,,0,2,2,14,1
,,,,,,,,,,,,Images/NeurtalRight.jpeg,Neutral Right,m,Y.Y.J,20,Female,Year 1,N,Y,Chinese,English,N,2021-02-16_00h12.40.493,Tse_Altarriba_Simon1,2020.1.2,MacIntel,60,3484,,,m,1,0.421,,,,,,,,0,3,3,56,1
,,,,,,,,,,,,Images/CongruentLeft.jpeg,Congruent Left,z,Y.Y.J,20,Female,Year 1,N,Y,Chinese,English,N,2021-02-16_00h12.40.493,Tse_Altarriba_Simon1,2020.1.2,MacIntel,60,3484,,,z,1,0.348,,,,,,,,0,4,4,5,1
,,,,,,,,,,,,Images/CongruentLeft.jpeg,Congruent Left,z,Y.Y.J,20,Female,Year 1,N,Y,Chinese,English,N,2021-02-16_00h12.40.493,Tse_Altarriba_Simon1,2020.1.2,MacIntel,60,3484,,,z,1,0.37,,,,,,,,0,5,5,6,1
,,,,,,,,,,,,Images/IncongruentRight.jpeg,Incongruent Right,m,Y.Y.J,20,Female,Year 1,N,Y,Chinese,English,N,2021-02-16_00h12.40.493,Tse_Altarriba_Simon1,2020.1.2,MacIntel,60,3484,,,m,1,0.451,,,,,,,,0,6,6,39,1
,,,,,,,,,,,,Images/NeutralLeft.jpeg,Neutral Left,z,Y.Y.J,20,Female,Year 1,N,Y,Chinese,English,N,2021-02-16_00h12.40.493,Tse_Altarriba_Simon1,2020.1.2,MacIntel,60,3484,,,z,1,0.404,,,,,,,,0,7,7,49,1
,,,,,,,,,,,,Images/NeutralLeft.jpeg,Neutral Left,z,Y.Y.J,20,Female,Year 1,N,Y,Chinese,English,N,2021-02-16_00h12.40.493,Tse_Altarriba_Simon1,2020.1.2,MacIntel,60,3484,,,z,1,0.504,,,,,,,,0,8,8,44,1
,,,,,,,,,,,,Images/IncongruentLeft.jpeg,Incongruent Left,z,Y.Y.J,20,Female,Year 1,N,Y,Chinese,English,N,2021-02-16_00h12.40.493,Tse_Altarriba_Simon1,2020.1.2,MacIntel,60,3484,,,m,0,0.328,,,,,,,,0,9,9,20,1
,,,,,,,,,,,,Images/IncongruentRight.jpeg,Incongruent Right,m,Y.Y.J,20,Female,Year 1,N,Y,Chinese,English,N,2021-02-16_00h12.40.493,Tse_Altarriba_Simon1,2020.1.2,MacIntel,60,3484,,,m,1,0.455,,,,,,,,0,10,10,31,1
,,,,,,,,,,,,Images/CongruentLeft.jpeg,Congruent Left,z,Y.Y.J,20,Female,Year 1,N,Y,Chinese,English,N,2021-02-16_00h12.40.493,Tse_Altarriba_Simon1,2020.1.2,MacIntel,60,3484,,,z,1,0.603,,,,,,,,0,11,11,0,1
,,,,,,,,,,,,Images/CongruentLeft.jpeg,Congruent Left,z,Y.Y.J,20,Female,Year 1,N,Y,Chinese,English,N,2021-02-16_00h12.40.493,Tse_Altarriba_Simon1,2020.1.2,MacIntel,60,3484,,,z,1,0.398,,,,,,,,0,12,12,4,1
,,,,,,,,,,,,Images/NeurtalRight.jpeg,Neutral Right,m,Y.Y.J,20,Female,Year 1,N,Y,Chinese,English,N,2021-02-16_00h12.40.493,Tse_Altarriba_Simon1,2020.1.2,MacIntel,60,3484,,,m,1,0.448,,,,,,,,0,13,13,59,1
,,,,,,,,,,,,Images/NeurtalRight.jpeg,Neutral Right,m,Y.Y.J,20,Female,Year 1,N,Y,Chinese,English,N,2021-02-16_00h12.40.493,Tse_Altarriba_Simon1,2020.1.2,MacIntel,60,3484,,,m,1,0.431,,,,,,,,0,14,14,53,1
,,,,,,,,,,,,Images/NeurtalRight.jpeg,Neutral Right,m,Y.Y.J,20,Female,Year 1,N,Y,Chinese,English,N,2021-02-16_00h12.40.493,Tse_Altarriba_Simon1,2020.1.2,MacIntel,60,3484,,,m,1,0.414,,,,,,,,0,15,15,52,1
,,,,,,,,,,,,Images/IncongruentLeft.jpeg,Incongruent Left,z,Y.Y.J,20,Female,Year 1,N,Y,Chinese,English,N,2021-02-16_00h12.40.493,Tse_Altarriba_Simon1,2020.1.2,MacIntel,60,3484,,,z,1,0.399,,,,,,,,0,16,16,25,1
,,,,,,,,,,,,Images/NeurtalRight.jpeg,Neutral Right,m,Y.Y.J,20,Female,Year 1,N,Y,Chinese,English,N,2021-02-16_00h12.40.493,Tse_Altarriba_Simon1,2020.1.2,MacIntel,60,3484,,,m,1,0.448,,,,,,,,0,17,17,58,1
,,,,,,,,,,,,Images/CongruentLeft.jpeg,Congruent Left,z,Y.Y.J,20,Female,Year 1,N,Y,Chinese,English,N,2021-02-16_00h12.40.493,Tse_Altarriba_Simon1,2020.1.2,MacIntel,60,3484,,,z,1,0.347,,,,,,,,0,18,18,9,1
,,,,,,,,,,,,Images/IncongruentLeft.jpeg,Incongruent Left,z,Y.Y.J,20,Female,Year 1,N,Y,Chinese,English,N,2021-02-16_00h12.40.493,Tse_Altarriba_Simon1,2020.1.2,MacIntel,60,3484,,,z,1,0.402,,,,,,,,0,19,19,27,1
,,,,,,,,,,,,Images/NeutralLeft.jpeg,Neutral Left,z,Y.Y.J,20,Female,Year 1,N,Y,Chinese,English,N,2021-02-16_00h12.40.493,Tse_Altarriba_Simon1,2020.1.2,MacIntel,60,3484,,,z,1,0.387,,,,,,,,0,20,20,45,1
,,,,,,,,,,,,Images/IncongruentRight.jpeg,Incongruent Right,m,Y.Y.J,20,Female,Year 1,N,Y,Chinese,English,N,2021-02-16_00h12.40.493,Tse_Altarriba_Simon1,2020.1.2,MacIntel,60,3484,,,m,1,0.431,,,,,,,,0,21,21,38,1
,,,,,,,,,,,,Images/IncongruentRight.jpeg,Incongruent Right,m,Y.Y.J,20,Female,Year 1,N,Y,Chinese,English,N,2021-02-16_00h12.40.493,Tse_Altarriba_Simon1,2020.1.2,MacIntel,60,3484,,,m,1,0.432,,,,,,,,0,22,22,30,1
,,,,,,,,,,,,Images/NeurtalRight.jpeg,Neutral Right,m,Y.Y.J,20,Female,Year 1,N,Y,Chinese,English,N,2021-02-16_00h12.40.493,Tse_Altarriba_Simon1,2020.1.2,MacIntel,60,3484,,,m,1,0.397,,,,,,,,0,23,23,51,1
,,,,,,,,,,,,Images/CongruentLeft.jpeg,Congruent Left,z,Y.Y.J,20,Female,Year 1,N,Y,Chinese,English,N,2021-02-16_00h12.40.493,Tse_Altarriba_Simon1,2020.1.2,MacIntel,60,3484,,,z,1,0.422,,,,,,,,0,24,24,3,1
,,,,,,,,,,,,Images/CongruentRight.jpeg,Congruent Right,m,Y.Y.J,20,Female,Year 1,N,Y,Chinese,English,N,2021-02-16_00h12.40.493,Tse_Altarriba_Simon1,2020.1.2,MacIntel,60,3484,,,m,1,0.404,,,,,,,,0,25,25,18,1
,,,,,,,,,,,,Images/IncongruentRight.jpeg,Incongruent Right,m,Y.Y.J,20,Female,Year 1,N,Y,Chinese,English,N,2021-02-16_00h12.40.493,Tse_Altarriba_Simon1,2020.1.2,MacIntel,60,3484,,,m,1,0.603,,,,,,,,0,26,26,33,1
,,,,,,,,,,,,Images/CongruentRight.jpeg,Congruent Right,m,Y.Y.J,20,Female,Year 1,N,Y,Chinese,English,N,2021-02-16_00h12.40.493,Tse_Altarriba_Simon1,2020.1.2,MacIntel,60,3484,,,m,1,0.414,,,,,,,,0,27,27,19,1
,,,,,,,,,,,,Images/CongruentLeft.jpeg,Congruent Left,z,Y.Y.J,20,Female,Year 1,N,Y,Chinese,English,N,2021-02-16_00h12.40.493,Tse_Altarriba_Simon1,2020.1.2,MacIntel,60,3484,,,z,1,0.365,,,,,,,,0,28,28,2,1
,,,,,,,,,,,,Images/IncongruentLeft.jpeg,Incongruent Left,z,Y.Y.J,20,Female,Year 1,N,Y,Chinese,English,N,2021-02-16_00h12.40.493,Tse_Altarriba_Simon1,2020.1.2,MacIntel,60,3484,,,z,1,0.482,,,,,,,,0,29,29,24,1
,,,,,,,,,,,,Images/NeutralLeft.jpeg,Neutral Left,z,Y.Y.J,20,Female,Year 1,N,Y,Chinese,English,N,2021-02-16_00h12.40.493,Tse_Altarriba_Simon1,2020.1.2,MacIntel,60,3484,,,z,1,0.402,,,,,,,,0,30,30,40,1
,,,,,,,,,,,,Images/NeutralLeft.jpeg,Neutral Left,z,Y.Y.J,20,Female,Year 1,N,Y,Chinese,English,N,2021-02-16_00h12.40.493,Tse_Altarriba_Simon1,2020.1.2,MacIntel,60,3484,,,z,1,0.369,,,,,,,,0,31,31,42,1
,,,,,,,,,,,,Images/CongruentLeft.jpeg,Congruent Left,z,Y.Y.J,20,Female,Year 1,N,Y,Chinese,English,N,2021-02-16_00h12.40.493,Tse_Altarriba_Simon1,2020.1.2,MacIntel,60,3484,,,z,1,0.363,,,,,,,,0,32,32,1,1
,,,,,,,,,,,,Images/NeutralLeft.jpeg,Neutral Left,z,Y.Y.J,20,Female,Year 1,N,Y,Chinese,English,N,2021-02-16_00h12.40.493,Tse_Altarriba_Simon1,2020.1.2,MacIntel,60,3484,,,z,1,0.423,,,,,,,,0,33,33,47,1
,,,,,,,,,,,,Images/IncongruentLeft.jpeg,Incongruent Left,z,Y.Y.J,20,Female,Year 1,N,Y,Chinese,English,N,2021-02-16_00h12.40.493,Tse_Altarriba_Simon1,2020.1.2,MacIntel,60,3484,,,z,1,0.35,,,,,,,,0,34,34,26,1
,,,,,,,,,,,,Images/CongruentRight.jpeg,Congruent Right,m,Y.Y.J,20,Female,Year 1,N,Y,Chinese,English,N,2021-02-16_00h12.40.493,Tse_Altarriba_Simon1,2020.1.2,MacIntel,60,3484,,,m,1,0.488,,,,,,,,0,35,35,10,1
,,,,,,,,,,,,Images/CongruentLeft.jpeg,Congruent Left,z,Y.Y.J,20,Female,Year 1,N,Y,Chinese,English,N,2021-02-16_00h12.40.493,Tse_Altarriba_Simon1,2020.1.2,MacIntel,60,3484,,,z,1,0.414,,,,,,,,0,36,36,8,1
,,,,,,,,,,,,Images/CongruentRight.jpeg,Congruent Right,m,Y.Y.J,20,Female,Year 1,N,Y,Chinese,English,N,2021-02-16_00h12.40.493,Tse_Altarriba_Simon1,2020.1.2,MacIntel,60,3484,,,m,1,0.315,,,,,,,,0,37,37,16,1
,,,,,,,,,,,,Images/IncongruentRight.jpeg,Incongruent Right,m,Y.Y.J,20,Female,Year 1,N,Y,Chinese,English,N,2021-02-16_00h12.40.493,Tse_Altarriba_Simon1,2020.1.2,MacIntel,60,3484,,,m,1,0.497,,,,,,,,0,38,38,36,1
,,,,,,,,,,,,Images/NeurtalRight.jpeg,Neutral Right,m,Y.Y.J,20,Female,Year 1,N,Y,Chinese,English,N,2021-02-16_00h12.40.493,Tse_Altarriba_Simon1,2020.1.2,MacIntel,60,3484,,,m,1,0.414,,,,,,,,0,39,39,54,1
,,,,,,,,,,,,Images/IncongruentLeft.jpeg,Incongruent Left,z,Y.Y.J,20,Female,Year 1,N,Y,Chinese,English,N,2021-02-16_00h12.40.493,Tse_Altarriba_Simon1,2020.1.2,MacIntel,60,3484,,,z,1,0.38,,,,,,,,0,40,40,22,1
,,,,,,,,,,,,Images/NeutralLeft.jpeg,Neutral Left,z,Y.Y.J,20,Female,Year 1,N,Y,Chinese,English,N,2021-02-16_00h12.40.493,Tse_Altarriba_Simon1,2020.1.2,MacIntel,60,3484,,,z,1,0.414,,,,,,,,0,41,41,46,1
,,,,,,,,,,,,Images/CongruentRight.jpeg,Congruent Right,m,Y.Y.J,20,Female,Year 1,N,Y,Chinese,English,N,2021-02-16_00h12.40.493,Tse_Altarriba_Simon1,2020.1.2,MacIntel,60,3484,,,m,1,0.381,,,,,,,,0,42,42,13,1
,,,,,,,,,,,,Images/NeurtalRight.jpeg,Neutral Right,m,Y.Y.J,20,Female,Year 1,N,Y,Chinese,English,N,2021-02-16_00h12.40.493,Tse_Altarriba_Simon1,2020.1.2,MacIntel,60,3484,,,m,1,0.432,,,,,,,,0,43,43,57,1
,,,,,,,,,,,,Images/NeurtalRight.jpeg,Neutral Right,m,Y.Y.J,20,Female,Year 1,N,Y,Chinese,English,N,2021-02-16_00h12.40.493,Tse_Altarriba_Simon1,2020.1.2,MacIntel,60,3484,,,m,1,0.364,,,,,,,,0,44,44,50,1
,,,,,,,,,,,,Images/CongruentRight.jpeg,Congruent Right,m,Y.Y.J,20,Female,Year 1,N,Y,Chinese,English,N,2021-02-16_00h12.40.493,Tse_Altarriba_Simon1,2020.1.2,MacIntel,60,3484,,,m,1,0.336,,,,,,,,0,45,45,11,1
,,,,,,,,,,,,Images/IncongruentRight.jpeg,Incongruent Right,m,Y.Y.J,20,Female,Year 1,N,Y,Chinese,English,N,2021-02-16_00h12.40.493,Tse_Altarriba_Simon1,2020.1.2,MacIntel,60,3484,,,m,1,0.433,,,,,,,,0,46,46,32,1
,,,,,,,,,,,,Images/IncongruentLeft.jpeg,Incongruent Left,z,Y.Y.J,20,Female,Year 1,N,Y,Chinese,English,N,2021-02-16_00h12.40.493,Tse_Altarriba_Simon1,2020.1.2,MacIntel,60,3484,,,m,0,0.29,,,,,,,,0,47,47,29,1
,,,,,,,,,,,,Images/NeutralLeft.jpeg,Neutral Left,z,Y.Y.J,20,Female,Year 1,N,Y,Chinese,English,N,2021-02-16_00h12.40.493,Tse_Altarriba_Simon1,2020.1.2,MacIntel,60,3484,,,z,1,0.438,,,,,,,,0,48,48,41,1
,,,,,,,,,,,,Images/IncongruentLeft.jpeg,Incongruent Left,z,Y.Y.J,20,Female,Year 1,N,Y,Chinese,English,N,2021-02-16_00h12.40.493,Tse_Altarriba_Simon1,2020.1.2,MacIntel,60,3484,,,z,1,0.431,,,,,,,,0,49,49,28,1
,,,,,,,,,,,,Images/NeurtalRight.jpeg,Neutral Right,m,Y.Y.J,20,Female,Year 1,N,Y,Chinese,English,N,2021-02-16_00h12.40.493,Tse_Altarriba_Simon1,2020.1.2,MacIntel,60,3484,,,m,1,0.391,,,,,,,,0,50,50,55,1
,,,,,,,,,,,,Images/CongruentRight.jpeg,Congruent Right,m,Y.Y.J,20,Female,Year 1,N,Y,Chinese,English,N,2021-02-16_00h12.40.493,Tse_Altarriba_Simon1,2020.1.2,MacIntel,60,3484,,,m,1,0.481,,,,,,,,0,51,51,12,1
,,,,,,,,,,,,Images/IncongruentLeft.jpeg,Incongruent Left,z,Y.Y.J,20,Female,Year 1,N,Y,Chinese,English,N,2021-02-16_00h12.40.493,Tse_Altarriba_Simon1,2020.1.2,MacIntel,60,3484,,,z,1,0.414,,,,,,,,0,52,52,21,1
,,,,,,,,,,,,Images/IncongruentRight.jpeg,Incongruent Right,m,Y.Y.J,20,Female,Year 1,N,Y,Chinese,English,N,2021-02-16_00h12.40.493,Tse_Altarriba_Simon1,2020.1.2,MacIntel,60,3484,,,m,1,0.473,,,,,,,,0,53,53,35,1
,,,,,,,,,,,,Images/IncongruentRight.jpeg,Incongruent Right,m,Y.Y.J,20,Female,Year 1,N,Y,Chinese,English,N,2021-02-16_00h12.40.493,Tse_Altarriba_Simon1,2020.1.2,MacIntel,60,3484,,,m,1,0.447,,,,,,,,0,54,54,37,1
,,,,,,,,,,,,Images/CongruentRight.jpeg,Congruent Right,m,Y.Y.J,20,Female,Year 1,N,Y,Chinese,English,N,2021-02-16_00h12.40.493,Tse_Altarriba_Simon1,2020.1.2,MacIntel,60,3484,,,m,1,0.369,,,,,,,,0,55,55,17,1
,,,,,,,,,,,,Images/IncongruentLeft.jpeg,Incongruent Left,z,Y.Y.J,20,Female,Year 1,N,Y,Chinese,English,N,2021-02-16_00h12.40.493,Tse_Altarriba_Simon1,2020.1.2,MacIntel,60,3484,,,z,1,0.372,,,,,,,,0,56,56,23,1
,,,,,,,,,,,,Images/IncongruentRight.jpeg,Incongruent Right,m,Y.Y.J,20,Female,Year 1,N,Y,Chinese,English,N,2021-02-16_00h12.40.493,Tse_Altarriba_Simon1,2020.1.2,MacIntel,60,3484,,,m,1,0.482,,,,,,,,0,57,57,34,1
,,,,,,,,,,,,Images/NeutralLeft.jpeg,Neutral Left,z,Y.Y.J,20,Female,Year 1,N,Y,Chinese,English,N,2021-02-16_00h12.40.493,Tse_Altarriba_Simon1,2020.1.2,MacIntel,60,3484,,,z,1,0.539,,,,,,,,0,58,58,48,1
,,,,,,,,,,,,Images/NeutralLeft.jpeg,Neutral Left,z,Y.Y.J,20,Female,Year 1,N,Y,Chinese,English,N,2021-02-16_00h12.40.493,Tse_Altarriba_Simon1,2020.1.2,MacIntel,60,3484,,,z,1,0.437,,,,,,,,0,59,59,43,1
