Space1.keys,Space1.rt,Space2.keys,Space2.rt,response.keys,response.corr,response.rt,Practice_loop.thisRepN,Practice_loop.thisTrialN,Practice_loop.thisN,Practice_loop.thisIndex,Practice_loop.ran,ImageFile,Condition,CorrAns,Your initials,What is your age?,What is your gender?,What year are you in?,Are you Dyslexic? (Y/N),Are you bi/multilingual? (Y/N),What is your first language?,"What is your second language? (if you are monollingual, leave blank)",What other languages do you speak?,date,expName,psychopyVersion,OS,frameRate,participant,Space3.keys,Space3.rt,key_resp_2.keys,key_resp_2.corr,key_resp_2.rt,trials.thisRepN,trials.thisTrialN,trials.thisN,trials.thisIndex,trials.ran,Space4.keys,Space4.rt,trials_2.thisRepN,trials_2.thisTrialN,trials_2.thisN,trials_2.thisIndex,trials_2.ran
space,4.84166,space,22.139755,m,1,0.61595,0,0,0,2,1,Images/CongruentRight.jpeg,Congruent Right,m,S,18,female, 1 ,N,Y,Chinese,English,,2021-02-09_02h01.36.826,Tse_Altarriba_Simon1,2020.1.2,Win32,60,3487,,,,,,,,,,,,,,,,,
,,,,z,1,0.562595,0,1,1,1,1,Images/CongruentLeft.jpeg,Congruent Left,z,S,18,female, 1 ,N,Y,Chinese,English,,2021-02-09_02h01.36.826,Tse_Altarriba_Simon1,2020.1.2,Win32,60,3487,,,,,,,,,,,,,,,,,
,,,,m,1,0.52291,0,2,2,11,1,Images/NeurtalRight.jpeg,Neutral Right,m,S,18,female, 1 ,N,Y,Chinese,English,,2021-02-09_02h01.36.826,Tse_Altarriba_Simon1,2020.1.2,Win32,60,3487,,,,,,,,,,,,,,,,,
,,,,z,0,0.37607,0,3,3,7,1,Images/IncongruentRight.jpeg,Incongruent Right,m,S,18,female, 1 ,N,Y,Chinese,English,,2021-02-09_02h01.36.826,Tse_Altarriba_Simon1,2020.1.2,Win32,60,3487,,,,,,,,,,,,,,,,,
,,,,z,1,0.61506,0,4,4,9,1,Images/NeutralLeft.jpeg,Neutral Left,z,S,18,female, 1 ,N,Y,Chinese,English,,2021-02-09_02h01.36.826,Tse_Altarriba_Simon1,2020.1.2,Win32,60,3487,,,,,,,,,,,,,,,,,
,,,,m,1,0.63849,0,5,5,6,1,Images/IncongruentRight.jpeg,Incongruent Right,m,S,18,female, 1 ,N,Y,Chinese,English,,2021-02-09_02h01.36.826,Tse_Altarriba_Simon1,2020.1.2,Win32,60,3487,,,,,,,,,,,,,,,,,
,,,,m,1,0.50068,0,6,6,10,1,Images/NeurtalRight.jpeg,Neutral Right,m,S,18,female, 1 ,N,Y,Chinese,English,,2021-02-09_02h01.36.826,Tse_Altarriba_Simon1,2020.1.2,Win32,60,3487,,,,,,,,,,,,,,,,,
,,,,z,1,0.49559,0,7,7,4,1,Images/IncongruentLeft.jpeg,Incongruent Left,z,S,18,female, 1 ,N,Y,Chinese,English,,2021-02-09_02h01.36.826,Tse_Altarriba_Simon1,2020.1.2,Win32,60,3487,,,,,,,,,,,,,,,,,
,,,,m,1,0.45343,0,8,8,3,1,Images/CongruentRight.jpeg,Congruent Right,m,S,18,female, 1 ,N,Y,Chinese,English,,2021-02-09_02h01.36.826,Tse_Altarriba_Simon1,2020.1.2,Win32,60,3487,,,,,,,,,,,,,,,,,
,,,,z,1,0.537465,0,9,9,5,1,Images/IncongruentLeft.jpeg,Incongruent Left,z,S,18,female, 1 ,N,Y,Chinese,English,,2021-02-09_02h01.36.826,Tse_Altarriba_Simon1,2020.1.2,Win32,60,3487,,,,,,,,,,,,,,,,,
,,,,z,1,0.468045,0,10,10,0,1,Images/CongruentLeft.jpeg,Congruent Left,z,S,18,female, 1 ,N,Y,Chinese,English,,2021-02-09_02h01.36.826,Tse_Altarriba_Simon1,2020.1.2,Win32,60,3487,,,,,,,,,,,,,,,,,
,,,,z,1,0.44148,0,11,11,8,1,Images/NeutralLeft.jpeg,Neutral Left,z,S,18,female, 1 ,N,Y,Chinese,English,,2021-02-09_02h01.36.826,Tse_Altarriba_Simon1,2020.1.2,Win32,60,3487,,,,,,,,,,,,,,,,,
,,,,,,,,,,,,Images/NeutralLeft.jpeg,Neutral Left,z,S,18,female, 1 ,N,Y,Chinese,English,,2021-02-09_02h01.36.826,Tse_Altarriba_Simon1,2020.1.2,Win32,60,3487,space,12.26914,z,1,0.600095,0,0,0,43,1,,,,,,,
,,,,,,,,,,,,Images/CongruentRight.jpeg,Congruent Right,m,S,18,female, 1 ,N,Y,Chinese,English,,2021-02-09_02h01.36.826,Tse_Altarriba_Simon1,2020.1.2,Win32,60,3487,,,m,1,0.44946,0,1,1,15,1,,,,,,,
,,,,,,,,,,,,Images/NeutralLeft.jpeg,Neutral Left,z,S,18,female, 1 ,N,Y,Chinese,English,,2021-02-09_02h01.36.826,Tse_Altarriba_Simon1,2020.1.2,Win32,60,3487,,,z,1,0.370645,0,2,2,41,1,,,,,,,
,,,,,,,,,,,,Images/NeurtalRight.jpeg,Neutral Right,m,S,18,female, 1 ,N,Y,Chinese,English,,2021-02-09_02h01.36.826,Tse_Altarriba_Simon1,2020.1.2,Win32,60,3487,,,z,0,0.59771,0,3,3,56,1,,,,,,,
,,,,,,,,,,,,Images/IncongruentRight.jpeg,Incongruent Right,m,S,18,female, 1 ,N,Y,Chinese,English,,2021-02-09_02h01.36.826,Tse_Altarriba_Simon1,2020.1.2,Win32,60,3487,,,m,1,0.839305,0,4,4,34,1,,,,,,,
,,,,,,,,,,,,Images/CongruentRight.jpeg,Congruent Right,m,S,18,female, 1 ,N,Y,Chinese,English,,2021-02-09_02h01.36.826,Tse_Altarriba_Simon1,2020.1.2,Win32,60,3487,,,m,1,0.47584,0,5,5,18,1,,,,,,,
,,,,,,,,,,,,Images/NeurtalRight.jpeg,Neutral Right,m,S,18,female, 1 ,N,Y,Chinese,English,,2021-02-09_02h01.36.826,Tse_Altarriba_Simon1,2020.1.2,Win32,60,3487,,,m,1,0.512445,0,6,6,58,1,,,,,,,
,,,,,,,,,,,,Images/NeurtalRight.jpeg,Neutral Right,m,S,18,female, 1 ,N,Y,Chinese,English,,2021-02-09_02h01.36.826,Tse_Altarriba_Simon1,2020.1.2,Win32,60,3487,,,m,1,0.422535,0,7,7,52,1,,,,,,,
,,,,,,,,,,,,Images/CongruentLeft.jpeg,Congruent Left,z,S,18,female, 1 ,N,Y,Chinese,English,,2021-02-09_02h01.36.826,Tse_Altarriba_Simon1,2020.1.2,Win32,60,3487,,,z,1,0.42695,0,8,8,6,1,,,,,,,
,,,,,,,,,,,,Images/IncongruentLeft.jpeg,Incongruent Left,z,S,18,female, 1 ,N,Y,Chinese,English,,2021-02-09_02h01.36.826,Tse_Altarriba_Simon1,2020.1.2,Win32,60,3487,,,m,0,0.36728,0,9,9,27,1,,,,,,,
,,,,,,,,,,,,Images/CongruentLeft.jpeg,Congruent Left,z,S,18,female, 1 ,N,Y,Chinese,English,,2021-02-09_02h01.36.826,Tse_Altarriba_Simon1,2020.1.2,Win32,60,3487,,,z,1,0.461205,0,10,10,8,1,,,,,,,
,,,,,,,,,,,,Images/IncongruentRight.jpeg,Incongruent Right,m,S,18,female, 1 ,N,Y,Chinese,English,,2021-02-09_02h01.36.826,Tse_Altarriba_Simon1,2020.1.2,Win32,60,3487,,,m,1,0.559575,0,11,11,33,1,,,,,,,
,,,,,,,,,,,,Images/NeutralLeft.jpeg,Neutral Left,z,S,18,female, 1 ,N,Y,Chinese,English,,2021-02-09_02h01.36.826,Tse_Altarriba_Simon1,2020.1.2,Win32,60,3487,,,z,1,0.467505,0,12,12,48,1,,,,,,,
,,,,,,,,,,,,Images/IncongruentLeft.jpeg,Incongruent Left,z,S,18,female, 1 ,N,Y,Chinese,English,,2021-02-09_02h01.36.826,Tse_Altarriba_Simon1,2020.1.2,Win32,60,3487,,,z,1,0.567965,0,13,13,23,1,,,,,,,
,,,,,,,,,,,,Images/CongruentLeft.jpeg,Congruent Left,z,S,18,female, 1 ,N,Y,Chinese,English,,2021-02-09_02h01.36.826,Tse_Altarriba_Simon1,2020.1.2,Win32,60,3487,,,z,1,0.376535,0,14,14,4,1,,,,,,,
,,,,,,,,,,,,Images/IncongruentRight.jpeg,Incongruent Right,m,S,18,female, 1 ,N,Y,Chinese,English,,2021-02-09_02h01.36.826,Tse_Altarriba_Simon1,2020.1.2,Win32,60,3487,,,m,1,0.51216,0,15,15,35,1,,,,,,,
,,,,,,,,,,,,Images/IncongruentRight.jpeg,Incongruent Right,m,S,18,female, 1 ,N,Y,Chinese,English,,2021-02-09_02h01.36.826,Tse_Altarriba_Simon1,2020.1.2,Win32,60,3487,,,m,1,0.56024,0,16,16,32,1,,,,,,,
,,,,,,,,,,,,Images/NeurtalRight.jpeg,Neutral Right,m,S,18,female, 1 ,N,Y,Chinese,English,,2021-02-09_02h01.36.826,Tse_Altarriba_Simon1,2020.1.2,Win32,60,3487,,,m,1,0.48311,0,17,17,51,1,,,,,,,
,,,,,,,,,,,,Images/IncongruentLeft.jpeg,Incongruent Left,z,S,18,female, 1 ,N,Y,Chinese,English,,2021-02-09_02h01.36.826,Tse_Altarriba_Simon1,2020.1.2,Win32,60,3487,,,z,1,0.454625,0,18,18,20,1,,,,,,,
,,,,,,,,,,,,Images/CongruentLeft.jpeg,Congruent Left,z,S,18,female, 1 ,N,Y,Chinese,English,,2021-02-09_02h01.36.826,Tse_Altarriba_Simon1,2020.1.2,Win32,60,3487,,,z,1,0.661405,0,19,19,7,1,,,,,,,
,,,,,,,,,,,,Images/CongruentLeft.jpeg,Congruent Left,z,S,18,female, 1 ,N,Y,Chinese,English,,2021-02-09_02h01.36.826,Tse_Altarriba_Simon1,2020.1.2,Win32,60,3487,,,z,1,0.490785,0,20,20,3,1,,,,,,,
,,,,,,,,,,,,Images/IncongruentRight.jpeg,Incongruent Right,m,S,18,female, 1 ,N,Y,Chinese,English,,2021-02-09_02h01.36.826,Tse_Altarriba_Simon1,2020.1.2,Win32,60,3487,,,m,1,0.57689,0,21,21,37,1,,,,,,,
,,,,,,,,,,,,Images/IncongruentLeft.jpeg,Incongruent Left,z,S,18,female, 1 ,N,Y,Chinese,English,,2021-02-09_02h01.36.826,Tse_Altarriba_Simon1,2020.1.2,Win32,60,3487,,,z,1,0.57049,0,22,22,26,1,,,,,,,
,,,,,,,,,,,,Images/CongruentRight.jpeg,Congruent Right,m,S,18,female, 1 ,N,Y,Chinese,English,,2021-02-09_02h01.36.826,Tse_Altarriba_Simon1,2020.1.2,Win32,60,3487,,,m,1,0.418765,0,23,23,14,1,,,,,,,
,,,,,,,,,,,,Images/NeutralLeft.jpeg,Neutral Left,z,S,18,female, 1 ,N,Y,Chinese,English,,2021-02-09_02h01.36.826,Tse_Altarriba_Simon1,2020.1.2,Win32,60,3487,,,z,1,0.51418,0,24,24,40,1,,,,,,,
,,,,,,,,,,,,Images/IncongruentLeft.jpeg,Incongruent Left,z,S,18,female, 1 ,N,Y,Chinese,English,,2021-02-09_02h01.36.826,Tse_Altarriba_Simon1,2020.1.2,Win32,60,3487,,,z,1,0.556805,0,25,25,25,1,,,,,,,
,,,,,,,,,,,,Images/IncongruentRight.jpeg,Incongruent Right,m,S,18,female, 1 ,N,Y,Chinese,English,,2021-02-09_02h01.36.826,Tse_Altarriba_Simon1,2020.1.2,Win32,60,3487,,,m,1,0.52175,0,26,26,39,1,,,,,,,
,,,,,,,,,,,,Images/CongruentRight.jpeg,Congruent Right,m,S,18,female, 1 ,N,Y,Chinese,English,,2021-02-09_02h01.36.826,Tse_Altarriba_Simon1,2020.1.2,Win32,60,3487,,,m,1,0.58891,0,27,27,10,1,,,,,,,
,,,,,,,,,,,,Images/NeurtalRight.jpeg,Neutral Right,m,S,18,female, 1 ,N,Y,Chinese,English,,2021-02-09_02h01.36.826,Tse_Altarriba_Simon1,2020.1.2,Win32,60,3487,,,m,1,0.46107,0,28,28,54,1,,,,,,,
,,,,,,,,,,,,Images/IncongruentRight.jpeg,Incongruent Right,m,S,18,female, 1 ,N,Y,Chinese,English,,2021-02-09_02h01.36.826,Tse_Altarriba_Simon1,2020.1.2,Win32,60,3487,,,m,1,0.4873,0,29,29,36,1,,,,,,,
,,,,,,,,,,,,Images/IncongruentLeft.jpeg,Incongruent Left,z,S,18,female, 1 ,N,Y,Chinese,English,,2021-02-09_02h01.36.826,Tse_Altarriba_Simon1,2020.1.2,Win32,60,3487,,,z,1,0.5505,0,30,30,24,1,,,,,,,
,,,,,,,,,,,,Images/CongruentRight.jpeg,Congruent Right,m,S,18,female, 1 ,N,Y,Chinese,English,,2021-02-09_02h01.36.826,Tse_Altarriba_Simon1,2020.1.2,Win32,60,3487,,,m,1,0.496355,0,31,31,19,1,,,,,,,
,,,,,,,,,,,,Images/NeutralLeft.jpeg,Neutral Left,z,S,18,female, 1 ,N,Y,Chinese,English,,2021-02-09_02h01.36.826,Tse_Altarriba_Simon1,2020.1.2,Win32,60,3487,,,z,1,0.475865,0,32,32,49,1,,,,,,,
,,,,,,,,,,,,Images/NeurtalRight.jpeg,Neutral Right,m,S,18,female, 1 ,N,Y,Chinese,English,,2021-02-09_02h01.36.826,Tse_Altarriba_Simon1,2020.1.2,Win32,60,3487,,,m,1,0.438115,0,33,33,57,1,,,,,,,
,,,,,,,,,,,,Images/NeutralLeft.jpeg,Neutral Left,z,S,18,female, 1 ,N,Y,Chinese,English,,2021-02-09_02h01.36.826,Tse_Altarriba_Simon1,2020.1.2,Win32,60,3487,,,z,1,0.47108,0,34,34,47,1,,,,,,,
,,,,,,,,,,,,Images/IncongruentRight.jpeg,Incongruent Right,m,S,18,female, 1 ,N,Y,Chinese,English,,2021-02-09_02h01.36.826,Tse_Altarriba_Simon1,2020.1.2,Win32,60,3487,,,m,1,0.521705,0,35,35,38,1,,,,,,,
,,,,,,,,,,,,Images/IncongruentLeft.jpeg,Incongruent Left,z,S,18,female, 1 ,N,Y,Chinese,English,,2021-02-09_02h01.36.826,Tse_Altarriba_Simon1,2020.1.2,Win32,60,3487,,,z,1,0.553015,0,36,36,29,1,,,,,,,
,,,,,,,,,,,,Images/CongruentLeft.jpeg,Congruent Left,z,S,18,female, 1 ,N,Y,Chinese,English,,2021-02-09_02h01.36.826,Tse_Altarriba_Simon1,2020.1.2,Win32,60,3487,,,z,1,0.503285,0,37,37,1,1,,,,,,,
,,,,,,,,,,,,Images/NeutralLeft.jpeg,Neutral Left,z,S,18,female, 1 ,N,Y,Chinese,English,,2021-02-09_02h01.36.826,Tse_Altarriba_Simon1,2020.1.2,Win32,60,3487,,,z,1,0.44728,0,38,38,44,1,,,,,,,
,,,,,,,,,,,,Images/NeutralLeft.jpeg,Neutral Left,z,S,18,female, 1 ,N,Y,Chinese,English,,2021-02-09_02h01.36.826,Tse_Altarriba_Simon1,2020.1.2,Win32,60,3487,,,z,1,0.458765,0,39,39,45,1,,,,,,,
,,,,,,,,,,,,Images/CongruentLeft.jpeg,Congruent Left,z,S,18,female, 1 ,N,Y,Chinese,English,,2021-02-09_02h01.36.826,Tse_Altarriba_Simon1,2020.1.2,Win32,60,3487,,,z,1,0.474225,0,40,40,2,1,,,,,,,
,,,,,,,,,,,,Images/CongruentRight.jpeg,Congruent Right,m,S,18,female, 1 ,N,Y,Chinese,English,,2021-02-09_02h01.36.826,Tse_Altarriba_Simon1,2020.1.2,Win32,60,3487,,,m,1,0.4765,0,41,41,13,1,,,,,,,
,,,,,,,,,,,,Images/IncongruentRight.jpeg,Incongruent Right,m,S,18,female, 1 ,N,Y,Chinese,English,,2021-02-09_02h01.36.826,Tse_Altarriba_Simon1,2020.1.2,Win32,60,3487,,,m,1,0.499815,0,42,42,30,1,,,,,,,
,,,,,,,,,,,,Images/CongruentRight.jpeg,Congruent Right,m,S,18,female, 1 ,N,Y,Chinese,English,,2021-02-09_02h01.36.826,Tse_Altarriba_Simon1,2020.1.2,Win32,60,3487,,,m,1,0.495665,0,43,43,12,1,,,,,,,
,,,,,,,,,,,,Images/IncongruentLeft.jpeg,Incongruent Left,z,S,18,female, 1 ,N,Y,Chinese,English,,2021-02-09_02h01.36.826,Tse_Altarriba_Simon1,2020.1.2,Win32,60,3487,,,z,1,0.425215,0,44,44,28,1,,,,,,,
,,,,,,,,,,,,Images/NeutralLeft.jpeg,Neutral Left,z,S,18,female, 1 ,N,Y,Chinese,English,,2021-02-09_02h01.36.826,Tse_Altarriba_Simon1,2020.1.2,Win32,60,3487,,,z,1,0.4681,0,45,45,42,1,,,,,,,
,,,,,,,,,,,,Images/CongruentLeft.jpeg,Congruent Left,z,S,18,female, 1 ,N,Y,Chinese,English,,2021-02-09_02h01.36.826,Tse_Altarriba_Simon1,2020.1.2,Win32,60,3487,,,z,1,0.44951,0,46,46,0,1,,,,,,,
,,,,,,,,,,,,Images/CongruentRight.jpeg,Congruent Right,m,S,18,female, 1 ,N,Y,Chinese,English,,2021-02-09_02h01.36.826,Tse_Altarriba_Simon1,2020.1.2,Win32,60,3487,,,m,1,0.392625,0,47,47,17,1,,,,,,,
,,,,,,,,,,,,Images/NeurtalRight.jpeg,Neutral Right,m,S,18,female, 1 ,N,Y,Chinese,English,,2021-02-09_02h01.36.826,Tse_Altarriba_Simon1,2020.1.2,Win32,60,3487,,,m,1,0.46349,0,48,48,53,1,,,,,,,
,,,,,,,,,,,,Images/NeutralLeft.jpeg,Neutral Left,z,S,18,female, 1 ,N,Y,Chinese,English,,2021-02-09_02h01.36.826,Tse_Altarriba_Simon1,2020.1.2,Win32,60,3487,,,z,1,0.4991,0,49,49,46,1,,,,,,,
,,,,,,,,,,,,Images/IncongruentLeft.jpeg,Incongruent Left,z,S,18,female, 1 ,N,Y,Chinese,English,,2021-02-09_02h01.36.826,Tse_Altarriba_Simon1,2020.1.2,Win32,60,3487,,,z,1,0.541355,0,50,50,21,1,,,,,,,
,,,,,,,,,,,,Images/NeurtalRight.jpeg,Neutral Right,m,S,18,female, 1 ,N,Y,Chinese,English,,2021-02-09_02h01.36.826,Tse_Altarriba_Simon1,2020.1.2,Win32,60,3487,,,m,1,0.54392,0,51,51,59,1,,,,,,,
,,,,,,,,,,,,Images/CongruentRight.jpeg,Congruent Right,m,S,18,female, 1 ,N,Y,Chinese,English,,2021-02-09_02h01.36.826,Tse_Altarriba_Simon1,2020.1.2,Win32,60,3487,,,m,1,0.4959,0,52,52,16,1,,,,,,,
,,,,,,,,,,,,Images/IncongruentRight.jpeg,Incongruent Right,m,S,18,female, 1 ,N,Y,Chinese,English,,2021-02-09_02h01.36.826,Tse_Altarriba_Simon1,2020.1.2,Win32,60,3487,,,m,1,0.52274,0,53,53,31,1,,,,,,,
,,,,,,,,,,,,Images/IncongruentLeft.jpeg,Incongruent Left,z,S,18,female, 1 ,N,Y,Chinese,English,,2021-02-09_02h01.36.826,Tse_Altarriba_Simon1,2020.1.2,Win32,60,3487,,,z,1,0.483965,0,54,54,22,1,,,,,,,
,,,,,,,,,,,,Images/NeurtalRight.jpeg,Neutral Right,m,S,18,female, 1 ,N,Y,Chinese,English,,2021-02-09_02h01.36.826,Tse_Altarriba_Simon1,2020.1.2,Win32,60,3487,,,m,1,0.426385,0,55,55,55,1,,,,,,,
,,,,,,,,,,,,Images/CongruentRight.jpeg,Congruent Right,m,S,18,female, 1 ,N,Y,Chinese,English,,2021-02-09_02h01.36.826,Tse_Altarriba_Simon1,2020.1.2,Win32,60,3487,,,m,1,0.44947,0,56,56,11,1,,,,,,,
,,,,,,,,,,,,Images/CongruentLeft.jpeg,Congruent Left,z,S,18,female, 1 ,N,Y,Chinese,English,,2021-02-09_02h01.36.826,Tse_Altarriba_Simon1,2020.1.2,Win32,60,3487,,,z,1,0.46622,0,57,57,9,1,,,,,,,
,,,,,,,,,,,,Images/NeurtalRight.jpeg,Neutral Right,m,S,18,female, 1 ,N,Y,Chinese,English,,2021-02-09_02h01.36.826,Tse_Altarriba_Simon1,2020.1.2,Win32,60,3487,,,m,1,0.467315,0,58,58,50,1,,,,,,,
,,,,,,,,,,,,Images/CongruentLeft.jpeg,Congruent Left,z,S,18,female, 1 ,N,Y,Chinese,English,,2021-02-09_02h01.36.826,Tse_Altarriba_Simon1,2020.1.2,Win32,60,3487,,,z,1,0.51001,0,59,59,5,1,,,,,,,
,,,,,,,,,,,,Images/IncongruentRight.jpeg,Incongruent Right,m,S,18,female, 1 ,N,Y,Chinese,English,,2021-02-09_02h01.36.826,Tse_Altarriba_Simon1,2020.1.2,Win32,60,3487,,,m,1,0.63668,,,,,,space,41.85384,0,0,0,36,1
,,,,,,,,,,,,Images/IncongruentLeft.jpeg,Incongruent Left,z,S,18,female, 1 ,N,Y,Chinese,English,,2021-02-09_02h01.36.826,Tse_Altarriba_Simon1,2020.1.2,Win32,60,3487,,,z,1,0.52795,,,,,,,,0,1,1,23,1
,,,,,,,,,,,,Images/IncongruentRight.jpeg,Incongruent Right,m,S,18,female, 1 ,N,Y,Chinese,English,,2021-02-09_02h01.36.826,Tse_Altarriba_Simon1,2020.1.2,Win32,60,3487,,,m,1,0.49602,,,,,,,,0,2,2,32,1
,,,,,,,,,,,,Images/IncongruentRight.jpeg,Incongruent Right,m,S,18,female, 1 ,N,Y,Chinese,English,,2021-02-09_02h01.36.826,Tse_Altarriba_Simon1,2020.1.2,Win32,60,3487,,,m,1,0.51991,,,,,,,,0,3,3,35,1
,,,,,,,,,,,,Images/IncongruentLeft.jpeg,Incongruent Left,z,S,18,female, 1 ,N,Y,Chinese,English,,2021-02-09_02h01.36.826,Tse_Altarriba_Simon1,2020.1.2,Win32,60,3487,,,z,1,0.435285,,,,,,,,0,4,4,24,1
,,,,,,,,,,,,Images/CongruentRight.jpeg,Congruent Right,m,S,18,female, 1 ,N,Y,Chinese,English,,2021-02-09_02h01.36.826,Tse_Altarriba_Simon1,2020.1.2,Win32,60,3487,,,m,1,0.43199,,,,,,,,0,5,5,14,1
,,,,,,,,,,,,Images/IncongruentLeft.jpeg,Incongruent Left,z,S,18,female, 1 ,N,Y,Chinese,English,,2021-02-09_02h01.36.826,Tse_Altarriba_Simon1,2020.1.2,Win32,60,3487,,,z,1,0.54392,,,,,,,,0,6,6,21,1
,,,,,,,,,,,,Images/NeurtalRight.jpeg,Neutral Right,m,S,18,female, 1 ,N,Y,Chinese,English,,2021-02-09_02h01.36.826,Tse_Altarriba_Simon1,2020.1.2,Win32,60,3487,,,m,1,0.64779,,,,,,,,0,7,7,54,1
,,,,,,,,,,,,Images/CongruentLeft.jpeg,Congruent Left,z,S,18,female, 1 ,N,Y,Chinese,English,,2021-02-09_02h01.36.826,Tse_Altarriba_Simon1,2020.1.2,Win32,60,3487,,,z,1,0.49409,,,,,,,,0,8,8,4,1
,,,,,,,,,,,,Images/CongruentRight.jpeg,Congruent Right,m,S,18,female, 1 ,N,Y,Chinese,English,,2021-02-09_02h01.36.826,Tse_Altarriba_Simon1,2020.1.2,Win32,60,3487,,,m,1,0.556885,,,,,,,,0,9,9,11,1
,,,,,,,,,,,,Images/NeurtalRight.jpeg,Neutral Right,m,S,18,female, 1 ,N,Y,Chinese,English,,2021-02-09_02h01.36.826,Tse_Altarriba_Simon1,2020.1.2,Win32,60,3487,,,m,1,0.51619,,,,,,,,0,10,10,59,1
,,,,,,,,,,,,Images/CongruentRight.jpeg,Congruent Right,m,S,18,female, 1 ,N,Y,Chinese,English,,2021-02-09_02h01.36.826,Tse_Altarriba_Simon1,2020.1.2,Win32,60,3487,,,m,1,0.474035,,,,,,,,0,11,11,19,1
,,,,,,,,,,,,Images/CongruentRight.jpeg,Congruent Right,m,S,18,female, 1 ,N,Y,Chinese,English,,2021-02-09_02h01.36.826,Tse_Altarriba_Simon1,2020.1.2,Win32,60,3487,,,m,1,0.45481,,,,,,,,0,12,12,16,1
,,,,,,,,,,,,Images/IncongruentRight.jpeg,Incongruent Right,m,S,18,female, 1 ,N,Y,Chinese,English,,2021-02-09_02h01.36.826,Tse_Altarriba_Simon1,2020.1.2,Win32,60,3487,,,m,1,0.673415,,,,,,,,0,13,13,37,1
,,,,,,,,,,,,Images/CongruentLeft.jpeg,Congruent Left,z,S,18,female, 1 ,N,Y,Chinese,English,,2021-02-09_02h01.36.826,Tse_Altarriba_Simon1,2020.1.2,Win32,60,3487,,,z,1,0.51533,,,,,,,,0,14,14,9,1
,,,,,,,,,,,,Images/NeurtalRight.jpeg,Neutral Right,m,S,18,female, 1 ,N,Y,Chinese,English,,2021-02-09_02h01.36.826,Tse_Altarriba_Simon1,2020.1.2,Win32,60,3487,,,m,1,0.495,,,,,,,,0,15,15,52,1
,,,,,,,,,,,,Images/NeurtalRight.jpeg,Neutral Right,m,S,18,female, 1 ,N,Y,Chinese,English,,2021-02-09_02h01.36.826,Tse_Altarriba_Simon1,2020.1.2,Win32,60,3487,,,m,1,0.47859,,,,,,,,0,16,16,50,1
,,,,,,,,,,,,Images/NeutralLeft.jpeg,Neutral Left,z,S,18,female, 1 ,N,Y,Chinese,English,,2021-02-09_02h01.36.826,Tse_Altarriba_Simon1,2020.1.2,Win32,60,3487,,,z,1,0.50839,,,,,,,,0,17,17,42,1
,,,,,,,,,,,,Images/CongruentLeft.jpeg,Congruent Left,z,S,18,female, 1 ,N,Y,Chinese,English,,2021-02-09_02h01.36.826,Tse_Altarriba_Simon1,2020.1.2,Win32,60,3487,,,z,1,0.41719,,,,,,,,0,18,18,6,1
,,,,,,,,,,,,Images/IncongruentRight.jpeg,Incongruent Right,m,S,18,female, 1 ,N,Y,Chinese,English,,2021-02-09_02h01.36.826,Tse_Altarriba_Simon1,2020.1.2,Win32,60,3487,,,m,1,0.76134,,,,,,,,0,19,19,34,1
,,,,,,,,,,,,Images/NeutralLeft.jpeg,Neutral Left,z,S,18,female, 1 ,N,Y,Chinese,English,,2021-02-09_02h01.36.826,Tse_Altarriba_Simon1,2020.1.2,Win32,60,3487,,,z,1,0.55536,,,,,,,,0,20,20,41,1
,,,,,,,,,,,,Images/IncongruentRight.jpeg,Incongruent Right,m,S,18,female, 1 ,N,Y,Chinese,English,,2021-02-09_02h01.36.826,Tse_Altarriba_Simon1,2020.1.2,Win32,60,3487,,,m,1,0.48058,,,,,,,,0,21,21,33,1
,,,,,,,,,,,,Images/IncongruentLeft.jpeg,Incongruent Left,z,S,18,female, 1 ,N,Y,Chinese,English,,2021-02-09_02h01.36.826,Tse_Altarriba_Simon1,2020.1.2,Win32,60,3487,,,z,1,0.56519,,,,,,,,0,22,22,25,1
,,,,,,,,,,,,Images/NeurtalRight.jpeg,Neutral Right,m,S,18,female, 1 ,N,Y,Chinese,English,,2021-02-09_02h01.36.826,Tse_Altarriba_Simon1,2020.1.2,Win32,60,3487,,,m,1,0.46758,,,,,,,,0,23,23,57,1
,,,,,,,,,,,,Images/CongruentLeft.jpeg,Congruent Left,z,S,18,female, 1 ,N,Y,Chinese,English,,2021-02-09_02h01.36.826,Tse_Altarriba_Simon1,2020.1.2,Win32,60,3487,,,z,1,0.418045,,,,,,,,0,24,24,0,1
,,,,,,,,,,,,Images/CongruentRight.jpeg,Congruent Right,m,S,18,female, 1 ,N,Y,Chinese,English,,2021-02-09_02h01.36.826,Tse_Altarriba_Simon1,2020.1.2,Win32,60,3487,,,m,1,0.42139,,,,,,,,0,25,25,17,1
,,,,,,,,,,,,Images/NeurtalRight.jpeg,Neutral Right,m,S,18,female, 1 ,N,Y,Chinese,English,,2021-02-09_02h01.36.826,Tse_Altarriba_Simon1,2020.1.2,Win32,60,3487,,,m,1,0.46427,,,,,,,,0,26,26,53,1
,,,,,,,,,,,,Images/NeutralLeft.jpeg,Neutral Left,z,S,18,female, 1 ,N,Y,Chinese,English,,2021-02-09_02h01.36.826,Tse_Altarriba_Simon1,2020.1.2,Win32,60,3487,,,z,1,0.495615,,,,,,,,0,27,27,40,1
,,,,,,,,,,,,Images/CongruentRight.jpeg,Congruent Right,m,S,18,female, 1 ,N,Y,Chinese,English,,2021-02-09_02h01.36.826,Tse_Altarriba_Simon1,2020.1.2,Win32,60,3487,,,m,1,0.39136,,,,,,,,0,28,28,15,1
,,,,,,,,,,,,Images/NeurtalRight.jpeg,Neutral Right,m,S,18,female, 1 ,N,Y,Chinese,English,,2021-02-09_02h01.36.826,Tse_Altarriba_Simon1,2020.1.2,Win32,60,3487,,,m,1,0.44065,,,,,,,,0,29,29,56,1
,,,,,,,,,,,,Images/NeutralLeft.jpeg,Neutral Left,z,S,18,female, 1 ,N,Y,Chinese,English,,2021-02-09_02h01.36.826,Tse_Altarriba_Simon1,2020.1.2,Win32,60,3487,,,z,1,0.51708,,,,,,,,0,30,30,43,1
,,,,,,,,,,,,Images/NeurtalRight.jpeg,Neutral Right,m,S,18,female, 1 ,N,Y,Chinese,English,,2021-02-09_02h01.36.826,Tse_Altarriba_Simon1,2020.1.2,Win32,60,3487,,,m,1,0.450705,,,,,,,,0,31,31,55,1
,,,,,,,,,,,,Images/IncongruentRight.jpeg,Incongruent Right,m,S,18,female, 1 ,N,Y,Chinese,English,,2021-02-09_02h01.36.826,Tse_Altarriba_Simon1,2020.1.2,Win32,60,3487,,,z,0,0.388565,,,,,,,,0,32,32,38,1
,,,,,,,,,,,,Images/CongruentRight.jpeg,Congruent Right,m,S,18,female, 1 ,N,Y,Chinese,English,,2021-02-09_02h01.36.826,Tse_Altarriba_Simon1,2020.1.2,Win32,60,3487,,,m,1,0.632535,,,,,,,,0,33,33,12,1
,,,,,,,,,,,,Images/IncongruentLeft.jpeg,Incongruent Left,z,S,18,female, 1 ,N,Y,Chinese,English,,2021-02-09_02h01.36.826,Tse_Altarriba_Simon1,2020.1.2,Win32,60,3487,,,z,1,0.558145,,,,,,,,0,34,34,27,1
,,,,,,,,,,,,Images/CongruentLeft.jpeg,Congruent Left,z,S,18,female, 1 ,N,Y,Chinese,English,,2021-02-09_02h01.36.826,Tse_Altarriba_Simon1,2020.1.2,Win32,60,3487,,,z,1,0.47828,,,,,,,,0,35,35,7,1
,,,,,,,,,,,,Images/CongruentRight.jpeg,Congruent Right,m,S,18,female, 1 ,N,Y,Chinese,English,,2021-02-09_02h01.36.826,Tse_Altarriba_Simon1,2020.1.2,Win32,60,3487,,,m,1,0.47821,,,,,,,,0,36,36,13,1
,,,,,,,,,,,,Images/IncongruentLeft.jpeg,Incongruent Left,z,S,18,female, 1 ,N,Y,Chinese,English,,2021-02-09_02h01.36.826,Tse_Altarriba_Simon1,2020.1.2,Win32,60,3487,,,z,1,0.536695,,,,,,,,0,37,37,22,1
,,,,,,,,,,,,Images/NeutralLeft.jpeg,Neutral Left,z,S,18,female, 1 ,N,Y,Chinese,English,,2021-02-09_02h01.36.826,Tse_Altarriba_Simon1,2020.1.2,Win32,60,3487,,,z,1,0.50041,,,,,,,,0,38,38,44,1
,,,,,,,,,,,,Images/CongruentLeft.jpeg,Congruent Left,z,S,18,female, 1 ,N,Y,Chinese,English,,2021-02-09_02h01.36.826,Tse_Altarriba_Simon1,2020.1.2,Win32,60,3487,,,z,1,0.5254,,,,,,,,0,39,39,3,1
,,,,,,,,,,,,Images/NeutralLeft.jpeg,Neutral Left,z,S,18,female, 1 ,N,Y,Chinese,English,,2021-02-09_02h01.36.826,Tse_Altarriba_Simon1,2020.1.2,Win32,60,3487,,,z,1,0.513155,,,,,,,,0,40,40,47,1
,,,,,,,,,,,,Images/NeurtalRight.jpeg,Neutral Right,m,S,18,female, 1 ,N,Y,Chinese,English,,2021-02-09_02h01.36.826,Tse_Altarriba_Simon1,2020.1.2,Win32,60,3487,,,m,1,0.529235,,,,,,,,0,41,41,58,1
,,,,,,,,,,,,Images/IncongruentRight.jpeg,Incongruent Right,m,S,18,female, 1 ,N,Y,Chinese,English,,2021-02-09_02h01.36.826,Tse_Altarriba_Simon1,2020.1.2,Win32,60,3487,,,m,1,0.709715,,,,,,,,0,42,42,30,1
,,,,,,,,,,,,Images/CongruentLeft.jpeg,Congruent Left,z,S,18,female, 1 ,N,Y,Chinese,English,,2021-02-09_02h01.36.826,Tse_Altarriba_Simon1,2020.1.2,Win32,60,3487,,,z,1,0.558155,,,,,,,,0,43,43,5,1
,,,,,,,,,,,,Images/CongruentLeft.jpeg,Congruent Left,z,S,18,female, 1 ,N,Y,Chinese,English,,2021-02-09_02h01.36.826,Tse_Altarriba_Simon1,2020.1.2,Win32,60,3487,,,z,1,0.474805,,,,,,,,0,44,44,1,1
,,,,,,,,,,,,Images/CongruentRight.jpeg,Congruent Right,m,S,18,female, 1 ,N,Y,Chinese,English,,2021-02-09_02h01.36.826,Tse_Altarriba_Simon1,2020.1.2,Win32,60,3487,,,m,1,0.451395,,,,,,,,0,45,45,18,1
,,,,,,,,,,,,Images/CongruentRight.jpeg,Congruent Right,m,S,18,female, 1 ,N,Y,Chinese,English,,2021-02-09_02h01.36.826,Tse_Altarriba_Simon1,2020.1.2,Win32,60,3487,,,m,1,0.41008,,,,,,,,0,46,46,10,1
,,,,,,,,,,,,Images/CongruentLeft.jpeg,Congruent Left,z,S,18,female, 1 ,N,Y,Chinese,English,,2021-02-09_02h01.36.826,Tse_Altarriba_Simon1,2020.1.2,Win32,60,3487,,,z,1,0.480915,,,,,,,,0,47,47,2,1
,,,,,,,,,,,,Images/IncongruentLeft.jpeg,Incongruent Left,z,S,18,female, 1 ,N,Y,Chinese,English,,2021-02-09_02h01.36.826,Tse_Altarriba_Simon1,2020.1.2,Win32,60,3487,,,z,1,0.64389,,,,,,,,0,48,48,28,1
,,,,,,,,,,,,Images/IncongruentLeft.jpeg,Incongruent Left,z,S,18,female, 1 ,N,Y,Chinese,English,,2021-02-09_02h01.36.826,Tse_Altarriba_Simon1,2020.1.2,Win32,60,3487,,,z,1,0.519405,,,,,,,,0,49,49,29,1
,,,,,,,,,,,,Images/NeutralLeft.jpeg,Neutral Left,z,S,18,female, 1 ,N,Y,Chinese,English,,2021-02-09_02h01.36.826,Tse_Altarriba_Simon1,2020.1.2,Win32,60,3487,,,z,1,0.39017,,,,,,,,0,50,50,48,1
,,,,,,,,,,,,Images/NeutralLeft.jpeg,Neutral Left,z,S,18,female, 1 ,N,Y,Chinese,English,,2021-02-09_02h01.36.826,Tse_Altarriba_Simon1,2020.1.2,Win32,60,3487,,,z,1,0.43952,,,,,,,,0,51,51,49,1
,,,,,,,,,,,,Images/IncongruentRight.jpeg,Incongruent Right,m,S,18,female, 1 ,N,Y,Chinese,English,,2021-02-09_02h01.36.826,Tse_Altarriba_Simon1,2020.1.2,Win32,60,3487,,,m,1,0.53372,,,,,,,,0,52,52,39,1
,,,,,,,,,,,,Images/NeutralLeft.jpeg,Neutral Left,z,S,18,female, 1 ,N,Y,Chinese,English,,2021-02-09_02h01.36.826,Tse_Altarriba_Simon1,2020.1.2,Win32,60,3487,,,z,1,0.630625,,,,,,,,0,53,53,46,1
,,,,,,,,,,,,Images/IncongruentLeft.jpeg,Incongruent Left,z,S,18,female, 1 ,N,Y,Chinese,English,,2021-02-09_02h01.36.826,Tse_Altarriba_Simon1,2020.1.2,Win32,60,3487,,,z,1,0.577245,,,,,,,,0,54,54,26,1
,,,,,,,,,,,,Images/NeurtalRight.jpeg,Neutral Right,m,S,18,female, 1 ,N,Y,Chinese,English,,2021-02-09_02h01.36.826,Tse_Altarriba_Simon1,2020.1.2,Win32,60,3487,,,m,1,0.450265,,,,,,,,0,55,55,51,1
,,,,,,,,,,,,Images/CongruentLeft.jpeg,Congruent Left,z,S,18,female, 1 ,N,Y,Chinese,English,,2021-02-09_02h01.36.826,Tse_Altarriba_Simon1,2020.1.2,Win32,60,3487,,,z,1,0.382835,,,,,,,,0,56,56,8,1
,,,,,,,,,,,,Images/NeutralLeft.jpeg,Neutral Left,z,S,18,female, 1 ,N,Y,Chinese,English,,2021-02-09_02h01.36.826,Tse_Altarriba_Simon1,2020.1.2,Win32,60,3487,,,z,1,0.427505,,,,,,,,0,57,57,45,1
,,,,,,,,,,,,Images/IncongruentLeft.jpeg,Incongruent Left,z,S,18,female, 1 ,N,Y,Chinese,English,,2021-02-09_02h01.36.826,Tse_Altarriba_Simon1,2020.1.2,Win32,60,3487,,,z,1,0.62628,,,,,,,,0,58,58,20,1
,,,,,,,,,,,,Images/IncongruentRight.jpeg,Incongruent Right,m,S,18,female, 1 ,N,Y,Chinese,English,,2021-02-09_02h01.36.826,Tse_Altarriba_Simon1,2020.1.2,Win32,60,3487,,,m,1,0.5354,,,,,,,,0,59,59,31,1
