Space1.keys,Space1.rt,Space2.keys,Space2.rt,response.keys,response.corr,response.rt,Practice_loop.thisRepN,Practice_loop.thisTrialN,Practice_loop.thisN,Practice_loop.thisIndex,Practice_loop.ran,ImageFile,Condition,CorrAns,Your initials,What is your age?,What is your gender?,What year are you in?,Are you Dyslexic? (Y/N),Are you bi/multilingual? (Y/N),What is your first language?,"What is your second language? (if you are monollingual, leave blank)",What other languages do you speak?,date,expName,psychopyVersion,OS,frameRate,participant,Space3.keys,Space3.rt,key_resp_2.keys,key_resp_2.corr,key_resp_2.rt,trials.thisRepN,trials.thisTrialN,trials.thisN,trials.thisIndex,trials.ran,Space4.keys,Space4.rt,trials_2.thisRepN,trials_2.thisTrialN,trials_2.thisN,trials_2.thisIndex,trials_2.ran
space,9.8214,space,27.49859,z,1,1.10138,0,0,0,0,1,Images/CongruentLeft.jpeg,Congruent Left,z,LSF,18,Female,2021,N,Y,Cantonese,Mandarin,English,2021-02-21_01h29.59.412,Tse_Altarriba_Simon1,2020.1.2,Win32,60,3499,,,,,,,,,,,,,,,,,
,,,,m,1,0.800735,0,1,1,2,1,Images/CongruentRight.jpeg,Congruent Right,m,LSF,18,Female,2021,N,Y,Cantonese,Mandarin,English,2021-02-21_01h29.59.412,Tse_Altarriba_Simon1,2020.1.2,Win32,60,3499,,,,,,,,,,,,,,,,,
,,,,m,1,0.81971,0,2,2,6,1,Images/IncongruentRight.jpeg,Incongruent Right,m,LSF,18,Female,2021,N,Y,Cantonese,Mandarin,English,2021-02-21_01h29.59.412,Tse_Altarriba_Simon1,2020.1.2,Win32,60,3499,,,,,,,,,,,,,,,,,
,,,,z,1,0.67304,0,3,3,1,1,Images/CongruentLeft.jpeg,Congruent Left,z,LSF,18,Female,2021,N,Y,Cantonese,Mandarin,English,2021-02-21_01h29.59.412,Tse_Altarriba_Simon1,2020.1.2,Win32,60,3499,,,,,,,,,,,,,,,,,
,,,,m,1,0.482835,0,4,4,10,1,Images/NeurtalRight.jpeg,Neutral Right,m,LSF,18,Female,2021,N,Y,Cantonese,Mandarin,English,2021-02-21_01h29.59.412,Tse_Altarriba_Simon1,2020.1.2,Win32,60,3499,,,,,,,,,,,,,,,,,
,,,,z,1,0.413015,0,5,5,9,1,Images/NeutralLeft.jpeg,Neutral Left,z,LSF,18,Female,2021,N,Y,Cantonese,Mandarin,English,2021-02-21_01h29.59.412,Tse_Altarriba_Simon1,2020.1.2,Win32,60,3499,,,,,,,,,,,,,,,,,
,,,,m,1,0.43659,0,6,6,7,1,Images/IncongruentRight.jpeg,Incongruent Right,m,LSF,18,Female,2021,N,Y,Cantonese,Mandarin,English,2021-02-21_01h29.59.412,Tse_Altarriba_Simon1,2020.1.2,Win32,60,3499,,,,,,,,,,,,,,,,,
,,,,m,1,0.468925,0,7,7,11,1,Images/NeurtalRight.jpeg,Neutral Right,m,LSF,18,Female,2021,N,Y,Cantonese,Mandarin,English,2021-02-21_01h29.59.412,Tse_Altarriba_Simon1,2020.1.2,Win32,60,3499,,,,,,,,,,,,,,,,,
,,,,z,1,0.56384,0,8,8,4,1,Images/IncongruentLeft.jpeg,Incongruent Left,z,LSF,18,Female,2021,N,Y,Cantonese,Mandarin,English,2021-02-21_01h29.59.412,Tse_Altarriba_Simon1,2020.1.2,Win32,60,3499,,,,,,,,,,,,,,,,,
,,,,m,1,0.463675,0,9,9,3,1,Images/CongruentRight.jpeg,Congruent Right,m,LSF,18,Female,2021,N,Y,Cantonese,Mandarin,English,2021-02-21_01h29.59.412,Tse_Altarriba_Simon1,2020.1.2,Win32,60,3499,,,,,,,,,,,,,,,,,
,,,,z,1,0.525635,0,10,10,5,1,Images/IncongruentLeft.jpeg,Incongruent Left,z,LSF,18,Female,2021,N,Y,Cantonese,Mandarin,English,2021-02-21_01h29.59.412,Tse_Altarriba_Simon1,2020.1.2,Win32,60,3499,,,,,,,,,,,,,,,,,
,,,,z,1,0.49546,0,11,11,8,1,Images/NeutralLeft.jpeg,Neutral Left,z,LSF,18,Female,2021,N,Y,Cantonese,Mandarin,English,2021-02-21_01h29.59.412,Tse_Altarriba_Simon1,2020.1.2,Win32,60,3499,,,,,,,,,,,,,,,,,
,,,,,,,,,,,,Images/IncongruentLeft.jpeg,Incongruent Left,z,LSF,18,Female,2021,N,Y,Cantonese,Mandarin,English,2021-02-21_01h29.59.412,Tse_Altarriba_Simon1,2020.1.2,Win32,60,3499,space,15.894815,z,1,0.54054,0,0,0,21,1,,,,,,,
,,,,,,,,,,,,Images/CongruentRight.jpeg,Congruent Right,m,LSF,18,Female,2021,N,Y,Cantonese,Mandarin,English,2021-02-21_01h29.59.412,Tse_Altarriba_Simon1,2020.1.2,Win32,60,3499,,,m,1,0.461015,0,1,1,17,1,,,,,,,
,,,,,,,,,,,,Images/CongruentLeft.jpeg,Congruent Left,z,LSF,18,Female,2021,N,Y,Cantonese,Mandarin,English,2021-02-21_01h29.59.412,Tse_Altarriba_Simon1,2020.1.2,Win32,60,3499,,,z,1,0.569695,0,2,2,5,1,,,,,,,
,,,,,,,,,,,,Images/IncongruentRight.jpeg,Incongruent Right,m,LSF,18,Female,2021,N,Y,Cantonese,Mandarin,English,2021-02-21_01h29.59.412,Tse_Altarriba_Simon1,2020.1.2,Win32,60,3499,,,m,1,0.560535,0,3,3,38,1,,,,,,,
,,,,,,,,,,,,Images/NeurtalRight.jpeg,Neutral Right,m,LSF,18,Female,2021,N,Y,Cantonese,Mandarin,English,2021-02-21_01h29.59.412,Tse_Altarriba_Simon1,2020.1.2,Win32,60,3499,,,m,1,0.429955,0,4,4,58,1,,,,,,,
,,,,,,,,,,,,Images/NeurtalRight.jpeg,Neutral Right,m,LSF,18,Female,2021,N,Y,Cantonese,Mandarin,English,2021-02-21_01h29.59.412,Tse_Altarriba_Simon1,2020.1.2,Win32,60,3499,,,m,1,0.460535,0,5,5,51,1,,,,,,,
,,,,,,,,,,,,Images/IncongruentRight.jpeg,Incongruent Right,m,LSF,18,Female,2021,N,Y,Cantonese,Mandarin,English,2021-02-21_01h29.59.412,Tse_Altarriba_Simon1,2020.1.2,Win32,60,3499,,,m,1,0.512525,0,6,6,37,1,,,,,,,
,,,,,,,,,,,,Images/IncongruentLeft.jpeg,Incongruent Left,z,LSF,18,Female,2021,N,Y,Cantonese,Mandarin,English,2021-02-21_01h29.59.412,Tse_Altarriba_Simon1,2020.1.2,Win32,60,3499,,,z,1,0.45309,0,7,7,24,1,,,,,,,
,,,,,,,,,,,,Images/NeurtalRight.jpeg,Neutral Right,m,LSF,18,Female,2021,N,Y,Cantonese,Mandarin,English,2021-02-21_01h29.59.412,Tse_Altarriba_Simon1,2020.1.2,Win32,60,3499,,,m,1,0.39412,0,8,8,52,1,,,,,,,
,,,,,,,,,,,,Images/IncongruentRight.jpeg,Incongruent Right,m,LSF,18,Female,2021,N,Y,Cantonese,Mandarin,English,2021-02-21_01h29.59.412,Tse_Altarriba_Simon1,2020.1.2,Win32,60,3499,,,m,1,0.45654,0,9,9,32,1,,,,,,,
,,,,,,,,,,,,Images/NeutralLeft.jpeg,Neutral Left,z,LSF,18,Female,2021,N,Y,Cantonese,Mandarin,English,2021-02-21_01h29.59.412,Tse_Altarriba_Simon1,2020.1.2,Win32,60,3499,,,z,1,0.417145,0,10,10,49,1,,,,,,,
,,,,,,,,,,,,Images/NeutralLeft.jpeg,Neutral Left,z,LSF,18,Female,2021,N,Y,Cantonese,Mandarin,English,2021-02-21_01h29.59.412,Tse_Altarriba_Simon1,2020.1.2,Win32,60,3499,,,z,1,0.39894,0,11,11,48,1,,,,,,,
,,,,,,,,,,,,Images/CongruentRight.jpeg,Congruent Right,m,LSF,18,Female,2021,N,Y,Cantonese,Mandarin,English,2021-02-21_01h29.59.412,Tse_Altarriba_Simon1,2020.1.2,Win32,60,3499,,,m,1,0.333195,0,12,12,13,1,,,,,,,
,,,,,,,,,,,,Images/CongruentRight.jpeg,Congruent Right,m,LSF,18,Female,2021,N,Y,Cantonese,Mandarin,English,2021-02-21_01h29.59.412,Tse_Altarriba_Simon1,2020.1.2,Win32,60,3499,,,m,1,0.402755,0,13,13,12,1,,,,,,,
,,,,,,,,,,,,Images/IncongruentRight.jpeg,Incongruent Right,m,LSF,18,Female,2021,N,Y,Cantonese,Mandarin,English,2021-02-21_01h29.59.412,Tse_Altarriba_Simon1,2020.1.2,Win32,60,3499,,,m,1,0.436365,0,14,14,34,1,,,,,,,
,,,,,,,,,,,,Images/CongruentRight.jpeg,Congruent Right,m,LSF,18,Female,2021,N,Y,Cantonese,Mandarin,English,2021-02-21_01h29.59.412,Tse_Altarriba_Simon1,2020.1.2,Win32,60,3499,,,m,1,0.441855,0,15,15,15,1,,,,,,,
,,,,,,,,,,,,Images/NeurtalRight.jpeg,Neutral Right,m,LSF,18,Female,2021,N,Y,Cantonese,Mandarin,English,2021-02-21_01h29.59.412,Tse_Altarriba_Simon1,2020.1.2,Win32,60,3499,,,m,1,0.391625,0,16,16,50,1,,,,,,,
,,,,,,,,,,,,Images/CongruentLeft.jpeg,Congruent Left,z,LSF,18,Female,2021,N,Y,Cantonese,Mandarin,English,2021-02-21_01h29.59.412,Tse_Altarriba_Simon1,2020.1.2,Win32,60,3499,,,z,1,0.45593,0,17,17,8,1,,,,,,,
,,,,,,,,,,,,Images/IncongruentLeft.jpeg,Incongruent Left,z,LSF,18,Female,2021,N,Y,Cantonese,Mandarin,English,2021-02-21_01h29.59.412,Tse_Altarriba_Simon1,2020.1.2,Win32,60,3499,,,z,1,0.482495,0,18,18,29,1,,,,,,,
,,,,,,,,,,,,Images/CongruentLeft.jpeg,Congruent Left,z,LSF,18,Female,2021,N,Y,Cantonese,Mandarin,English,2021-02-21_01h29.59.412,Tse_Altarriba_Simon1,2020.1.2,Win32,60,3499,,,z,1,0.37966,0,19,19,1,1,,,,,,,
,,,,,,,,,,,,Images/NeutralLeft.jpeg,Neutral Left,z,LSF,18,Female,2021,N,Y,Cantonese,Mandarin,English,2021-02-21_01h29.59.412,Tse_Altarriba_Simon1,2020.1.2,Win32,60,3499,,,z,1,0.392155,0,20,20,41,1,,,,,,,
,,,,,,,,,,,,Images/NeurtalRight.jpeg,Neutral Right,m,LSF,18,Female,2021,N,Y,Cantonese,Mandarin,English,2021-02-21_01h29.59.412,Tse_Altarriba_Simon1,2020.1.2,Win32,60,3499,,,m,1,0.458235,0,21,21,56,1,,,,,,,
,,,,,,,,,,,,Images/CongruentLeft.jpeg,Congruent Left,z,LSF,18,Female,2021,N,Y,Cantonese,Mandarin,English,2021-02-21_01h29.59.412,Tse_Altarriba_Simon1,2020.1.2,Win32,60,3499,,,z,1,0.37727,0,22,22,9,1,,,,,,,
,,,,,,,,,,,,Images/CongruentLeft.jpeg,Congruent Left,z,LSF,18,Female,2021,N,Y,Cantonese,Mandarin,English,2021-02-21_01h29.59.412,Tse_Altarriba_Simon1,2020.1.2,Win32,60,3499,,,z,1,0.42496,0,23,23,2,1,,,,,,,
,,,,,,,,,,,,Images/NeutralLeft.jpeg,Neutral Left,z,LSF,18,Female,2021,N,Y,Cantonese,Mandarin,English,2021-02-21_01h29.59.412,Tse_Altarriba_Simon1,2020.1.2,Win32,60,3499,,,z,1,0.433325,0,24,24,42,1,,,,,,,
,,,,,,,,,,,,Images/IncongruentRight.jpeg,Incongruent Right,m,LSF,18,Female,2021,N,Y,Cantonese,Mandarin,English,2021-02-21_01h29.59.412,Tse_Altarriba_Simon1,2020.1.2,Win32,60,3499,,,m,1,0.441205,0,25,25,33,1,,,,,,,
,,,,,,,,,,,,Images/CongruentLeft.jpeg,Congruent Left,z,LSF,18,Female,2021,N,Y,Cantonese,Mandarin,English,2021-02-21_01h29.59.412,Tse_Altarriba_Simon1,2020.1.2,Win32,60,3499,,,z,1,0.419235,0,26,26,7,1,,,,,,,
,,,,,,,,,,,,Images/IncongruentRight.jpeg,Incongruent Right,m,LSF,18,Female,2021,N,Y,Cantonese,Mandarin,English,2021-02-21_01h29.59.412,Tse_Altarriba_Simon1,2020.1.2,Win32,60,3499,,,m,1,0.558135,0,27,27,36,1,,,,,,,
,,,,,,,,,,,,Images/IncongruentLeft.jpeg,Incongruent Left,z,LSF,18,Female,2021,N,Y,Cantonese,Mandarin,English,2021-02-21_01h29.59.412,Tse_Altarriba_Simon1,2020.1.2,Win32,60,3499,,,z,1,0.408475,0,28,28,26,1,,,,,,,
,,,,,,,,,,,,Images/CongruentRight.jpeg,Congruent Right,m,LSF,18,Female,2021,N,Y,Cantonese,Mandarin,English,2021-02-21_01h29.59.412,Tse_Altarriba_Simon1,2020.1.2,Win32,60,3499,,,m,1,0.39169,0,29,29,10,1,,,,,,,
,,,,,,,,,,,,Images/CongruentLeft.jpeg,Congruent Left,z,LSF,18,Female,2021,N,Y,Cantonese,Mandarin,English,2021-02-21_01h29.59.412,Tse_Altarriba_Simon1,2020.1.2,Win32,60,3499,,,z,1,0.43853,0,30,30,4,1,,,,,,,
,,,,,,,,,,,,Images/NeurtalRight.jpeg,Neutral Right,m,LSF,18,Female,2021,N,Y,Cantonese,Mandarin,English,2021-02-21_01h29.59.412,Tse_Altarriba_Simon1,2020.1.2,Win32,60,3499,,,m,1,0.385785,0,31,31,54,1,,,,,,,
,,,,,,,,,,,,Images/CongruentRight.jpeg,Congruent Right,m,LSF,18,Female,2021,N,Y,Cantonese,Mandarin,English,2021-02-21_01h29.59.412,Tse_Altarriba_Simon1,2020.1.2,Win32,60,3499,,,m,1,0.38646,0,32,32,11,1,,,,,,,
,,,,,,,,,,,,Images/IncongruentLeft.jpeg,Incongruent Left,z,LSF,18,Female,2021,N,Y,Cantonese,Mandarin,English,2021-02-21_01h29.59.412,Tse_Altarriba_Simon1,2020.1.2,Win32,60,3499,,,z,1,0.452795,0,33,33,23,1,,,,,,,
,,,,,,,,,,,,Images/NeutralLeft.jpeg,Neutral Left,z,LSF,18,Female,2021,N,Y,Cantonese,Mandarin,English,2021-02-21_01h29.59.412,Tse_Altarriba_Simon1,2020.1.2,Win32,60,3499,,,z,1,0.379225,0,34,34,46,1,,,,,,,
,,,,,,,,,,,,Images/IncongruentRight.jpeg,Incongruent Right,m,LSF,18,Female,2021,N,Y,Cantonese,Mandarin,English,2021-02-21_01h29.59.412,Tse_Altarriba_Simon1,2020.1.2,Win32,60,3499,,,m,1,0.392675,0,35,35,39,1,,,,,,,
,,,,,,,,,,,,Images/NeurtalRight.jpeg,Neutral Right,m,LSF,18,Female,2021,N,Y,Cantonese,Mandarin,English,2021-02-21_01h29.59.412,Tse_Altarriba_Simon1,2020.1.2,Win32,60,3499,,,m,1,0.410995,0,36,36,57,1,,,,,,,
,,,,,,,,,,,,Images/NeutralLeft.jpeg,Neutral Left,z,LSF,18,Female,2021,N,Y,Cantonese,Mandarin,English,2021-02-21_01h29.59.412,Tse_Altarriba_Simon1,2020.1.2,Win32,60,3499,,,z,1,0.40494,0,37,37,44,1,,,,,,,
,,,,,,,,,,,,Images/CongruentLeft.jpeg,Congruent Left,z,LSF,18,Female,2021,N,Y,Cantonese,Mandarin,English,2021-02-21_01h29.59.412,Tse_Altarriba_Simon1,2020.1.2,Win32,60,3499,,,z,1,0.400685,0,38,38,0,1,,,,,,,
,,,,,,,,,,,,Images/NeutralLeft.jpeg,Neutral Left,z,LSF,18,Female,2021,N,Y,Cantonese,Mandarin,English,2021-02-21_01h29.59.412,Tse_Altarriba_Simon1,2020.1.2,Win32,60,3499,,,z,1,0.38888,0,39,39,45,1,,,,,,,
,,,,,,,,,,,,Images/IncongruentLeft.jpeg,Incongruent Left,z,LSF,18,Female,2021,N,Y,Cantonese,Mandarin,English,2021-02-21_01h29.59.412,Tse_Altarriba_Simon1,2020.1.2,Win32,60,3499,,,z,1,0.504075,0,40,40,25,1,,,,,,,
,,,,,,,,,,,,Images/IncongruentLeft.jpeg,Incongruent Left,z,LSF,18,Female,2021,N,Y,Cantonese,Mandarin,English,2021-02-21_01h29.59.412,Tse_Altarriba_Simon1,2020.1.2,Win32,60,3499,,,z,1,0.39973,0,41,41,27,1,,,,,,,
,,,,,,,,,,,,Images/NeutralLeft.jpeg,Neutral Left,z,LSF,18,Female,2021,N,Y,Cantonese,Mandarin,English,2021-02-21_01h29.59.412,Tse_Altarriba_Simon1,2020.1.2,Win32,60,3499,,,z,1,0.34747,0,42,42,43,1,,,,,,,
,,,,,,,,,,,,Images/NeurtalRight.jpeg,Neutral Right,m,LSF,18,Female,2021,N,Y,Cantonese,Mandarin,English,2021-02-21_01h29.59.412,Tse_Altarriba_Simon1,2020.1.2,Win32,60,3499,,,m,1,0.447865,0,43,43,55,1,,,,,,,
,,,,,,,,,,,,Images/IncongruentRight.jpeg,Incongruent Right,m,LSF,18,Female,2021,N,Y,Cantonese,Mandarin,English,2021-02-21_01h29.59.412,Tse_Altarriba_Simon1,2020.1.2,Win32,60,3499,,,m,1,0.48903,0,44,44,31,1,,,,,,,
,,,,,,,,,,,,Images/IncongruentLeft.jpeg,Incongruent Left,z,LSF,18,Female,2021,N,Y,Cantonese,Mandarin,English,2021-02-21_01h29.59.412,Tse_Altarriba_Simon1,2020.1.2,Win32,60,3499,,,z,1,0.40159,0,45,45,22,1,,,,,,,
,,,,,,,,,,,,Images/CongruentRight.jpeg,Congruent Right,m,LSF,18,Female,2021,N,Y,Cantonese,Mandarin,English,2021-02-21_01h29.59.412,Tse_Altarriba_Simon1,2020.1.2,Win32,60,3499,,,m,1,0.413745,0,46,46,16,1,,,,,,,
,,,,,,,,,,,,Images/NeutralLeft.jpeg,Neutral Left,z,LSF,18,Female,2021,N,Y,Cantonese,Mandarin,English,2021-02-21_01h29.59.412,Tse_Altarriba_Simon1,2020.1.2,Win32,60,3499,,,z,1,0.376915,0,47,47,47,1,,,,,,,
,,,,,,,,,,,,Images/CongruentRight.jpeg,Congruent Right,m,LSF,18,Female,2021,N,Y,Cantonese,Mandarin,English,2021-02-21_01h29.59.412,Tse_Altarriba_Simon1,2020.1.2,Win32,60,3499,,,m,1,0.356895,0,48,48,19,1,,,,,,,
,,,,,,,,,,,,Images/IncongruentLeft.jpeg,Incongruent Left,z,LSF,18,Female,2021,N,Y,Cantonese,Mandarin,English,2021-02-21_01h29.59.412,Tse_Altarriba_Simon1,2020.1.2,Win32,60,3499,,,z,1,0.41843,0,49,49,20,1,,,,,,,
,,,,,,,,,,,,Images/CongruentRight.jpeg,Congruent Right,m,LSF,18,Female,2021,N,Y,Cantonese,Mandarin,English,2021-02-21_01h29.59.412,Tse_Altarriba_Simon1,2020.1.2,Win32,60,3499,,,m,1,0.386165,0,50,50,18,1,,,,,,,
,,,,,,,,,,,,Images/CongruentLeft.jpeg,Congruent Left,z,LSF,18,Female,2021,N,Y,Cantonese,Mandarin,English,2021-02-21_01h29.59.412,Tse_Altarriba_Simon1,2020.1.2,Win32,60,3499,,,z,1,0.38015,0,51,51,6,1,,,,,,,
,,,,,,,,,,,,Images/IncongruentRight.jpeg,Incongruent Right,m,LSF,18,Female,2021,N,Y,Cantonese,Mandarin,English,2021-02-21_01h29.59.412,Tse_Altarriba_Simon1,2020.1.2,Win32,60,3499,,,m,1,0.46964,0,52,52,30,1,,,,,,,
,,,,,,,,,,,,Images/CongruentRight.jpeg,Congruent Right,m,LSF,18,Female,2021,N,Y,Cantonese,Mandarin,English,2021-02-21_01h29.59.412,Tse_Altarriba_Simon1,2020.1.2,Win32,60,3499,,,m,1,0.38164,0,53,53,14,1,,,,,,,
,,,,,,,,,,,,Images/NeurtalRight.jpeg,Neutral Right,m,LSF,18,Female,2021,N,Y,Cantonese,Mandarin,English,2021-02-21_01h29.59.412,Tse_Altarriba_Simon1,2020.1.2,Win32,60,3499,,,m,1,0.40597,0,54,54,59,1,,,,,,,
,,,,,,,,,,,,Images/IncongruentLeft.jpeg,Incongruent Left,z,LSF,18,Female,2021,N,Y,Cantonese,Mandarin,English,2021-02-21_01h29.59.412,Tse_Altarriba_Simon1,2020.1.2,Win32,60,3499,,,z,1,0.405065,0,55,55,28,1,,,,,,,
,,,,,,,,,,,,Images/CongruentLeft.jpeg,Congruent Left,z,LSF,18,Female,2021,N,Y,Cantonese,Mandarin,English,2021-02-21_01h29.59.412,Tse_Altarriba_Simon1,2020.1.2,Win32,60,3499,,,z,1,0.46466,0,56,56,3,1,,,,,,,
,,,,,,,,,,,,Images/NeutralLeft.jpeg,Neutral Left,z,LSF,18,Female,2021,N,Y,Cantonese,Mandarin,English,2021-02-21_01h29.59.412,Tse_Altarriba_Simon1,2020.1.2,Win32,60,3499,,,z,1,0.3934,0,57,57,40,1,,,,,,,
,,,,,,,,,,,,Images/IncongruentRight.jpeg,Incongruent Right,m,LSF,18,Female,2021,N,Y,Cantonese,Mandarin,English,2021-02-21_01h29.59.412,Tse_Altarriba_Simon1,2020.1.2,Win32,60,3499,,,m,1,0.436805,0,58,58,35,1,,,,,,,
,,,,,,,,,,,,Images/NeurtalRight.jpeg,Neutral Right,m,LSF,18,Female,2021,N,Y,Cantonese,Mandarin,English,2021-02-21_01h29.59.412,Tse_Altarriba_Simon1,2020.1.2,Win32,60,3499,,,m,1,0.416655,0,59,59,53,1,,,,,,,
,,,,,,,,,,,,Images/NeutralLeft.jpeg,Neutral Left,z,LSF,18,Female,2021,N,Y,Cantonese,Mandarin,English,2021-02-21_01h29.59.412,Tse_Altarriba_Simon1,2020.1.2,Win32,60,3499,,,z,1,0.39247,,,,,,space,11.844415,0,0,0,49,1
,,,,,,,,,,,,Images/NeutralLeft.jpeg,Neutral Left,z,LSF,18,Female,2021,N,Y,Cantonese,Mandarin,English,2021-02-21_01h29.59.412,Tse_Altarriba_Simon1,2020.1.2,Win32,60,3499,,,z,1,0.414935,,,,,,,,0,1,1,48,1
,,,,,,,,,,,,Images/NeutralLeft.jpeg,Neutral Left,z,LSF,18,Female,2021,N,Y,Cantonese,Mandarin,English,2021-02-21_01h29.59.412,Tse_Altarriba_Simon1,2020.1.2,Win32,60,3499,,,z,1,0.406675,,,,,,,,0,2,2,42,1
,,,,,,,,,,,,Images/CongruentRight.jpeg,Congruent Right,m,LSF,18,Female,2021,N,Y,Cantonese,Mandarin,English,2021-02-21_01h29.59.412,Tse_Altarriba_Simon1,2020.1.2,Win32,60,3499,,,m,1,0.347305,,,,,,,,0,3,3,16,1
,,,,,,,,,,,,Images/CongruentLeft.jpeg,Congruent Left,z,LSF,18,Female,2021,N,Y,Cantonese,Mandarin,English,2021-02-21_01h29.59.412,Tse_Altarriba_Simon1,2020.1.2,Win32,60,3499,,,z,1,0.45722,,,,,,,,0,4,4,2,1
,,,,,,,,,,,,Images/CongruentLeft.jpeg,Congruent Left,z,LSF,18,Female,2021,N,Y,Cantonese,Mandarin,English,2021-02-21_01h29.59.412,Tse_Altarriba_Simon1,2020.1.2,Win32,60,3499,,,z,1,0.387495,,,,,,,,0,5,5,7,1
,,,,,,,,,,,,Images/CongruentRight.jpeg,Congruent Right,m,LSF,18,Female,2021,N,Y,Cantonese,Mandarin,English,2021-02-21_01h29.59.412,Tse_Altarriba_Simon1,2020.1.2,Win32,60,3499,,,m,1,0.344655,,,,,,,,0,6,6,15,1
,,,,,,,,,,,,Images/NeutralLeft.jpeg,Neutral Left,z,LSF,18,Female,2021,N,Y,Cantonese,Mandarin,English,2021-02-21_01h29.59.412,Tse_Altarriba_Simon1,2020.1.2,Win32,60,3499,,,z,1,0.383825,,,,,,,,0,7,7,45,1
,,,,,,,,,,,,Images/NeutralLeft.jpeg,Neutral Left,z,LSF,18,Female,2021,N,Y,Cantonese,Mandarin,English,2021-02-21_01h29.59.412,Tse_Altarriba_Simon1,2020.1.2,Win32,60,3499,,,z,1,0.39886,,,,,,,,0,8,8,46,1
,,,,,,,,,,,,Images/IncongruentRight.jpeg,Incongruent Right,m,LSF,18,Female,2021,N,Y,Cantonese,Mandarin,English,2021-02-21_01h29.59.412,Tse_Altarriba_Simon1,2020.1.2,Win32,60,3499,,,m,1,0.43351,,,,,,,,0,9,9,30,1
,,,,,,,,,,,,Images/IncongruentLeft.jpeg,Incongruent Left,z,LSF,18,Female,2021,N,Y,Cantonese,Mandarin,English,2021-02-21_01h29.59.412,Tse_Altarriba_Simon1,2020.1.2,Win32,60,3499,,,z,1,0.416845,,,,,,,,0,10,10,26,1
,,,,,,,,,,,,Images/CongruentLeft.jpeg,Congruent Left,z,LSF,18,Female,2021,N,Y,Cantonese,Mandarin,English,2021-02-21_01h29.59.412,Tse_Altarriba_Simon1,2020.1.2,Win32,60,3499,,,z,1,0.44,,,,,,,,0,11,11,9,1
,,,,,,,,,,,,Images/CongruentRight.jpeg,Congruent Right,m,LSF,18,Female,2021,N,Y,Cantonese,Mandarin,English,2021-02-21_01h29.59.412,Tse_Altarriba_Simon1,2020.1.2,Win32,60,3499,,,m,1,0.40895,,,,,,,,0,12,12,13,1
,,,,,,,,,,,,Images/CongruentRight.jpeg,Congruent Right,m,LSF,18,Female,2021,N,Y,Cantonese,Mandarin,English,2021-02-21_01h29.59.412,Tse_Altarriba_Simon1,2020.1.2,Win32,60,3499,,,m,1,0.395325,,,,,,,,0,13,13,10,1
,,,,,,,,,,,,Images/IncongruentLeft.jpeg,Incongruent Left,z,LSF,18,Female,2021,N,Y,Cantonese,Mandarin,English,2021-02-21_01h29.59.412,Tse_Altarriba_Simon1,2020.1.2,Win32,60,3499,,,z,1,0.45729,,,,,,,,0,14,14,28,1
,,,,,,,,,,,,Images/IncongruentRight.jpeg,Incongruent Right,m,LSF,18,Female,2021,N,Y,Cantonese,Mandarin,English,2021-02-21_01h29.59.412,Tse_Altarriba_Simon1,2020.1.2,Win32,60,3499,,,m,1,0.405345,,,,,,,,0,15,15,36,1
,,,,,,,,,,,,Images/IncongruentLeft.jpeg,Incongruent Left,z,LSF,18,Female,2021,N,Y,Cantonese,Mandarin,English,2021-02-21_01h29.59.412,Tse_Altarriba_Simon1,2020.1.2,Win32,60,3499,,,z,1,0.456695,,,,,,,,0,16,16,24,1
,,,,,,,,,,,,Images/CongruentLeft.jpeg,Congruent Left,z,LSF,18,Female,2021,N,Y,Cantonese,Mandarin,English,2021-02-21_01h29.59.412,Tse_Altarriba_Simon1,2020.1.2,Win32,60,3499,,,z,1,0.48023,,,,,,,,0,17,17,1,1
,,,,,,,,,,,,Images/NeutralLeft.jpeg,Neutral Left,z,LSF,18,Female,2021,N,Y,Cantonese,Mandarin,English,2021-02-21_01h29.59.412,Tse_Altarriba_Simon1,2020.1.2,Win32,60,3499,,,z,1,0.39422,,,,,,,,0,18,18,41,1
,,,,,,,,,,,,Images/IncongruentRight.jpeg,Incongruent Right,m,LSF,18,Female,2021,N,Y,Cantonese,Mandarin,English,2021-02-21_01h29.59.412,Tse_Altarriba_Simon1,2020.1.2,Win32,60,3499,,,m,1,0.45304,,,,,,,,0,19,19,31,1
,,,,,,,,,,,,Images/IncongruentLeft.jpeg,Incongruent Left,z,LSF,18,Female,2021,N,Y,Cantonese,Mandarin,English,2021-02-21_01h29.59.412,Tse_Altarriba_Simon1,2020.1.2,Win32,60,3499,,,z,1,0.418235,,,,,,,,0,20,20,29,1
,,,,,,,,,,,,Images/NeurtalRight.jpeg,Neutral Right,m,LSF,18,Female,2021,N,Y,Cantonese,Mandarin,English,2021-02-21_01h29.59.412,Tse_Altarriba_Simon1,2020.1.2,Win32,60,3499,,,m,1,0.42722,,,,,,,,0,21,21,56,1
,,,,,,,,,,,,Images/IncongruentRight.jpeg,Incongruent Right,m,LSF,18,Female,2021,N,Y,Cantonese,Mandarin,English,2021-02-21_01h29.59.412,Tse_Altarriba_Simon1,2020.1.2,Win32,60,3499,,,m,1,0.450765,,,,,,,,0,22,22,33,1
,,,,,,,,,,,,Images/IncongruentRight.jpeg,Incongruent Right,m,LSF,18,Female,2021,N,Y,Cantonese,Mandarin,English,2021-02-21_01h29.59.412,Tse_Altarriba_Simon1,2020.1.2,Win32,60,3499,,,m,1,0.39534,,,,,,,,0,23,23,39,1
,,,,,,,,,,,,Images/IncongruentRight.jpeg,Incongruent Right,m,LSF,18,Female,2021,N,Y,Cantonese,Mandarin,English,2021-02-21_01h29.59.412,Tse_Altarriba_Simon1,2020.1.2,Win32,60,3499,,,m,1,0.38443,,,,,,,,0,24,24,37,1
,,,,,,,,,,,,Images/CongruentLeft.jpeg,Congruent Left,z,LSF,18,Female,2021,N,Y,Cantonese,Mandarin,English,2021-02-21_01h29.59.412,Tse_Altarriba_Simon1,2020.1.2,Win32,60,3499,,,z,1,0.348025,,,,,,,,0,25,25,0,1
,,,,,,,,,,,,Images/CongruentLeft.jpeg,Congruent Left,z,LSF,18,Female,2021,N,Y,Cantonese,Mandarin,English,2021-02-21_01h29.59.412,Tse_Altarriba_Simon1,2020.1.2,Win32,60,3499,,,z,1,0.34384,,,,,,,,0,26,26,8,1
,,,,,,,,,,,,Images/CongruentRight.jpeg,Congruent Right,m,LSF,18,Female,2021,N,Y,Cantonese,Mandarin,English,2021-02-21_01h29.59.412,Tse_Altarriba_Simon1,2020.1.2,Win32,60,3499,,,m,1,0.375865,,,,,,,,0,27,27,19,1
,,,,,,,,,,,,Images/NeurtalRight.jpeg,Neutral Right,m,LSF,18,Female,2021,N,Y,Cantonese,Mandarin,English,2021-02-21_01h29.59.412,Tse_Altarriba_Simon1,2020.1.2,Win32,60,3499,,,m,1,0.41827,,,,,,,,0,28,28,50,1
,,,,,,,,,,,,Images/IncongruentRight.jpeg,Incongruent Right,m,LSF,18,Female,2021,N,Y,Cantonese,Mandarin,English,2021-02-21_01h29.59.412,Tse_Altarriba_Simon1,2020.1.2,Win32,60,3499,,,m,1,0.40834,,,,,,,,0,29,29,38,1
,,,,,,,,,,,,Images/NeurtalRight.jpeg,Neutral Right,m,LSF,18,Female,2021,N,Y,Cantonese,Mandarin,English,2021-02-21_01h29.59.412,Tse_Altarriba_Simon1,2020.1.2,Win32,60,3499,,,m,1,0.373445,,,,,,,,0,30,30,59,1
,,,,,,,,,,,,Images/NeurtalRight.jpeg,Neutral Right,m,LSF,18,Female,2021,N,Y,Cantonese,Mandarin,English,2021-02-21_01h29.59.412,Tse_Altarriba_Simon1,2020.1.2,Win32,60,3499,,,m,1,0.37941,,,,,,,,0,31,31,54,1
,,,,,,,,,,,,Images/NeurtalRight.jpeg,Neutral Right,m,LSF,18,Female,2021,N,Y,Cantonese,Mandarin,English,2021-02-21_01h29.59.412,Tse_Altarriba_Simon1,2020.1.2,Win32,60,3499,,,m,1,0.335105,,,,,,,,0,32,32,53,1
,,,,,,,,,,,,Images/CongruentRight.jpeg,Congruent Right,m,LSF,18,Female,2021,N,Y,Cantonese,Mandarin,English,2021-02-21_01h29.59.412,Tse_Altarriba_Simon1,2020.1.2,Win32,60,3499,,,m,1,0.350085,,,,,,,,0,33,33,17,1
,,,,,,,,,,,,Images/NeurtalRight.jpeg,Neutral Right,m,LSF,18,Female,2021,N,Y,Cantonese,Mandarin,English,2021-02-21_01h29.59.412,Tse_Altarriba_Simon1,2020.1.2,Win32,60,3499,,,m,1,0.414325,,,,,,,,0,34,34,55,1
,,,,,,,,,,,,Images/IncongruentLeft.jpeg,Incongruent Left,z,LSF,18,Female,2021,N,Y,Cantonese,Mandarin,English,2021-02-21_01h29.59.412,Tse_Altarriba_Simon1,2020.1.2,Win32,60,3499,,,z,1,0.50165,,,,,,,,0,35,35,27,1
,,,,,,,,,,,,Images/CongruentLeft.jpeg,Congruent Left,z,LSF,18,Female,2021,N,Y,Cantonese,Mandarin,English,2021-02-21_01h29.59.412,Tse_Altarriba_Simon1,2020.1.2,Win32,60,3499,,,z,1,0.381635,,,,,,,,0,36,36,6,1
,,,,,,,,,,,,Images/IncongruentLeft.jpeg,Incongruent Left,z,LSF,18,Female,2021,N,Y,Cantonese,Mandarin,English,2021-02-21_01h29.59.412,Tse_Altarriba_Simon1,2020.1.2,Win32,60,3499,,,z,1,0.437315,,,,,,,,0,37,37,21,1
,,,,,,,,,,,,Images/NeutralLeft.jpeg,Neutral Left,z,LSF,18,Female,2021,N,Y,Cantonese,Mandarin,English,2021-02-21_01h29.59.412,Tse_Altarriba_Simon1,2020.1.2,Win32,60,3499,,,z,1,0.45947,,,,,,,,0,38,38,40,1
,,,,,,,,,,,,Images/NeutralLeft.jpeg,Neutral Left,z,LSF,18,Female,2021,N,Y,Cantonese,Mandarin,English,2021-02-21_01h29.59.412,Tse_Altarriba_Simon1,2020.1.2,Win32,60,3499,,,z,1,0.38011,,,,,,,,0,39,39,43,1
,,,,,,,,,,,,Images/IncongruentRight.jpeg,Incongruent Right,m,LSF,18,Female,2021,N,Y,Cantonese,Mandarin,English,2021-02-21_01h29.59.412,Tse_Altarriba_Simon1,2020.1.2,Win32,60,3499,,,m,1,0.629415,,,,,,,,0,40,40,32,1
,,,,,,,,,,,,Images/CongruentLeft.jpeg,Congruent Left,z,LSF,18,Female,2021,N,Y,Cantonese,Mandarin,English,2021-02-21_01h29.59.412,Tse_Altarriba_Simon1,2020.1.2,Win32,60,3499,,,z,1,0.442925,,,,,,,,0,41,41,5,1
,,,,,,,,,,,,Images/IncongruentLeft.jpeg,Incongruent Left,z,LSF,18,Female,2021,N,Y,Cantonese,Mandarin,English,2021-02-21_01h29.59.412,Tse_Altarriba_Simon1,2020.1.2,Win32,60,3499,,,z,1,0.52648,,,,,,,,0,42,42,22,1
,,,,,,,,,,,,Images/CongruentRight.jpeg,Congruent Right,m,LSF,18,Female,2021,N,Y,Cantonese,Mandarin,English,2021-02-21_01h29.59.412,Tse_Altarriba_Simon1,2020.1.2,Win32,60,3499,,,m,1,0.434485,,,,,,,,0,43,43,12,1
,,,,,,,,,,,,Images/CongruentLeft.jpeg,Congruent Left,z,LSF,18,Female,2021,N,Y,Cantonese,Mandarin,English,2021-02-21_01h29.59.412,Tse_Altarriba_Simon1,2020.1.2,Win32,60,3499,,,z,1,0.454045,,,,,,,,0,44,44,4,1
,,,,,,,,,,,,Images/NeutralLeft.jpeg,Neutral Left,z,LSF,18,Female,2021,N,Y,Cantonese,Mandarin,English,2021-02-21_01h29.59.412,Tse_Altarriba_Simon1,2020.1.2,Win32,60,3499,,,z,1,0.39514,,,,,,,,0,45,45,47,1
,,,,,,,,,,,,Images/NeurtalRight.jpeg,Neutral Right,m,LSF,18,Female,2021,N,Y,Cantonese,Mandarin,English,2021-02-21_01h29.59.412,Tse_Altarriba_Simon1,2020.1.2,Win32,60,3499,,,m,1,0.38004,,,,,,,,0,46,46,51,1
,,,,,,,,,,,,Images/IncongruentLeft.jpeg,Incongruent Left,z,LSF,18,Female,2021,N,Y,Cantonese,Mandarin,English,2021-02-21_01h29.59.412,Tse_Altarriba_Simon1,2020.1.2,Win32,60,3499,,,z,1,0.41723,,,,,,,,0,47,47,23,1
,,,,,,,,,,,,Images/IncongruentRight.jpeg,Incongruent Right,m,LSF,18,Female,2021,N,Y,Cantonese,Mandarin,English,2021-02-21_01h29.59.412,Tse_Altarriba_Simon1,2020.1.2,Win32,60,3499,,,m,1,0.4147,,,,,,,,0,48,48,35,1
,,,,,,,,,,,,Images/IncongruentLeft.jpeg,Incongruent Left,z,LSF,18,Female,2021,N,Y,Cantonese,Mandarin,English,2021-02-21_01h29.59.412,Tse_Altarriba_Simon1,2020.1.2,Win32,60,3499,,,z,1,0.348055,,,,,,,,0,49,49,25,1
,,,,,,,,,,,,Images/NeurtalRight.jpeg,Neutral Right,m,LSF,18,Female,2021,N,Y,Cantonese,Mandarin,English,2021-02-21_01h29.59.412,Tse_Altarriba_Simon1,2020.1.2,Win32,60,3499,,,m,1,0.38476,,,,,,,,0,50,50,57,1
,,,,,,,,,,,,Images/CongruentLeft.jpeg,Congruent Left,z,LSF,18,Female,2021,N,Y,Cantonese,Mandarin,English,2021-02-21_01h29.59.412,Tse_Altarriba_Simon1,2020.1.2,Win32,60,3499,,,z,1,0.446415,,,,,,,,0,51,51,3,1
,,,,,,,,,,,,Images/NeutralLeft.jpeg,Neutral Left,z,LSF,18,Female,2021,N,Y,Cantonese,Mandarin,English,2021-02-21_01h29.59.412,Tse_Altarriba_Simon1,2020.1.2,Win32,60,3499,,,z,1,0.352005,,,,,,,,0,52,52,44,1
,,,,,,,,,,,,Images/IncongruentLeft.jpeg,Incongruent Left,z,LSF,18,Female,2021,N,Y,Cantonese,Mandarin,English,2021-02-21_01h29.59.412,Tse_Altarriba_Simon1,2020.1.2,Win32,60,3499,,,m,0,0.33832,,,,,,,,0,53,53,20,1
,,,,,,,,,,,,Images/NeurtalRight.jpeg,Neutral Right,m,LSF,18,Female,2021,N,Y,Cantonese,Mandarin,English,2021-02-21_01h29.59.412,Tse_Altarriba_Simon1,2020.1.2,Win32,60,3499,,,m,1,0.424485,,,,,,,,0,54,54,52,1
,,,,,,,,,,,,Images/NeurtalRight.jpeg,Neutral Right,m,LSF,18,Female,2021,N,Y,Cantonese,Mandarin,English,2021-02-21_01h29.59.412,Tse_Altarriba_Simon1,2020.1.2,Win32,60,3499,,,m,1,0.49383,,,,,,,,0,55,55,58,1
,,,,,,,,,,,,Images/CongruentRight.jpeg,Congruent Right,m,LSF,18,Female,2021,N,Y,Cantonese,Mandarin,English,2021-02-21_01h29.59.412,Tse_Altarriba_Simon1,2020.1.2,Win32,60,3499,,,m,1,0.38247,,,,,,,,0,56,56,11,1
,,,,,,,,,,,,Images/CongruentRight.jpeg,Congruent Right,m,LSF,18,Female,2021,N,Y,Cantonese,Mandarin,English,2021-02-21_01h29.59.412,Tse_Altarriba_Simon1,2020.1.2,Win32,60,3499,,,m,1,0.373255,,,,,,,,0,57,57,14,1
,,,,,,,,,,,,Images/CongruentRight.jpeg,Congruent Right,m,LSF,18,Female,2021,N,Y,Cantonese,Mandarin,English,2021-02-21_01h29.59.412,Tse_Altarriba_Simon1,2020.1.2,Win32,60,3499,,,m,1,0.39764,,,,,,,,0,58,58,18,1
,,,,,,,,,,,,Images/IncongruentRight.jpeg,Incongruent Right,m,LSF,18,Female,2021,N,Y,Cantonese,Mandarin,English,2021-02-21_01h29.59.412,Tse_Altarriba_Simon1,2020.1.2,Win32,60,3499,,,m,1,0.461045,,,,,,,,0,59,59,34,1
