Space1.keys,Space1.rt,Space2.keys,Space2.rt,response.keys,response.corr,response.rt,Practice_loop.thisRepN,Practice_loop.thisTrialN,Practice_loop.thisN,Practice_loop.thisIndex,Practice_loop.ran,ImageFile,Condition,CorrAns,Your initials,What is your age?,What is your gender?,What year are you in?,Are you Dyslexic? (Y/N),Are you bi/multilingual? (Y/N),What is your first language?,"What is your second language? (if you are monollingual, leave blank)",What other languages do you speak?,date,expName,psychopyVersion,OS,frameRate,participant,Space3.keys,Space3.rt,key_resp_2.keys,key_resp_2.corr,key_resp_2.rt,trials.thisRepN,trials.thisTrialN,trials.thisN,trials.thisIndex,trials.ran,Space4.keys,Space4.rt,trials_2.thisRepN,trials_2.thisTrialN,trials_2.thisN,trials_2.thisIndex,trials_2.ran
space,10.57809,space,22.400225,m,1,1.3387,0,0,0,10,1,Images/NeurtalRight.jpeg,Neutral Right,m,AE,19,Female,1,N,Y,Arabic ,English ,,2021-02-13_21h14.54.648,Tse_Altarriba_Simon1,2020.1.2,MacIntel,60,3502,,,,,,,,,,,,,,,,,
,,,,z,1,0.922975,0,1,1,1,1,Images/CongruentLeft.jpeg,Congruent Left,z,AE,19,Female,1,N,Y,Arabic ,English ,,2021-02-13_21h14.54.648,Tse_Altarriba_Simon1,2020.1.2,MacIntel,60,3502,,,,,,,,,,,,,,,,,
,,,,m,1,0.62882,0,2,2,2,1,Images/CongruentRight.jpeg,Congruent Right,m,AE,19,Female,1,N,Y,Arabic ,English ,,2021-02-13_21h14.54.648,Tse_Altarriba_Simon1,2020.1.2,MacIntel,60,3502,,,,,,,,,,,,,,,,,
,,,,z,1,0.80712,0,3,3,4,1,Images/IncongruentLeft.jpeg,Incongruent Left,z,AE,19,Female,1,N,Y,Arabic ,English ,,2021-02-13_21h14.54.648,Tse_Altarriba_Simon1,2020.1.2,MacIntel,60,3502,,,,,,,,,,,,,,,,,
,,,,m,1,0.422095,0,4,4,3,1,Images/CongruentRight.jpeg,Congruent Right,m,AE,19,Female,1,N,Y,Arabic ,English ,,2021-02-13_21h14.54.648,Tse_Altarriba_Simon1,2020.1.2,MacIntel,60,3502,,,,,,,,,,,,,,,,,
,,,,z,1,0.321915,0,5,5,9,1,Images/NeutralLeft.jpeg,Neutral Left,z,AE,19,Female,1,N,Y,Arabic ,English ,,2021-02-13_21h14.54.648,Tse_Altarriba_Simon1,2020.1.2,MacIntel,60,3502,,,,,,,,,,,,,,,,,
,,,,m,1,0.79389,0,6,6,7,1,Images/IncongruentRight.jpeg,Incongruent Right,m,AE,19,Female,1,N,Y,Arabic ,English ,,2021-02-13_21h14.54.648,Tse_Altarriba_Simon1,2020.1.2,MacIntel,60,3502,,,,,,,,,,,,,,,,,
,,,,z,1,0.455445,0,7,7,0,1,Images/CongruentLeft.jpeg,Congruent Left,z,AE,19,Female,1,N,Y,Arabic ,English ,,2021-02-13_21h14.54.648,Tse_Altarriba_Simon1,2020.1.2,MacIntel,60,3502,,,,,,,,,,,,,,,,,
,,,,m,1,0.46967,0,8,8,6,1,Images/IncongruentRight.jpeg,Incongruent Right,m,AE,19,Female,1,N,Y,Arabic ,English ,,2021-02-13_21h14.54.648,Tse_Altarriba_Simon1,2020.1.2,MacIntel,60,3502,,,,,,,,,,,,,,,,,
,,,,m,1,0.74825,0,9,9,11,1,Images/NeurtalRight.jpeg,Neutral Right,m,AE,19,Female,1,N,Y,Arabic ,English ,,2021-02-13_21h14.54.648,Tse_Altarriba_Simon1,2020.1.2,MacIntel,60,3502,,,,,,,,,,,,,,,,,
,,,,z,1,1.256305,0,10,10,5,1,Images/IncongruentLeft.jpeg,Incongruent Left,z,AE,19,Female,1,N,Y,Arabic ,English ,,2021-02-13_21h14.54.648,Tse_Altarriba_Simon1,2020.1.2,MacIntel,60,3502,,,,,,,,,,,,,,,,,
,,,,z,1,0.519,0,11,11,8,1,Images/NeutralLeft.jpeg,Neutral Left,z,AE,19,Female,1,N,Y,Arabic ,English ,,2021-02-13_21h14.54.648,Tse_Altarriba_Simon1,2020.1.2,MacIntel,60,3502,,,,,,,,,,,,,,,,,
,,,,,,,,,,,,Images/NeurtalRight.jpeg,Neutral Right,m,AE,19,Female,1,N,Y,Arabic ,English ,,2021-02-13_21h14.54.648,Tse_Altarriba_Simon1,2020.1.2,MacIntel,60,3502,space,9.999845,m,1,0.50974,0,0,0,55,1,,,,,,,
,,,,,,,,,,,,Images/CongruentLeft.jpeg,Congruent Left,z,AE,19,Female,1,N,Y,Arabic ,English ,,2021-02-13_21h14.54.648,Tse_Altarriba_Simon1,2020.1.2,MacIntel,60,3502,,,z,1,0.3908,0,1,1,4,1,,,,,,,
,,,,,,,,,,,,Images/CongruentRight.jpeg,Congruent Right,m,AE,19,Female,1,N,Y,Arabic ,English ,,2021-02-13_21h14.54.648,Tse_Altarriba_Simon1,2020.1.2,MacIntel,60,3502,,,m,1,0.331385,0,2,2,15,1,,,,,,,
,,,,,,,,,,,,Images/NeurtalRight.jpeg,Neutral Right,m,AE,19,Female,1,N,Y,Arabic ,English ,,2021-02-13_21h14.54.648,Tse_Altarriba_Simon1,2020.1.2,MacIntel,60,3502,,,m,1,0.42622,0,3,3,59,1,,,,,,,
,,,,,,,,,,,,Images/NeutralLeft.jpeg,Neutral Left,z,AE,19,Female,1,N,Y,Arabic ,English ,,2021-02-13_21h14.54.648,Tse_Altarriba_Simon1,2020.1.2,MacIntel,60,3502,,,z,1,0.3643,0,4,4,41,1,,,,,,,
,,,,,,,,,,,,Images/CongruentRight.jpeg,Congruent Right,m,AE,19,Female,1,N,Y,Arabic ,English ,,2021-02-13_21h14.54.648,Tse_Altarriba_Simon1,2020.1.2,MacIntel,60,3502,,,m,1,0.351645,0,5,5,18,1,,,,,,,
,,,,,,,,,,,,Images/CongruentRight.jpeg,Congruent Right,m,AE,19,Female,1,N,Y,Arabic ,English ,,2021-02-13_21h14.54.648,Tse_Altarriba_Simon1,2020.1.2,MacIntel,60,3502,,,m,1,0.35481,0,6,6,10,1,,,,,,,
,,,,,,,,,,,,Images/NeurtalRight.jpeg,Neutral Right,m,AE,19,Female,1,N,Y,Arabic ,English ,,2021-02-13_21h14.54.648,Tse_Altarriba_Simon1,2020.1.2,MacIntel,60,3502,,,m,1,0.38337,0,7,7,52,1,,,,,,,
,,,,,,,,,,,,Images/IncongruentLeft.jpeg,Incongruent Left,z,AE,19,Female,1,N,Y,Arabic ,English ,,2021-02-13_21h14.54.648,Tse_Altarriba_Simon1,2020.1.2,MacIntel,60,3502,,,m,0,0.32453,0,8,8,28,1,,,,,,,
,,,,,,,,,,,,Images/CongruentLeft.jpeg,Congruent Left,z,AE,19,Female,1,N,Y,Arabic ,English ,,2021-02-13_21h14.54.648,Tse_Altarriba_Simon1,2020.1.2,MacIntel,60,3502,,,z,1,0.450285,0,9,9,8,1,,,,,,,
,,,,,,,,,,,,Images/CongruentLeft.jpeg,Congruent Left,z,AE,19,Female,1,N,Y,Arabic ,English ,,2021-02-13_21h14.54.648,Tse_Altarriba_Simon1,2020.1.2,MacIntel,60,3502,,,z,1,0.457875,0,10,10,6,1,,,,,,,
,,,,,,,,,,,,Images/CongruentRight.jpeg,Congruent Right,m,AE,19,Female,1,N,Y,Arabic ,English ,,2021-02-13_21h14.54.648,Tse_Altarriba_Simon1,2020.1.2,MacIntel,60,3502,,,m,1,0.505805,0,11,11,19,1,,,,,,,
,,,,,,,,,,,,Images/IncongruentRight.jpeg,Incongruent Right,m,AE,19,Female,1,N,Y,Arabic ,English ,,2021-02-13_21h14.54.648,Tse_Altarriba_Simon1,2020.1.2,MacIntel,60,3502,,,z,0,0.429695,0,12,12,33,1,,,,,,,
,,,,,,,,,,,,Images/NeurtalRight.jpeg,Neutral Right,m,AE,19,Female,1,N,Y,Arabic ,English ,,2021-02-13_21h14.54.648,Tse_Altarriba_Simon1,2020.1.2,MacIntel,60,3502,,,m,1,0.4659,0,13,13,51,1,,,,,,,
,,,,,,,,,,,,Images/CongruentRight.jpeg,Congruent Right,m,AE,19,Female,1,N,Y,Arabic ,English ,,2021-02-13_21h14.54.648,Tse_Altarriba_Simon1,2020.1.2,MacIntel,60,3502,,,m,1,0.438055,0,14,14,16,1,,,,,,,
,,,,,,,,,,,,Images/NeurtalRight.jpeg,Neutral Right,m,AE,19,Female,1,N,Y,Arabic ,English ,,2021-02-13_21h14.54.648,Tse_Altarriba_Simon1,2020.1.2,MacIntel,60,3502,,,m,1,0.48051,0,15,15,54,1,,,,,,,
,,,,,,,,,,,,Images/NeurtalRight.jpeg,Neutral Right,m,AE,19,Female,1,N,Y,Arabic ,English ,,2021-02-13_21h14.54.648,Tse_Altarriba_Simon1,2020.1.2,MacIntel,60,3502,,,m,1,0.58928,0,16,16,58,1,,,,,,,
,,,,,,,,,,,,Images/CongruentRight.jpeg,Congruent Right,m,AE,19,Female,1,N,Y,Arabic ,English ,,2021-02-13_21h14.54.648,Tse_Altarriba_Simon1,2020.1.2,MacIntel,60,3502,,,m,1,0.577305,0,17,17,13,1,,,,,,,
,,,,,,,,,,,,Images/IncongruentLeft.jpeg,Incongruent Left,z,AE,19,Female,1,N,Y,Arabic ,English ,,2021-02-13_21h14.54.648,Tse_Altarriba_Simon1,2020.1.2,MacIntel,60,3502,,,z,1,0.92346,0,18,18,22,1,,,,,,,
,,,,,,,,,,,,Images/CongruentRight.jpeg,Congruent Right,m,AE,19,Female,1,N,Y,Arabic ,English ,,2021-02-13_21h14.54.648,Tse_Altarriba_Simon1,2020.1.2,MacIntel,60,3502,,,m,1,0.50732,0,19,19,14,1,,,,,,,
,,,,,,,,,,,,Images/NeutralLeft.jpeg,Neutral Left,z,AE,19,Female,1,N,Y,Arabic ,English ,,2021-02-13_21h14.54.648,Tse_Altarriba_Simon1,2020.1.2,MacIntel,60,3502,,,z,1,0.625085,0,20,20,40,1,,,,,,,
,,,,,,,,,,,,Images/IncongruentLeft.jpeg,Incongruent Left,z,AE,19,Female,1,N,Y,Arabic ,English ,,2021-02-13_21h14.54.648,Tse_Altarriba_Simon1,2020.1.2,MacIntel,60,3502,,,z,1,0.623365,0,21,21,20,1,,,,,,,
,,,,,,,,,,,,Images/CongruentLeft.jpeg,Congruent Left,z,AE,19,Female,1,N,Y,Arabic ,English ,,2021-02-13_21h14.54.648,Tse_Altarriba_Simon1,2020.1.2,MacIntel,60,3502,,,z,1,0.46657,0,22,22,5,1,,,,,,,
,,,,,,,,,,,,Images/CongruentRight.jpeg,Congruent Right,m,AE,19,Female,1,N,Y,Arabic ,English ,,2021-02-13_21h14.54.648,Tse_Altarriba_Simon1,2020.1.2,MacIntel,60,3502,,,m,1,0.485785,0,23,23,17,1,,,,,,,
,,,,,,,,,,,,Images/IncongruentLeft.jpeg,Incongruent Left,z,AE,19,Female,1,N,Y,Arabic ,English ,,2021-02-13_21h14.54.648,Tse_Altarriba_Simon1,2020.1.2,MacIntel,60,3502,,,z,1,0.57723,0,24,24,27,1,,,,,,,
,,,,,,,,,,,,Images/CongruentLeft.jpeg,Congruent Left,z,AE,19,Female,1,N,Y,Arabic ,English ,,2021-02-13_21h14.54.648,Tse_Altarriba_Simon1,2020.1.2,MacIntel,60,3502,,,z,1,0.4067,0,25,25,1,1,,,,,,,
,,,,,,,,,,,,Images/IncongruentRight.jpeg,Incongruent Right,m,AE,19,Female,1,N,Y,Arabic ,English ,,2021-02-13_21h14.54.648,Tse_Altarriba_Simon1,2020.1.2,MacIntel,60,3502,,,m,1,0.584095,0,26,26,38,1,,,,,,,
,,,,,,,,,,,,Images/IncongruentLeft.jpeg,Incongruent Left,z,AE,19,Female,1,N,Y,Arabic ,English ,,2021-02-13_21h14.54.648,Tse_Altarriba_Simon1,2020.1.2,MacIntel,60,3502,,,z,1,0.44992,0,27,27,21,1,,,,,,,
,,,,,,,,,,,,Images/IncongruentRight.jpeg,Incongruent Right,m,AE,19,Female,1,N,Y,Arabic ,English ,,2021-02-13_21h14.54.648,Tse_Altarriba_Simon1,2020.1.2,MacIntel,60,3502,,,m,1,0.664285,0,28,28,35,1,,,,,,,
,,,,,,,,,,,,Images/NeutralLeft.jpeg,Neutral Left,z,AE,19,Female,1,N,Y,Arabic ,English ,,2021-02-13_21h14.54.648,Tse_Altarriba_Simon1,2020.1.2,MacIntel,60,3502,,,z,1,1.41167,0,29,29,43,1,,,,,,,
,,,,,,,,,,,,Images/NeutralLeft.jpeg,Neutral Left,z,AE,19,Female,1,N,Y,Arabic ,English ,,2021-02-13_21h14.54.648,Tse_Altarriba_Simon1,2020.1.2,MacIntel,60,3502,,,z,1,0.43895,0,30,30,45,1,,,,,,,
,,,,,,,,,,,,Images/CongruentLeft.jpeg,Congruent Left,z,AE,19,Female,1,N,Y,Arabic ,English ,,2021-02-13_21h14.54.648,Tse_Altarriba_Simon1,2020.1.2,MacIntel,60,3502,,,z,1,0.422585,0,31,31,2,1,,,,,,,
,,,,,,,,,,,,Images/IncongruentLeft.jpeg,Incongruent Left,z,AE,19,Female,1,N,Y,Arabic ,English ,,2021-02-13_21h14.54.648,Tse_Altarriba_Simon1,2020.1.2,MacIntel,60,3502,,,z,1,0.543085,0,32,32,23,1,,,,,,,
,,,,,,,,,,,,Images/NeutralLeft.jpeg,Neutral Left,z,AE,19,Female,1,N,Y,Arabic ,English ,,2021-02-13_21h14.54.648,Tse_Altarriba_Simon1,2020.1.2,MacIntel,60,3502,,,z,1,0.406095,0,33,33,48,1,,,,,,,
,,,,,,,,,,,,Images/CongruentLeft.jpeg,Congruent Left,z,AE,19,Female,1,N,Y,Arabic ,English ,,2021-02-13_21h14.54.648,Tse_Altarriba_Simon1,2020.1.2,MacIntel,60,3502,,,z,1,0.408685,0,34,34,7,1,,,,,,,
,,,,,,,,,,,,Images/NeutralLeft.jpeg,Neutral Left,z,AE,19,Female,1,N,Y,Arabic ,English ,,2021-02-13_21h14.54.648,Tse_Altarriba_Simon1,2020.1.2,MacIntel,60,3502,,,z,1,0.43006,0,35,35,46,1,,,,,,,
,,,,,,,,,,,,Images/IncongruentLeft.jpeg,Incongruent Left,z,AE,19,Female,1,N,Y,Arabic ,English ,,2021-02-13_21h14.54.648,Tse_Altarriba_Simon1,2020.1.2,MacIntel,60,3502,,,z,1,0.556895,0,36,36,25,1,,,,,,,
,,,,,,,,,,,,Images/NeutralLeft.jpeg,Neutral Left,z,AE,19,Female,1,N,Y,Arabic ,English ,,2021-02-13_21h14.54.648,Tse_Altarriba_Simon1,2020.1.2,MacIntel,60,3502,,,z,1,0.411315,0,37,37,49,1,,,,,,,
,,,,,,,,,,,,Images/NeutralLeft.jpeg,Neutral Left,z,AE,19,Female,1,N,Y,Arabic ,English ,,2021-02-13_21h14.54.648,Tse_Altarriba_Simon1,2020.1.2,MacIntel,60,3502,,,z,1,0.48852,0,38,38,47,1,,,,,,,
,,,,,,,,,,,,Images/IncongruentLeft.jpeg,Incongruent Left,z,AE,19,Female,1,N,Y,Arabic ,English ,,2021-02-13_21h14.54.648,Tse_Altarriba_Simon1,2020.1.2,MacIntel,60,3502,,,z,1,0.574625,0,39,39,29,1,,,,,,,
,,,,,,,,,,,,Images/NeurtalRight.jpeg,Neutral Right,m,AE,19,Female,1,N,Y,Arabic ,English ,,2021-02-13_21h14.54.648,Tse_Altarriba_Simon1,2020.1.2,MacIntel,60,3502,,,m,1,0.59991,0,40,40,53,1,,,,,,,
,,,,,,,,,,,,Images/IncongruentRight.jpeg,Incongruent Right,m,AE,19,Female,1,N,Y,Arabic ,English ,,2021-02-13_21h14.54.648,Tse_Altarriba_Simon1,2020.1.2,MacIntel,60,3502,,,m,1,0.64787,0,41,41,34,1,,,,,,,
,,,,,,,,,,,,Images/NeurtalRight.jpeg,Neutral Right,m,AE,19,Female,1,N,Y,Arabic ,English ,,2021-02-13_21h14.54.648,Tse_Altarriba_Simon1,2020.1.2,MacIntel,60,3502,,,m,1,0.44301,0,42,42,57,1,,,,,,,
,,,,,,,,,,,,Images/CongruentRight.jpeg,Congruent Right,m,AE,19,Female,1,N,Y,Arabic ,English ,,2021-02-13_21h14.54.648,Tse_Altarriba_Simon1,2020.1.2,MacIntel,60,3502,,,m,1,0.439245,0,43,43,11,1,,,,,,,
,,,,,,,,,,,,Images/IncongruentLeft.jpeg,Incongruent Left,z,AE,19,Female,1,N,Y,Arabic ,English ,,2021-02-13_21h14.54.648,Tse_Altarriba_Simon1,2020.1.2,MacIntel,60,3502,,,z,1,0.48931,0,44,44,24,1,,,,,,,
,,,,,,,,,,,,Images/IncongruentRight.jpeg,Incongruent Right,m,AE,19,Female,1,N,Y,Arabic ,English ,,2021-02-13_21h14.54.648,Tse_Altarriba_Simon1,2020.1.2,MacIntel,60,3502,,,m,1,0.63023,0,45,45,36,1,,,,,,,
,,,,,,,,,,,,Images/NeurtalRight.jpeg,Neutral Right,m,AE,19,Female,1,N,Y,Arabic ,English ,,2021-02-13_21h14.54.648,Tse_Altarriba_Simon1,2020.1.2,MacIntel,60,3502,,,m,1,0.451255,0,46,46,50,1,,,,,,,
,,,,,,,,,,,,Images/IncongruentLeft.jpeg,Incongruent Left,z,AE,19,Female,1,N,Y,Arabic ,English ,,2021-02-13_21h14.54.648,Tse_Altarriba_Simon1,2020.1.2,MacIntel,60,3502,,,z,1,0.525935,0,47,47,26,1,,,,,,,
,,,,,,,,,,,,Images/IncongruentRight.jpeg,Incongruent Right,m,AE,19,Female,1,N,Y,Arabic ,English ,,2021-02-13_21h14.54.648,Tse_Altarriba_Simon1,2020.1.2,MacIntel,60,3502,,,m,1,0.526415,0,48,48,31,1,,,,,,,
,,,,,,,,,,,,Images/IncongruentRight.jpeg,Incongruent Right,m,AE,19,Female,1,N,Y,Arabic ,English ,,2021-02-13_21h14.54.648,Tse_Altarriba_Simon1,2020.1.2,MacIntel,60,3502,,,m,1,0.670865,0,49,49,39,1,,,,,,,
,,,,,,,,,,,,Images/CongruentLeft.jpeg,Congruent Left,z,AE,19,Female,1,N,Y,Arabic ,English ,,2021-02-13_21h14.54.648,Tse_Altarriba_Simon1,2020.1.2,MacIntel,60,3502,,,z,1,0.527175,0,50,50,0,1,,,,,,,
,,,,,,,,,,,,Images/NeurtalRight.jpeg,Neutral Right,m,AE,19,Female,1,N,Y,Arabic ,English ,,2021-02-13_21h14.54.648,Tse_Altarriba_Simon1,2020.1.2,MacIntel,60,3502,,,m,1,0.561985,0,51,51,56,1,,,,,,,
,,,,,,,,,,,,Images/IncongruentRight.jpeg,Incongruent Right,m,AE,19,Female,1,N,Y,Arabic ,English ,,2021-02-13_21h14.54.648,Tse_Altarriba_Simon1,2020.1.2,MacIntel,60,3502,,,m,1,0.69008,0,52,52,30,1,,,,,,,
,,,,,,,,,,,,Images/NeutralLeft.jpeg,Neutral Left,z,AE,19,Female,1,N,Y,Arabic ,English ,,2021-02-13_21h14.54.648,Tse_Altarriba_Simon1,2020.1.2,MacIntel,60,3502,,,z,1,0.466445,0,53,53,44,1,,,,,,,
,,,,,,,,,,,,Images/IncongruentRight.jpeg,Incongruent Right,m,AE,19,Female,1,N,Y,Arabic ,English ,,2021-02-13_21h14.54.648,Tse_Altarriba_Simon1,2020.1.2,MacIntel,60,3502,,,m,1,0.508765,0,54,54,37,1,,,,,,,
,,,,,,,,,,,,Images/NeutralLeft.jpeg,Neutral Left,z,AE,19,Female,1,N,Y,Arabic ,English ,,2021-02-13_21h14.54.648,Tse_Altarriba_Simon1,2020.1.2,MacIntel,60,3502,,,z,1,0.494335,0,55,55,42,1,,,,,,,
,,,,,,,,,,,,Images/CongruentLeft.jpeg,Congruent Left,z,AE,19,Female,1,N,Y,Arabic ,English ,,2021-02-13_21h14.54.648,Tse_Altarriba_Simon1,2020.1.2,MacIntel,60,3502,,,z,1,0.4428,0,56,56,9,1,,,,,,,
,,,,,,,,,,,,Images/CongruentRight.jpeg,Congruent Right,m,AE,19,Female,1,N,Y,Arabic ,English ,,2021-02-13_21h14.54.648,Tse_Altarriba_Simon1,2020.1.2,MacIntel,60,3502,,,m,1,0.49196,0,57,57,12,1,,,,,,,
,,,,,,,,,,,,Images/CongruentLeft.jpeg,Congruent Left,z,AE,19,Female,1,N,Y,Arabic ,English ,,2021-02-13_21h14.54.648,Tse_Altarriba_Simon1,2020.1.2,MacIntel,60,3502,,,z,1,0.406495,0,58,58,3,1,,,,,,,
,,,,,,,,,,,,Images/IncongruentRight.jpeg,Incongruent Right,m,AE,19,Female,1,N,Y,Arabic ,English ,,2021-02-13_21h14.54.648,Tse_Altarriba_Simon1,2020.1.2,MacIntel,60,3502,,,m,1,0.67695,0,59,59,32,1,,,,,,,
,,,,,,,,,,,,Images/IncongruentRight.jpeg,Incongruent Right,m,AE,19,Female,1,N,Y,Arabic ,English ,,2021-02-13_21h14.54.648,Tse_Altarriba_Simon1,2020.1.2,MacIntel,60,3502,,,m,1,0.478935,,,,,,space,4.03487,0,0,0,33,1
,,,,,,,,,,,,Images/NeutralLeft.jpeg,Neutral Left,z,AE,19,Female,1,N,Y,Arabic ,English ,,2021-02-13_21h14.54.648,Tse_Altarriba_Simon1,2020.1.2,MacIntel,60,3502,,,z,1,0.505285,,,,,,,,0,1,1,44,1
,,,,,,,,,,,,Images/NeurtalRight.jpeg,Neutral Right,m,AE,19,Female,1,N,Y,Arabic ,English ,,2021-02-13_21h14.54.648,Tse_Altarriba_Simon1,2020.1.2,MacIntel,60,3502,,,m,1,0.414395,,,,,,,,0,2,2,51,1
,,,,,,,,,,,,Images/CongruentRight.jpeg,Congruent Right,m,AE,19,Female,1,N,Y,Arabic ,English ,,2021-02-13_21h14.54.648,Tse_Altarriba_Simon1,2020.1.2,MacIntel,60,3502,,,m,1,0.42801,,,,,,,,0,3,3,11,1
,,,,,,,,,,,,Images/IncongruentRight.jpeg,Incongruent Right,m,AE,19,Female,1,N,Y,Arabic ,English ,,2021-02-13_21h14.54.648,Tse_Altarriba_Simon1,2020.1.2,MacIntel,60,3502,,,m,1,0.455465,,,,,,,,0,4,4,34,1
,,,,,,,,,,,,Images/NeurtalRight.jpeg,Neutral Right,m,AE,19,Female,1,N,Y,Arabic ,English ,,2021-02-13_21h14.54.648,Tse_Altarriba_Simon1,2020.1.2,MacIntel,60,3502,,,m,1,0.359285,,,,,,,,0,5,5,59,1
,,,,,,,,,,,,Images/IncongruentRight.jpeg,Incongruent Right,m,AE,19,Female,1,N,Y,Arabic ,English ,,2021-02-13_21h14.54.648,Tse_Altarriba_Simon1,2020.1.2,MacIntel,60,3502,,,m,1,0.427545,,,,,,,,0,6,6,31,1
,,,,,,,,,,,,Images/CongruentLeft.jpeg,Congruent Left,z,AE,19,Female,1,N,Y,Arabic ,English ,,2021-02-13_21h14.54.648,Tse_Altarriba_Simon1,2020.1.2,MacIntel,60,3502,,,z,1,0.556725,,,,,,,,0,7,7,5,1
,,,,,,,,,,,,Images/IncongruentRight.jpeg,Incongruent Right,m,AE,19,Female,1,N,Y,Arabic ,English ,,2021-02-13_21h14.54.648,Tse_Altarriba_Simon1,2020.1.2,MacIntel,60,3502,,,m,1,0.427875,,,,,,,,0,8,8,35,1
,,,,,,,,,,,,Images/CongruentLeft.jpeg,Congruent Left,z,AE,19,Female,1,N,Y,Arabic ,English ,,2021-02-13_21h14.54.648,Tse_Altarriba_Simon1,2020.1.2,MacIntel,60,3502,,,z,1,0.529805,,,,,,,,0,9,9,4,1
,,,,,,,,,,,,Images/IncongruentRight.jpeg,Incongruent Right,m,AE,19,Female,1,N,Y,Arabic ,English ,,2021-02-13_21h14.54.648,Tse_Altarriba_Simon1,2020.1.2,MacIntel,60,3502,,,m,1,0.38889,,,,,,,,0,10,10,39,1
,,,,,,,,,,,,Images/NeurtalRight.jpeg,Neutral Right,m,AE,19,Female,1,N,Y,Arabic ,English ,,2021-02-13_21h14.54.648,Tse_Altarriba_Simon1,2020.1.2,MacIntel,60,3502,,,m,1,0.397055,,,,,,,,0,11,11,55,1
,,,,,,,,,,,,Images/NeutralLeft.jpeg,Neutral Left,z,AE,19,Female,1,N,Y,Arabic ,English ,,2021-02-13_21h14.54.648,Tse_Altarriba_Simon1,2020.1.2,MacIntel,60,3502,,,z,1,0.555165,,,,,,,,0,12,12,47,1
,,,,,,,,,,,,Images/IncongruentRight.jpeg,Incongruent Right,m,AE,19,Female,1,N,Y,Arabic ,English ,,2021-02-13_21h14.54.648,Tse_Altarriba_Simon1,2020.1.2,MacIntel,60,3502,,,m,1,0.407155,,,,,,,,0,13,13,32,1
,,,,,,,,,,,,Images/CongruentRight.jpeg,Congruent Right,m,AE,19,Female,1,N,Y,Arabic ,English ,,2021-02-13_21h14.54.648,Tse_Altarriba_Simon1,2020.1.2,MacIntel,60,3502,,,m,1,0.448375,,,,,,,,0,14,14,15,1
,,,,,,,,,,,,Images/IncongruentRight.jpeg,Incongruent Right,m,AE,19,Female,1,N,Y,Arabic ,English ,,2021-02-13_21h14.54.648,Tse_Altarriba_Simon1,2020.1.2,MacIntel,60,3502,,,m,1,0.592185,,,,,,,,0,15,15,36,1
,,,,,,,,,,,,Images/CongruentRight.jpeg,Congruent Right,m,AE,19,Female,1,N,Y,Arabic ,English ,,2021-02-13_21h14.54.648,Tse_Altarriba_Simon1,2020.1.2,MacIntel,60,3502,,,m,1,0.47257,,,,,,,,0,16,16,14,1
,,,,,,,,,,,,Images/NeurtalRight.jpeg,Neutral Right,m,AE,19,Female,1,N,Y,Arabic ,English ,,2021-02-13_21h14.54.648,Tse_Altarriba_Simon1,2020.1.2,MacIntel,60,3502,,,m,1,0.59052,,,,,,,,0,17,17,50,1
,,,,,,,,,,,,Images/CongruentLeft.jpeg,Congruent Left,z,AE,19,Female,1,N,Y,Arabic ,English ,,2021-02-13_21h14.54.648,Tse_Altarriba_Simon1,2020.1.2,MacIntel,60,3502,,,z,1,0.52694,,,,,,,,0,18,18,7,1
,,,,,,,,,,,,Images/CongruentRight.jpeg,Congruent Right,m,AE,19,Female,1,N,Y,Arabic ,English ,,2021-02-13_21h14.54.648,Tse_Altarriba_Simon1,2020.1.2,MacIntel,60,3502,,,m,1,0.385225,,,,,,,,0,19,19,10,1
,,,,,,,,,,,,Images/NeurtalRight.jpeg,Neutral Right,m,AE,19,Female,1,N,Y,Arabic ,English ,,2021-02-13_21h14.54.648,Tse_Altarriba_Simon1,2020.1.2,MacIntel,60,3502,,,m,1,0.44001,,,,,,,,0,20,20,53,1
,,,,,,,,,,,,Images/CongruentLeft.jpeg,Congruent Left,z,AE,19,Female,1,N,Y,Arabic ,English ,,2021-02-13_21h14.54.648,Tse_Altarriba_Simon1,2020.1.2,MacIntel,60,3502,,,z,1,0.49514,,,,,,,,0,21,21,9,1
,,,,,,,,,,,,Images/IncongruentLeft.jpeg,Incongruent Left,z,AE,19,Female,1,N,Y,Arabic ,English ,,2021-02-13_21h14.54.648,Tse_Altarriba_Simon1,2020.1.2,MacIntel,60,3502,,,z,1,0.56941,,,,,,,,0,22,22,29,1
,,,,,,,,,,,,Images/IncongruentLeft.jpeg,Incongruent Left,z,AE,19,Female,1,N,Y,Arabic ,English ,,2021-02-13_21h14.54.648,Tse_Altarriba_Simon1,2020.1.2,MacIntel,60,3502,,,z,1,0.6113,,,,,,,,0,23,23,22,1
,,,,,,,,,,,,Images/IncongruentLeft.jpeg,Incongruent Left,z,AE,19,Female,1,N,Y,Arabic ,English ,,2021-02-13_21h14.54.648,Tse_Altarriba_Simon1,2020.1.2,MacIntel,60,3502,,,z,1,0.44016,,,,,,,,0,24,24,23,1
,,,,,,,,,,,,Images/IncongruentLeft.jpeg,Incongruent Left,z,AE,19,Female,1,N,Y,Arabic ,English ,,2021-02-13_21h14.54.648,Tse_Altarriba_Simon1,2020.1.2,MacIntel,60,3502,,,z,1,0.44552,,,,,,,,0,25,25,25,1
,,,,,,,,,,,,Images/NeutralLeft.jpeg,Neutral Left,z,AE,19,Female,1,N,Y,Arabic ,English ,,2021-02-13_21h14.54.648,Tse_Altarriba_Simon1,2020.1.2,MacIntel,60,3502,,,z,1,0.47891,,,,,,,,0,26,26,41,1
,,,,,,,,,,,,Images/NeutralLeft.jpeg,Neutral Left,z,AE,19,Female,1,N,Y,Arabic ,English ,,2021-02-13_21h14.54.648,Tse_Altarriba_Simon1,2020.1.2,MacIntel,60,3502,,,z,1,0.40146,,,,,,,,0,27,27,48,1
,,,,,,,,,,,,Images/CongruentRight.jpeg,Congruent Right,m,AE,19,Female,1,N,Y,Arabic ,English ,,2021-02-13_21h14.54.648,Tse_Altarriba_Simon1,2020.1.2,MacIntel,60,3502,,,m,1,0.474285,,,,,,,,0,28,28,12,1
,,,,,,,,,,,,Images/NeurtalRight.jpeg,Neutral Right,m,AE,19,Female,1,N,Y,Arabic ,English ,,2021-02-13_21h14.54.648,Tse_Altarriba_Simon1,2020.1.2,MacIntel,60,3502,,,m,1,0.486695,,,,,,,,0,29,29,56,1
,,,,,,,,,,,,Images/NeutralLeft.jpeg,Neutral Left,z,AE,19,Female,1,N,Y,Arabic ,English ,,2021-02-13_21h14.54.648,Tse_Altarriba_Simon1,2020.1.2,MacIntel,60,3502,,,z,1,0.52683,,,,,,,,0,30,30,40,1
,,,,,,,,,,,,Images/CongruentRight.jpeg,Congruent Right,m,AE,19,Female,1,N,Y,Arabic ,English ,,2021-02-13_21h14.54.648,Tse_Altarriba_Simon1,2020.1.2,MacIntel,60,3502,,,m,1,0.6057,,,,,,,,0,31,31,18,1
,,,,,,,,,,,,Images/CongruentRight.jpeg,Congruent Right,m,AE,19,Female,1,N,Y,Arabic ,English ,,2021-02-13_21h14.54.648,Tse_Altarriba_Simon1,2020.1.2,MacIntel,60,3502,,,m,1,0.409345,,,,,,,,0,32,32,17,1
,,,,,,,,,,,,Images/IncongruentLeft.jpeg,Incongruent Left,z,AE,19,Female,1,N,Y,Arabic ,English ,,2021-02-13_21h14.54.648,Tse_Altarriba_Simon1,2020.1.2,MacIntel,60,3502,,,z,1,0.56949,,,,,,,,0,33,33,27,1
,,,,,,,,,,,,Images/IncongruentRight.jpeg,Incongruent Right,m,AE,19,Female,1,N,Y,Arabic ,English ,,2021-02-13_21h14.54.648,Tse_Altarriba_Simon1,2020.1.2,MacIntel,60,3502,,,m,1,0.5586,,,,,,,,0,34,34,37,1
,,,,,,,,,,,,Images/CongruentRight.jpeg,Congruent Right,m,AE,19,Female,1,N,Y,Arabic ,English ,,2021-02-13_21h14.54.648,Tse_Altarriba_Simon1,2020.1.2,MacIntel,60,3502,,,m,1,0.411895,,,,,,,,0,35,35,13,1
,,,,,,,,,,,,Images/CongruentLeft.jpeg,Congruent Left,z,AE,19,Female,1,N,Y,Arabic ,English ,,2021-02-13_21h14.54.648,Tse_Altarriba_Simon1,2020.1.2,MacIntel,60,3502,,,z,1,0.53295,,,,,,,,0,36,36,8,1
,,,,,,,,,,,,Images/NeutralLeft.jpeg,Neutral Left,z,AE,19,Female,1,N,Y,Arabic ,English ,,2021-02-13_21h14.54.648,Tse_Altarriba_Simon1,2020.1.2,MacIntel,60,3502,,,z,1,0.42306,,,,,,,,0,37,37,43,1
,,,,,,,,,,,,Images/NeutralLeft.jpeg,Neutral Left,z,AE,19,Female,1,N,Y,Arabic ,English ,,2021-02-13_21h14.54.648,Tse_Altarriba_Simon1,2020.1.2,MacIntel,60,3502,,,z,1,0.41397,,,,,,,,0,38,38,49,1
,,,,,,,,,,,,Images/CongruentRight.jpeg,Congruent Right,m,AE,19,Female,1,N,Y,Arabic ,English ,,2021-02-13_21h14.54.648,Tse_Altarriba_Simon1,2020.1.2,MacIntel,60,3502,,,m,1,0.41186,,,,,,,,0,39,39,16,1
,,,,,,,,,,,,Images/CongruentLeft.jpeg,Congruent Left,z,AE,19,Female,1,N,Y,Arabic ,English ,,2021-02-13_21h14.54.648,Tse_Altarriba_Simon1,2020.1.2,MacIntel,60,3502,,,z,1,0.39417,,,,,,,,0,40,40,6,1
,,,,,,,,,,,,Images/NeutralLeft.jpeg,Neutral Left,z,AE,19,Female,1,N,Y,Arabic ,English ,,2021-02-13_21h14.54.648,Tse_Altarriba_Simon1,2020.1.2,MacIntel,60,3502,,,z,1,0.49751,,,,,,,,0,41,41,42,1
,,,,,,,,,,,,Images/IncongruentLeft.jpeg,Incongruent Left,z,AE,19,Female,1,N,Y,Arabic ,English ,,2021-02-13_21h14.54.648,Tse_Altarriba_Simon1,2020.1.2,MacIntel,60,3502,,,z,1,0.492525,,,,,,,,0,42,42,26,1
,,,,,,,,,,,,Images/NeurtalRight.jpeg,Neutral Right,m,AE,19,Female,1,N,Y,Arabic ,English ,,2021-02-13_21h14.54.648,Tse_Altarriba_Simon1,2020.1.2,MacIntel,60,3502,,,m,1,0.59551,,,,,,,,0,43,43,58,1
,,,,,,,,,,,,Images/NeurtalRight.jpeg,Neutral Right,m,AE,19,Female,1,N,Y,Arabic ,English ,,2021-02-13_21h14.54.648,Tse_Altarriba_Simon1,2020.1.2,MacIntel,60,3502,,,m,1,0.45568,,,,,,,,0,44,44,52,1
,,,,,,,,,,,,Images/CongruentRight.jpeg,Congruent Right,m,AE,19,Female,1,N,Y,Arabic ,English ,,2021-02-13_21h14.54.648,Tse_Altarriba_Simon1,2020.1.2,MacIntel,60,3502,,,m,1,0.44258,,,,,,,,0,45,45,19,1
,,,,,,,,,,,,Images/IncongruentLeft.jpeg,Incongruent Left,z,AE,19,Female,1,N,Y,Arabic ,English ,,2021-02-13_21h14.54.648,Tse_Altarriba_Simon1,2020.1.2,MacIntel,60,3502,,,z,1,0.729865,,,,,,,,0,46,46,20,1
,,,,,,,,,,,,Images/NeutralLeft.jpeg,Neutral Left,z,AE,19,Female,1,N,Y,Arabic ,English ,,2021-02-13_21h14.54.648,Tse_Altarriba_Simon1,2020.1.2,MacIntel,60,3502,,,z,1,0.42889,,,,,,,,0,47,47,46,1
,,,,,,,,,,,,Images/IncongruentLeft.jpeg,Incongruent Left,z,AE,19,Female,1,N,Y,Arabic ,English ,,2021-02-13_21h14.54.648,Tse_Altarriba_Simon1,2020.1.2,MacIntel,60,3502,,,z,1,0.640015,,,,,,,,0,48,48,21,1
,,,,,,,,,,,,Images/CongruentLeft.jpeg,Congruent Left,z,AE,19,Female,1,N,Y,Arabic ,English ,,2021-02-13_21h14.54.648,Tse_Altarriba_Simon1,2020.1.2,MacIntel,60,3502,,,z,1,0.443505,,,,,,,,0,49,49,3,1
,,,,,,,,,,,,Images/IncongruentRight.jpeg,Incongruent Right,m,AE,19,Female,1,N,Y,Arabic ,English ,,2021-02-13_21h14.54.648,Tse_Altarriba_Simon1,2020.1.2,MacIntel,60,3502,,,m,1,0.79643,,,,,,,,0,50,50,30,1
,,,,,,,,,,,,Images/IncongruentLeft.jpeg,Incongruent Left,z,AE,19,Female,1,N,Y,Arabic ,English ,,2021-02-13_21h14.54.648,Tse_Altarriba_Simon1,2020.1.2,MacIntel,60,3502,,,z,1,0.493965,,,,,,,,0,51,51,28,1
,,,,,,,,,,,,Images/NeurtalRight.jpeg,Neutral Right,m,AE,19,Female,1,N,Y,Arabic ,English ,,2021-02-13_21h14.54.648,Tse_Altarriba_Simon1,2020.1.2,MacIntel,60,3502,,,m,1,0.542905,,,,,,,,0,52,52,57,1
,,,,,,,,,,,,Images/NeutralLeft.jpeg,Neutral Left,z,AE,19,Female,1,N,Y,Arabic ,English ,,2021-02-13_21h14.54.648,Tse_Altarriba_Simon1,2020.1.2,MacIntel,60,3502,,,z,1,0.51038,,,,,,,,0,53,53,45,1
,,,,,,,,,,,,Images/IncongruentRight.jpeg,Incongruent Right,m,AE,19,Female,1,N,Y,Arabic ,English ,,2021-02-13_21h14.54.648,Tse_Altarriba_Simon1,2020.1.2,MacIntel,60,3502,,,m,1,0.611215,,,,,,,,0,54,54,38,1
,,,,,,,,,,,,Images/IncongruentLeft.jpeg,Incongruent Left,z,AE,19,Female,1,N,Y,Arabic ,English ,,2021-02-13_21h14.54.648,Tse_Altarriba_Simon1,2020.1.2,MacIntel,60,3502,,,z,1,0.495455,,,,,,,,0,55,55,24,1
,,,,,,,,,,,,Images/CongruentLeft.jpeg,Congruent Left,z,AE,19,Female,1,N,Y,Arabic ,English ,,2021-02-13_21h14.54.648,Tse_Altarriba_Simon1,2020.1.2,MacIntel,60,3502,,,z,1,0.472745,,,,,,,,0,56,56,1,1
,,,,,,,,,,,,Images/CongruentLeft.jpeg,Congruent Left,z,AE,19,Female,1,N,Y,Arabic ,English ,,2021-02-13_21h14.54.648,Tse_Altarriba_Simon1,2020.1.2,MacIntel,60,3502,,,z,1,0.417315,,,,,,,,0,57,57,0,1
,,,,,,,,,,,,Images/NeurtalRight.jpeg,Neutral Right,m,AE,19,Female,1,N,Y,Arabic ,English ,,2021-02-13_21h14.54.648,Tse_Altarriba_Simon1,2020.1.2,MacIntel,60,3502,,,m,1,0.49252,,,,,,,,0,58,58,54,1
,,,,,,,,,,,,Images/CongruentLeft.jpeg,Congruent Left,z,AE,19,Female,1,N,Y,Arabic ,English ,,2021-02-13_21h14.54.648,Tse_Altarriba_Simon1,2020.1.2,MacIntel,60,3502,,,z,1,0.46886,,,,,,,,0,59,59,2,1
