Space1.keys,Space1.rt,Space2.keys,Space2.rt,response.keys,response.corr,response.rt,Practice_loop.thisRepN,Practice_loop.thisTrialN,Practice_loop.thisN,Practice_loop.thisIndex,Practice_loop.ran,ImageFile,Condition,CorrAns,Your initials,What is your age?,What is your gender?,What year are you in?,Are you Dyslexic? (Y/N),Are you bi/multilingual? (Y/N),What is your first language?,"What is your second language? (if you are monollingual, leave blank)",What other languages do you speak?,date,expName,psychopyVersion,OS,frameRate,participant,Space3.keys,Space3.rt,key_resp_2.keys,key_resp_2.corr,key_resp_2.rt,trials.thisRepN,trials.thisTrialN,trials.thisN,trials.thisIndex,trials.ran,Space4.keys,Space4.rt,trials_2.thisRepN,trials_2.thisTrialN,trials_2.thisN,trials_2.thisIndex,trials_2.ran
space,2.88,space,20.756,m,1,1.272,0,0,0,7,1,Images/IncongruentRight.jpeg,Incongruent Right,m,ZBD,19,male,first,N,N,English ,,German,2021-02-21_19h32.08.304,Tse_Altarriba_Simon1,2020.1.2,MacIntel,60,3505,,,,,,,,,,,,,,,,,
,,,,z,1,0.932,0,1,1,0,1,Images/CongruentLeft.jpeg,Congruent Left,z,ZBD,19,male,first,N,N,English ,,German,2021-02-21_19h32.08.304,Tse_Altarriba_Simon1,2020.1.2,MacIntel,60,3505,,,,,,,,,,,,,,,,,
,,,,m,1,0.409,0,2,2,10,1,Images/NeurtalRight.jpeg,Neutral Right,m,ZBD,19,male,first,N,N,English ,,German,2021-02-21_19h32.08.304,Tse_Altarriba_Simon1,2020.1.2,MacIntel,60,3505,,,,,,,,,,,,,,,,,
,,,,z,1,1.324,0,3,3,4,1,Images/IncongruentLeft.jpeg,Incongruent Left,z,ZBD,19,male,first,N,N,English ,,German,2021-02-21_19h32.08.304,Tse_Altarriba_Simon1,2020.1.2,MacIntel,60,3505,,,,,,,,,,,,,,,,,
,,,,z,0,0.953,0,4,4,6,1,Images/IncongruentRight.jpeg,Incongruent Right,m,ZBD,19,male,first,N,N,English ,,German,2021-02-21_19h32.08.304,Tse_Altarriba_Simon1,2020.1.2,MacIntel,60,3505,,,,,,,,,,,,,,,,,
,,,,z,1,1.119,0,5,5,1,1,Images/CongruentLeft.jpeg,Congruent Left,z,ZBD,19,male,first,N,N,English ,,German,2021-02-21_19h32.08.304,Tse_Altarriba_Simon1,2020.1.2,MacIntel,60,3505,,,,,,,,,,,,,,,,,
,,,,m,1,0.507,0,6,6,2,1,Images/CongruentRight.jpeg,Congruent Right,m,ZBD,19,male,first,N,N,English ,,German,2021-02-21_19h32.08.304,Tse_Altarriba_Simon1,2020.1.2,MacIntel,60,3505,,,,,,,,,,,,,,,,,
,,,,m,1,0.682,0,7,7,3,1,Images/CongruentRight.jpeg,Congruent Right,m,ZBD,19,male,first,N,N,English ,,German,2021-02-21_19h32.08.304,Tse_Altarriba_Simon1,2020.1.2,MacIntel,60,3505,,,,,,,,,,,,,,,,,
,,,,z,1,0.695,0,8,8,9,1,Images/NeutralLeft.jpeg,Neutral Left,z,ZBD,19,male,first,N,N,English ,,German,2021-02-21_19h32.08.304,Tse_Altarriba_Simon1,2020.1.2,MacIntel,60,3505,,,,,,,,,,,,,,,,,
,,,,z,1,1.006,0,9,9,5,1,Images/IncongruentLeft.jpeg,Incongruent Left,z,ZBD,19,male,first,N,N,English ,,German,2021-02-21_19h32.08.304,Tse_Altarriba_Simon1,2020.1.2,MacIntel,60,3505,,,,,,,,,,,,,,,,,
,,,,z,1,0.73,0,10,10,8,1,Images/NeutralLeft.jpeg,Neutral Left,z,ZBD,19,male,first,N,N,English ,,German,2021-02-21_19h32.08.304,Tse_Altarriba_Simon1,2020.1.2,MacIntel,60,3505,,,,,,,,,,,,,,,,,
,,,,m,1,0.411,0,11,11,11,1,Images/NeurtalRight.jpeg,Neutral Right,m,ZBD,19,male,first,N,N,English ,,German,2021-02-21_19h32.08.304,Tse_Altarriba_Simon1,2020.1.2,MacIntel,60,3505,,,,,,,,,,,,,,,,,
,,,,,,,,,,,,Images/CongruentLeft.jpeg,Congruent Left,z,ZBD,19,male,first,N,N,English ,,German,2021-02-21_19h32.08.304,Tse_Altarriba_Simon1,2020.1.2,MacIntel,60,3505,space,8.962,z,1,0.911,0,0,0,6,1,,,,,,,
,,,,,,,,,,,,Images/CongruentLeft.jpeg,Congruent Left,z,ZBD,19,male,first,N,N,English ,,German,2021-02-21_19h32.08.304,Tse_Altarriba_Simon1,2020.1.2,MacIntel,60,3505,,,z,1,0.496,0,1,1,2,1,,,,,,,
,,,,,,,,,,,,Images/CongruentRight.jpeg,Congruent Right,m,ZBD,19,male,first,N,N,English ,,German,2021-02-21_19h32.08.304,Tse_Altarriba_Simon1,2020.1.2,MacIntel,60,3505,,,m,1,0.396,0,2,2,11,1,,,,,,,
,,,,,,,,,,,,Images/NeutralLeft.jpeg,Neutral Left,z,ZBD,19,male,first,N,N,English ,,German,2021-02-21_19h32.08.304,Tse_Altarriba_Simon1,2020.1.2,MacIntel,60,3505,,,z,1,0.836,0,3,3,45,1,,,,,,,
,,,,,,,,,,,,Images/IncongruentLeft.jpeg,Incongruent Left,z,ZBD,19,male,first,N,N,English ,,German,2021-02-21_19h32.08.304,Tse_Altarriba_Simon1,2020.1.2,MacIntel,60,3505,,,z,1,0.546,0,4,4,22,1,,,,,,,
,,,,,,,,,,,,Images/NeutralLeft.jpeg,Neutral Left,z,ZBD,19,male,first,N,N,English ,,German,2021-02-21_19h32.08.304,Tse_Altarriba_Simon1,2020.1.2,MacIntel,60,3505,,,z,1,0.569,0,5,5,40,1,,,,,,,
,,,,,,,,,,,,Images/CongruentLeft.jpeg,Congruent Left,z,ZBD,19,male,first,N,N,English ,,German,2021-02-21_19h32.08.304,Tse_Altarriba_Simon1,2020.1.2,MacIntel,60,3505,,,z,1,0.444,0,6,6,4,1,,,,,,,
,,,,,,,,,,,,Images/CongruentRight.jpeg,Congruent Right,m,ZBD,19,male,first,N,N,English ,,German,2021-02-21_19h32.08.304,Tse_Altarriba_Simon1,2020.1.2,MacIntel,60,3505,,,m,1,0.487,0,7,7,15,1,,,,,,,
,,,,,,,,,,,,Images/IncongruentLeft.jpeg,Incongruent Left,z,ZBD,19,male,first,N,N,English ,,German,2021-02-21_19h32.08.304,Tse_Altarriba_Simon1,2020.1.2,MacIntel,60,3505,,,z,1,0.668,0,8,8,20,1,,,,,,,
,,,,,,,,,,,,Images/IncongruentRight.jpeg,Incongruent Right,m,ZBD,19,male,first,N,N,English ,,German,2021-02-21_19h32.08.304,Tse_Altarriba_Simon1,2020.1.2,MacIntel,60,3505,,,m,1,0.805,0,9,9,39,1,,,,,,,
,,,,,,,,,,,,Images/NeurtalRight.jpeg,Neutral Right,m,ZBD,19,male,first,N,N,English ,,German,2021-02-21_19h32.08.304,Tse_Altarriba_Simon1,2020.1.2,MacIntel,60,3505,,,m,1,0.481,0,10,10,52,1,,,,,,,
,,,,,,,,,,,,Images/CongruentLeft.jpeg,Congruent Left,z,ZBD,19,male,first,N,N,English ,,German,2021-02-21_19h32.08.304,Tse_Altarriba_Simon1,2020.1.2,MacIntel,60,3505,,,z,1,0.898,0,11,11,1,1,,,,,,,
,,,,,,,,,,,,Images/IncongruentLeft.jpeg,Incongruent Left,z,ZBD,19,male,first,N,N,English ,,German,2021-02-21_19h32.08.304,Tse_Altarriba_Simon1,2020.1.2,MacIntel,60,3505,,,z,1,0.527,0,12,12,26,1,,,,,,,
,,,,,,,,,,,,Images/IncongruentRight.jpeg,Incongruent Right,m,ZBD,19,male,first,N,N,English ,,German,2021-02-21_19h32.08.304,Tse_Altarriba_Simon1,2020.1.2,MacIntel,60,3505,,,m,1,0.949,0,13,13,37,1,,,,,,,
,,,,,,,,,,,,Images/CongruentLeft.jpeg,Congruent Left,z,ZBD,19,male,first,N,N,English ,,German,2021-02-21_19h32.08.304,Tse_Altarriba_Simon1,2020.1.2,MacIntel,60,3505,,,z,1,1.231,0,14,14,0,1,,,,,,,
,,,,,,,,,,,,Images/NeurtalRight.jpeg,Neutral Right,m,ZBD,19,male,first,N,N,English ,,German,2021-02-21_19h32.08.304,Tse_Altarriba_Simon1,2020.1.2,MacIntel,60,3505,,,m,1,0.478,0,15,15,58,1,,,,,,,
,,,,,,,,,,,,Images/CongruentRight.jpeg,Congruent Right,m,ZBD,19,male,first,N,N,English ,,German,2021-02-21_19h32.08.304,Tse_Altarriba_Simon1,2020.1.2,MacIntel,60,3505,,,m,1,0.437,0,16,16,16,1,,,,,,,
,,,,,,,,,,,,Images/NeutralLeft.jpeg,Neutral Left,z,ZBD,19,male,first,N,N,English ,,German,2021-02-21_19h32.08.304,Tse_Altarriba_Simon1,2020.1.2,MacIntel,60,3505,,,z,1,0.673,0,17,17,42,1,,,,,,,
,,,,,,,,,,,,Images/IncongruentRight.jpeg,Incongruent Right,m,ZBD,19,male,first,N,N,English ,,German,2021-02-21_19h32.08.304,Tse_Altarriba_Simon1,2020.1.2,MacIntel,60,3505,,,m,1,0.826,0,18,18,31,1,,,,,,,
,,,,,,,,,,,,Images/CongruentRight.jpeg,Congruent Right,m,ZBD,19,male,first,N,N,English ,,German,2021-02-21_19h32.08.304,Tse_Altarriba_Simon1,2020.1.2,MacIntel,60,3505,,,m,1,0.377,0,19,19,10,1,,,,,,,
,,,,,,,,,,,,Images/CongruentRight.jpeg,Congruent Right,m,ZBD,19,male,first,N,N,English ,,German,2021-02-21_19h32.08.304,Tse_Altarriba_Simon1,2020.1.2,MacIntel,60,3505,,,m,1,0.359,0,20,20,12,1,,,,,,,
,,,,,,,,,,,,Images/CongruentRight.jpeg,Congruent Right,m,ZBD,19,male,first,N,N,English ,,German,2021-02-21_19h32.08.304,Tse_Altarriba_Simon1,2020.1.2,MacIntel,60,3505,,,m,1,0.278,0,21,21,13,1,,,,,,,
,,,,,,,,,,,,Images/CongruentRight.jpeg,Congruent Right,m,ZBD,19,male,first,N,N,English ,,German,2021-02-21_19h32.08.304,Tse_Altarriba_Simon1,2020.1.2,MacIntel,60,3505,,,m,1,0.278,0,22,22,14,1,,,,,,,
,,,,,,,,,,,,Images/CongruentLeft.jpeg,Congruent Left,z,ZBD,19,male,first,N,N,English ,,German,2021-02-21_19h32.08.304,Tse_Altarriba_Simon1,2020.1.2,MacIntel,60,3505,,,z,1,0.445,0,23,23,3,1,,,,,,,
,,,,,,,,,,,,Images/IncongruentRight.jpeg,Incongruent Right,m,ZBD,19,male,first,N,N,English ,,German,2021-02-21_19h32.08.304,Tse_Altarriba_Simon1,2020.1.2,MacIntel,60,3505,,,m,1,0.471,0,24,24,33,1,,,,,,,
,,,,,,,,,,,,Images/NeutralLeft.jpeg,Neutral Left,z,ZBD,19,male,first,N,N,English ,,German,2021-02-21_19h32.08.304,Tse_Altarriba_Simon1,2020.1.2,MacIntel,60,3505,,,z,1,0.529,0,25,25,46,1,,,,,,,
,,,,,,,,,,,,Images/IncongruentRight.jpeg,Incongruent Right,m,ZBD,19,male,first,N,N,English ,,German,2021-02-21_19h32.08.304,Tse_Altarriba_Simon1,2020.1.2,MacIntel,60,3505,,,m,1,0.369,0,26,26,35,1,,,,,,,
,,,,,,,,,,,,Images/CongruentRight.jpeg,Congruent Right,m,ZBD,19,male,first,N,N,English ,,German,2021-02-21_19h32.08.304,Tse_Altarriba_Simon1,2020.1.2,MacIntel,60,3505,,,m,1,0.356,0,27,27,18,1,,,,,,,
,,,,,,,,,,,,Images/NeurtalRight.jpeg,Neutral Right,m,ZBD,19,male,first,N,N,English ,,German,2021-02-21_19h32.08.304,Tse_Altarriba_Simon1,2020.1.2,MacIntel,60,3505,,,m,1,0.351,0,28,28,55,1,,,,,,,
,,,,,,,,,,,,Images/CongruentRight.jpeg,Congruent Right,m,ZBD,19,male,first,N,N,English ,,German,2021-02-21_19h32.08.304,Tse_Altarriba_Simon1,2020.1.2,MacIntel,60,3505,,,m,1,0.329,0,29,29,17,1,,,,,,,
,,,,,,,,,,,,Images/IncongruentRight.jpeg,Incongruent Right,m,ZBD,19,male,first,N,N,English ,,German,2021-02-21_19h32.08.304,Tse_Altarriba_Simon1,2020.1.2,MacIntel,60,3505,,,m,1,0.429,0,30,30,30,1,,,,,,,
,,,,,,,,,,,,Images/IncongruentLeft.jpeg,Incongruent Left,z,ZBD,19,male,first,N,N,English ,,German,2021-02-21_19h32.08.304,Tse_Altarriba_Simon1,2020.1.2,MacIntel,60,3505,,,z,1,0.479,0,31,31,25,1,,,,,,,
,,,,,,,,,,,,Images/CongruentRight.jpeg,Congruent Right,m,ZBD,19,male,first,N,N,English ,,German,2021-02-21_19h32.08.304,Tse_Altarriba_Simon1,2020.1.2,MacIntel,60,3505,,,m,1,0.353,0,32,32,19,1,,,,,,,
,,,,,,,,,,,,Images/NeutralLeft.jpeg,Neutral Left,z,ZBD,19,male,first,N,N,English ,,German,2021-02-21_19h32.08.304,Tse_Altarriba_Simon1,2020.1.2,MacIntel,60,3505,,,m,0,0.369,0,33,33,41,1,,,,,,,
,,,,,,,,,,,,Images/CongruentLeft.jpeg,Congruent Left,z,ZBD,19,male,first,N,N,English ,,German,2021-02-21_19h32.08.304,Tse_Altarriba_Simon1,2020.1.2,MacIntel,60,3505,,,z,1,0.564,0,34,34,9,1,,,,,,,
,,,,,,,,,,,,Images/IncongruentRight.jpeg,Incongruent Right,m,ZBD,19,male,first,N,N,English ,,German,2021-02-21_19h32.08.304,Tse_Altarriba_Simon1,2020.1.2,MacIntel,60,3505,,,m,1,0.465,0,35,35,36,1,,,,,,,
,,,,,,,,,,,,Images/IncongruentLeft.jpeg,Incongruent Left,z,ZBD,19,male,first,N,N,English ,,German,2021-02-21_19h32.08.304,Tse_Altarriba_Simon1,2020.1.2,MacIntel,60,3505,,,z,1,0.946,0,36,36,28,1,,,,,,,
,,,,,,,,,,,,Images/NeurtalRight.jpeg,Neutral Right,m,ZBD,19,male,first,N,N,English ,,German,2021-02-21_19h32.08.304,Tse_Altarriba_Simon1,2020.1.2,MacIntel,60,3505,,,m,1,0.48,0,37,37,51,1,,,,,,,
,,,,,,,,,,,,Images/NeurtalRight.jpeg,Neutral Right,m,ZBD,19,male,first,N,N,English ,,German,2021-02-21_19h32.08.304,Tse_Altarriba_Simon1,2020.1.2,MacIntel,60,3505,,,m,1,0.587,0,38,38,50,1,,,,,,,
,,,,,,,,,,,,Images/IncongruentRight.jpeg,Incongruent Right,m,ZBD,19,male,first,N,N,English ,,German,2021-02-21_19h32.08.304,Tse_Altarriba_Simon1,2020.1.2,MacIntel,60,3505,,,m,1,0.411,0,39,39,32,1,,,,,,,
,,,,,,,,,,,,Images/CongruentLeft.jpeg,Congruent Left,z,ZBD,19,male,first,N,N,English ,,German,2021-02-21_19h32.08.304,Tse_Altarriba_Simon1,2020.1.2,MacIntel,60,3505,,,z,1,0.481,0,40,40,5,1,,,,,,,
,,,,,,,,,,,,Images/NeutralLeft.jpeg,Neutral Left,z,ZBD,19,male,first,N,N,English ,,German,2021-02-21_19h32.08.304,Tse_Altarriba_Simon1,2020.1.2,MacIntel,60,3505,,,z,1,0.483,0,41,41,48,1,,,,,,,
,,,,,,,,,,,,Images/IncongruentLeft.jpeg,Incongruent Left,z,ZBD,19,male,first,N,N,English ,,German,2021-02-21_19h32.08.304,Tse_Altarriba_Simon1,2020.1.2,MacIntel,60,3505,,,z,1,0.487,0,42,42,29,1,,,,,,,
,,,,,,,,,,,,Images/CongruentLeft.jpeg,Congruent Left,z,ZBD,19,male,first,N,N,English ,,German,2021-02-21_19h32.08.304,Tse_Altarriba_Simon1,2020.1.2,MacIntel,60,3505,,,z,1,0.52,0,43,43,8,1,,,,,,,
,,,,,,,,,,,,Images/NeurtalRight.jpeg,Neutral Right,m,ZBD,19,male,first,N,N,English ,,German,2021-02-21_19h32.08.304,Tse_Altarriba_Simon1,2020.1.2,MacIntel,60,3505,,,m,1,0.907,0,44,44,53,1,,,,,,,
,,,,,,,,,,,,Images/IncongruentLeft.jpeg,Incongruent Left,z,ZBD,19,male,first,N,N,English ,,German,2021-02-21_19h32.08.304,Tse_Altarriba_Simon1,2020.1.2,MacIntel,60,3505,,,z,1,3.108,0,45,45,21,1,,,,,,,
,,,,,,,,,,,,Images/NeurtalRight.jpeg,Neutral Right,m,ZBD,19,male,first,N,N,English ,,German,2021-02-21_19h32.08.304,Tse_Altarriba_Simon1,2020.1.2,MacIntel,60,3505,,,m,1,2.798,0,46,46,54,1,,,,,,,
,,,,,,,,,,,,Images/NeutralLeft.jpeg,Neutral Left,z,ZBD,19,male,first,N,N,English ,,German,2021-02-21_19h32.08.304,Tse_Altarriba_Simon1,2020.1.2,MacIntel,60,3505,,,z,1,0.581,0,47,47,47,1,,,,,,,
,,,,,,,,,,,,Images/NeutralLeft.jpeg,Neutral Left,z,ZBD,19,male,first,N,N,English ,,German,2021-02-21_19h32.08.304,Tse_Altarriba_Simon1,2020.1.2,MacIntel,60,3505,,,z,1,0.599,0,48,48,44,1,,,,,,,
,,,,,,,,,,,,Images/NeutralLeft.jpeg,Neutral Left,z,ZBD,19,male,first,N,N,English ,,German,2021-02-21_19h32.08.304,Tse_Altarriba_Simon1,2020.1.2,MacIntel,60,3505,,,z,1,0.444,0,49,49,49,1,,,,,,,
,,,,,,,,,,,,Images/IncongruentRight.jpeg,Incongruent Right,m,ZBD,19,male,first,N,N,English ,,German,2021-02-21_19h32.08.304,Tse_Altarriba_Simon1,2020.1.2,MacIntel,60,3505,,,m,1,0.631,0,50,50,38,1,,,,,,,
,,,,,,,,,,,,Images/IncongruentLeft.jpeg,Incongruent Left,z,ZBD,19,male,first,N,N,English ,,German,2021-02-21_19h32.08.304,Tse_Altarriba_Simon1,2020.1.2,MacIntel,60,3505,,,z,1,0.629,0,51,51,27,1,,,,,,,
,,,,,,,,,,,,Images/NeurtalRight.jpeg,Neutral Right,m,ZBD,19,male,first,N,N,English ,,German,2021-02-21_19h32.08.304,Tse_Altarriba_Simon1,2020.1.2,MacIntel,60,3505,,,m,1,0.38,0,52,52,59,1,,,,,,,
,,,,,,,,,,,,Images/IncongruentLeft.jpeg,Incongruent Left,z,ZBD,19,male,first,N,N,English ,,German,2021-02-21_19h32.08.304,Tse_Altarriba_Simon1,2020.1.2,MacIntel,60,3505,,,z,1,0.721,0,53,53,23,1,,,,,,,
,,,,,,,,,,,,Images/IncongruentLeft.jpeg,Incongruent Left,z,ZBD,19,male,first,N,N,English ,,German,2021-02-21_19h32.08.304,Tse_Altarriba_Simon1,2020.1.2,MacIntel,60,3505,,,z,1,0.438,0,54,54,24,1,,,,,,,
,,,,,,,,,,,,Images/NeurtalRight.jpeg,Neutral Right,m,ZBD,19,male,first,N,N,English ,,German,2021-02-21_19h32.08.304,Tse_Altarriba_Simon1,2020.1.2,MacIntel,60,3505,,,m,1,0.411,0,55,55,56,1,,,,,,,
,,,,,,,,,,,,Images/NeurtalRight.jpeg,Neutral Right,m,ZBD,19,male,first,N,N,English ,,German,2021-02-21_19h32.08.304,Tse_Altarriba_Simon1,2020.1.2,MacIntel,60,3505,,,m,1,0.444,0,56,56,57,1,,,,,,,
,,,,,,,,,,,,Images/CongruentLeft.jpeg,Congruent Left,z,ZBD,19,male,first,N,N,English ,,German,2021-02-21_19h32.08.304,Tse_Altarriba_Simon1,2020.1.2,MacIntel,60,3505,,,z,1,0.579,0,57,57,7,1,,,,,,,
,,,,,,,,,,,,Images/NeutralLeft.jpeg,Neutral Left,z,ZBD,19,male,first,N,N,English ,,German,2021-02-21_19h32.08.304,Tse_Altarriba_Simon1,2020.1.2,MacIntel,60,3505,,,z,1,0.421,0,58,58,43,1,,,,,,,
,,,,,,,,,,,,Images/IncongruentRight.jpeg,Incongruent Right,m,ZBD,19,male,first,N,N,English ,,German,2021-02-21_19h32.08.304,Tse_Altarriba_Simon1,2020.1.2,MacIntel,60,3505,,,m,1,0.406,0,59,59,34,1,,,,,,,
,,,,,,,,,,,,Images/CongruentLeft.jpeg,Congruent Left,z,ZBD,19,male,first,N,N,English ,,German,2021-02-21_19h32.08.304,Tse_Altarriba_Simon1,2020.1.2,MacIntel,60,3505,,,z,1,0.819,,,,,,space,1.918,0,0,0,2,1
,,,,,,,,,,,,Images/NeutralLeft.jpeg,Neutral Left,z,ZBD,19,male,first,N,N,English ,,German,2021-02-21_19h32.08.304,Tse_Altarriba_Simon1,2020.1.2,MacIntel,60,3505,,,z,1,0.504,,,,,,,,0,1,1,42,1
,,,,,,,,,,,,Images/IncongruentLeft.jpeg,Incongruent Left,z,ZBD,19,male,first,N,N,English ,,German,2021-02-21_19h32.08.304,Tse_Altarriba_Simon1,2020.1.2,MacIntel,60,3505,,,z,1,0.673,,,,,,,,0,2,2,22,1
,,,,,,,,,,,,Images/CongruentRight.jpeg,Congruent Right,m,ZBD,19,male,first,N,N,English ,,German,2021-02-21_19h32.08.304,Tse_Altarriba_Simon1,2020.1.2,MacIntel,60,3505,,,m,1,0.504,,,,,,,,0,3,3,18,1
,,,,,,,,,,,,Images/CongruentLeft.jpeg,Congruent Left,z,ZBD,19,male,first,N,N,English ,,German,2021-02-21_19h32.08.304,Tse_Altarriba_Simon1,2020.1.2,MacIntel,60,3505,,,z,1,0.505,,,,,,,,0,4,4,9,1
,,,,,,,,,,,,Images/IncongruentLeft.jpeg,Incongruent Left,z,ZBD,19,male,first,N,N,English ,,German,2021-02-21_19h32.08.304,Tse_Altarriba_Simon1,2020.1.2,MacIntel,60,3505,,,z,1,0.59,,,,,,,,0,5,5,27,1
,,,,,,,,,,,,Images/NeurtalRight.jpeg,Neutral Right,m,ZBD,19,male,first,N,N,English ,,German,2021-02-21_19h32.08.304,Tse_Altarriba_Simon1,2020.1.2,MacIntel,60,3505,,,m,1,0.382,,,,,,,,0,6,6,50,1
,,,,,,,,,,,,Images/IncongruentRight.jpeg,Incongruent Right,m,ZBD,19,male,first,N,N,English ,,German,2021-02-21_19h32.08.304,Tse_Altarriba_Simon1,2020.1.2,MacIntel,60,3505,,,m,1,0.471,,,,,,,,0,7,7,38,1
,,,,,,,,,,,,Images/CongruentLeft.jpeg,Congruent Left,z,ZBD,19,male,first,N,N,English ,,German,2021-02-21_19h32.08.304,Tse_Altarriba_Simon1,2020.1.2,MacIntel,60,3505,,,z,1,0.638,,,,,,,,0,8,8,8,1
,,,,,,,,,,,,Images/NeurtalRight.jpeg,Neutral Right,m,ZBD,19,male,first,N,N,English ,,German,2021-02-21_19h32.08.304,Tse_Altarriba_Simon1,2020.1.2,MacIntel,60,3505,,,m,1,0.398,,,,,,,,0,9,9,51,1
,,,,,,,,,,,,Images/CongruentLeft.jpeg,Congruent Left,z,ZBD,19,male,first,N,N,English ,,German,2021-02-21_19h32.08.304,Tse_Altarriba_Simon1,2020.1.2,MacIntel,60,3505,,,z,1,0.497,,,,,,,,0,10,10,3,1
,,,,,,,,,,,,Images/IncongruentLeft.jpeg,Incongruent Left,z,ZBD,19,male,first,N,N,English ,,German,2021-02-21_19h32.08.304,Tse_Altarriba_Simon1,2020.1.2,MacIntel,60,3505,,,z,1,0.543,,,,,,,,0,11,11,28,1
,,,,,,,,,,,,Images/IncongruentLeft.jpeg,Incongruent Left,z,ZBD,19,male,first,N,N,English ,,German,2021-02-21_19h32.08.304,Tse_Altarriba_Simon1,2020.1.2,MacIntel,60,3505,,,z,1,0.511,,,,,,,,0,12,12,25,1
,,,,,,,,,,,,Images/IncongruentRight.jpeg,Incongruent Right,m,ZBD,19,male,first,N,N,English ,,German,2021-02-21_19h32.08.304,Tse_Altarriba_Simon1,2020.1.2,MacIntel,60,3505,,,m,1,0.541,,,,,,,,0,13,13,39,1
,,,,,,,,,,,,Images/CongruentLeft.jpeg,Congruent Left,z,ZBD,19,male,first,N,N,English ,,German,2021-02-21_19h32.08.304,Tse_Altarriba_Simon1,2020.1.2,MacIntel,60,3505,,,z,1,0.63,,,,,,,,0,14,14,5,1
,,,,,,,,,,,,Images/IncongruentRight.jpeg,Incongruent Right,m,ZBD,19,male,first,N,N,English ,,German,2021-02-21_19h32.08.304,Tse_Altarriba_Simon1,2020.1.2,MacIntel,60,3505,,,m,1,0.606,,,,,,,,0,15,15,33,1
,,,,,,,,,,,,Images/CongruentLeft.jpeg,Congruent Left,z,ZBD,19,male,first,N,N,English ,,German,2021-02-21_19h32.08.304,Tse_Altarriba_Simon1,2020.1.2,MacIntel,60,3505,,,z,1,0.615,,,,,,,,0,16,16,6,1
,,,,,,,,,,,,Images/IncongruentRight.jpeg,Incongruent Right,m,ZBD,19,male,first,N,N,English ,,German,2021-02-21_19h32.08.304,Tse_Altarriba_Simon1,2020.1.2,MacIntel,60,3505,,,m,1,0.396,,,,,,,,0,17,17,35,1
,,,,,,,,,,,,Images/CongruentLeft.jpeg,Congruent Left,z,ZBD,19,male,first,N,N,English ,,German,2021-02-21_19h32.08.304,Tse_Altarriba_Simon1,2020.1.2,MacIntel,60,3505,,,z,1,0.565,,,,,,,,0,18,18,4,1
,,,,,,,,,,,,Images/IncongruentRight.jpeg,Incongruent Right,m,ZBD,19,male,first,N,N,English ,,German,2021-02-21_19h32.08.304,Tse_Altarriba_Simon1,2020.1.2,MacIntel,60,3505,,,m,1,0.649,,,,,,,,0,19,19,34,1
,,,,,,,,,,,,Images/NeutralLeft.jpeg,Neutral Left,z,ZBD,19,male,first,N,N,English ,,German,2021-02-21_19h32.08.304,Tse_Altarriba_Simon1,2020.1.2,MacIntel,60,3505,,,z,1,0.54,,,,,,,,0,20,20,40,1
,,,,,,,,,,,,Images/NeutralLeft.jpeg,Neutral Left,z,ZBD,19,male,first,N,N,English ,,German,2021-02-21_19h32.08.304,Tse_Altarriba_Simon1,2020.1.2,MacIntel,60,3505,,,z,1,0.533,,,,,,,,0,21,21,41,1
,,,,,,,,,,,,Images/IncongruentLeft.jpeg,Incongruent Left,z,ZBD,19,male,first,N,N,English ,,German,2021-02-21_19h32.08.304,Tse_Altarriba_Simon1,2020.1.2,MacIntel,60,3505,,,z,1,0.488,,,,,,,,0,22,22,20,1
,,,,,,,,,,,,Images/IncongruentRight.jpeg,Incongruent Right,m,ZBD,19,male,first,N,N,English ,,German,2021-02-21_19h32.08.304,Tse_Altarriba_Simon1,2020.1.2,MacIntel,60,3505,,,m,1,0.434,,,,,,,,0,23,23,32,1
,,,,,,,,,,,,Images/IncongruentRight.jpeg,Incongruent Right,m,ZBD,19,male,first,N,N,English ,,German,2021-02-21_19h32.08.304,Tse_Altarriba_Simon1,2020.1.2,MacIntel,60,3505,,,m,1,0.428,,,,,,,,0,24,24,36,1
,,,,,,,,,,,,Images/CongruentRight.jpeg,Congruent Right,m,ZBD,19,male,first,N,N,English ,,German,2021-02-21_19h32.08.304,Tse_Altarriba_Simon1,2020.1.2,MacIntel,60,3505,,,m,1,0.374,,,,,,,,0,25,25,12,1
,,,,,,,,,,,,Images/IncongruentLeft.jpeg,Incongruent Left,z,ZBD,19,male,first,N,N,English ,,German,2021-02-21_19h32.08.304,Tse_Altarriba_Simon1,2020.1.2,MacIntel,60,3505,,,z,1,0.496,,,,,,,,0,26,26,21,1
,,,,,,,,,,,,Images/CongruentRight.jpeg,Congruent Right,m,ZBD,19,male,first,N,N,English ,,German,2021-02-21_19h32.08.304,Tse_Altarriba_Simon1,2020.1.2,MacIntel,60,3505,,,m,1,0.337,,,,,,,,0,27,27,11,1
,,,,,,,,,,,,Images/NeurtalRight.jpeg,Neutral Right,m,ZBD,19,male,first,N,N,English ,,German,2021-02-21_19h32.08.304,Tse_Altarriba_Simon1,2020.1.2,MacIntel,60,3505,,,m,1,0.571,,,,,,,,0,28,28,55,1
,,,,,,,,,,,,Images/CongruentRight.jpeg,Congruent Right,m,ZBD,19,male,first,N,N,English ,,German,2021-02-21_19h32.08.304,Tse_Altarriba_Simon1,2020.1.2,MacIntel,60,3505,,,m,1,0.353,,,,,,,,0,29,29,16,1
,,,,,,,,,,,,Images/IncongruentLeft.jpeg,Incongruent Left,z,ZBD,19,male,first,N,N,English ,,German,2021-02-21_19h32.08.304,Tse_Altarriba_Simon1,2020.1.2,MacIntel,60,3505,,,z,1,0.498,,,,,,,,0,30,30,23,1
,,,,,,,,,,,,Images/CongruentLeft.jpeg,Congruent Left,z,ZBD,19,male,first,N,N,English ,,German,2021-02-21_19h32.08.304,Tse_Altarriba_Simon1,2020.1.2,MacIntel,60,3505,,,z,1,0.483,,,,,,,,0,31,31,0,1
,,,,,,,,,,,,Images/CongruentRight.jpeg,Congruent Right,m,ZBD,19,male,first,N,N,English ,,German,2021-02-21_19h32.08.304,Tse_Altarriba_Simon1,2020.1.2,MacIntel,60,3505,,,m,1,0.471,,,,,,,,0,32,32,15,1
,,,,,,,,,,,,Images/NeutralLeft.jpeg,Neutral Left,z,ZBD,19,male,first,N,N,English ,,German,2021-02-21_19h32.08.304,Tse_Altarriba_Simon1,2020.1.2,MacIntel,60,3505,,,z,1,0.695,,,,,,,,0,33,33,48,1
,,,,,,,,,,,,Images/NeurtalRight.jpeg,Neutral Right,m,ZBD,19,male,first,N,N,English ,,German,2021-02-21_19h32.08.304,Tse_Altarriba_Simon1,2020.1.2,MacIntel,60,3505,,,m,1,0.397,,,,,,,,0,34,34,58,1
,,,,,,,,,,,,Images/IncongruentRight.jpeg,Incongruent Right,m,ZBD,19,male,first,N,N,English ,,German,2021-02-21_19h32.08.304,Tse_Altarriba_Simon1,2020.1.2,MacIntel,60,3505,,,m,1,0.375,,,,,,,,0,35,35,37,1
,,,,,,,,,,,,Images/NeutralLeft.jpeg,Neutral Left,z,ZBD,19,male,first,N,N,English ,,German,2021-02-21_19h32.08.304,Tse_Altarriba_Simon1,2020.1.2,MacIntel,60,3505,,,m,0,0.399,,,,,,,,0,36,36,43,1
,,,,,,,,,,,,Images/NeurtalRight.jpeg,Neutral Right,m,ZBD,19,male,first,N,N,English ,,German,2021-02-21_19h32.08.304,Tse_Altarriba_Simon1,2020.1.2,MacIntel,60,3505,,,m,1,0.372,,,,,,,,0,37,37,53,1
,,,,,,,,,,,,Images/CongruentRight.jpeg,Congruent Right,m,ZBD,19,male,first,N,N,English ,,German,2021-02-21_19h32.08.304,Tse_Altarriba_Simon1,2020.1.2,MacIntel,60,3505,,,m,1,0.369,,,,,,,,0,38,38,17,1
,,,,,,,,,,,,Images/NeutralLeft.jpeg,Neutral Left,z,ZBD,19,male,first,N,N,English ,,German,2021-02-21_19h32.08.304,Tse_Altarriba_Simon1,2020.1.2,MacIntel,60,3505,,,z,1,0.521,,,,,,,,0,39,39,47,1
,,,,,,,,,,,,Images/CongruentRight.jpeg,Congruent Right,m,ZBD,19,male,first,N,N,English ,,German,2021-02-21_19h32.08.304,Tse_Altarriba_Simon1,2020.1.2,MacIntel,60,3505,,,m,1,0.648,,,,,,,,0,40,40,19,1
,,,,,,,,,,,,Images/CongruentLeft.jpeg,Congruent Left,z,ZBD,19,male,first,N,N,English ,,German,2021-02-21_19h32.08.304,Tse_Altarriba_Simon1,2020.1.2,MacIntel,60,3505,,,z,1,0.613,,,,,,,,0,41,41,1,1
,,,,,,,,,,,,Images/NeurtalRight.jpeg,Neutral Right,m,ZBD,19,male,first,N,N,English ,,German,2021-02-21_19h32.08.304,Tse_Altarriba_Simon1,2020.1.2,MacIntel,60,3505,,,m,1,0.93,,,,,,,,0,42,42,56,1
,,,,,,,,,,,,Images/IncongruentLeft.jpeg,Incongruent Left,z,ZBD,19,male,first,N,N,English ,,German,2021-02-21_19h32.08.304,Tse_Altarriba_Simon1,2020.1.2,MacIntel,60,3505,,,z,1,0.617,,,,,,,,0,43,43,29,1
,,,,,,,,,,,,Images/NeutralLeft.jpeg,Neutral Left,z,ZBD,19,male,first,N,N,English ,,German,2021-02-21_19h32.08.304,Tse_Altarriba_Simon1,2020.1.2,MacIntel,60,3505,,,z,1,0.556,,,,,,,,0,44,44,45,1
,,,,,,,,,,,,Images/NeurtalRight.jpeg,Neutral Right,m,ZBD,19,male,first,N,N,English ,,German,2021-02-21_19h32.08.304,Tse_Altarriba_Simon1,2020.1.2,MacIntel,60,3505,,,m,1,0.489,,,,,,,,0,45,45,57,1
,,,,,,,,,,,,Images/NeurtalRight.jpeg,Neutral Right,m,ZBD,19,male,first,N,N,English ,,German,2021-02-21_19h32.08.304,Tse_Altarriba_Simon1,2020.1.2,MacIntel,60,3505,,,m,1,0.405,,,,,,,,0,46,46,54,1
,,,,,,,,,,,,Images/NeutralLeft.jpeg,Neutral Left,z,ZBD,19,male,first,N,N,English ,,German,2021-02-21_19h32.08.304,Tse_Altarriba_Simon1,2020.1.2,MacIntel,60,3505,,,z,1,0.499,,,,,,,,0,47,47,49,1
,,,,,,,,,,,,Images/CongruentLeft.jpeg,Congruent Left,z,ZBD,19,male,first,N,N,English ,,German,2021-02-21_19h32.08.304,Tse_Altarriba_Simon1,2020.1.2,MacIntel,60,3505,,,z,1,0.531,,,,,,,,0,48,48,7,1
,,,,,,,,,,,,Images/NeurtalRight.jpeg,Neutral Right,m,ZBD,19,male,first,N,N,English ,,German,2021-02-21_19h32.08.304,Tse_Altarriba_Simon1,2020.1.2,MacIntel,60,3505,,,m,1,0.63,,,,,,,,0,49,49,59,1
,,,,,,,,,,,,Images/IncongruentLeft.jpeg,Incongruent Left,z,ZBD,19,male,first,N,N,English ,,German,2021-02-21_19h32.08.304,Tse_Altarriba_Simon1,2020.1.2,MacIntel,60,3505,,,z,1,0.449,,,,,,,,0,50,50,26,1
,,,,,,,,,,,,Images/NeutralLeft.jpeg,Neutral Left,z,ZBD,19,male,first,N,N,English ,,German,2021-02-21_19h32.08.304,Tse_Altarriba_Simon1,2020.1.2,MacIntel,60,3505,,,z,1,0.432,,,,,,,,0,51,51,44,1
,,,,,,,,,,,,Images/CongruentRight.jpeg,Congruent Right,m,ZBD,19,male,first,N,N,English ,,German,2021-02-21_19h32.08.304,Tse_Altarriba_Simon1,2020.1.2,MacIntel,60,3505,,,m,1,0.429,,,,,,,,0,52,52,13,1
,,,,,,,,,,,,Images/CongruentRight.jpeg,Congruent Right,m,ZBD,19,male,first,N,N,English ,,German,2021-02-21_19h32.08.304,Tse_Altarriba_Simon1,2020.1.2,MacIntel,60,3505,,,m,1,0.636,,,,,,,,0,53,53,14,1
,,,,,,,,,,,,Images/IncongruentRight.jpeg,Incongruent Right,m,ZBD,19,male,first,N,N,English ,,German,2021-02-21_19h32.08.304,Tse_Altarriba_Simon1,2020.1.2,MacIntel,60,3505,,,m,1,0.449,,,,,,,,0,54,54,31,1
,,,,,,,,,,,,Images/NeurtalRight.jpeg,Neutral Right,m,ZBD,19,male,first,N,N,English ,,German,2021-02-21_19h32.08.304,Tse_Altarriba_Simon1,2020.1.2,MacIntel,60,3505,,,m,1,0.373,,,,,,,,0,55,55,52,1
,,,,,,,,,,,,Images/CongruentRight.jpeg,Congruent Right,m,ZBD,19,male,first,N,N,English ,,German,2021-02-21_19h32.08.304,Tse_Altarriba_Simon1,2020.1.2,MacIntel,60,3505,,,m,1,0.349,,,,,,,,0,56,56,10,1
,,,,,,,,,,,,Images/IncongruentLeft.jpeg,Incongruent Left,z,ZBD,19,male,first,N,N,English ,,German,2021-02-21_19h32.08.304,Tse_Altarriba_Simon1,2020.1.2,MacIntel,60,3505,,,z,1,0.478,,,,,,,,0,57,57,24,1
,,,,,,,,,,,,Images/NeutralLeft.jpeg,Neutral Left,z,ZBD,19,male,first,N,N,English ,,German,2021-02-21_19h32.08.304,Tse_Altarriba_Simon1,2020.1.2,MacIntel,60,3505,,,z,1,0.412,,,,,,,,0,58,58,46,1
,,,,,,,,,,,,Images/IncongruentRight.jpeg,Incongruent Right,m,ZBD,19,male,first,N,N,English ,,German,2021-02-21_19h32.08.304,Tse_Altarriba_Simon1,2020.1.2,MacIntel,60,3505,,,m,1,0.438,,,,,,,,0,59,59,30,1
