Space1.keys,Space1.rt,Space2.keys,Space2.rt,response.keys,response.corr,response.rt,Practice_loop.thisRepN,Practice_loop.thisTrialN,Practice_loop.thisN,Practice_loop.thisIndex,Practice_loop.ran,ImageFile,Condition,CorrAns,Your initials,What is your age?,What is your gender?,What year are you in?,Are you Dyslexic? (Y/N),Are you bi/multilingual? (Y/N),What is your first language?,"What is your second language? (if you are monollingual, leave blank)",What other languages do you speak?,date,expName,psychopyVersion,OS,frameRate,participant,Space3.keys,Space3.rt,key_resp_2.keys,key_resp_2.corr,key_resp_2.rt,trials.thisRepN,trials.thisTrialN,trials.thisN,trials.thisIndex,trials.ran,Space4.keys,Space4.rt,trials_2.thisRepN,trials_2.thisTrialN,trials_2.thisN,trials_2.thisIndex,trials_2.ran
space,2.65886,space,18.50603,z,1,0.7202,0,0,0,5,1,Images/IncongruentLeft.jpeg,Incongruent Left,z,MB,21,Male,1st,N,N,English,,,2021-02-15_15h15.57.569,Tse_Altarriba_Simon1,2020.1.2,Win32,60,3508,,,,,,,,,,,,,,,,,
,,,,z,1,0.70235,0,1,1,8,1,Images/NeutralLeft.jpeg,Neutral Left,z,MB,21,Male,1st,N,N,English,,,2021-02-15_15h15.57.569,Tse_Altarriba_Simon1,2020.1.2,Win32,60,3508,,,,,,,,,,,,,,,,,
,,,,m,1,0.51194,0,2,2,2,1,Images/CongruentRight.jpeg,Congruent Right,m,MB,21,Male,1st,N,N,English,,,2021-02-15_15h15.57.569,Tse_Altarriba_Simon1,2020.1.2,Win32,60,3508,,,,,,,,,,,,,,,,,
,,,,m,1,0.52174,0,3,3,11,1,Images/NeurtalRight.jpeg,Neutral Right,m,MB,21,Male,1st,N,N,English,,,2021-02-15_15h15.57.569,Tse_Altarriba_Simon1,2020.1.2,Win32,60,3508,,,,,,,,,,,,,,,,,
,,,,z,1,0.40715,0,4,4,1,1,Images/CongruentLeft.jpeg,Congruent Left,z,MB,21,Male,1st,N,N,English,,,2021-02-15_15h15.57.569,Tse_Altarriba_Simon1,2020.1.2,Win32,60,3508,,,,,,,,,,,,,,,,,
,,,,z,1,0.43229,0,5,5,0,1,Images/CongruentLeft.jpeg,Congruent Left,z,MB,21,Male,1st,N,N,English,,,2021-02-15_15h15.57.569,Tse_Altarriba_Simon1,2020.1.2,Win32,60,3508,,,,,,,,,,,,,,,,,
,,,,z,1,0.695215,0,6,6,4,1,Images/IncongruentLeft.jpeg,Incongruent Left,z,MB,21,Male,1st,N,N,English,,,2021-02-15_15h15.57.569,Tse_Altarriba_Simon1,2020.1.2,Win32,60,3508,,,,,,,,,,,,,,,,,
,,,,m,1,0.49379,0,7,7,3,1,Images/CongruentRight.jpeg,Congruent Right,m,MB,21,Male,1st,N,N,English,,,2021-02-15_15h15.57.569,Tse_Altarriba_Simon1,2020.1.2,Win32,60,3508,,,,,,,,,,,,,,,,,
,,,,m,1,0.52869,0,8,8,10,1,Images/NeurtalRight.jpeg,Neutral Right,m,MB,21,Male,1st,N,N,English,,,2021-02-15_15h15.57.569,Tse_Altarriba_Simon1,2020.1.2,Win32,60,3508,,,,,,,,,,,,,,,,,
,,,,z,1,0.410075,0,9,9,9,1,Images/NeutralLeft.jpeg,Neutral Left,z,MB,21,Male,1st,N,N,English,,,2021-02-15_15h15.57.569,Tse_Altarriba_Simon1,2020.1.2,Win32,60,3508,,,,,,,,,,,,,,,,,
,,,,m,1,0.50148,0,10,10,7,1,Images/IncongruentRight.jpeg,Incongruent Right,m,MB,21,Male,1st,N,N,English,,,2021-02-15_15h15.57.569,Tse_Altarriba_Simon1,2020.1.2,Win32,60,3508,,,,,,,,,,,,,,,,,
,,,,m,1,0.61702,0,11,11,6,1,Images/IncongruentRight.jpeg,Incongruent Right,m,MB,21,Male,1st,N,N,English,,,2021-02-15_15h15.57.569,Tse_Altarriba_Simon1,2020.1.2,Win32,60,3508,,,,,,,,,,,,,,,,,
,,,,,,,,,,,,Images/NeurtalRight.jpeg,Neutral Right,m,MB,21,Male,1st,N,N,English,,,2021-02-15_15h15.57.569,Tse_Altarriba_Simon1,2020.1.2,Win32,60,3508,space,9.26717,m,1,0.48365,0,0,0,55,1,,,,,,,
,,,,,,,,,,,,Images/NeutralLeft.jpeg,Neutral Left,z,MB,21,Male,1st,N,N,English,,,2021-02-15_15h15.57.569,Tse_Altarriba_Simon1,2020.1.2,Win32,60,3508,,,z,1,0.394775,0,1,1,44,1,,,,,,,
,,,,,,,,,,,,Images/CongruentRight.jpeg,Congruent Right,m,MB,21,Male,1st,N,N,English,,,2021-02-15_15h15.57.569,Tse_Altarriba_Simon1,2020.1.2,Win32,60,3508,,,m,1,0.453575,0,2,2,19,1,,,,,,,
,,,,,,,,,,,,Images/CongruentRight.jpeg,Congruent Right,m,MB,21,Male,1st,N,N,English,,,2021-02-15_15h15.57.569,Tse_Altarriba_Simon1,2020.1.2,Win32,60,3508,,,m,1,0.448005,0,3,3,15,1,,,,,,,
,,,,,,,,,,,,Images/IncongruentRight.jpeg,Incongruent Right,m,MB,21,Male,1st,N,N,English,,,2021-02-15_15h15.57.569,Tse_Altarriba_Simon1,2020.1.2,Win32,60,3508,,,m,1,0.637035,0,4,4,38,1,,,,,,,
,,,,,,,,,,,,Images/CongruentRight.jpeg,Congruent Right,m,MB,21,Male,1st,N,N,English,,,2021-02-15_15h15.57.569,Tse_Altarriba_Simon1,2020.1.2,Win32,60,3508,,,m,1,0.44987,0,5,5,11,1,,,,,,,
,,,,,,,,,,,,Images/NeurtalRight.jpeg,Neutral Right,m,MB,21,Male,1st,N,N,English,,,2021-02-15_15h15.57.569,Tse_Altarriba_Simon1,2020.1.2,Win32,60,3508,,,m,1,0.467805,0,6,6,51,1,,,,,,,
,,,,,,,,,,,,Images/CongruentLeft.jpeg,Congruent Left,z,MB,21,Male,1st,N,N,English,,,2021-02-15_15h15.57.569,Tse_Altarriba_Simon1,2020.1.2,Win32,60,3508,,,z,1,0.40289,0,7,7,7,1,,,,,,,
,,,,,,,,,,,,Images/IncongruentRight.jpeg,Incongruent Right,m,MB,21,Male,1st,N,N,English,,,2021-02-15_15h15.57.569,Tse_Altarriba_Simon1,2020.1.2,Win32,60,3508,,,m,1,0.558985,0,8,8,34,1,,,,,,,
,,,,,,,,,,,,Images/NeurtalRight.jpeg,Neutral Right,m,MB,21,Male,1st,N,N,English,,,2021-02-15_15h15.57.569,Tse_Altarriba_Simon1,2020.1.2,Win32,60,3508,,,m,1,0.490255,0,9,9,52,1,,,,,,,
,,,,,,,,,,,,Images/NeurtalRight.jpeg,Neutral Right,m,MB,21,Male,1st,N,N,English,,,2021-02-15_15h15.57.569,Tse_Altarriba_Simon1,2020.1.2,Win32,60,3508,,,m,1,0.46288,0,10,10,58,1,,,,,,,
,,,,,,,,,,,,Images/CongruentLeft.jpeg,Congruent Left,z,MB,21,Male,1st,N,N,English,,,2021-02-15_15h15.57.569,Tse_Altarriba_Simon1,2020.1.2,Win32,60,3508,,,z,1,0.419275,0,11,11,4,1,,,,,,,
,,,,,,,,,,,,Images/CongruentLeft.jpeg,Congruent Left,z,MB,21,Male,1st,N,N,English,,,2021-02-15_15h15.57.569,Tse_Altarriba_Simon1,2020.1.2,Win32,60,3508,,,z,1,0.42528,0,12,12,1,1,,,,,,,
,,,,,,,,,,,,Images/CongruentLeft.jpeg,Congruent Left,z,MB,21,Male,1st,N,N,English,,,2021-02-15_15h15.57.569,Tse_Altarriba_Simon1,2020.1.2,Win32,60,3508,,,z,1,0.367345,0,13,13,3,1,,,,,,,
,,,,,,,,,,,,Images/CongruentLeft.jpeg,Congruent Left,z,MB,21,Male,1st,N,N,English,,,2021-02-15_15h15.57.569,Tse_Altarriba_Simon1,2020.1.2,Win32,60,3508,,,z,1,0.437315,0,14,14,5,1,,,,,,,
,,,,,,,,,,,,Images/CongruentRight.jpeg,Congruent Right,m,MB,21,Male,1st,N,N,English,,,2021-02-15_15h15.57.569,Tse_Altarriba_Simon1,2020.1.2,Win32,60,3508,,,m,1,0.46307,0,15,15,17,1,,,,,,,
,,,,,,,,,,,,Images/CongruentLeft.jpeg,Congruent Left,z,MB,21,Male,1st,N,N,English,,,2021-02-15_15h15.57.569,Tse_Altarriba_Simon1,2020.1.2,Win32,60,3508,,,z,1,0.41039,0,16,16,8,1,,,,,,,
,,,,,,,,,,,,Images/NeutralLeft.jpeg,Neutral Left,z,MB,21,Male,1st,N,N,English,,,2021-02-15_15h15.57.569,Tse_Altarriba_Simon1,2020.1.2,Win32,60,3508,,,z,1,0.493695,0,17,17,40,1,,,,,,,
,,,,,,,,,,,,Images/IncongruentLeft.jpeg,Incongruent Left,z,MB,21,Male,1st,N,N,English,,,2021-02-15_15h15.57.569,Tse_Altarriba_Simon1,2020.1.2,Win32,60,3508,,,z,1,0.418375,0,18,18,25,1,,,,,,,
,,,,,,,,,,,,Images/CongruentLeft.jpeg,Congruent Left,z,MB,21,Male,1st,N,N,English,,,2021-02-15_15h15.57.569,Tse_Altarriba_Simon1,2020.1.2,Win32,60,3508,,,z,1,0.39685,0,19,19,9,1,,,,,,,
,,,,,,,,,,,,Images/IncongruentRight.jpeg,Incongruent Right,m,MB,21,Male,1st,N,N,English,,,2021-02-15_15h15.57.569,Tse_Altarriba_Simon1,2020.1.2,Win32,60,3508,,,m,1,0.587605,0,20,20,32,1,,,,,,,
,,,,,,,,,,,,Images/CongruentRight.jpeg,Congruent Right,m,MB,21,Male,1st,N,N,English,,,2021-02-15_15h15.57.569,Tse_Altarriba_Simon1,2020.1.2,Win32,60,3508,,,m,1,0.416305,0,21,21,12,1,,,,,,,
,,,,,,,,,,,,Images/NeutralLeft.jpeg,Neutral Left,z,MB,21,Male,1st,N,N,English,,,2021-02-15_15h15.57.569,Tse_Altarriba_Simon1,2020.1.2,Win32,60,3508,,,z,1,0.570965,0,22,22,49,1,,,,,,,
,,,,,,,,,,,,Images/NeutralLeft.jpeg,Neutral Left,z,MB,21,Male,1st,N,N,English,,,2021-02-15_15h15.57.569,Tse_Altarriba_Simon1,2020.1.2,Win32,60,3508,,,z,1,0.508785,0,23,23,46,1,,,,,,,
,,,,,,,,,,,,Images/NeurtalRight.jpeg,Neutral Right,m,MB,21,Male,1st,N,N,English,,,2021-02-15_15h15.57.569,Tse_Altarriba_Simon1,2020.1.2,Win32,60,3508,,,m,1,0.48689,0,24,24,59,1,,,,,,,
,,,,,,,,,,,,Images/CongruentLeft.jpeg,Congruent Left,z,MB,21,Male,1st,N,N,English,,,2021-02-15_15h15.57.569,Tse_Altarriba_Simon1,2020.1.2,Win32,60,3508,,,z,1,1.10227,0,25,25,6,1,,,,,,,
,,,,,,,,,,,,Images/IncongruentRight.jpeg,Incongruent Right,m,MB,21,Male,1st,N,N,English,,,2021-02-15_15h15.57.569,Tse_Altarriba_Simon1,2020.1.2,Win32,60,3508,,,m,1,0.606695,0,26,26,36,1,,,,,,,
,,,,,,,,,,,,Images/IncongruentLeft.jpeg,Incongruent Left,z,MB,21,Male,1st,N,N,English,,,2021-02-15_15h15.57.569,Tse_Altarriba_Simon1,2020.1.2,Win32,60,3508,,,z,1,0.565075,0,27,27,27,1,,,,,,,
,,,,,,,,,,,,Images/IncongruentLeft.jpeg,Incongruent Left,z,MB,21,Male,1st,N,N,English,,,2021-02-15_15h15.57.569,Tse_Altarriba_Simon1,2020.1.2,Win32,60,3508,,,z,1,0.548485,0,28,28,23,1,,,,,,,
,,,,,,,,,,,,Images/IncongruentRight.jpeg,Incongruent Right,m,MB,21,Male,1st,N,N,English,,,2021-02-15_15h15.57.569,Tse_Altarriba_Simon1,2020.1.2,Win32,60,3508,,,m,1,0.575455,0,29,29,31,1,,,,,,,
,,,,,,,,,,,,Images/CongruentLeft.jpeg,Congruent Left,z,MB,21,Male,1st,N,N,English,,,2021-02-15_15h15.57.569,Tse_Altarriba_Simon1,2020.1.2,Win32,60,3508,,,z,1,0.71156,0,30,30,0,1,,,,,,,
,,,,,,,,,,,,Images/IncongruentRight.jpeg,Incongruent Right,m,MB,21,Male,1st,N,N,English,,,2021-02-15_15h15.57.569,Tse_Altarriba_Simon1,2020.1.2,Win32,60,3508,,,m,1,0.580025,0,31,31,35,1,,,,,,,
,,,,,,,,,,,,Images/CongruentLeft.jpeg,Congruent Left,z,MB,21,Male,1st,N,N,English,,,2021-02-15_15h15.57.569,Tse_Altarriba_Simon1,2020.1.2,Win32,60,3508,,,z,1,0.51895,0,32,32,2,1,,,,,,,
,,,,,,,,,,,,Images/IncongruentRight.jpeg,Incongruent Right,m,MB,21,Male,1st,N,N,English,,,2021-02-15_15h15.57.569,Tse_Altarriba_Simon1,2020.1.2,Win32,60,3508,,,m,1,0.53646,0,33,33,30,1,,,,,,,
,,,,,,,,,,,,Images/NeurtalRight.jpeg,Neutral Right,m,MB,21,Male,1st,N,N,English,,,2021-02-15_15h15.57.569,Tse_Altarriba_Simon1,2020.1.2,Win32,60,3508,,,m,1,0.41021,0,34,34,57,1,,,,,,,
,,,,,,,,,,,,Images/IncongruentLeft.jpeg,Incongruent Left,z,MB,21,Male,1st,N,N,English,,,2021-02-15_15h15.57.569,Tse_Altarriba_Simon1,2020.1.2,Win32,60,3508,,,z,1,0.56224,0,35,35,26,1,,,,,,,
,,,,,,,,,,,,Images/CongruentRight.jpeg,Congruent Right,m,MB,21,Male,1st,N,N,English,,,2021-02-15_15h15.57.569,Tse_Altarriba_Simon1,2020.1.2,Win32,60,3508,,,m,1,0.576625,0,36,36,10,1,,,,,,,
,,,,,,,,,,,,Images/IncongruentRight.jpeg,Incongruent Right,m,MB,21,Male,1st,N,N,English,,,2021-02-15_15h15.57.569,Tse_Altarriba_Simon1,2020.1.2,Win32,60,3508,,,m,1,0.55323,0,37,37,37,1,,,,,,,
,,,,,,,,,,,,Images/IncongruentLeft.jpeg,Incongruent Left,z,MB,21,Male,1st,N,N,English,,,2021-02-15_15h15.57.569,Tse_Altarriba_Simon1,2020.1.2,Win32,60,3508,,,z,1,0.59178,0,38,38,28,1,,,,,,,
,,,,,,,,,,,,Images/NeutralLeft.jpeg,Neutral Left,z,MB,21,Male,1st,N,N,English,,,2021-02-15_15h15.57.569,Tse_Altarriba_Simon1,2020.1.2,Win32,60,3508,,,z,1,0.494845,0,39,39,43,1,,,,,,,
,,,,,,,,,,,,Images/NeutralLeft.jpeg,Neutral Left,z,MB,21,Male,1st,N,N,English,,,2021-02-15_15h15.57.569,Tse_Altarriba_Simon1,2020.1.2,Win32,60,3508,,,z,1,0.463505,0,40,40,48,1,,,,,,,
,,,,,,,,,,,,Images/NeutralLeft.jpeg,Neutral Left,z,MB,21,Male,1st,N,N,English,,,2021-02-15_15h15.57.569,Tse_Altarriba_Simon1,2020.1.2,Win32,60,3508,,,z,1,0.399685,0,41,41,45,1,,,,,,,
,,,,,,,,,,,,Images/IncongruentLeft.jpeg,Incongruent Left,z,MB,21,Male,1st,N,N,English,,,2021-02-15_15h15.57.569,Tse_Altarriba_Simon1,2020.1.2,Win32,60,3508,,,z,1,0.470375,0,42,42,20,1,,,,,,,
,,,,,,,,,,,,Images/NeurtalRight.jpeg,Neutral Right,m,MB,21,Male,1st,N,N,English,,,2021-02-15_15h15.57.569,Tse_Altarriba_Simon1,2020.1.2,Win32,60,3508,,,m,1,0.617265,0,43,43,50,1,,,,,,,
,,,,,,,,,,,,Images/NeutralLeft.jpeg,Neutral Left,z,MB,21,Male,1st,N,N,English,,,2021-02-15_15h15.57.569,Tse_Altarriba_Simon1,2020.1.2,Win32,60,3508,,,z,1,0.70152,0,44,44,47,1,,,,,,,
,,,,,,,,,,,,Images/CongruentRight.jpeg,Congruent Right,m,MB,21,Male,1st,N,N,English,,,2021-02-15_15h15.57.569,Tse_Altarriba_Simon1,2020.1.2,Win32,60,3508,,,m,1,0.461075,0,45,45,18,1,,,,,,,
,,,,,,,,,,,,Images/NeutralLeft.jpeg,Neutral Left,z,MB,21,Male,1st,N,N,English,,,2021-02-15_15h15.57.569,Tse_Altarriba_Simon1,2020.1.2,Win32,60,3508,,,z,1,0.477275,0,46,46,42,1,,,,,,,
,,,,,,,,,,,,Images/IncongruentRight.jpeg,Incongruent Right,m,MB,21,Male,1st,N,N,English,,,2021-02-15_15h15.57.569,Tse_Altarriba_Simon1,2020.1.2,Win32,60,3508,,,m,1,0.440465,0,47,47,39,1,,,,,,,
,,,,,,,,,,,,Images/NeurtalRight.jpeg,Neutral Right,m,MB,21,Male,1st,N,N,English,,,2021-02-15_15h15.57.569,Tse_Altarriba_Simon1,2020.1.2,Win32,60,3508,,,m,1,0.44851,0,48,48,54,1,,,,,,,
,,,,,,,,,,,,Images/NeurtalRight.jpeg,Neutral Right,m,MB,21,Male,1st,N,N,English,,,2021-02-15_15h15.57.569,Tse_Altarriba_Simon1,2020.1.2,Win32,60,3508,,,m,1,0.391495,0,49,49,56,1,,,,,,,
,,,,,,,,,,,,Images/NeurtalRight.jpeg,Neutral Right,m,MB,21,Male,1st,N,N,English,,,2021-02-15_15h15.57.569,Tse_Altarriba_Simon1,2020.1.2,Win32,60,3508,,,m,1,0.412095,0,50,50,53,1,,,,,,,
,,,,,,,,,,,,Images/CongruentRight.jpeg,Congruent Right,m,MB,21,Male,1st,N,N,English,,,2021-02-15_15h15.57.569,Tse_Altarriba_Simon1,2020.1.2,Win32,60,3508,,,m,1,0.45146,0,51,51,16,1,,,,,,,
,,,,,,,,,,,,Images/CongruentRight.jpeg,Congruent Right,m,MB,21,Male,1st,N,N,English,,,2021-02-15_15h15.57.569,Tse_Altarriba_Simon1,2020.1.2,Win32,60,3508,,,m,1,0.40289,0,52,52,14,1,,,,,,,
,,,,,,,,,,,,Images/IncongruentRight.jpeg,Incongruent Right,m,MB,21,Male,1st,N,N,English,,,2021-02-15_15h15.57.569,Tse_Altarriba_Simon1,2020.1.2,Win32,60,3508,,,m,1,0.55297,0,53,53,33,1,,,,,,,
,,,,,,,,,,,,Images/IncongruentLeft.jpeg,Incongruent Left,z,MB,21,Male,1st,N,N,English,,,2021-02-15_15h15.57.569,Tse_Altarriba_Simon1,2020.1.2,Win32,60,3508,,,z,1,0.541565,0,54,54,22,1,,,,,,,
,,,,,,,,,,,,Images/NeutralLeft.jpeg,Neutral Left,z,MB,21,Male,1st,N,N,English,,,2021-02-15_15h15.57.569,Tse_Altarriba_Simon1,2020.1.2,Win32,60,3508,,,z,1,0.57452,0,55,55,41,1,,,,,,,
,,,,,,,,,,,,Images/IncongruentLeft.jpeg,Incongruent Left,z,MB,21,Male,1st,N,N,English,,,2021-02-15_15h15.57.569,Tse_Altarriba_Simon1,2020.1.2,Win32,60,3508,,,z,1,0.509525,0,56,56,24,1,,,,,,,
,,,,,,,,,,,,Images/CongruentRight.jpeg,Congruent Right,m,MB,21,Male,1st,N,N,English,,,2021-02-15_15h15.57.569,Tse_Altarriba_Simon1,2020.1.2,Win32,60,3508,,,m,1,0.4573,0,57,57,13,1,,,,,,,
,,,,,,,,,,,,Images/IncongruentLeft.jpeg,Incongruent Left,z,MB,21,Male,1st,N,N,English,,,2021-02-15_15h15.57.569,Tse_Altarriba_Simon1,2020.1.2,Win32,60,3508,,,z,1,0.67197,0,58,58,29,1,,,,,,,
,,,,,,,,,,,,Images/IncongruentLeft.jpeg,Incongruent Left,z,MB,21,Male,1st,N,N,English,,,2021-02-15_15h15.57.569,Tse_Altarriba_Simon1,2020.1.2,Win32,60,3508,,,z,1,0.445745,0,59,59,21,1,,,,,,,
,,,,,,,,,,,,Images/CongruentLeft.jpeg,Congruent Left,z,MB,21,Male,1st,N,N,English,,,2021-02-15_15h15.57.569,Tse_Altarriba_Simon1,2020.1.2,Win32,60,3508,,,z,1,0.619045,,,,,,space,3.235265,0,0,0,3,1
,,,,,,,,,,,,Images/CongruentLeft.jpeg,Congruent Left,z,MB,21,Male,1st,N,N,English,,,2021-02-15_15h15.57.569,Tse_Altarriba_Simon1,2020.1.2,Win32,60,3508,,,z,1,0.410835,,,,,,,,0,1,1,7,1
,,,,,,,,,,,,Images/CongruentLeft.jpeg,Congruent Left,z,MB,21,Male,1st,N,N,English,,,2021-02-15_15h15.57.569,Tse_Altarriba_Simon1,2020.1.2,Win32,60,3508,,,z,1,0.400505,,,,,,,,0,2,2,0,1
,,,,,,,,,,,,Images/NeurtalRight.jpeg,Neutral Right,m,MB,21,Male,1st,N,N,English,,,2021-02-15_15h15.57.569,Tse_Altarriba_Simon1,2020.1.2,Win32,60,3508,,,m,1,0.522005,,,,,,,,0,3,3,50,1
,,,,,,,,,,,,Images/NeutralLeft.jpeg,Neutral Left,z,MB,21,Male,1st,N,N,English,,,2021-02-15_15h15.57.569,Tse_Altarriba_Simon1,2020.1.2,Win32,60,3508,,,z,1,0.585485,,,,,,,,0,4,4,40,1
,,,,,,,,,,,,Images/IncongruentRight.jpeg,Incongruent Right,m,MB,21,Male,1st,N,N,English,,,2021-02-15_15h15.57.569,Tse_Altarriba_Simon1,2020.1.2,Win32,60,3508,,,m,1,0.54656,,,,,,,,0,5,5,35,1
,,,,,,,,,,,,Images/CongruentLeft.jpeg,Congruent Left,z,MB,21,Male,1st,N,N,English,,,2021-02-15_15h15.57.569,Tse_Altarriba_Simon1,2020.1.2,Win32,60,3508,,,z,1,0.462435,,,,,,,,0,6,6,4,1
,,,,,,,,,,,,Images/CongruentLeft.jpeg,Congruent Left,z,MB,21,Male,1st,N,N,English,,,2021-02-15_15h15.57.569,Tse_Altarriba_Simon1,2020.1.2,Win32,60,3508,,,z,1,0.3956,,,,,,,,0,7,7,9,1
,,,,,,,,,,,,Images/NeutralLeft.jpeg,Neutral Left,z,MB,21,Male,1st,N,N,English,,,2021-02-15_15h15.57.569,Tse_Altarriba_Simon1,2020.1.2,Win32,60,3508,,,z,1,0.443855,,,,,,,,0,8,8,48,1
,,,,,,,,,,,,Images/IncongruentLeft.jpeg,Incongruent Left,z,MB,21,Male,1st,N,N,English,,,2021-02-15_15h15.57.569,Tse_Altarriba_Simon1,2020.1.2,Win32,60,3508,,,z,1,0.527505,,,,,,,,0,9,9,27,1
,,,,,,,,,,,,Images/CongruentLeft.jpeg,Congruent Left,z,MB,21,Male,1st,N,N,English,,,2021-02-15_15h15.57.569,Tse_Altarriba_Simon1,2020.1.2,Win32,60,3508,,,z,1,0.376535,,,,,,,,0,10,10,8,1
,,,,,,,,,,,,Images/IncongruentLeft.jpeg,Incongruent Left,z,MB,21,Male,1st,N,N,English,,,2021-02-15_15h15.57.569,Tse_Altarriba_Simon1,2020.1.2,Win32,60,3508,,,z,1,0.402035,,,,,,,,0,11,11,22,1
,,,,,,,,,,,,Images/CongruentRight.jpeg,Congruent Right,m,MB,21,Male,1st,N,N,English,,,2021-02-15_15h15.57.569,Tse_Altarriba_Simon1,2020.1.2,Win32,60,3508,,,m,1,0.414485,,,,,,,,0,12,12,11,1
,,,,,,,,,,,,Images/NeurtalRight.jpeg,Neutral Right,m,MB,21,Male,1st,N,N,English,,,2021-02-15_15h15.57.569,Tse_Altarriba_Simon1,2020.1.2,Win32,60,3508,,,m,1,0.39436,,,,,,,,0,13,13,54,1
,,,,,,,,,,,,Images/NeutralLeft.jpeg,Neutral Left,z,MB,21,Male,1st,N,N,English,,,2021-02-15_15h15.57.569,Tse_Altarriba_Simon1,2020.1.2,Win32,60,3508,,,z,1,0.478915,,,,,,,,0,14,14,45,1
,,,,,,,,,,,,Images/NeutralLeft.jpeg,Neutral Left,z,MB,21,Male,1st,N,N,English,,,2021-02-15_15h15.57.569,Tse_Altarriba_Simon1,2020.1.2,Win32,60,3508,,,z,1,0.43696,,,,,,,,0,15,15,43,1
,,,,,,,,,,,,Images/IncongruentLeft.jpeg,Incongruent Left,z,MB,21,Male,1st,N,N,English,,,2021-02-15_15h15.57.569,Tse_Altarriba_Simon1,2020.1.2,Win32,60,3508,,,z,1,0.48277,,,,,,,,0,16,16,24,1
,,,,,,,,,,,,Images/CongruentRight.jpeg,Congruent Right,m,MB,21,Male,1st,N,N,English,,,2021-02-15_15h15.57.569,Tse_Altarriba_Simon1,2020.1.2,Win32,60,3508,,,m,1,0.479165,,,,,,,,0,17,17,15,1
,,,,,,,,,,,,Images/NeutralLeft.jpeg,Neutral Left,z,MB,21,Male,1st,N,N,English,,,2021-02-15_15h15.57.569,Tse_Altarriba_Simon1,2020.1.2,Win32,60,3508,,,z,1,0.411365,,,,,,,,0,18,18,47,1
,,,,,,,,,,,,Images/NeutralLeft.jpeg,Neutral Left,z,MB,21,Male,1st,N,N,English,,,2021-02-15_15h15.57.569,Tse_Altarriba_Simon1,2020.1.2,Win32,60,3508,,,z,1,0.485215,,,,,,,,0,19,19,41,1
,,,,,,,,,,,,Images/IncongruentRight.jpeg,Incongruent Right,m,MB,21,Male,1st,N,N,English,,,2021-02-15_15h15.57.569,Tse_Altarriba_Simon1,2020.1.2,Win32,60,3508,,,m,1,0.541765,,,,,,,,0,20,20,34,1
,,,,,,,,,,,,Images/IncongruentLeft.jpeg,Incongruent Left,z,MB,21,Male,1st,N,N,English,,,2021-02-15_15h15.57.569,Tse_Altarriba_Simon1,2020.1.2,Win32,60,3508,,,z,1,0.548015,,,,,,,,0,21,21,25,1
,,,,,,,,,,,,Images/NeurtalRight.jpeg,Neutral Right,m,MB,21,Male,1st,N,N,English,,,2021-02-15_15h15.57.569,Tse_Altarriba_Simon1,2020.1.2,Win32,60,3508,,,m,1,0.48994,,,,,,,,0,22,22,51,1
,,,,,,,,,,,,Images/NeurtalRight.jpeg,Neutral Right,m,MB,21,Male,1st,N,N,English,,,2021-02-15_15h15.57.569,Tse_Altarriba_Simon1,2020.1.2,Win32,60,3508,,,m,1,0.46947,,,,,,,,0,23,23,59,1
,,,,,,,,,,,,Images/NeutralLeft.jpeg,Neutral Left,z,MB,21,Male,1st,N,N,English,,,2021-02-15_15h15.57.569,Tse_Altarriba_Simon1,2020.1.2,Win32,60,3508,,,m,0,0.463885,,,,,,,,0,24,24,44,1
,,,,,,,,,,,,Images/CongruentRight.jpeg,Congruent Right,m,MB,21,Male,1st,N,N,English,,,2021-02-15_15h15.57.569,Tse_Altarriba_Simon1,2020.1.2,Win32,60,3508,,,m,1,0.824475,,,,,,,,0,25,25,17,1
,,,,,,,,,,,,Images/CongruentLeft.jpeg,Congruent Left,z,MB,21,Male,1st,N,N,English,,,2021-02-15_15h15.57.569,Tse_Altarriba_Simon1,2020.1.2,Win32,60,3508,,,z,1,0.511045,,,,,,,,0,26,26,2,1
,,,,,,,,,,,,Images/IncongruentRight.jpeg,Incongruent Right,m,MB,21,Male,1st,N,N,English,,,2021-02-15_15h15.57.569,Tse_Altarriba_Simon1,2020.1.2,Win32,60,3508,,,m,1,0.51211,,,,,,,,0,27,27,33,1
,,,,,,,,,,,,Images/IncongruentRight.jpeg,Incongruent Right,m,MB,21,Male,1st,N,N,English,,,2021-02-15_15h15.57.569,Tse_Altarriba_Simon1,2020.1.2,Win32,60,3508,,,m,1,0.68203,,,,,,,,0,28,28,36,1
,,,,,,,,,,,,Images/CongruentRight.jpeg,Congruent Right,m,MB,21,Male,1st,N,N,English,,,2021-02-15_15h15.57.569,Tse_Altarriba_Simon1,2020.1.2,Win32,60,3508,,,m,1,0.52038,,,,,,,,0,29,29,10,1
,,,,,,,,,,,,Images/IncongruentLeft.jpeg,Incongruent Left,z,MB,21,Male,1st,N,N,English,,,2021-02-15_15h15.57.569,Tse_Altarriba_Simon1,2020.1.2,Win32,60,3508,,,z,1,0.52089,,,,,,,,0,30,30,20,1
,,,,,,,,,,,,Images/CongruentLeft.jpeg,Congruent Left,z,MB,21,Male,1st,N,N,English,,,2021-02-15_15h15.57.569,Tse_Altarriba_Simon1,2020.1.2,Win32,60,3508,,,z,1,0.695035,,,,,,,,0,31,31,5,1
,,,,,,,,,,,,Images/IncongruentLeft.jpeg,Incongruent Left,z,MB,21,Male,1st,N,N,English,,,2021-02-15_15h15.57.569,Tse_Altarriba_Simon1,2020.1.2,Win32,60,3508,,,z,1,0.51596,,,,,,,,0,32,32,21,1
,,,,,,,,,,,,Images/NeutralLeft.jpeg,Neutral Left,z,MB,21,Male,1st,N,N,English,,,2021-02-15_15h15.57.569,Tse_Altarriba_Simon1,2020.1.2,Win32,60,3508,,,z,1,0.46191,,,,,,,,0,33,33,42,1
,,,,,,,,,,,,Images/IncongruentRight.jpeg,Incongruent Right,m,MB,21,Male,1st,N,N,English,,,2021-02-15_15h15.57.569,Tse_Altarriba_Simon1,2020.1.2,Win32,60,3508,,,m,1,0.592245,,,,,,,,0,34,34,32,1
,,,,,,,,,,,,Images/CongruentRight.jpeg,Congruent Right,m,MB,21,Male,1st,N,N,English,,,2021-02-15_15h15.57.569,Tse_Altarriba_Simon1,2020.1.2,Win32,60,3508,,,m,1,0.684515,,,,,,,,0,35,35,19,1
,,,,,,,,,,,,Images/IncongruentLeft.jpeg,Incongruent Left,z,MB,21,Male,1st,N,N,English,,,2021-02-15_15h15.57.569,Tse_Altarriba_Simon1,2020.1.2,Win32,60,3508,,,z,1,0.663075,,,,,,,,0,36,36,28,1
,,,,,,,,,,,,Images/NeurtalRight.jpeg,Neutral Right,m,MB,21,Male,1st,N,N,English,,,2021-02-15_15h15.57.569,Tse_Altarriba_Simon1,2020.1.2,Win32,60,3508,,,m,1,0.66893,,,,,,,,0,37,37,58,1
,,,,,,,,,,,,Images/IncongruentLeft.jpeg,Incongruent Left,z,MB,21,Male,1st,N,N,English,,,2021-02-15_15h15.57.569,Tse_Altarriba_Simon1,2020.1.2,Win32,60,3508,,,z,1,0.51555,,,,,,,,0,38,38,26,1
,,,,,,,,,,,,Images/NeutralLeft.jpeg,Neutral Left,z,MB,21,Male,1st,N,N,English,,,2021-02-15_15h15.57.569,Tse_Altarriba_Simon1,2020.1.2,Win32,60,3508,,,z,1,0.51649,,,,,,,,0,39,39,49,1
,,,,,,,,,,,,Images/CongruentRight.jpeg,Congruent Right,m,MB,21,Male,1st,N,N,English,,,2021-02-15_15h15.57.569,Tse_Altarriba_Simon1,2020.1.2,Win32,60,3508,,,m,1,0.579855,,,,,,,,0,40,40,14,1
,,,,,,,,,,,,Images/NeutralLeft.jpeg,Neutral Left,z,MB,21,Male,1st,N,N,English,,,2021-02-15_15h15.57.569,Tse_Altarriba_Simon1,2020.1.2,Win32,60,3508,,,z,1,0.479265,,,,,,,,0,41,41,46,1
,,,,,,,,,,,,Images/CongruentLeft.jpeg,Congruent Left,z,MB,21,Male,1st,N,N,English,,,2021-02-15_15h15.57.569,Tse_Altarriba_Simon1,2020.1.2,Win32,60,3508,,,z,1,0.51407,,,,,,,,0,42,42,6,1
,,,,,,,,,,,,Images/IncongruentRight.jpeg,Incongruent Right,m,MB,21,Male,1st,N,N,English,,,2021-02-15_15h15.57.569,Tse_Altarriba_Simon1,2020.1.2,Win32,60,3508,,,m,1,0.706545,,,,,,,,0,43,43,38,1
,,,,,,,,,,,,Images/IncongruentRight.jpeg,Incongruent Right,m,MB,21,Male,1st,N,N,English,,,2021-02-15_15h15.57.569,Tse_Altarriba_Simon1,2020.1.2,Win32,60,3508,,,m,1,0.52041,,,,,,,,0,44,44,39,1
,,,,,,,,,,,,Images/NeurtalRight.jpeg,Neutral Right,m,MB,21,Male,1st,N,N,English,,,2021-02-15_15h15.57.569,Tse_Altarriba_Simon1,2020.1.2,Win32,60,3508,,,m,1,0.439555,,,,,,,,0,45,45,57,1
,,,,,,,,,,,,Images/CongruentRight.jpeg,Congruent Right,m,MB,21,Male,1st,N,N,English,,,2021-02-15_15h15.57.569,Tse_Altarriba_Simon1,2020.1.2,Win32,60,3508,,,m,1,0.4427,,,,,,,,0,46,46,16,1
,,,,,,,,,,,,Images/IncongruentRight.jpeg,Incongruent Right,m,MB,21,Male,1st,N,N,English,,,2021-02-15_15h15.57.569,Tse_Altarriba_Simon1,2020.1.2,Win32,60,3508,,,m,1,0.48898,,,,,,,,0,47,47,37,1
,,,,,,,,,,,,Images/NeurtalRight.jpeg,Neutral Right,m,MB,21,Male,1st,N,N,English,,,2021-02-15_15h15.57.569,Tse_Altarriba_Simon1,2020.1.2,Win32,60,3508,,,m,1,0.43482,,,,,,,,0,48,48,53,1
,,,,,,,,,,,,Images/IncongruentRight.jpeg,Incongruent Right,m,MB,21,Male,1st,N,N,English,,,2021-02-15_15h15.57.569,Tse_Altarriba_Simon1,2020.1.2,Win32,60,3508,,,m,1,0.49966,,,,,,,,0,49,49,30,1
,,,,,,,,,,,,Images/IncongruentLeft.jpeg,Incongruent Left,z,MB,21,Male,1st,N,N,English,,,2021-02-15_15h15.57.569,Tse_Altarriba_Simon1,2020.1.2,Win32,60,3508,,,z,1,0.478505,,,,,,,,0,50,50,23,1
,,,,,,,,,,,,Images/CongruentLeft.jpeg,Congruent Left,z,MB,21,Male,1st,N,N,English,,,2021-02-15_15h15.57.569,Tse_Altarriba_Simon1,2020.1.2,Win32,60,3508,,,z,1,0.46224,,,,,,,,0,51,51,1,1
,,,,,,,,,,,,Images/NeurtalRight.jpeg,Neutral Right,m,MB,21,Male,1st,N,N,English,,,2021-02-15_15h15.57.569,Tse_Altarriba_Simon1,2020.1.2,Win32,60,3508,,,m,1,0.50166,,,,,,,,0,52,52,52,1
,,,,,,,,,,,,Images/IncongruentLeft.jpeg,Incongruent Left,z,MB,21,Male,1st,N,N,English,,,2021-02-15_15h15.57.569,Tse_Altarriba_Simon1,2020.1.2,Win32,60,3508,,,z,1,0.46172,,,,,,,,0,53,53,29,1
,,,,,,,,,,,,Images/IncongruentRight.jpeg,Incongruent Right,m,MB,21,Male,1st,N,N,English,,,2021-02-15_15h15.57.569,Tse_Altarriba_Simon1,2020.1.2,Win32,60,3508,,,m,1,0.616695,,,,,,,,0,54,54,31,1
,,,,,,,,,,,,Images/NeurtalRight.jpeg,Neutral Right,m,MB,21,Male,1st,N,N,English,,,2021-02-15_15h15.57.569,Tse_Altarriba_Simon1,2020.1.2,Win32,60,3508,,,m,1,0.543215,,,,,,,,0,55,55,56,1
,,,,,,,,,,,,Images/NeurtalRight.jpeg,Neutral Right,m,MB,21,Male,1st,N,N,English,,,2021-02-15_15h15.57.569,Tse_Altarriba_Simon1,2020.1.2,Win32,60,3508,,,m,1,0.37781,,,,,,,,0,56,56,55,1
,,,,,,,,,,,,Images/CongruentRight.jpeg,Congruent Right,m,MB,21,Male,1st,N,N,English,,,2021-02-15_15h15.57.569,Tse_Altarriba_Simon1,2020.1.2,Win32,60,3508,,,m,1,0.384675,,,,,,,,0,57,57,12,1
,,,,,,,,,,,,Images/CongruentRight.jpeg,Congruent Right,m,MB,21,Male,1st,N,N,English,,,2021-02-15_15h15.57.569,Tse_Altarriba_Simon1,2020.1.2,Win32,60,3508,,,m,1,0.392355,,,,,,,,0,58,58,18,1
,,,,,,,,,,,,Images/CongruentRight.jpeg,Congruent Right,m,MB,21,Male,1st,N,N,English,,,2021-02-15_15h15.57.569,Tse_Altarriba_Simon1,2020.1.2,Win32,60,3508,,,m,1,0.35174,,,,,,,,0,59,59,13,1
