Space1.keys,Space1.rt,Space2.keys,Space2.rt,response.keys,response.corr,response.rt,Practice_loop.thisRepN,Practice_loop.thisTrialN,Practice_loop.thisN,Practice_loop.thisIndex,Practice_loop.ran,ImageFile,Condition,CorrAns,Your initials,What is your age?,What is your gender?,What year are you in?,Are you Dyslexic? (Y/N),Are you bi/multilingual? (Y/N),What is your first language?,"What is your second language? (if you are monollingual, leave blank)",What other languages do you speak?,date,expName,psychopyVersion,OS,frameRate,participant,Space3.keys,Space3.rt,key_resp_2.keys,key_resp_2.corr,key_resp_2.rt,trials.thisRepN,trials.thisTrialN,trials.thisN,trials.thisIndex,trials.ran,Space4.keys,Space4.rt,trials_2.thisRepN,trials_2.thisTrialN,trials_2.thisN,trials_2.thisIndex,trials_2.ran
space,13.05,space,2.59,m,1,1.3,0,0,0,2,1,Images/CongruentRight.jpeg,Congruent Right,m,XW,20,Female,Year ,N,Y,Chinese,English,,2021-03-01_01h33.41.881,Tse_Altarriba_Simon1,2020.1.2,MacIntel,60,3679,,,,,,,,,,,,,,,,,
,,,,m,1,0.815,0,1,1,3,1,Images/CongruentRight.jpeg,Congruent Right,m,XW,20,Female,Year ,N,Y,Chinese,English,,2021-03-01_01h33.41.881,Tse_Altarriba_Simon1,2020.1.2,MacIntel,60,3679,,,,,,,,,,,,,,,,,
,,,,m,1,1.421,0,2,2,7,1,Images/IncongruentRight.jpeg,Incongruent Right,m,XW,20,Female,Year ,N,Y,Chinese,English,,2021-03-01_01h33.41.881,Tse_Altarriba_Simon1,2020.1.2,MacIntel,60,3679,,,,,,,,,,,,,,,,,
,,,,z,1,0.998,0,3,3,0,1,Images/CongruentLeft.jpeg,Congruent Left,z,XW,20,Female,Year ,N,Y,Chinese,English,,2021-03-01_01h33.41.881,Tse_Altarriba_Simon1,2020.1.2,MacIntel,60,3679,,,,,,,,,,,,,,,,,
,,,,z,1,0.45,0,4,4,9,1,Images/NeutralLeft.jpeg,Neutral Left,z,XW,20,Female,Year ,N,Y,Chinese,English,,2021-03-01_01h33.41.881,Tse_Altarriba_Simon1,2020.1.2,MacIntel,60,3679,,,,,,,,,,,,,,,,,
,,,,z,1,0.466,0,5,5,4,1,Images/IncongruentLeft.jpeg,Incongruent Left,z,XW,20,Female,Year ,N,Y,Chinese,English,,2021-03-01_01h33.41.881,Tse_Altarriba_Simon1,2020.1.2,MacIntel,60,3679,,,,,,,,,,,,,,,,,
,,,,z,1,0.391,0,6,6,8,1,Images/NeutralLeft.jpeg,Neutral Left,z,XW,20,Female,Year ,N,Y,Chinese,English,,2021-03-01_01h33.41.881,Tse_Altarriba_Simon1,2020.1.2,MacIntel,60,3679,,,,,,,,,,,,,,,,,
,,,,m,0,0.401,0,7,7,5,1,Images/IncongruentLeft.jpeg,Incongruent Left,z,XW,20,Female,Year ,N,Y,Chinese,English,,2021-03-01_01h33.41.881,Tse_Altarriba_Simon1,2020.1.2,MacIntel,60,3679,,,,,,,,,,,,,,,,,
,,,,m,1,0.453,0,8,8,6,1,Images/IncongruentRight.jpeg,Incongruent Right,m,XW,20,Female,Year ,N,Y,Chinese,English,,2021-03-01_01h33.41.881,Tse_Altarriba_Simon1,2020.1.2,MacIntel,60,3679,,,,,,,,,,,,,,,,,
,,,,m,1,0.444,0,9,9,11,1,Images/NeurtalRight.jpeg,Neutral Right,m,XW,20,Female,Year ,N,Y,Chinese,English,,2021-03-01_01h33.41.881,Tse_Altarriba_Simon1,2020.1.2,MacIntel,60,3679,,,,,,,,,,,,,,,,,
,,,,z,1,0.346,0,10,10,1,1,Images/CongruentLeft.jpeg,Congruent Left,z,XW,20,Female,Year ,N,Y,Chinese,English,,2021-03-01_01h33.41.881,Tse_Altarriba_Simon1,2020.1.2,MacIntel,60,3679,,,,,,,,,,,,,,,,,
,,,,m,1,0.409,0,11,11,10,1,Images/NeurtalRight.jpeg,Neutral Right,m,XW,20,Female,Year ,N,Y,Chinese,English,,2021-03-01_01h33.41.881,Tse_Altarriba_Simon1,2020.1.2,MacIntel,60,3679,,,,,,,,,,,,,,,,,
,,,,,,,,,,,,Images/IncongruentRight.jpeg,Incongruent Right,m,XW,20,Female,Year ,N,Y,Chinese,English,,2021-03-01_01h33.41.881,Tse_Altarriba_Simon1,2020.1.2,MacIntel,60,3679,space,2.08,m,1,0.437,0,0,0,30,1,,,,,,,
,,,,,,,,,,,,Images/CongruentRight.jpeg,Congruent Right,m,XW,20,Female,Year ,N,Y,Chinese,English,,2021-03-01_01h33.41.881,Tse_Altarriba_Simon1,2020.1.2,MacIntel,60,3679,,,m,1,0.356,0,1,1,13,1,,,,,,,
,,,,,,,,,,,,Images/IncongruentLeft.jpeg,Incongruent Left,z,XW,20,Female,Year ,N,Y,Chinese,English,,2021-03-01_01h33.41.881,Tse_Altarriba_Simon1,2020.1.2,MacIntel,60,3679,,,z,1,0.426,0,2,2,23,1,,,,,,,
,,,,,,,,,,,,Images/CongruentLeft.jpeg,Congruent Left,z,XW,20,Female,Year ,N,Y,Chinese,English,,2021-03-01_01h33.41.881,Tse_Altarriba_Simon1,2020.1.2,MacIntel,60,3679,,,m,0,0.406,0,3,3,3,1,,,,,,,
,,,,,,,,,,,,Images/IncongruentLeft.jpeg,Incongruent Left,z,XW,20,Female,Year ,N,Y,Chinese,English,,2021-03-01_01h33.41.881,Tse_Altarriba_Simon1,2020.1.2,MacIntel,60,3679,,,z,1,0.379,0,4,4,24,1,,,,,,,
,,,,,,,,,,,,Images/NeurtalRight.jpeg,Neutral Right,m,XW,20,Female,Year ,N,Y,Chinese,English,,2021-03-01_01h33.41.881,Tse_Altarriba_Simon1,2020.1.2,MacIntel,60,3679,,,z,0,0.437,0,5,5,58,1,,,,,,,
,,,,,,,,,,,,Images/NeurtalRight.jpeg,Neutral Right,m,XW,20,Female,Year ,N,Y,Chinese,English,,2021-03-01_01h33.41.881,Tse_Altarriba_Simon1,2020.1.2,MacIntel,60,3679,,,m,1,0.371,0,6,6,57,1,,,,,,,
,,,,,,,,,,,,Images/NeurtalRight.jpeg,Neutral Right,m,XW,20,Female,Year ,N,Y,Chinese,English,,2021-03-01_01h33.41.881,Tse_Altarriba_Simon1,2020.1.2,MacIntel,60,3679,,,m,1,0.428,0,7,7,52,1,,,,,,,
,,,,,,,,,,,,Images/NeutralLeft.jpeg,Neutral Left,z,XW,20,Female,Year ,N,Y,Chinese,English,,2021-03-01_01h33.41.881,Tse_Altarriba_Simon1,2020.1.2,MacIntel,60,3679,,,z,1,0.419,0,8,8,46,1,,,,,,,
,,,,,,,,,,,,Images/IncongruentRight.jpeg,Incongruent Right,m,XW,20,Female,Year ,N,Y,Chinese,English,,2021-03-01_01h33.41.881,Tse_Altarriba_Simon1,2020.1.2,MacIntel,60,3679,,,m,1,0.415,0,9,9,31,1,,,,,,,
,,,,,,,,,,,,Images/NeutralLeft.jpeg,Neutral Left,z,XW,20,Female,Year ,N,Y,Chinese,English,,2021-03-01_01h33.41.881,Tse_Altarriba_Simon1,2020.1.2,MacIntel,60,3679,,,z,1,0.4,0,10,10,47,1,,,,,,,
,,,,,,,,,,,,Images/IncongruentRight.jpeg,Incongruent Right,m,XW,20,Female,Year ,N,Y,Chinese,English,,2021-03-01_01h33.41.881,Tse_Altarriba_Simon1,2020.1.2,MacIntel,60,3679,,,m,1,0.42,0,11,11,39,1,,,,,,,
,,,,,,,,,,,,Images/IncongruentRight.jpeg,Incongruent Right,m,XW,20,Female,Year ,N,Y,Chinese,English,,2021-03-01_01h33.41.881,Tse_Altarriba_Simon1,2020.1.2,MacIntel,60,3679,,,z,0,0.294,0,12,12,35,1,,,,,,,
,,,,,,,,,,,,Images/CongruentRight.jpeg,Congruent Right,m,XW,20,Female,Year ,N,Y,Chinese,English,,2021-03-01_01h33.41.881,Tse_Altarriba_Simon1,2020.1.2,MacIntel,60,3679,,,z,0,0.527,0,13,13,16,1,,,,,,,
,,,,,,,,,,,,Images/IncongruentLeft.jpeg,Incongruent Left,z,XW,20,Female,Year ,N,Y,Chinese,English,,2021-03-01_01h33.41.881,Tse_Altarriba_Simon1,2020.1.2,MacIntel,60,3679,,,z,1,0.686,0,14,14,22,1,,,,,,,
,,,,,,,,,,,,Images/NeutralLeft.jpeg,Neutral Left,z,XW,20,Female,Year ,N,Y,Chinese,English,,2021-03-01_01h33.41.881,Tse_Altarriba_Simon1,2020.1.2,MacIntel,60,3679,,,z,1,0.465,0,15,15,49,1,,,,,,,
,,,,,,,,,,,,Images/CongruentRight.jpeg,Congruent Right,m,XW,20,Female,Year ,N,Y,Chinese,English,,2021-03-01_01h33.41.881,Tse_Altarriba_Simon1,2020.1.2,MacIntel,60,3679,,,m,1,0.346,0,16,16,12,1,,,,,,,
,,,,,,,,,,,,Images/CongruentLeft.jpeg,Congruent Left,z,XW,20,Female,Year ,N,Y,Chinese,English,,2021-03-01_01h33.41.881,Tse_Altarriba_Simon1,2020.1.2,MacIntel,60,3679,,,z,1,0.459,0,17,17,0,1,,,,,,,
,,,,,,,,,,,,Images/CongruentRight.jpeg,Congruent Right,m,XW,20,Female,Year ,N,Y,Chinese,English,,2021-03-01_01h33.41.881,Tse_Altarriba_Simon1,2020.1.2,MacIntel,60,3679,,,m,1,0.362,0,18,18,11,1,,,,,,,
,,,,,,,,,,,,Images/IncongruentRight.jpeg,Incongruent Right,m,XW,20,Female,Year ,N,Y,Chinese,English,,2021-03-01_01h33.41.881,Tse_Altarriba_Simon1,2020.1.2,MacIntel,60,3679,,,m,1,0.584,0,19,19,38,1,,,,,,,
,,,,,,,,,,,,Images/IncongruentLeft.jpeg,Incongruent Left,z,XW,20,Female,Year ,N,Y,Chinese,English,,2021-03-01_01h33.41.881,Tse_Altarriba_Simon1,2020.1.2,MacIntel,60,3679,,,z,1,0.499,0,20,20,27,1,,,,,,,
,,,,,,,,,,,,Images/IncongruentRight.jpeg,Incongruent Right,m,XW,20,Female,Year ,N,Y,Chinese,English,,2021-03-01_01h33.41.881,Tse_Altarriba_Simon1,2020.1.2,MacIntel,60,3679,,,m,1,0.385,0,21,21,36,1,,,,,,,
,,,,,,,,,,,,Images/NeutralLeft.jpeg,Neutral Left,z,XW,20,Female,Year ,N,Y,Chinese,English,,2021-03-01_01h33.41.881,Tse_Altarriba_Simon1,2020.1.2,MacIntel,60,3679,,,z,1,0.42,0,22,22,43,1,,,,,,,
,,,,,,,,,,,,Images/NeurtalRight.jpeg,Neutral Right,m,XW,20,Female,Year ,N,Y,Chinese,English,,2021-03-01_01h33.41.881,Tse_Altarriba_Simon1,2020.1.2,MacIntel,60,3679,,,m,1,0.422,0,23,23,55,1,,,,,,,
,,,,,,,,,,,,Images/IncongruentLeft.jpeg,Incongruent Left,z,XW,20,Female,Year ,N,Y,Chinese,English,,2021-03-01_01h33.41.881,Tse_Altarriba_Simon1,2020.1.2,MacIntel,60,3679,,,z,1,0.426,0,24,24,25,1,,,,,,,
,,,,,,,,,,,,Images/CongruentRight.jpeg,Congruent Right,m,XW,20,Female,Year ,N,Y,Chinese,English,,2021-03-01_01h33.41.881,Tse_Altarriba_Simon1,2020.1.2,MacIntel,60,3679,,,m,1,0.345,0,25,25,14,1,,,,,,,
,,,,,,,,,,,,Images/IncongruentLeft.jpeg,Incongruent Left,z,XW,20,Female,Year ,N,Y,Chinese,English,,2021-03-01_01h33.41.881,Tse_Altarriba_Simon1,2020.1.2,MacIntel,60,3679,,,z,1,0.485,0,26,26,26,1,,,,,,,
,,,,,,,,,,,,Images/NeurtalRight.jpeg,Neutral Right,m,XW,20,Female,Year ,N,Y,Chinese,English,,2021-03-01_01h33.41.881,Tse_Altarriba_Simon1,2020.1.2,MacIntel,60,3679,,,m,1,0.439,0,27,27,53,1,,,,,,,
,,,,,,,,,,,,Images/CongruentLeft.jpeg,Congruent Left,z,XW,20,Female,Year ,N,Y,Chinese,English,,2021-03-01_01h33.41.881,Tse_Altarriba_Simon1,2020.1.2,MacIntel,60,3679,,,z,1,0.582,0,28,28,6,1,,,,,,,
,,,,,,,,,,,,Images/CongruentRight.jpeg,Congruent Right,m,XW,20,Female,Year ,N,Y,Chinese,English,,2021-03-01_01h33.41.881,Tse_Altarriba_Simon1,2020.1.2,MacIntel,60,3679,,,m,1,0.515,0,29,29,19,1,,,,,,,
,,,,,,,,,,,,Images/CongruentLeft.jpeg,Congruent Left,z,XW,20,Female,Year ,N,Y,Chinese,English,,2021-03-01_01h33.41.881,Tse_Altarriba_Simon1,2020.1.2,MacIntel,60,3679,,,z,1,0.37,0,30,30,1,1,,,,,,,
,,,,,,,,,,,,Images/NeutralLeft.jpeg,Neutral Left,z,XW,20,Female,Year ,N,Y,Chinese,English,,2021-03-01_01h33.41.881,Tse_Altarriba_Simon1,2020.1.2,MacIntel,60,3679,,,z,1,0.454,0,31,31,44,1,,,,,,,
,,,,,,,,,,,,Images/NeutralLeft.jpeg,Neutral Left,z,XW,20,Female,Year ,N,Y,Chinese,English,,2021-03-01_01h33.41.881,Tse_Altarriba_Simon1,2020.1.2,MacIntel,60,3679,,,z,1,0.422,0,32,32,42,1,,,,,,,
,,,,,,,,,,,,Images/CongruentLeft.jpeg,Congruent Left,z,XW,20,Female,Year ,N,Y,Chinese,English,,2021-03-01_01h33.41.881,Tse_Altarriba_Simon1,2020.1.2,MacIntel,60,3679,,,z,1,0.4,0,33,33,4,1,,,,,,,
,,,,,,,,,,,,Images/IncongruentRight.jpeg,Incongruent Right,m,XW,20,Female,Year ,N,Y,Chinese,English,,2021-03-01_01h33.41.881,Tse_Altarriba_Simon1,2020.1.2,MacIntel,60,3679,,,z,0,0.316,0,34,34,37,1,,,,,,,
,,,,,,,,,,,,Images/IncongruentRight.jpeg,Incongruent Right,m,XW,20,Female,Year ,N,Y,Chinese,English,,2021-03-01_01h33.41.881,Tse_Altarriba_Simon1,2020.1.2,MacIntel,60,3679,,,m,1,0.577,0,35,35,32,1,,,,,,,
,,,,,,,,,,,,Images/NeurtalRight.jpeg,Neutral Right,m,XW,20,Female,Year ,N,Y,Chinese,English,,2021-03-01_01h33.41.881,Tse_Altarriba_Simon1,2020.1.2,MacIntel,60,3679,,,m,1,0.485,0,36,36,56,1,,,,,,,
,,,,,,,,,,,,Images/NeurtalRight.jpeg,Neutral Right,m,XW,20,Female,Year ,N,Y,Chinese,English,,2021-03-01_01h33.41.881,Tse_Altarriba_Simon1,2020.1.2,MacIntel,60,3679,,,m,1,0.469,0,37,37,54,1,,,,,,,
,,,,,,,,,,,,Images/NeutralLeft.jpeg,Neutral Left,z,XW,20,Female,Year ,N,Y,Chinese,English,,2021-03-01_01h33.41.881,Tse_Altarriba_Simon1,2020.1.2,MacIntel,60,3679,,,z,1,0.451,0,38,38,48,1,,,,,,,
,,,,,,,,,,,,Images/NeurtalRight.jpeg,Neutral Right,m,XW,20,Female,Year ,N,Y,Chinese,English,,2021-03-01_01h33.41.881,Tse_Altarriba_Simon1,2020.1.2,MacIntel,60,3679,,,m,1,0.499,0,39,39,50,1,,,,,,,
,,,,,,,,,,,,Images/CongruentRight.jpeg,Congruent Right,m,XW,20,Female,Year ,N,Y,Chinese,English,,2021-03-01_01h33.41.881,Tse_Altarriba_Simon1,2020.1.2,MacIntel,60,3679,,,m,1,0.344,0,40,40,10,1,,,,,,,
,,,,,,,,,,,,Images/IncongruentRight.jpeg,Incongruent Right,m,XW,20,Female,Year ,N,Y,Chinese,English,,2021-03-01_01h33.41.881,Tse_Altarriba_Simon1,2020.1.2,MacIntel,60,3679,,,m,1,0.423,0,41,41,33,1,,,,,,,
,,,,,,,,,,,,Images/NeutralLeft.jpeg,Neutral Left,z,XW,20,Female,Year ,N,Y,Chinese,English,,2021-03-01_01h33.41.881,Tse_Altarriba_Simon1,2020.1.2,MacIntel,60,3679,,,z,1,0.465,0,42,42,41,1,,,,,,,
,,,,,,,,,,,,Images/CongruentRight.jpeg,Congruent Right,m,XW,20,Female,Year ,N,Y,Chinese,English,,2021-03-01_01h33.41.881,Tse_Altarriba_Simon1,2020.1.2,MacIntel,60,3679,,,m,1,0.362,0,43,43,18,1,,,,,,,
,,,,,,,,,,,,Images/IncongruentLeft.jpeg,Incongruent Left,z,XW,20,Female,Year ,N,Y,Chinese,English,,2021-03-01_01h33.41.881,Tse_Altarriba_Simon1,2020.1.2,MacIntel,60,3679,,,z,1,0.463,0,44,44,29,1,,,,,,,
,,,,,,,,,,,,Images/CongruentLeft.jpeg,Congruent Left,z,XW,20,Female,Year ,N,Y,Chinese,English,,2021-03-01_01h33.41.881,Tse_Altarriba_Simon1,2020.1.2,MacIntel,60,3679,,,z,1,0.431,0,45,45,5,1,,,,,,,
,,,,,,,,,,,,Images/IncongruentLeft.jpeg,Incongruent Left,z,XW,20,Female,Year ,N,Y,Chinese,English,,2021-03-01_01h33.41.881,Tse_Altarriba_Simon1,2020.1.2,MacIntel,60,3679,,,z,1,0.565,0,46,46,28,1,,,,,,,
,,,,,,,,,,,,Images/IncongruentRight.jpeg,Incongruent Right,m,XW,20,Female,Year ,N,Y,Chinese,English,,2021-03-01_01h33.41.881,Tse_Altarriba_Simon1,2020.1.2,MacIntel,60,3679,,,m,1,0.425,0,47,47,34,1,,,,,,,
,,,,,,,,,,,,Images/NeurtalRight.jpeg,Neutral Right,m,XW,20,Female,Year ,N,Y,Chinese,English,,2021-03-01_01h33.41.881,Tse_Altarriba_Simon1,2020.1.2,MacIntel,60,3679,,,m,1,0.378,0,48,48,51,1,,,,,,,
,,,,,,,,,,,,Images/NeutralLeft.jpeg,Neutral Left,z,XW,20,Female,Year ,N,Y,Chinese,English,,2021-03-01_01h33.41.881,Tse_Altarriba_Simon1,2020.1.2,MacIntel,60,3679,,,z,1,0.432,0,49,49,40,1,,,,,,,
,,,,,,,,,,,,Images/IncongruentLeft.jpeg,Incongruent Left,z,XW,20,Female,Year ,N,Y,Chinese,English,,2021-03-01_01h33.41.881,Tse_Altarriba_Simon1,2020.1.2,MacIntel,60,3679,,,z,1,0.447,0,50,50,21,1,,,,,,,
,,,,,,,,,,,,Images/CongruentRight.jpeg,Congruent Right,m,XW,20,Female,Year ,N,Y,Chinese,English,,2021-03-01_01h33.41.881,Tse_Altarriba_Simon1,2020.1.2,MacIntel,60,3679,,,m,1,0.454,0,51,51,17,1,,,,,,,
,,,,,,,,,,,,Images/CongruentLeft.jpeg,Congruent Left,z,XW,20,Female,Year ,N,Y,Chinese,English,,2021-03-01_01h33.41.881,Tse_Altarriba_Simon1,2020.1.2,MacIntel,60,3679,,,z,1,0.258,0,52,52,2,1,,,,,,,
,,,,,,,,,,,,Images/CongruentLeft.jpeg,Congruent Left,z,XW,20,Female,Year ,N,Y,Chinese,English,,2021-03-01_01h33.41.881,Tse_Altarriba_Simon1,2020.1.2,MacIntel,60,3679,,,z,1,0.4,0,53,53,7,1,,,,,,,
,,,,,,,,,,,,Images/CongruentLeft.jpeg,Congruent Left,z,XW,20,Female,Year ,N,Y,Chinese,English,,2021-03-01_01h33.41.881,Tse_Altarriba_Simon1,2020.1.2,MacIntel,60,3679,,,z,1,0.38,0,54,54,9,1,,,,,,,
,,,,,,,,,,,,Images/IncongruentLeft.jpeg,Incongruent Left,z,XW,20,Female,Year ,N,Y,Chinese,English,,2021-03-01_01h33.41.881,Tse_Altarriba_Simon1,2020.1.2,MacIntel,60,3679,,,z,1,0.384,0,55,55,20,1,,,,,,,
,,,,,,,,,,,,Images/NeutralLeft.jpeg,Neutral Left,z,XW,20,Female,Year ,N,Y,Chinese,English,,2021-03-01_01h33.41.881,Tse_Altarriba_Simon1,2020.1.2,MacIntel,60,3679,,,z,1,0.386,0,56,56,45,1,,,,,,,
,,,,,,,,,,,,Images/CongruentLeft.jpeg,Congruent Left,z,XW,20,Female,Year ,N,Y,Chinese,English,,2021-03-01_01h33.41.881,Tse_Altarriba_Simon1,2020.1.2,MacIntel,60,3679,,,z,1,0.364,0,57,57,8,1,,,,,,,
,,,,,,,,,,,,Images/CongruentRight.jpeg,Congruent Right,m,XW,20,Female,Year ,N,Y,Chinese,English,,2021-03-01_01h33.41.881,Tse_Altarriba_Simon1,2020.1.2,MacIntel,60,3679,,,m,1,0.294,0,58,58,15,1,,,,,,,
,,,,,,,,,,,,Images/NeurtalRight.jpeg,Neutral Right,m,XW,20,Female,Year ,N,Y,Chinese,English,,2021-03-01_01h33.41.881,Tse_Altarriba_Simon1,2020.1.2,MacIntel,60,3679,,,m,1,0.367,0,59,59,59,1,,,,,,,
,,,,,,,,,,,,Images/NeurtalRight.jpeg,Neutral Right,m,XW,20,Female,Year ,N,Y,Chinese,English,,2021-03-01_01h33.41.881,Tse_Altarriba_Simon1,2020.1.2,MacIntel,60,3679,,,m,1,0.999,,,,,,space,24.504,0,0,0,56,1
,,,,,,,,,,,,Images/NeurtalRight.jpeg,Neutral Right,m,XW,20,Female,Year ,N,Y,Chinese,English,,2021-03-01_01h33.41.881,Tse_Altarriba_Simon1,2020.1.2,MacIntel,60,3679,,,m,1,0.421,,,,,,,,0,1,1,52,1
,,,,,,,,,,,,Images/IncongruentRight.jpeg,Incongruent Right,m,XW,20,Female,Year ,N,Y,Chinese,English,,2021-03-01_01h33.41.881,Tse_Altarriba_Simon1,2020.1.2,MacIntel,60,3679,,,z,0,0.327,,,,,,,,0,2,2,34,1
,,,,,,,,,,,,Images/NeurtalRight.jpeg,Neutral Right,m,XW,20,Female,Year ,N,Y,Chinese,English,,2021-03-01_01h33.41.881,Tse_Altarriba_Simon1,2020.1.2,MacIntel,60,3679,,,m,1,0.395,,,,,,,,0,3,3,51,1
,,,,,,,,,,,,Images/NeutralLeft.jpeg,Neutral Left,z,XW,20,Female,Year ,N,Y,Chinese,English,,2021-03-01_01h33.41.881,Tse_Altarriba_Simon1,2020.1.2,MacIntel,60,3679,,,z,1,0.417,,,,,,,,0,4,4,45,1
,,,,,,,,,,,,Images/IncongruentRight.jpeg,Incongruent Right,m,XW,20,Female,Year ,N,Y,Chinese,English,,2021-03-01_01h33.41.881,Tse_Altarriba_Simon1,2020.1.2,MacIntel,60,3679,,,m,1,0.42,,,,,,,,0,5,5,37,1
,,,,,,,,,,,,Images/NeurtalRight.jpeg,Neutral Right,m,XW,20,Female,Year ,N,Y,Chinese,English,,2021-03-01_01h33.41.881,Tse_Altarriba_Simon1,2020.1.2,MacIntel,60,3679,,,m,1,0.342,,,,,,,,0,6,6,58,1
,,,,,,,,,,,,Images/CongruentLeft.jpeg,Congruent Left,z,XW,20,Female,Year ,N,Y,Chinese,English,,2021-03-01_01h33.41.881,Tse_Altarriba_Simon1,2020.1.2,MacIntel,60,3679,,,z,1,0.462,,,,,,,,0,7,7,1,1
,,,,,,,,,,,,Images/NeurtalRight.jpeg,Neutral Right,m,XW,20,Female,Year ,N,Y,Chinese,English,,2021-03-01_01h33.41.881,Tse_Altarriba_Simon1,2020.1.2,MacIntel,60,3679,,,m,1,0.387,,,,,,,,0,8,8,54,1
,,,,,,,,,,,,Images/NeutralLeft.jpeg,Neutral Left,z,XW,20,Female,Year ,N,Y,Chinese,English,,2021-03-01_01h33.41.881,Tse_Altarriba_Simon1,2020.1.2,MacIntel,60,3679,,,z,1,0.395,,,,,,,,0,9,9,47,1
,,,,,,,,,,,,Images/NeutralLeft.jpeg,Neutral Left,z,XW,20,Female,Year ,N,Y,Chinese,English,,2021-03-01_01h33.41.881,Tse_Altarriba_Simon1,2020.1.2,MacIntel,60,3679,,,z,1,0.382,,,,,,,,0,10,10,48,1
,,,,,,,,,,,,Images/NeutralLeft.jpeg,Neutral Left,z,XW,20,Female,Year ,N,Y,Chinese,English,,2021-03-01_01h33.41.881,Tse_Altarriba_Simon1,2020.1.2,MacIntel,60,3679,,,z,1,0.358,,,,,,,,0,11,11,49,1
,,,,,,,,,,,,Images/IncongruentRight.jpeg,Incongruent Right,m,XW,20,Female,Year ,N,Y,Chinese,English,,2021-03-01_01h33.41.881,Tse_Altarriba_Simon1,2020.1.2,MacIntel,60,3679,,,m,1,0.451,,,,,,,,0,12,12,36,1
,,,,,,,,,,,,Images/CongruentLeft.jpeg,Congruent Left,z,XW,20,Female,Year ,N,Y,Chinese,English,,2021-03-01_01h33.41.881,Tse_Altarriba_Simon1,2020.1.2,MacIntel,60,3679,,,z,1,0.373,,,,,,,,0,13,13,2,1
,,,,,,,,,,,,Images/CongruentRight.jpeg,Congruent Right,m,XW,20,Female,Year ,N,Y,Chinese,English,,2021-03-01_01h33.41.881,Tse_Altarriba_Simon1,2020.1.2,MacIntel,60,3679,,,m,1,0.381,,,,,,,,0,14,14,16,1
,,,,,,,,,,,,Images/NeutralLeft.jpeg,Neutral Left,z,XW,20,Female,Year ,N,Y,Chinese,English,,2021-03-01_01h33.41.881,Tse_Altarriba_Simon1,2020.1.2,MacIntel,60,3679,,,z,1,0.355,,,,,,,,0,15,15,40,1
,,,,,,,,,,,,Images/IncongruentLeft.jpeg,Incongruent Left,z,XW,20,Female,Year ,N,Y,Chinese,English,,2021-03-01_01h33.41.881,Tse_Altarriba_Simon1,2020.1.2,MacIntel,60,3679,,,m,0,0.639,,,,,,,,0,16,16,24,1
,,,,,,,,,,,,Images/NeurtalRight.jpeg,Neutral Right,m,XW,20,Female,Year ,N,Y,Chinese,English,,2021-03-01_01h33.41.881,Tse_Altarriba_Simon1,2020.1.2,MacIntel,60,3679,,,z,0,0.363,,,,,,,,0,17,17,59,1
,,,,,,,,,,,,Images/CongruentRight.jpeg,Congruent Right,m,XW,20,Female,Year ,N,Y,Chinese,English,,2021-03-01_01h33.41.881,Tse_Altarriba_Simon1,2020.1.2,MacIntel,60,3679,,,m,1,0.479,,,,,,,,0,18,18,10,1
,,,,,,,,,,,,Images/NeutralLeft.jpeg,Neutral Left,z,XW,20,Female,Year ,N,Y,Chinese,English,,2021-03-01_01h33.41.881,Tse_Altarriba_Simon1,2020.1.2,MacIntel,60,3679,,,z,1,0.43,,,,,,,,0,19,19,43,1
,,,,,,,,,,,,Images/IncongruentLeft.jpeg,Incongruent Left,z,XW,20,Female,Year ,N,Y,Chinese,English,,2021-03-01_01h33.41.881,Tse_Altarriba_Simon1,2020.1.2,MacIntel,60,3679,,,z,1,0.466,,,,,,,,0,20,20,21,1
,,,,,,,,,,,,Images/CongruentLeft.jpeg,Congruent Left,z,XW,20,Female,Year ,N,Y,Chinese,English,,2021-03-01_01h33.41.881,Tse_Altarriba_Simon1,2020.1.2,MacIntel,60,3679,,,z,1,0.443,,,,,,,,0,21,21,4,1
,,,,,,,,,,,,Images/IncongruentRight.jpeg,Incongruent Right,m,XW,20,Female,Year ,N,Y,Chinese,English,,2021-03-01_01h33.41.881,Tse_Altarriba_Simon1,2020.1.2,MacIntel,60,3679,,,m,1,0.463,,,,,,,,0,22,22,39,1
,,,,,,,,,,,,Images/NeurtalRight.jpeg,Neutral Right,m,XW,20,Female,Year ,N,Y,Chinese,English,,2021-03-01_01h33.41.881,Tse_Altarriba_Simon1,2020.1.2,MacIntel,60,3679,,,m,1,0.447,,,,,,,,0,23,23,57,1
,,,,,,,,,,,,Images/CongruentLeft.jpeg,Congruent Left,z,XW,20,Female,Year ,N,Y,Chinese,English,,2021-03-01_01h33.41.881,Tse_Altarriba_Simon1,2020.1.2,MacIntel,60,3679,,,z,1,0.504,,,,,,,,0,24,24,3,1
,,,,,,,,,,,,Images/IncongruentLeft.jpeg,Incongruent Left,z,XW,20,Female,Year ,N,Y,Chinese,English,,2021-03-01_01h33.41.881,Tse_Altarriba_Simon1,2020.1.2,MacIntel,60,3679,,,z,1,0.581,,,,,,,,0,25,25,29,1
,,,,,,,,,,,,Images/IncongruentRight.jpeg,Incongruent Right,m,XW,20,Female,Year ,N,Y,Chinese,English,,2021-03-01_01h33.41.881,Tse_Altarriba_Simon1,2020.1.2,MacIntel,60,3679,,,m,1,0.457,,,,,,,,0,26,26,35,1
,,,,,,,,,,,,Images/IncongruentLeft.jpeg,Incongruent Left,z,XW,20,Female,Year ,N,Y,Chinese,English,,2021-03-01_01h33.41.881,Tse_Altarriba_Simon1,2020.1.2,MacIntel,60,3679,,,z,1,0.421,,,,,,,,0,27,27,20,1
,,,,,,,,,,,,Images/NeutralLeft.jpeg,Neutral Left,z,XW,20,Female,Year ,N,Y,Chinese,English,,2021-03-01_01h33.41.881,Tse_Altarriba_Simon1,2020.1.2,MacIntel,60,3679,,,z,1,0.413,,,,,,,,0,28,28,44,1
,,,,,,,,,,,,Images/CongruentLeft.jpeg,Congruent Left,z,XW,20,Female,Year ,N,Y,Chinese,English,,2021-03-01_01h33.41.881,Tse_Altarriba_Simon1,2020.1.2,MacIntel,60,3679,,,z,1,0.359,,,,,,,,0,29,29,8,1
,,,,,,,,,,,,Images/IncongruentLeft.jpeg,Incongruent Left,z,XW,20,Female,Year ,N,Y,Chinese,English,,2021-03-01_01h33.41.881,Tse_Altarriba_Simon1,2020.1.2,MacIntel,60,3679,,,z,1,0.458,,,,,,,,0,30,30,26,1
,,,,,,,,,,,,Images/IncongruentLeft.jpeg,Incongruent Left,z,XW,20,Female,Year ,N,Y,Chinese,English,,2021-03-01_01h33.41.881,Tse_Altarriba_Simon1,2020.1.2,MacIntel,60,3679,,,z,1,0.463,,,,,,,,0,31,31,27,1
,,,,,,,,,,,,Images/CongruentLeft.jpeg,Congruent Left,z,XW,20,Female,Year ,N,Y,Chinese,English,,2021-03-01_01h33.41.881,Tse_Altarriba_Simon1,2020.1.2,MacIntel,60,3679,,,z,1,0.396,,,,,,,,0,32,32,9,1
,,,,,,,,,,,,Images/CongruentLeft.jpeg,Congruent Left,z,XW,20,Female,Year ,N,Y,Chinese,English,,2021-03-01_01h33.41.881,Tse_Altarriba_Simon1,2020.1.2,MacIntel,60,3679,,,z,1,0.384,,,,,,,,0,33,33,7,1
,,,,,,,,,,,,Images/CongruentRight.jpeg,Congruent Right,m,XW,20,Female,Year ,N,Y,Chinese,English,,2021-03-01_01h33.41.881,Tse_Altarriba_Simon1,2020.1.2,MacIntel,60,3679,,,m,1,0.567,,,,,,,,0,34,34,11,1
,,,,,,,,,,,,Images/IncongruentLeft.jpeg,Incongruent Left,z,XW,20,Female,Year ,N,Y,Chinese,English,,2021-03-01_01h33.41.881,Tse_Altarriba_Simon1,2020.1.2,MacIntel,60,3679,,,m,0,0.344,,,,,,,,0,35,35,25,1
,,,,,,,,,,,,Images/NeurtalRight.jpeg,Neutral Right,m,XW,20,Female,Year ,N,Y,Chinese,English,,2021-03-01_01h33.41.881,Tse_Altarriba_Simon1,2020.1.2,MacIntel,60,3679,,,m,1,0.456,,,,,,,,0,36,36,55,1
,,,,,,,,,,,,Images/IncongruentRight.jpeg,Incongruent Right,m,XW,20,Female,Year ,N,Y,Chinese,English,,2021-03-01_01h33.41.881,Tse_Altarriba_Simon1,2020.1.2,MacIntel,60,3679,,,m,1,0.436,,,,,,,,0,37,37,32,1
,,,,,,,,,,,,Images/CongruentRight.jpeg,Congruent Right,m,XW,20,Female,Year ,N,Y,Chinese,English,,2021-03-01_01h33.41.881,Tse_Altarriba_Simon1,2020.1.2,MacIntel,60,3679,,,m,1,0.383,,,,,,,,0,38,38,15,1
,,,,,,,,,,,,Images/IncongruentLeft.jpeg,Incongruent Left,z,XW,20,Female,Year ,N,Y,Chinese,English,,2021-03-01_01h33.41.881,Tse_Altarriba_Simon1,2020.1.2,MacIntel,60,3679,,,z,1,0.438,,,,,,,,0,39,39,23,1
,,,,,,,,,,,,Images/NeutralLeft.jpeg,Neutral Left,z,XW,20,Female,Year ,N,Y,Chinese,English,,2021-03-01_01h33.41.881,Tse_Altarriba_Simon1,2020.1.2,MacIntel,60,3679,,,z,1,0.383,,,,,,,,0,40,40,41,1
,,,,,,,,,,,,Images/CongruentRight.jpeg,Congruent Right,m,XW,20,Female,Year ,N,Y,Chinese,English,,2021-03-01_01h33.41.881,Tse_Altarriba_Simon1,2020.1.2,MacIntel,60,3679,,,m,1,0.412,,,,,,,,0,41,41,17,1
,,,,,,,,,,,,Images/CongruentLeft.jpeg,Congruent Left,z,XW,20,Female,Year ,N,Y,Chinese,English,,2021-03-01_01h33.41.881,Tse_Altarriba_Simon1,2020.1.2,MacIntel,60,3679,,,z,1,0.324,,,,,,,,0,42,42,6,1
,,,,,,,,,,,,Images/IncongruentLeft.jpeg,Incongruent Left,z,XW,20,Female,Year ,N,Y,Chinese,English,,2021-03-01_01h33.41.881,Tse_Altarriba_Simon1,2020.1.2,MacIntel,60,3679,,,z,1,0.521,,,,,,,,0,43,43,28,1
,,,,,,,,,,,,Images/CongruentLeft.jpeg,Congruent Left,z,XW,20,Female,Year ,N,Y,Chinese,English,,2021-03-01_01h33.41.881,Tse_Altarriba_Simon1,2020.1.2,MacIntel,60,3679,,,z,1,0.383,,,,,,,,0,44,44,5,1
,,,,,,,,,,,,Images/NeutralLeft.jpeg,Neutral Left,z,XW,20,Female,Year ,N,Y,Chinese,English,,2021-03-01_01h33.41.881,Tse_Altarriba_Simon1,2020.1.2,MacIntel,60,3679,,,z,1,0.401,,,,,,,,0,45,45,46,1
,,,,,,,,,,,,Images/CongruentRight.jpeg,Congruent Right,m,XW,20,Female,Year ,N,Y,Chinese,English,,2021-03-01_01h33.41.881,Tse_Altarriba_Simon1,2020.1.2,MacIntel,60,3679,,,m,1,0.372,,,,,,,,0,46,46,14,1
,,,,,,,,,,,,Images/CongruentLeft.jpeg,Congruent Left,z,XW,20,Female,Year ,N,Y,Chinese,English,,2021-03-01_01h33.41.881,Tse_Altarriba_Simon1,2020.1.2,MacIntel,60,3679,,,z,1,0.365,,,,,,,,0,47,47,0,1
,,,,,,,,,,,,Images/IncongruentRight.jpeg,Incongruent Right,m,XW,20,Female,Year ,N,Y,Chinese,English,,2021-03-01_01h33.41.881,Tse_Altarriba_Simon1,2020.1.2,MacIntel,60,3679,,,z,0,0.349,,,,,,,,0,48,48,30,1
,,,,,,,,,,,,Images/NeurtalRight.jpeg,Neutral Right,m,XW,20,Female,Year ,N,Y,Chinese,English,,2021-03-01_01h33.41.881,Tse_Altarriba_Simon1,2020.1.2,MacIntel,60,3679,,,m,1,0.358,,,,,,,,0,49,49,53,1
,,,,,,,,,,,,Images/IncongruentRight.jpeg,Incongruent Right,m,XW,20,Female,Year ,N,Y,Chinese,English,,2021-03-01_01h33.41.881,Tse_Altarriba_Simon1,2020.1.2,MacIntel,60,3679,,,m,1,0.458,,,,,,,,0,50,50,33,1
,,,,,,,,,,,,Images/CongruentRight.jpeg,Congruent Right,m,XW,20,Female,Year ,N,Y,Chinese,English,,2021-03-01_01h33.41.881,Tse_Altarriba_Simon1,2020.1.2,MacIntel,60,3679,,,m,1,0.467,,,,,,,,0,51,51,18,1
,,,,,,,,,,,,Images/CongruentRight.jpeg,Congruent Right,m,XW,20,Female,Year ,N,Y,Chinese,English,,2021-03-01_01h33.41.881,Tse_Altarriba_Simon1,2020.1.2,MacIntel,60,3679,,,m,1,0.403,,,,,,,,0,52,52,13,1
,,,,,,,,,,,,Images/IncongruentRight.jpeg,Incongruent Right,m,XW,20,Female,Year ,N,Y,Chinese,English,,2021-03-01_01h33.41.881,Tse_Altarriba_Simon1,2020.1.2,MacIntel,60,3679,,,m,1,0.387,,,,,,,,0,53,53,31,1
,,,,,,,,,,,,Images/CongruentRight.jpeg,Congruent Right,m,XW,20,Female,Year ,N,Y,Chinese,English,,2021-03-01_01h33.41.881,Tse_Altarriba_Simon1,2020.1.2,MacIntel,60,3679,,,m,1,0.349,,,,,,,,0,54,54,19,1
,,,,,,,,,,,,Images/IncongruentRight.jpeg,Incongruent Right,m,XW,20,Female,Year ,N,Y,Chinese,English,,2021-03-01_01h33.41.881,Tse_Altarriba_Simon1,2020.1.2,MacIntel,60,3679,,,m,1,0.472,,,,,,,,0,55,55,38,1
,,,,,,,,,,,,Images/NeurtalRight.jpeg,Neutral Right,m,XW,20,Female,Year ,N,Y,Chinese,English,,2021-03-01_01h33.41.881,Tse_Altarriba_Simon1,2020.1.2,MacIntel,60,3679,,,m,1,0.422,,,,,,,,0,56,56,50,1
,,,,,,,,,,,,Images/NeutralLeft.jpeg,Neutral Left,z,XW,20,Female,Year ,N,Y,Chinese,English,,2021-03-01_01h33.41.881,Tse_Altarriba_Simon1,2020.1.2,MacIntel,60,3679,,,z,1,0.369,,,,,,,,0,57,57,42,1
,,,,,,,,,,,,Images/CongruentRight.jpeg,Congruent Right,m,XW,20,Female,Year ,N,Y,Chinese,English,,2021-03-01_01h33.41.881,Tse_Altarriba_Simon1,2020.1.2,MacIntel,60,3679,,,m,1,0.37,,,,,,,,0,58,58,12,1
,,,,,,,,,,,,Images/IncongruentLeft.jpeg,Incongruent Left,z,XW,20,Female,Year ,N,Y,Chinese,English,,2021-03-01_01h33.41.881,Tse_Altarriba_Simon1,2020.1.2,MacIntel,60,3679,,,z,1,0.484,,,,,,,,0,59,59,22,1
