Space1.keys,Space1.rt,Space2.keys,Space2.rt,response.keys,response.corr,response.rt,Practice_loop.thisRepN,Practice_loop.thisTrialN,Practice_loop.thisN,Practice_loop.thisIndex,Practice_loop.ran,ImageFile,Condition,CorrAns,Your initials,What is your age?,What is your gender?,What year are you in?,Are you Dyslexic? (Y/N),Are you bi/multilingual? (Y/N),What is your first language?,"What is your second language? (if you are monollingual, leave blank)",What other languages do you speak?,date,expName,psychopyVersion,OS,frameRate,participant,Space3.keys,Space3.rt,key_resp_2.keys,key_resp_2.corr,key_resp_2.rt,trials.thisRepN,trials.thisTrialN,trials.thisN,trials.thisIndex,trials.ran,Space4.keys,Space4.rt,trials_2.thisRepN,trials_2.thisTrialN,trials_2.thisN,trials_2.thisIndex,trials_2.ran
space,1.854,space,3.634,z,1,0.492,0,0,0,1,1,Images/CongruentLeft.jpeg,Congruent Left,z,SK,20,Female,2,N,Y,Turkish,English,,2021-02-28_16h44.23.443,Tse_Altarriba_Simon1,2020.1.2,MacIntel,60,3688,,,,,,,,,,,,,,,,,
,,,,z,1,0.389,0,1,1,0,1,Images/CongruentLeft.jpeg,Congruent Left,z,SK,20,Female,2,N,Y,Turkish,English,,2021-02-28_16h44.23.443,Tse_Altarriba_Simon1,2020.1.2,MacIntel,60,3688,,,,,,,,,,,,,,,,,
,,,,m,1,0.345,0,2,2,11,1,Images/NeurtalRight.jpeg,Neutral Right,m,SK,20,Female,2,N,Y,Turkish,English,,2021-02-28_16h44.23.443,Tse_Altarriba_Simon1,2020.1.2,MacIntel,60,3688,,,,,,,,,,,,,,,,,
,,,,m,1,0.513,0,3,3,3,1,Images/CongruentRight.jpeg,Congruent Right,m,SK,20,Female,2,N,Y,Turkish,English,,2021-02-28_16h44.23.443,Tse_Altarriba_Simon1,2020.1.2,MacIntel,60,3688,,,,,,,,,,,,,,,,,
,,,,z,1,0.436,0,4,4,8,1,Images/NeutralLeft.jpeg,Neutral Left,z,SK,20,Female,2,N,Y,Turkish,English,,2021-02-28_16h44.23.443,Tse_Altarriba_Simon1,2020.1.2,MacIntel,60,3688,,,,,,,,,,,,,,,,,
,,,,m,1,0.397,0,5,5,10,1,Images/NeurtalRight.jpeg,Neutral Right,m,SK,20,Female,2,N,Y,Turkish,English,,2021-02-28_16h44.23.443,Tse_Altarriba_Simon1,2020.1.2,MacIntel,60,3688,,,,,,,,,,,,,,,,,
,,,,z,1,0.395,0,6,6,4,1,Images/IncongruentLeft.jpeg,Incongruent Left,z,SK,20,Female,2,N,Y,Turkish,English,,2021-02-28_16h44.23.443,Tse_Altarriba_Simon1,2020.1.2,MacIntel,60,3688,,,,,,,,,,,,,,,,,
,,,,z,0,0.328,0,7,7,7,1,Images/IncongruentRight.jpeg,Incongruent Right,m,SK,20,Female,2,N,Y,Turkish,English,,2021-02-28_16h44.23.443,Tse_Altarriba_Simon1,2020.1.2,MacIntel,60,3688,,,,,,,,,,,,,,,,,
,,,,m,1,0.348,0,8,8,6,1,Images/IncongruentRight.jpeg,Incongruent Right,m,SK,20,Female,2,N,Y,Turkish,English,,2021-02-28_16h44.23.443,Tse_Altarriba_Simon1,2020.1.2,MacIntel,60,3688,,,,,,,,,,,,,,,,,
,,,,z,1,0.504,0,9,9,5,1,Images/IncongruentLeft.jpeg,Incongruent Left,z,SK,20,Female,2,N,Y,Turkish,English,,2021-02-28_16h44.23.443,Tse_Altarriba_Simon1,2020.1.2,MacIntel,60,3688,,,,,,,,,,,,,,,,,
,,,,z,1,0.432,0,10,10,9,1,Images/NeutralLeft.jpeg,Neutral Left,z,SK,20,Female,2,N,Y,Turkish,English,,2021-02-28_16h44.23.443,Tse_Altarriba_Simon1,2020.1.2,MacIntel,60,3688,,,,,,,,,,,,,,,,,
,,,,m,1,0.32,0,11,11,2,1,Images/CongruentRight.jpeg,Congruent Right,m,SK,20,Female,2,N,Y,Turkish,English,,2021-02-28_16h44.23.443,Tse_Altarriba_Simon1,2020.1.2,MacIntel,60,3688,,,,,,,,,,,,,,,,,
,,,,,,,,,,,,Images/CongruentLeft.jpeg,Congruent Left,z,SK,20,Female,2,N,Y,Turkish,English,,2021-02-28_16h44.23.443,Tse_Altarriba_Simon1,2020.1.2,MacIntel,60,3688,space,1.28,z,1,0.431,0,0,0,0,1,,,,,,,
,,,,,,,,,,,,Images/IncongruentLeft.jpeg,Incongruent Left,z,SK,20,Female,2,N,Y,Turkish,English,,2021-02-28_16h44.23.443,Tse_Altarriba_Simon1,2020.1.2,MacIntel,60,3688,,,m,0,0.304,0,1,1,24,1,,,,,,,
,,,,,,,,,,,,Images/NeurtalRight.jpeg,Neutral Right,m,SK,20,Female,2,N,Y,Turkish,English,,2021-02-28_16h44.23.443,Tse_Altarriba_Simon1,2020.1.2,MacIntel,60,3688,,,m,1,0.398,0,2,2,58,1,,,,,,,
,,,,,,,,,,,,Images/NeurtalRight.jpeg,Neutral Right,m,SK,20,Female,2,N,Y,Turkish,English,,2021-02-28_16h44.23.443,Tse_Altarriba_Simon1,2020.1.2,MacIntel,60,3688,,,m,1,0.431,0,3,3,57,1,,,,,,,
,,,,,,,,,,,,Images/IncongruentLeft.jpeg,Incongruent Left,z,SK,20,Female,2,N,Y,Turkish,English,,2021-02-28_16h44.23.443,Tse_Altarriba_Simon1,2020.1.2,MacIntel,60,3688,,,z,1,0.504,0,4,4,22,1,,,,,,,
,,,,,,,,,,,,Images/CongruentRight.jpeg,Congruent Right,m,SK,20,Female,2,N,Y,Turkish,English,,2021-02-28_16h44.23.443,Tse_Altarriba_Simon1,2020.1.2,MacIntel,60,3688,,,m,1,0.436,0,5,5,11,1,,,,,,,
,,,,,,,,,,,,Images/CongruentLeft.jpeg,Congruent Left,z,SK,20,Female,2,N,Y,Turkish,English,,2021-02-28_16h44.23.443,Tse_Altarriba_Simon1,2020.1.2,MacIntel,60,3688,,,z,1,0.333,0,6,6,1,1,,,,,,,
,,,,,,,,,,,,Images/IncongruentLeft.jpeg,Incongruent Left,z,SK,20,Female,2,N,Y,Turkish,English,,2021-02-28_16h44.23.443,Tse_Altarriba_Simon1,2020.1.2,MacIntel,60,3688,,,m,0,0.313,0,7,7,26,1,,,,,,,
,,,,,,,,,,,,Images/CongruentRight.jpeg,Congruent Right,m,SK,20,Female,2,N,Y,Turkish,English,,2021-02-28_16h44.23.443,Tse_Altarriba_Simon1,2020.1.2,MacIntel,60,3688,,,m,1,0.513,0,8,8,14,1,,,,,,,
,,,,,,,,,,,,Images/NeurtalRight.jpeg,Neutral Right,m,SK,20,Female,2,N,Y,Turkish,English,,2021-02-28_16h44.23.443,Tse_Altarriba_Simon1,2020.1.2,MacIntel,60,3688,,,m,1,0.617,0,9,9,50,1,,,,,,,
,,,,,,,,,,,,Images/IncongruentLeft.jpeg,Incongruent Left,z,SK,20,Female,2,N,Y,Turkish,English,,2021-02-28_16h44.23.443,Tse_Altarriba_Simon1,2020.1.2,MacIntel,60,3688,,,z,1,0.415,0,10,10,29,1,,,,,,,
,,,,,,,,,,,,Images/IncongruentRight.jpeg,Incongruent Right,m,SK,20,Female,2,N,Y,Turkish,English,,2021-02-28_16h44.23.443,Tse_Altarriba_Simon1,2020.1.2,MacIntel,60,3688,,,m,1,0.419,0,11,11,36,1,,,,,,,
,,,,,,,,,,,,Images/NeutralLeft.jpeg,Neutral Left,z,SK,20,Female,2,N,Y,Turkish,English,,2021-02-28_16h44.23.443,Tse_Altarriba_Simon1,2020.1.2,MacIntel,60,3688,,,z,1,0.402,0,12,12,45,1,,,,,,,
,,,,,,,,,,,,Images/CongruentLeft.jpeg,Congruent Left,z,SK,20,Female,2,N,Y,Turkish,English,,2021-02-28_16h44.23.443,Tse_Altarriba_Simon1,2020.1.2,MacIntel,60,3688,,,z,1,0.651,0,13,13,2,1,,,,,,,
,,,,,,,,,,,,Images/IncongruentLeft.jpeg,Incongruent Left,z,SK,20,Female,2,N,Y,Turkish,English,,2021-02-28_16h44.23.443,Tse_Altarriba_Simon1,2020.1.2,MacIntel,60,3688,,,m,0,0.315,0,14,14,20,1,,,,,,,
,,,,,,,,,,,,Images/NeurtalRight.jpeg,Neutral Right,m,SK,20,Female,2,N,Y,Turkish,English,,2021-02-28_16h44.23.443,Tse_Altarriba_Simon1,2020.1.2,MacIntel,60,3688,,,m,1,0.433,0,15,15,59,1,,,,,,,
,,,,,,,,,,,,Images/CongruentLeft.jpeg,Congruent Left,z,SK,20,Female,2,N,Y,Turkish,English,,2021-02-28_16h44.23.443,Tse_Altarriba_Simon1,2020.1.2,MacIntel,60,3688,,,z,1,0.431,0,16,16,8,1,,,,,,,
,,,,,,,,,,,,Images/NeutralLeft.jpeg,Neutral Left,z,SK,20,Female,2,N,Y,Turkish,English,,2021-02-28_16h44.23.443,Tse_Altarriba_Simon1,2020.1.2,MacIntel,60,3688,,,z,1,0.398,0,17,17,48,1,,,,,,,
,,,,,,,,,,,,Images/NeutralLeft.jpeg,Neutral Left,z,SK,20,Female,2,N,Y,Turkish,English,,2021-02-28_16h44.23.443,Tse_Altarriba_Simon1,2020.1.2,MacIntel,60,3688,,,z,1,0.381,0,18,18,42,1,,,,,,,
,,,,,,,,,,,,Images/NeurtalRight.jpeg,Neutral Right,m,SK,20,Female,2,N,Y,Turkish,English,,2021-02-28_16h44.23.443,Tse_Altarriba_Simon1,2020.1.2,MacIntel,60,3688,,,m,1,0.418,0,19,19,51,1,,,,,,,
,,,,,,,,,,,,Images/IncongruentRight.jpeg,Incongruent Right,m,SK,20,Female,2,N,Y,Turkish,English,,2021-02-28_16h44.23.443,Tse_Altarriba_Simon1,2020.1.2,MacIntel,60,3688,,,m,1,0.447,0,20,20,35,1,,,,,,,
,,,,,,,,,,,,Images/NeurtalRight.jpeg,Neutral Right,m,SK,20,Female,2,N,Y,Turkish,English,,2021-02-28_16h44.23.443,Tse_Altarriba_Simon1,2020.1.2,MacIntel,60,3688,,,m,1,0.365,0,21,21,56,1,,,,,,,
,,,,,,,,,,,,Images/CongruentLeft.jpeg,Congruent Left,z,SK,20,Female,2,N,Y,Turkish,English,,2021-02-28_16h44.23.443,Tse_Altarriba_Simon1,2020.1.2,MacIntel,60,3688,,,z,1,0.339,0,22,22,6,1,,,,,,,
,,,,,,,,,,,,Images/IncongruentRight.jpeg,Incongruent Right,m,SK,20,Female,2,N,Y,Turkish,English,,2021-02-28_16h44.23.443,Tse_Altarriba_Simon1,2020.1.2,MacIntel,60,3688,,,m,1,0.369,0,23,23,39,1,,,,,,,
,,,,,,,,,,,,Images/CongruentRight.jpeg,Congruent Right,m,SK,20,Female,2,N,Y,Turkish,English,,2021-02-28_16h44.23.443,Tse_Altarriba_Simon1,2020.1.2,MacIntel,60,3688,,,m,1,0.519,0,24,24,13,1,,,,,,,
,,,,,,,,,,,,Images/CongruentRight.jpeg,Congruent Right,m,SK,20,Female,2,N,Y,Turkish,English,,2021-02-28_16h44.23.443,Tse_Altarriba_Simon1,2020.1.2,MacIntel,60,3688,,,m,1,0.486,0,25,25,15,1,,,,,,,
,,,,,,,,,,,,Images/CongruentLeft.jpeg,Congruent Left,z,SK,20,Female,2,N,Y,Turkish,English,,2021-02-28_16h44.23.443,Tse_Altarriba_Simon1,2020.1.2,MacIntel,60,3688,,,z,1,0.34,0,26,26,3,1,,,,,,,
,,,,,,,,,,,,Images/NeutralLeft.jpeg,Neutral Left,z,SK,20,Female,2,N,Y,Turkish,English,,2021-02-28_16h44.23.443,Tse_Altarriba_Simon1,2020.1.2,MacIntel,60,3688,,,m,0,0.335,0,27,27,46,1,,,,,,,
,,,,,,,,,,,,Images/NeutralLeft.jpeg,Neutral Left,z,SK,20,Female,2,N,Y,Turkish,English,,2021-02-28_16h44.23.443,Tse_Altarriba_Simon1,2020.1.2,MacIntel,60,3688,,,z,1,0.514,0,28,28,44,1,,,,,,,
,,,,,,,,,,,,Images/IncongruentLeft.jpeg,Incongruent Left,z,SK,20,Female,2,N,Y,Turkish,English,,2021-02-28_16h44.23.443,Tse_Altarriba_Simon1,2020.1.2,MacIntel,60,3688,,,z,1,0.418,0,29,29,25,1,,,,,,,
,,,,,,,,,,,,Images/NeurtalRight.jpeg,Neutral Right,m,SK,20,Female,2,N,Y,Turkish,English,,2021-02-28_16h44.23.443,Tse_Altarriba_Simon1,2020.1.2,MacIntel,60,3688,,,m,1,0.419,0,30,30,53,1,,,,,,,
,,,,,,,,,,,,Images/IncongruentRight.jpeg,Incongruent Right,m,SK,20,Female,2,N,Y,Turkish,English,,2021-02-28_16h44.23.443,Tse_Altarriba_Simon1,2020.1.2,MacIntel,60,3688,,,m,1,0.414,0,31,31,30,1,,,,,,,
,,,,,,,,,,,,Images/CongruentLeft.jpeg,Congruent Left,z,SK,20,Female,2,N,Y,Turkish,English,,2021-02-28_16h44.23.443,Tse_Altarriba_Simon1,2020.1.2,MacIntel,60,3688,,,z,1,0.315,0,32,32,4,1,,,,,,,
,,,,,,,,,,,,Images/NeurtalRight.jpeg,Neutral Right,m,SK,20,Female,2,N,Y,Turkish,English,,2021-02-28_16h44.23.443,Tse_Altarriba_Simon1,2020.1.2,MacIntel,60,3688,,,m,1,0.366,0,33,33,52,1,,,,,,,
,,,,,,,,,,,,Images/IncongruentLeft.jpeg,Incongruent Left,z,SK,20,Female,2,N,Y,Turkish,English,,2021-02-28_16h44.23.443,Tse_Altarriba_Simon1,2020.1.2,MacIntel,60,3688,,,z,1,0.449,0,34,34,28,1,,,,,,,
,,,,,,,,,,,,Images/NeurtalRight.jpeg,Neutral Right,m,SK,20,Female,2,N,Y,Turkish,English,,2021-02-28_16h44.23.443,Tse_Altarriba_Simon1,2020.1.2,MacIntel,60,3688,,,m,1,0.333,0,35,35,55,1,,,,,,,
,,,,,,,,,,,,Images/CongruentLeft.jpeg,Congruent Left,z,SK,20,Female,2,N,Y,Turkish,English,,2021-02-28_16h44.23.443,Tse_Altarriba_Simon1,2020.1.2,MacIntel,60,3688,,,z,1,0.396,0,36,36,7,1,,,,,,,
,,,,,,,,,,,,Images/CongruentLeft.jpeg,Congruent Left,z,SK,20,Female,2,N,Y,Turkish,English,,2021-02-28_16h44.23.443,Tse_Altarriba_Simon1,2020.1.2,MacIntel,60,3688,,,z,1,0.417,0,37,37,5,1,,,,,,,
,,,,,,,,,,,,Images/IncongruentLeft.jpeg,Incongruent Left,z,SK,20,Female,2,N,Y,Turkish,English,,2021-02-28_16h44.23.443,Tse_Altarriba_Simon1,2020.1.2,MacIntel,60,3688,,,z,1,0.514,0,38,38,21,1,,,,,,,
,,,,,,,,,,,,Images/CongruentRight.jpeg,Congruent Right,m,SK,20,Female,2,N,Y,Turkish,English,,2021-02-28_16h44.23.443,Tse_Altarriba_Simon1,2020.1.2,MacIntel,60,3688,,,m,1,0.433,0,39,39,19,1,,,,,,,
,,,,,,,,,,,,Images/IncongruentRight.jpeg,Incongruent Right,m,SK,20,Female,2,N,Y,Turkish,English,,2021-02-28_16h44.23.443,Tse_Altarriba_Simon1,2020.1.2,MacIntel,60,3688,,,m,1,0.398,0,40,40,31,1,,,,,,,
,,,,,,,,,,,,Images/NeutralLeft.jpeg,Neutral Left,z,SK,20,Female,2,N,Y,Turkish,English,,2021-02-28_16h44.23.443,Tse_Altarriba_Simon1,2020.1.2,MacIntel,60,3688,,,z,1,0.47,0,41,41,40,1,,,,,,,
,,,,,,,,,,,,Images/CongruentRight.jpeg,Congruent Right,m,SK,20,Female,2,N,Y,Turkish,English,,2021-02-28_16h44.23.443,Tse_Altarriba_Simon1,2020.1.2,MacIntel,60,3688,,,m,1,0.471,0,42,42,12,1,,,,,,,
,,,,,,,,,,,,Images/NeurtalRight.jpeg,Neutral Right,m,SK,20,Female,2,N,Y,Turkish,English,,2021-02-28_16h44.23.443,Tse_Altarriba_Simon1,2020.1.2,MacIntel,60,3688,,,m,1,0.431,0,43,43,54,1,,,,,,,
,,,,,,,,,,,,Images/IncongruentLeft.jpeg,Incongruent Left,z,SK,20,Female,2,N,Y,Turkish,English,,2021-02-28_16h44.23.443,Tse_Altarriba_Simon1,2020.1.2,MacIntel,60,3688,,,z,1,0.432,0,44,44,23,1,,,,,,,
,,,,,,,,,,,,Images/CongruentRight.jpeg,Congruent Right,m,SK,20,Female,2,N,Y,Turkish,English,,2021-02-28_16h44.23.443,Tse_Altarriba_Simon1,2020.1.2,MacIntel,60,3688,,,m,1,0.405,0,45,45,17,1,,,,,,,
,,,,,,,,,,,,Images/IncongruentRight.jpeg,Incongruent Right,m,SK,20,Female,2,N,Y,Turkish,English,,2021-02-28_16h44.23.443,Tse_Altarriba_Simon1,2020.1.2,MacIntel,60,3688,,,m,1,0.419,0,46,46,38,1,,,,,,,
,,,,,,,,,,,,Images/CongruentRight.jpeg,Congruent Right,m,SK,20,Female,2,N,Y,Turkish,English,,2021-02-28_16h44.23.443,Tse_Altarriba_Simon1,2020.1.2,MacIntel,60,3688,,,m,1,0.413,0,47,47,16,1,,,,,,,
,,,,,,,,,,,,Images/NeutralLeft.jpeg,Neutral Left,z,SK,20,Female,2,N,Y,Turkish,English,,2021-02-28_16h44.23.443,Tse_Altarriba_Simon1,2020.1.2,MacIntel,60,3688,,,m,0,0.299,0,48,48,49,1,,,,,,,
,,,,,,,,,,,,Images/IncongruentRight.jpeg,Incongruent Right,m,SK,20,Female,2,N,Y,Turkish,English,,2021-02-28_16h44.23.443,Tse_Altarriba_Simon1,2020.1.2,MacIntel,60,3688,,,m,1,0.465,0,49,49,37,1,,,,,,,
,,,,,,,,,,,,Images/CongruentRight.jpeg,Congruent Right,m,SK,20,Female,2,N,Y,Turkish,English,,2021-02-28_16h44.23.443,Tse_Altarriba_Simon1,2020.1.2,MacIntel,60,3688,,,m,1,0.38,0,50,50,10,1,,,,,,,
,,,,,,,,,,,,Images/CongruentRight.jpeg,Congruent Right,m,SK,20,Female,2,N,Y,Turkish,English,,2021-02-28_16h44.23.443,Tse_Altarriba_Simon1,2020.1.2,MacIntel,60,3688,,,m,1,0.299,0,51,51,18,1,,,,,,,
,,,,,,,,,,,,Images/IncongruentRight.jpeg,Incongruent Right,m,SK,20,Female,2,N,Y,Turkish,English,,2021-02-28_16h44.23.443,Tse_Altarriba_Simon1,2020.1.2,MacIntel,60,3688,,,m,1,0.435,0,52,52,32,1,,,,,,,
,,,,,,,,,,,,Images/IncongruentLeft.jpeg,Incongruent Left,z,SK,20,Female,2,N,Y,Turkish,English,,2021-02-28_16h44.23.443,Tse_Altarriba_Simon1,2020.1.2,MacIntel,60,3688,,,z,1,0.47,0,53,53,27,1,,,,,,,
,,,,,,,,,,,,Images/NeutralLeft.jpeg,Neutral Left,z,SK,20,Female,2,N,Y,Turkish,English,,2021-02-28_16h44.23.443,Tse_Altarriba_Simon1,2020.1.2,MacIntel,60,3688,,,z,1,0.387,0,54,54,47,1,,,,,,,
,,,,,,,,,,,,Images/NeutralLeft.jpeg,Neutral Left,z,SK,20,Female,2,N,Y,Turkish,English,,2021-02-28_16h44.23.443,Tse_Altarriba_Simon1,2020.1.2,MacIntel,60,3688,,,m,0,0.269,0,55,55,43,1,,,,,,,
,,,,,,,,,,,,Images/IncongruentRight.jpeg,Incongruent Right,m,SK,20,Female,2,N,Y,Turkish,English,,2021-02-28_16h44.23.443,Tse_Altarriba_Simon1,2020.1.2,MacIntel,60,3688,,,m,1,0.364,0,56,56,34,1,,,,,,,
,,,,,,,,,,,,Images/NeutralLeft.jpeg,Neutral Left,z,SK,20,Female,2,N,Y,Turkish,English,,2021-02-28_16h44.23.443,Tse_Altarriba_Simon1,2020.1.2,MacIntel,60,3688,,,z,1,0.385,0,57,57,41,1,,,,,,,
,,,,,,,,,,,,Images/CongruentLeft.jpeg,Congruent Left,z,SK,20,Female,2,N,Y,Turkish,English,,2021-02-28_16h44.23.443,Tse_Altarriba_Simon1,2020.1.2,MacIntel,60,3688,,,z,1,0.417,0,58,58,9,1,,,,,,,
,,,,,,,,,,,,Images/IncongruentRight.jpeg,Incongruent Right,m,SK,20,Female,2,N,Y,Turkish,English,,2021-02-28_16h44.23.443,Tse_Altarriba_Simon1,2020.1.2,MacIntel,60,3688,,,m,1,0.43,0,59,59,33,1,,,,,,,
,,,,,,,,,,,,Images/IncongruentRight.jpeg,Incongruent Right,m,SK,20,Female,2,N,Y,Turkish,English,,2021-02-28_16h44.23.443,Tse_Altarriba_Simon1,2020.1.2,MacIntel,60,3688,,,m,1,0.464,,,,,,space,3.539,0,0,0,30,1
,,,,,,,,,,,,Images/NeurtalRight.jpeg,Neutral Right,m,SK,20,Female,2,N,Y,Turkish,English,,2021-02-28_16h44.23.443,Tse_Altarriba_Simon1,2020.1.2,MacIntel,60,3688,,,m,1,0.381,,,,,,,,0,1,1,56,1
,,,,,,,,,,,,Images/NeutralLeft.jpeg,Neutral Left,z,SK,20,Female,2,N,Y,Turkish,English,,2021-02-28_16h44.23.443,Tse_Altarriba_Simon1,2020.1.2,MacIntel,60,3688,,,z,1,0.416,,,,,,,,0,2,2,46,1
,,,,,,,,,,,,Images/CongruentLeft.jpeg,Congruent Left,z,SK,20,Female,2,N,Y,Turkish,English,,2021-02-28_16h44.23.443,Tse_Altarriba_Simon1,2020.1.2,MacIntel,60,3688,,,z,1,0.42,,,,,,,,0,3,3,4,1
,,,,,,,,,,,,Images/CongruentRight.jpeg,Congruent Right,m,SK,20,Female,2,N,Y,Turkish,English,,2021-02-28_16h44.23.443,Tse_Altarriba_Simon1,2020.1.2,MacIntel,60,3688,,,m,1,0.419,,,,,,,,0,4,4,13,1
,,,,,,,,,,,,Images/CongruentLeft.jpeg,Congruent Left,z,SK,20,Female,2,N,Y,Turkish,English,,2021-02-28_16h44.23.443,Tse_Altarriba_Simon1,2020.1.2,MacIntel,60,3688,,,z,1,0.416,,,,,,,,0,5,5,7,1
,,,,,,,,,,,,Images/IncongruentRight.jpeg,Incongruent Right,m,SK,20,Female,2,N,Y,Turkish,English,,2021-02-28_16h44.23.443,Tse_Altarriba_Simon1,2020.1.2,MacIntel,60,3688,,,m,1,0.382,,,,,,,,0,6,6,36,1
,,,,,,,,,,,,Images/CongruentRight.jpeg,Congruent Right,m,SK,20,Female,2,N,Y,Turkish,English,,2021-02-28_16h44.23.443,Tse_Altarriba_Simon1,2020.1.2,MacIntel,60,3688,,,m,1,0.487,,,,,,,,0,7,7,10,1
,,,,,,,,,,,,Images/IncongruentLeft.jpeg,Incongruent Left,z,SK,20,Female,2,N,Y,Turkish,English,,2021-02-28_16h44.23.443,Tse_Altarriba_Simon1,2020.1.2,MacIntel,60,3688,,,z,1,0.431,,,,,,,,0,8,8,28,1
,,,,,,,,,,,,Images/NeurtalRight.jpeg,Neutral Right,m,SK,20,Female,2,N,Y,Turkish,English,,2021-02-28_16h44.23.443,Tse_Altarriba_Simon1,2020.1.2,MacIntel,60,3688,,,m,1,0.331,,,,,,,,0,9,9,53,1
,,,,,,,,,,,,Images/NeurtalRight.jpeg,Neutral Right,m,SK,20,Female,2,N,Y,Turkish,English,,2021-02-28_16h44.23.443,Tse_Altarriba_Simon1,2020.1.2,MacIntel,60,3688,,,m,1,0.467,,,,,,,,0,10,10,59,1
,,,,,,,,,,,,Images/NeurtalRight.jpeg,Neutral Right,m,SK,20,Female,2,N,Y,Turkish,English,,2021-02-28_16h44.23.443,Tse_Altarriba_Simon1,2020.1.2,MacIntel,60,3688,,,m,1,0.403,,,,,,,,0,11,11,52,1
,,,,,,,,,,,,Images/CongruentRight.jpeg,Congruent Right,m,SK,20,Female,2,N,Y,Turkish,English,,2021-02-28_16h44.23.443,Tse_Altarriba_Simon1,2020.1.2,MacIntel,60,3688,,,m,1,0.504,,,,,,,,0,12,12,12,1
,,,,,,,,,,,,Images/NeutralLeft.jpeg,Neutral Left,z,SK,20,Female,2,N,Y,Turkish,English,,2021-02-28_16h44.23.443,Tse_Altarriba_Simon1,2020.1.2,MacIntel,60,3688,,,z,1,0.364,,,,,,,,0,13,13,45,1
,,,,,,,,,,,,Images/IncongruentRight.jpeg,Incongruent Right,m,SK,20,Female,2,N,Y,Turkish,English,,2021-02-28_16h44.23.443,Tse_Altarriba_Simon1,2020.1.2,MacIntel,60,3688,,,m,1,0.383,,,,,,,,0,14,14,32,1
,,,,,,,,,,,,Images/CongruentLeft.jpeg,Congruent Left,z,SK,20,Female,2,N,Y,Turkish,English,,2021-02-28_16h44.23.443,Tse_Altarriba_Simon1,2020.1.2,MacIntel,60,3688,,,z,1,0.438,,,,,,,,0,15,15,5,1
,,,,,,,,,,,,Images/NeurtalRight.jpeg,Neutral Right,m,SK,20,Female,2,N,Y,Turkish,English,,2021-02-28_16h44.23.443,Tse_Altarriba_Simon1,2020.1.2,MacIntel,60,3688,,,m,1,0.338,,,,,,,,0,16,16,55,1
,,,,,,,,,,,,Images/CongruentLeft.jpeg,Congruent Left,z,SK,20,Female,2,N,Y,Turkish,English,,2021-02-28_16h44.23.443,Tse_Altarriba_Simon1,2020.1.2,MacIntel,60,3688,,,z,1,0.347,,,,,,,,0,17,17,6,1
,,,,,,,,,,,,Images/CongruentRight.jpeg,Congruent Right,m,SK,20,Female,2,N,Y,Turkish,English,,2021-02-28_16h44.23.443,Tse_Altarriba_Simon1,2020.1.2,MacIntel,60,3688,,,m,1,0.352,,,,,,,,0,18,18,16,1
,,,,,,,,,,,,Images/CongruentRight.jpeg,Congruent Right,m,SK,20,Female,2,N,Y,Turkish,English,,2021-02-28_16h44.23.443,Tse_Altarriba_Simon1,2020.1.2,MacIntel,60,3688,,,m,1,0.356,,,,,,,,0,19,19,18,1
,,,,,,,,,,,,Images/CongruentLeft.jpeg,Congruent Left,z,SK,20,Female,2,N,Y,Turkish,English,,2021-02-28_16h44.23.443,Tse_Altarriba_Simon1,2020.1.2,MacIntel,60,3688,,,z,1,0.347,,,,,,,,0,20,20,2,1
,,,,,,,,,,,,Images/NeutralLeft.jpeg,Neutral Left,z,SK,20,Female,2,N,Y,Turkish,English,,2021-02-28_16h44.23.443,Tse_Altarriba_Simon1,2020.1.2,MacIntel,60,3688,,,z,1,0.436,,,,,,,,0,21,21,44,1
,,,,,,,,,,,,Images/NeutralLeft.jpeg,Neutral Left,z,SK,20,Female,2,N,Y,Turkish,English,,2021-02-28_16h44.23.443,Tse_Altarriba_Simon1,2020.1.2,MacIntel,60,3688,,,z,1,0.403,,,,,,,,0,22,22,48,1
,,,,,,,,,,,,Images/CongruentLeft.jpeg,Congruent Left,z,SK,20,Female,2,N,Y,Turkish,English,,2021-02-28_16h44.23.443,Tse_Altarriba_Simon1,2020.1.2,MacIntel,60,3688,,,z,1,0.367,,,,,,,,0,23,23,3,1
,,,,,,,,,,,,Images/IncongruentLeft.jpeg,Incongruent Left,z,SK,20,Female,2,N,Y,Turkish,English,,2021-02-28_16h44.23.443,Tse_Altarriba_Simon1,2020.1.2,MacIntel,60,3688,,,z,1,0.449,,,,,,,,0,24,24,21,1
,,,,,,,,,,,,Images/CongruentLeft.jpeg,Congruent Left,z,SK,20,Female,2,N,Y,Turkish,English,,2021-02-28_16h44.23.443,Tse_Altarriba_Simon1,2020.1.2,MacIntel,60,3688,,,z,1,0.383,,,,,,,,0,25,25,8,1
,,,,,,,,,,,,Images/IncongruentLeft.jpeg,Incongruent Left,z,SK,20,Female,2,N,Y,Turkish,English,,2021-02-28_16h44.23.443,Tse_Altarriba_Simon1,2020.1.2,MacIntel,60,3688,,,m,0,0.365,,,,,,,,0,26,26,22,1
,,,,,,,,,,,,Images/NeurtalRight.jpeg,Neutral Right,m,SK,20,Female,2,N,Y,Turkish,English,,2021-02-28_16h44.23.443,Tse_Altarriba_Simon1,2020.1.2,MacIntel,60,3688,,,m,1,0.431,,,,,,,,0,27,27,54,1
,,,,,,,,,,,,Images/CongruentRight.jpeg,Congruent Right,m,SK,20,Female,2,N,Y,Turkish,English,,2021-02-28_16h44.23.443,Tse_Altarriba_Simon1,2020.1.2,MacIntel,60,3688,,,m,1,0.367,,,,,,,,0,28,28,14,1
,,,,,,,,,,,,Images/CongruentRight.jpeg,Congruent Right,m,SK,20,Female,2,N,Y,Turkish,English,,2021-02-28_16h44.23.443,Tse_Altarriba_Simon1,2020.1.2,MacIntel,60,3688,,,m,1,0.315,,,,,,,,0,29,29,17,1
,,,,,,,,,,,,Images/NeutralLeft.jpeg,Neutral Left,z,SK,20,Female,2,N,Y,Turkish,English,,2021-02-28_16h44.23.443,Tse_Altarriba_Simon1,2020.1.2,MacIntel,60,3688,,,z,1,0.364,,,,,,,,0,30,30,49,1
,,,,,,,,,,,,Images/IncongruentLeft.jpeg,Incongruent Left,z,SK,20,Female,2,N,Y,Turkish,English,,2021-02-28_16h44.23.443,Tse_Altarriba_Simon1,2020.1.2,MacIntel,60,3688,,,z,1,0.406,,,,,,,,0,31,31,20,1
,,,,,,,,,,,,Images/IncongruentLeft.jpeg,Incongruent Left,z,SK,20,Female,2,N,Y,Turkish,English,,2021-02-28_16h44.23.443,Tse_Altarriba_Simon1,2020.1.2,MacIntel,60,3688,,,z,1,0.397,,,,,,,,0,32,32,25,1
,,,,,,,,,,,,Images/IncongruentRight.jpeg,Incongruent Right,m,SK,20,Female,2,N,Y,Turkish,English,,2021-02-28_16h44.23.443,Tse_Altarriba_Simon1,2020.1.2,MacIntel,60,3688,,,m,1,0.416,,,,,,,,0,33,33,34,1
,,,,,,,,,,,,Images/NeurtalRight.jpeg,Neutral Right,m,SK,20,Female,2,N,Y,Turkish,English,,2021-02-28_16h44.23.443,Tse_Altarriba_Simon1,2020.1.2,MacIntel,60,3688,,,m,1,0.515,,,,,,,,0,34,34,57,1
,,,,,,,,,,,,Images/NeutralLeft.jpeg,Neutral Left,z,SK,20,Female,2,N,Y,Turkish,English,,2021-02-28_16h44.23.443,Tse_Altarriba_Simon1,2020.1.2,MacIntel,60,3688,,,z,1,0.399,,,,,,,,0,35,35,42,1
,,,,,,,,,,,,Images/IncongruentRight.jpeg,Incongruent Right,m,SK,20,Female,2,N,Y,Turkish,English,,2021-02-28_16h44.23.443,Tse_Altarriba_Simon1,2020.1.2,MacIntel,60,3688,,,m,1,0.538,,,,,,,,0,36,36,33,1
,,,,,,,,,,,,Images/IncongruentLeft.jpeg,Incongruent Left,z,SK,20,Female,2,N,Y,Turkish,English,,2021-02-28_16h44.23.443,Tse_Altarriba_Simon1,2020.1.2,MacIntel,60,3688,,,z,1,0.449,,,,,,,,0,37,37,27,1
,,,,,,,,,,,,Images/IncongruentLeft.jpeg,Incongruent Left,z,SK,20,Female,2,N,Y,Turkish,English,,2021-02-28_16h44.23.443,Tse_Altarriba_Simon1,2020.1.2,MacIntel,60,3688,,,z,1,0.451,,,,,,,,0,38,38,23,1
,,,,,,,,,,,,Images/NeurtalRight.jpeg,Neutral Right,m,SK,20,Female,2,N,Y,Turkish,English,,2021-02-28_16h44.23.443,Tse_Altarriba_Simon1,2020.1.2,MacIntel,60,3688,,,m,1,0.456,,,,,,,,0,39,39,51,1
,,,,,,,,,,,,Images/NeutralLeft.jpeg,Neutral Left,z,SK,20,Female,2,N,Y,Turkish,English,,2021-02-28_16h44.23.443,Tse_Altarriba_Simon1,2020.1.2,MacIntel,60,3688,,,z,1,0.372,,,,,,,,0,40,40,40,1
,,,,,,,,,,,,Images/IncongruentRight.jpeg,Incongruent Right,m,SK,20,Female,2,N,Y,Turkish,English,,2021-02-28_16h44.23.443,Tse_Altarriba_Simon1,2020.1.2,MacIntel,60,3688,,,m,1,0.414,,,,,,,,0,41,41,38,1
,,,,,,,,,,,,Images/IncongruentLeft.jpeg,Incongruent Left,z,SK,20,Female,2,N,Y,Turkish,English,,2021-02-28_16h44.23.443,Tse_Altarriba_Simon1,2020.1.2,MacIntel,60,3688,,,z,1,0.453,,,,,,,,0,42,42,26,1
,,,,,,,,,,,,Images/IncongruentRight.jpeg,Incongruent Right,m,SK,20,Female,2,N,Y,Turkish,English,,2021-02-28_16h44.23.443,Tse_Altarriba_Simon1,2020.1.2,MacIntel,60,3688,,,m,1,0.382,,,,,,,,0,43,43,39,1
,,,,,,,,,,,,Images/CongruentRight.jpeg,Congruent Right,m,SK,20,Female,2,N,Y,Turkish,English,,2021-02-28_16h44.23.443,Tse_Altarriba_Simon1,2020.1.2,MacIntel,60,3688,,,m,1,0.502,,,,,,,,0,44,44,11,1
,,,,,,,,,,,,Images/IncongruentLeft.jpeg,Incongruent Left,z,SK,20,Female,2,N,Y,Turkish,English,,2021-02-28_16h44.23.443,Tse_Altarriba_Simon1,2020.1.2,MacIntel,60,3688,,,z,1,0.435,,,,,,,,0,45,45,29,1
,,,,,,,,,,,,Images/NeutralLeft.jpeg,Neutral Left,z,SK,20,Female,2,N,Y,Turkish,English,,2021-02-28_16h44.23.443,Tse_Altarriba_Simon1,2020.1.2,MacIntel,60,3688,,,z,1,0.366,,,,,,,,0,46,46,41,1
,,,,,,,,,,,,Images/CongruentRight.jpeg,Congruent Right,m,SK,20,Female,2,N,Y,Turkish,English,,2021-02-28_16h44.23.443,Tse_Altarriba_Simon1,2020.1.2,MacIntel,60,3688,,,m,1,0.504,,,,,,,,0,47,47,15,1
,,,,,,,,,,,,Images/CongruentLeft.jpeg,Congruent Left,z,SK,20,Female,2,N,Y,Turkish,English,,2021-02-28_16h44.23.443,Tse_Altarriba_Simon1,2020.1.2,MacIntel,60,3688,,,z,1,0.487,,,,,,,,0,48,48,9,1
,,,,,,,,,,,,Images/CongruentLeft.jpeg,Congruent Left,z,SK,20,Female,2,N,Y,Turkish,English,,2021-02-28_16h44.23.443,Tse_Altarriba_Simon1,2020.1.2,MacIntel,60,3688,,,z,1,0.354,,,,,,,,0,49,49,0,1
,,,,,,,,,,,,Images/NeurtalRight.jpeg,Neutral Right,m,SK,20,Female,2,N,Y,Turkish,English,,2021-02-28_16h44.23.443,Tse_Altarriba_Simon1,2020.1.2,MacIntel,60,3688,,,m,1,0.386,,,,,,,,0,50,50,50,1
,,,,,,,,,,,,Images/NeutralLeft.jpeg,Neutral Left,z,SK,20,Female,2,N,Y,Turkish,English,,2021-02-28_16h44.23.443,Tse_Altarriba_Simon1,2020.1.2,MacIntel,60,3688,,,z,1,0.466,,,,,,,,0,51,51,43,1
,,,,,,,,,,,,Images/CongruentLeft.jpeg,Congruent Left,z,SK,20,Female,2,N,Y,Turkish,English,,2021-02-28_16h44.23.443,Tse_Altarriba_Simon1,2020.1.2,MacIntel,60,3688,,,z,1,0.466,,,,,,,,0,52,52,1,1
,,,,,,,,,,,,Images/IncongruentLeft.jpeg,Incongruent Left,z,SK,20,Female,2,N,Y,Turkish,English,,2021-02-28_16h44.23.443,Tse_Altarriba_Simon1,2020.1.2,MacIntel,60,3688,,,z,1,0.448,,,,,,,,0,53,53,24,1
,,,,,,,,,,,,Images/NeutralLeft.jpeg,Neutral Left,z,SK,20,Female,2,N,Y,Turkish,English,,2021-02-28_16h44.23.443,Tse_Altarriba_Simon1,2020.1.2,MacIntel,60,3688,,,z,1,0.418,,,,,,,,0,54,54,47,1
,,,,,,,,,,,,Images/CongruentRight.jpeg,Congruent Right,m,SK,20,Female,2,N,Y,Turkish,English,,2021-02-28_16h44.23.443,Tse_Altarriba_Simon1,2020.1.2,MacIntel,60,3688,,,m,1,0.391,,,,,,,,0,55,55,19,1
,,,,,,,,,,,,Images/IncongruentRight.jpeg,Incongruent Right,m,SK,20,Female,2,N,Y,Turkish,English,,2021-02-28_16h44.23.443,Tse_Altarriba_Simon1,2020.1.2,MacIntel,60,3688,,,m,1,0.399,,,,,,,,0,56,56,35,1
,,,,,,,,,,,,Images/IncongruentRight.jpeg,Incongruent Right,m,SK,20,Female,2,N,Y,Turkish,English,,2021-02-28_16h44.23.443,Tse_Altarriba_Simon1,2020.1.2,MacIntel,60,3688,,,m,1,0.348,,,,,,,,0,57,57,37,1
,,,,,,,,,,,,Images/IncongruentRight.jpeg,Incongruent Right,m,SK,20,Female,2,N,Y,Turkish,English,,2021-02-28_16h44.23.443,Tse_Altarriba_Simon1,2020.1.2,MacIntel,60,3688,,,m,1,0.481,,,,,,,,0,58,58,31,1
,,,,,,,,,,,,Images/NeurtalRight.jpeg,Neutral Right,m,SK,20,Female,2,N,Y,Turkish,English,,2021-02-28_16h44.23.443,Tse_Altarriba_Simon1,2020.1.2,MacIntel,60,3688,,,m,1,0.35,,,,,,,,0,59,59,58,1
