Space1.keys,Space1.rt,Space2.keys,Space2.rt,response.keys,response.corr,response.rt,Practice_loop.thisRepN,Practice_loop.thisTrialN,Practice_loop.thisN,Practice_loop.thisIndex,Practice_loop.ran,ImageFile,Condition,CorrAns,Your initials,What is your age?,What is your gender?,What year are you in?,Are you Dyslexic? (Y/N),Are you bi/multilingual? (Y/N),What is your first language?,"What is your second language? (if you are monollingual, leave blank)",What other languages do you speak?,date,expName,psychopyVersion,OS,frameRate,participant,Space3.keys,Space3.rt,key_resp_2.keys,key_resp_2.corr,key_resp_2.rt,trials.thisRepN,trials.thisTrialN,trials.thisN,trials.thisIndex,trials.ran,Space4.keys,Space4.rt,trials_2.thisRepN,trials_2.thisTrialN,trials_2.thisN,trials_2.thisIndex,trials_2.ran
space,1.085,space,8.928,z,1,0.644,0,0,0,5,1,Images/IncongruentLeft.jpeg,Incongruent Left,z,SK,20,Female,2,N,Y,Turkish,English,,2021-02-20_20h43.43.341,Tse_Altarriba_Simon1,2020.1.2,MacIntel,60,3688,,,,,,,,,,,,,,,,,
,,,,m,1,0.512,0,1,1,11,1,Images/NeurtalRight.jpeg,Neutral Right,m,SK,20,Female,2,N,Y,Turkish,English,,2021-02-20_20h43.43.341,Tse_Altarriba_Simon1,2020.1.2,MacIntel,60,3688,,,,,,,,,,,,,,,,,
,,,,z,0,0.573,0,2,2,6,1,Images/IncongruentRight.jpeg,Incongruent Right,m,SK,20,Female,2,N,Y,Turkish,English,,2021-02-20_20h43.43.341,Tse_Altarriba_Simon1,2020.1.2,MacIntel,60,3688,,,,,,,,,,,,,,,,,
,,,,z,1,0.6,0,3,3,1,1,Images/CongruentLeft.jpeg,Congruent Left,z,SK,20,Female,2,N,Y,Turkish,English,,2021-02-20_20h43.43.341,Tse_Altarriba_Simon1,2020.1.2,MacIntel,60,3688,,,,,,,,,,,,,,,,,
,,,,z,1,0.43,0,4,4,9,1,Images/NeutralLeft.jpeg,Neutral Left,z,SK,20,Female,2,N,Y,Turkish,English,,2021-02-20_20h43.43.341,Tse_Altarriba_Simon1,2020.1.2,MacIntel,60,3688,,,,,,,,,,,,,,,,,
,,,,m,1,0.347,0,5,5,2,1,Images/CongruentRight.jpeg,Congruent Right,m,SK,20,Female,2,N,Y,Turkish,English,,2021-02-20_20h43.43.341,Tse_Altarriba_Simon1,2020.1.2,MacIntel,60,3688,,,,,,,,,,,,,,,,,
,,,,z,1,0.448,0,6,6,4,1,Images/IncongruentLeft.jpeg,Incongruent Left,z,SK,20,Female,2,N,Y,Turkish,English,,2021-02-20_20h43.43.341,Tse_Altarriba_Simon1,2020.1.2,MacIntel,60,3688,,,,,,,,,,,,,,,,,
,,,,m,1,0.436,0,7,7,3,1,Images/CongruentRight.jpeg,Congruent Right,m,SK,20,Female,2,N,Y,Turkish,English,,2021-02-20_20h43.43.341,Tse_Altarriba_Simon1,2020.1.2,MacIntel,60,3688,,,,,,,,,,,,,,,,,
,,,,z,0,0.352,0,8,8,7,1,Images/IncongruentRight.jpeg,Incongruent Right,m,SK,20,Female,2,N,Y,Turkish,English,,2021-02-20_20h43.43.341,Tse_Altarriba_Simon1,2020.1.2,MacIntel,60,3688,,,,,,,,,,,,,,,,,
,,,,z,1,0.397,0,9,9,8,1,Images/NeutralLeft.jpeg,Neutral Left,z,SK,20,Female,2,N,Y,Turkish,English,,2021-02-20_20h43.43.341,Tse_Altarriba_Simon1,2020.1.2,MacIntel,60,3688,,,,,,,,,,,,,,,,,
,,,,m,1,0.397,0,10,10,10,1,Images/NeurtalRight.jpeg,Neutral Right,m,SK,20,Female,2,N,Y,Turkish,English,,2021-02-20_20h43.43.341,Tse_Altarriba_Simon1,2020.1.2,MacIntel,60,3688,,,,,,,,,,,,,,,,,
,,,,z,1,0.449,0,11,11,0,1,Images/CongruentLeft.jpeg,Congruent Left,z,SK,20,Female,2,N,Y,Turkish,English,,2021-02-20_20h43.43.341,Tse_Altarriba_Simon1,2020.1.2,MacIntel,60,3688,,,,,,,,,,,,,,,,,
,,,,,,,,,,,,Images/CongruentRight.jpeg,Congruent Right,m,SK,20,Female,2,N,Y,Turkish,English,,2021-02-20_20h43.43.341,Tse_Altarriba_Simon1,2020.1.2,MacIntel,60,3688,space,4.033,m,1,0.417,0,0,0,13,1,,,,,,,
,,,,,,,,,,,,Images/CongruentLeft.jpeg,Congruent Left,z,SK,20,Female,2,N,Y,Turkish,English,,2021-02-20_20h43.43.341,Tse_Altarriba_Simon1,2020.1.2,MacIntel,60,3688,,,z,1,0.337,0,1,1,3,1,,,,,,,
,,,,,,,,,,,,Images/IncongruentRight.jpeg,Incongruent Right,m,SK,20,Female,2,N,Y,Turkish,English,,2021-02-20_20h43.43.341,Tse_Altarriba_Simon1,2020.1.2,MacIntel,60,3688,,,m,1,0.452,0,2,2,39,1,,,,,,,
,,,,,,,,,,,,Images/NeurtalRight.jpeg,Neutral Right,m,SK,20,Female,2,N,Y,Turkish,English,,2021-02-20_20h43.43.341,Tse_Altarriba_Simon1,2020.1.2,MacIntel,60,3688,,,m,1,0.365,0,3,3,53,1,,,,,,,
,,,,,,,,,,,,Images/IncongruentLeft.jpeg,Incongruent Left,z,SK,20,Female,2,N,Y,Turkish,English,,2021-02-20_20h43.43.341,Tse_Altarriba_Simon1,2020.1.2,MacIntel,60,3688,,,z,1,0.399,0,4,4,27,1,,,,,,,
,,,,,,,,,,,,Images/IncongruentLeft.jpeg,Incongruent Left,z,SK,20,Female,2,N,Y,Turkish,English,,2021-02-20_20h43.43.341,Tse_Altarriba_Simon1,2020.1.2,MacIntel,60,3688,,,m,0,0.346,0,5,5,22,1,,,,,,,
,,,,,,,,,,,,Images/IncongruentLeft.jpeg,Incongruent Left,z,SK,20,Female,2,N,Y,Turkish,English,,2021-02-20_20h43.43.341,Tse_Altarriba_Simon1,2020.1.2,MacIntel,60,3688,,,z,1,0.405,0,6,6,21,1,,,,,,,
,,,,,,,,,,,,Images/CongruentRight.jpeg,Congruent Right,m,SK,20,Female,2,N,Y,Turkish,English,,2021-02-20_20h43.43.341,Tse_Altarriba_Simon1,2020.1.2,MacIntel,60,3688,,,m,1,0.466,0,7,7,19,1,,,,,,,
,,,,,,,,,,,,Images/NeutralLeft.jpeg,Neutral Left,z,SK,20,Female,2,N,Y,Turkish,English,,2021-02-20_20h43.43.341,Tse_Altarriba_Simon1,2020.1.2,MacIntel,60,3688,,,z,1,0.382,0,8,8,48,1,,,,,,,
,,,,,,,,,,,,Images/NeurtalRight.jpeg,Neutral Right,m,SK,20,Female,2,N,Y,Turkish,English,,2021-02-20_20h43.43.341,Tse_Altarriba_Simon1,2020.1.2,MacIntel,60,3688,,,m,1,0.432,0,9,9,56,1,,,,,,,
,,,,,,,,,,,,Images/CongruentRight.jpeg,Congruent Right,m,SK,20,Female,2,N,Y,Turkish,English,,2021-02-20_20h43.43.341,Tse_Altarriba_Simon1,2020.1.2,MacIntel,60,3688,,,m,1,0.434,0,10,10,18,1,,,,,,,
,,,,,,,,,,,,Images/IncongruentLeft.jpeg,Incongruent Left,z,SK,20,Female,2,N,Y,Turkish,English,,2021-02-20_20h43.43.341,Tse_Altarriba_Simon1,2020.1.2,MacIntel,60,3688,,,z,1,0.399,0,11,11,23,1,,,,,,,
,,,,,,,,,,,,Images/NeutralLeft.jpeg,Neutral Left,z,SK,20,Female,2,N,Y,Turkish,English,,2021-02-20_20h43.43.341,Tse_Altarriba_Simon1,2020.1.2,MacIntel,60,3688,,,z,1,0.401,0,12,12,44,1,,,,,,,
,,,,,,,,,,,,Images/IncongruentLeft.jpeg,Incongruent Left,z,SK,20,Female,2,N,Y,Turkish,English,,2021-02-20_20h43.43.341,Tse_Altarriba_Simon1,2020.1.2,MacIntel,60,3688,,,z,1,0.399,0,13,13,25,1,,,,,,,
,,,,,,,,,,,,Images/NeutralLeft.jpeg,Neutral Left,z,SK,20,Female,2,N,Y,Turkish,English,,2021-02-20_20h43.43.341,Tse_Altarriba_Simon1,2020.1.2,MacIntel,60,3688,,,z,1,0.332,0,14,14,42,1,,,,,,,
,,,,,,,,,,,,Images/IncongruentLeft.jpeg,Incongruent Left,z,SK,20,Female,2,N,Y,Turkish,English,,2021-02-20_20h43.43.341,Tse_Altarriba_Simon1,2020.1.2,MacIntel,60,3688,,,m,0,0.265,0,15,15,26,1,,,,,,,
,,,,,,,,,,,,Images/IncongruentRight.jpeg,Incongruent Right,m,SK,20,Female,2,N,Y,Turkish,English,,2021-02-20_20h43.43.341,Tse_Altarriba_Simon1,2020.1.2,MacIntel,60,3688,,,m,1,0.415,0,16,16,33,1,,,,,,,
,,,,,,,,,,,,Images/CongruentLeft.jpeg,Congruent Left,z,SK,20,Female,2,N,Y,Turkish,English,,2021-02-20_20h43.43.341,Tse_Altarriba_Simon1,2020.1.2,MacIntel,60,3688,,,z,1,0.365,0,17,17,9,1,,,,,,,
,,,,,,,,,,,,Images/NeurtalRight.jpeg,Neutral Right,m,SK,20,Female,2,N,Y,Turkish,English,,2021-02-20_20h43.43.341,Tse_Altarriba_Simon1,2020.1.2,MacIntel,60,3688,,,m,1,0.355,0,18,18,58,1,,,,,,,
,,,,,,,,,,,,Images/NeurtalRight.jpeg,Neutral Right,m,SK,20,Female,2,N,Y,Turkish,English,,2021-02-20_20h43.43.341,Tse_Altarriba_Simon1,2020.1.2,MacIntel,60,3688,,,m,1,0.366,0,19,19,55,1,,,,,,,
,,,,,,,,,,,,Images/NeutralLeft.jpeg,Neutral Left,z,SK,20,Female,2,N,Y,Turkish,English,,2021-02-20_20h43.43.341,Tse_Altarriba_Simon1,2020.1.2,MacIntel,60,3688,,,z,1,0.333,0,20,20,40,1,,,,,,,
,,,,,,,,,,,,Images/NeurtalRight.jpeg,Neutral Right,m,SK,20,Female,2,N,Y,Turkish,English,,2021-02-20_20h43.43.341,Tse_Altarriba_Simon1,2020.1.2,MacIntel,60,3688,,,z,0,0.35,0,21,21,50,1,,,,,,,
,,,,,,,,,,,,Images/IncongruentRight.jpeg,Incongruent Right,m,SK,20,Female,2,N,Y,Turkish,English,,2021-02-20_20h43.43.341,Tse_Altarriba_Simon1,2020.1.2,MacIntel,60,3688,,,m,1,0.438,0,22,22,31,1,,,,,,,
,,,,,,,,,,,,Images/CongruentLeft.jpeg,Congruent Left,z,SK,20,Female,2,N,Y,Turkish,English,,2021-02-20_20h43.43.341,Tse_Altarriba_Simon1,2020.1.2,MacIntel,60,3688,,,z,1,0.372,0,23,23,1,1,,,,,,,
,,,,,,,,,,,,Images/NeutralLeft.jpeg,Neutral Left,z,SK,20,Female,2,N,Y,Turkish,English,,2021-02-20_20h43.43.341,Tse_Altarriba_Simon1,2020.1.2,MacIntel,60,3688,,,z,1,0.382,0,24,24,49,1,,,,,,,
,,,,,,,,,,,,Images/NeurtalRight.jpeg,Neutral Right,m,SK,20,Female,2,N,Y,Turkish,English,,2021-02-20_20h43.43.341,Tse_Altarriba_Simon1,2020.1.2,MacIntel,60,3688,,,m,1,0.416,0,25,25,59,1,,,,,,,
,,,,,,,,,,,,Images/CongruentRight.jpeg,Congruent Right,m,SK,20,Female,2,N,Y,Turkish,English,,2021-02-20_20h43.43.341,Tse_Altarriba_Simon1,2020.1.2,MacIntel,60,3688,,,m,1,0.646,0,26,26,16,1,,,,,,,
,,,,,,,,,,,,Images/CongruentLeft.jpeg,Congruent Left,z,SK,20,Female,2,N,Y,Turkish,English,,2021-02-20_20h43.43.341,Tse_Altarriba_Simon1,2020.1.2,MacIntel,60,3688,,,z,1,0.332,0,27,27,8,1,,,,,,,
,,,,,,,,,,,,Images/IncongruentRight.jpeg,Incongruent Right,m,SK,20,Female,2,N,Y,Turkish,English,,2021-02-20_20h43.43.341,Tse_Altarriba_Simon1,2020.1.2,MacIntel,60,3688,,,m,1,0.433,0,28,28,30,1,,,,,,,
,,,,,,,,,,,,Images/IncongruentRight.jpeg,Incongruent Right,m,SK,20,Female,2,N,Y,Turkish,English,,2021-02-20_20h43.43.341,Tse_Altarriba_Simon1,2020.1.2,MacIntel,60,3688,,,m,1,0.368,0,29,29,38,1,,,,,,,
,,,,,,,,,,,,Images/CongruentRight.jpeg,Congruent Right,m,SK,20,Female,2,N,Y,Turkish,English,,2021-02-20_20h43.43.341,Tse_Altarriba_Simon1,2020.1.2,MacIntel,60,3688,,,m,1,0.334,0,30,30,12,1,,,,,,,
,,,,,,,,,,,,Images/NeutralLeft.jpeg,Neutral Left,z,SK,20,Female,2,N,Y,Turkish,English,,2021-02-20_20h43.43.341,Tse_Altarriba_Simon1,2020.1.2,MacIntel,60,3688,,,z,1,0.466,0,31,31,45,1,,,,,,,
,,,,,,,,,,,,Images/CongruentRight.jpeg,Congruent Right,m,SK,20,Female,2,N,Y,Turkish,English,,2021-02-20_20h43.43.341,Tse_Altarriba_Simon1,2020.1.2,MacIntel,60,3688,,,m,1,0.318,0,32,32,15,1,,,,,,,
,,,,,,,,,,,,Images/IncongruentRight.jpeg,Incongruent Right,m,SK,20,Female,2,N,Y,Turkish,English,,2021-02-20_20h43.43.341,Tse_Altarriba_Simon1,2020.1.2,MacIntel,60,3688,,,m,1,0.382,0,33,33,37,1,,,,,,,
,,,,,,,,,,,,Images/NeurtalRight.jpeg,Neutral Right,m,SK,20,Female,2,N,Y,Turkish,English,,2021-02-20_20h43.43.341,Tse_Altarriba_Simon1,2020.1.2,MacIntel,60,3688,,,m,1,0.353,0,34,34,52,1,,,,,,,
,,,,,,,,,,,,Images/NeurtalRight.jpeg,Neutral Right,m,SK,20,Female,2,N,Y,Turkish,English,,2021-02-20_20h43.43.341,Tse_Altarriba_Simon1,2020.1.2,MacIntel,60,3688,,,m,1,0.333,0,35,35,51,1,,,,,,,
,,,,,,,,,,,,Images/CongruentRight.jpeg,Congruent Right,m,SK,20,Female,2,N,Y,Turkish,English,,2021-02-20_20h43.43.341,Tse_Altarriba_Simon1,2020.1.2,MacIntel,60,3688,,,m,1,0.336,0,36,36,11,1,,,,,,,
,,,,,,,,,,,,Images/CongruentLeft.jpeg,Congruent Left,z,SK,20,Female,2,N,Y,Turkish,English,,2021-02-20_20h43.43.341,Tse_Altarriba_Simon1,2020.1.2,MacIntel,60,3688,,,z,1,0.335,0,37,37,5,1,,,,,,,
,,,,,,,,,,,,Images/IncongruentRight.jpeg,Incongruent Right,m,SK,20,Female,2,N,Y,Turkish,English,,2021-02-20_20h43.43.341,Tse_Altarriba_Simon1,2020.1.2,MacIntel,60,3688,,,m,1,0.368,0,38,38,34,1,,,,,,,
,,,,,,,,,,,,Images/CongruentRight.jpeg,Congruent Right,m,SK,20,Female,2,N,Y,Turkish,English,,2021-02-20_20h43.43.341,Tse_Altarriba_Simon1,2020.1.2,MacIntel,60,3688,,,m,1,0.415,0,39,39,17,1,,,,,,,
,,,,,,,,,,,,Images/IncongruentLeft.jpeg,Incongruent Left,z,SK,20,Female,2,N,Y,Turkish,English,,2021-02-20_20h43.43.341,Tse_Altarriba_Simon1,2020.1.2,MacIntel,60,3688,,,z,1,0.583,0,40,40,29,1,,,,,,,
,,,,,,,,,,,,Images/IncongruentLeft.jpeg,Incongruent Left,z,SK,20,Female,2,N,Y,Turkish,English,,2021-02-20_20h43.43.341,Tse_Altarriba_Simon1,2020.1.2,MacIntel,60,3688,,,z,1,0.449,0,41,41,24,1,,,,,,,
,,,,,,,,,,,,Images/IncongruentLeft.jpeg,Incongruent Left,z,SK,20,Female,2,N,Y,Turkish,English,,2021-02-20_20h43.43.341,Tse_Altarriba_Simon1,2020.1.2,MacIntel,60,3688,,,z,1,0.4,0,42,42,20,1,,,,,,,
,,,,,,,,,,,,Images/NeutralLeft.jpeg,Neutral Left,z,SK,20,Female,2,N,Y,Turkish,English,,2021-02-20_20h43.43.341,Tse_Altarriba_Simon1,2020.1.2,MacIntel,60,3688,,,z,1,0.354,0,43,43,46,1,,,,,,,
,,,,,,,,,,,,Images/NeutralLeft.jpeg,Neutral Left,z,SK,20,Female,2,N,Y,Turkish,English,,2021-02-20_20h43.43.341,Tse_Altarriba_Simon1,2020.1.2,MacIntel,60,3688,,,z,1,0.365,0,44,44,43,1,,,,,,,
,,,,,,,,,,,,Images/CongruentRight.jpeg,Congruent Right,m,SK,20,Female,2,N,Y,Turkish,English,,2021-02-20_20h43.43.341,Tse_Altarriba_Simon1,2020.1.2,MacIntel,60,3688,,,m,1,0.316,0,45,45,10,1,,,,,,,
,,,,,,,,,,,,Images/NeurtalRight.jpeg,Neutral Right,m,SK,20,Female,2,N,Y,Turkish,English,,2021-02-20_20h43.43.341,Tse_Altarriba_Simon1,2020.1.2,MacIntel,60,3688,,,m,1,0.365,0,46,46,54,1,,,,,,,
,,,,,,,,,,,,Images/IncongruentLeft.jpeg,Incongruent Left,z,SK,20,Female,2,N,Y,Turkish,English,,2021-02-20_20h43.43.341,Tse_Altarriba_Simon1,2020.1.2,MacIntel,60,3688,,,z,1,0.466,0,47,47,28,1,,,,,,,
,,,,,,,,,,,,Images/NeurtalRight.jpeg,Neutral Right,m,SK,20,Female,2,N,Y,Turkish,English,,2021-02-20_20h43.43.341,Tse_Altarriba_Simon1,2020.1.2,MacIntel,60,3688,,,m,1,0.499,0,48,48,57,1,,,,,,,
,,,,,,,,,,,,Images/NeutralLeft.jpeg,Neutral Left,z,SK,20,Female,2,N,Y,Turkish,English,,2021-02-20_20h43.43.341,Tse_Altarriba_Simon1,2020.1.2,MacIntel,60,3688,,,z,1,0.432,0,49,49,41,1,,,,,,,
,,,,,,,,,,,,Images/CongruentLeft.jpeg,Congruent Left,z,SK,20,Female,2,N,Y,Turkish,English,,2021-02-20_20h43.43.341,Tse_Altarriba_Simon1,2020.1.2,MacIntel,60,3688,,,z,1,0.451,0,50,50,6,1,,,,,,,
,,,,,,,,,,,,Images/CongruentLeft.jpeg,Congruent Left,z,SK,20,Female,2,N,Y,Turkish,English,,2021-02-20_20h43.43.341,Tse_Altarriba_Simon1,2020.1.2,MacIntel,60,3688,,,z,1,0.399,0,51,51,0,1,,,,,,,
,,,,,,,,,,,,Images/CongruentLeft.jpeg,Congruent Left,z,SK,20,Female,2,N,Y,Turkish,English,,2021-02-20_20h43.43.341,Tse_Altarriba_Simon1,2020.1.2,MacIntel,60,3688,,,z,1,0.337,0,52,52,2,1,,,,,,,
,,,,,,,,,,,,Images/IncongruentRight.jpeg,Incongruent Right,m,SK,20,Female,2,N,Y,Turkish,English,,2021-02-20_20h43.43.341,Tse_Altarriba_Simon1,2020.1.2,MacIntel,60,3688,,,m,1,0.772,0,53,53,32,1,,,,,,,
,,,,,,,,,,,,Images/NeutralLeft.jpeg,Neutral Left,z,SK,20,Female,2,N,Y,Turkish,English,,2021-02-20_20h43.43.341,Tse_Altarriba_Simon1,2020.1.2,MacIntel,60,3688,,,z,1,0.403,0,54,54,47,1,,,,,,,
,,,,,,,,,,,,Images/CongruentLeft.jpeg,Congruent Left,z,SK,20,Female,2,N,Y,Turkish,English,,2021-02-20_20h43.43.341,Tse_Altarriba_Simon1,2020.1.2,MacIntel,60,3688,,,z,1,0.401,0,55,55,4,1,,,,,,,
,,,,,,,,,,,,Images/IncongruentRight.jpeg,Incongruent Right,m,SK,20,Female,2,N,Y,Turkish,English,,2021-02-20_20h43.43.341,Tse_Altarriba_Simon1,2020.1.2,MacIntel,60,3688,,,m,1,0.435,0,56,56,36,1,,,,,,,
,,,,,,,,,,,,Images/IncongruentRight.jpeg,Incongruent Right,m,SK,20,Female,2,N,Y,Turkish,English,,2021-02-20_20h43.43.341,Tse_Altarriba_Simon1,2020.1.2,MacIntel,60,3688,,,m,1,0.403,0,57,57,35,1,,,,,,,
,,,,,,,,,,,,Images/CongruentLeft.jpeg,Congruent Left,z,SK,20,Female,2,N,Y,Turkish,English,,2021-02-20_20h43.43.341,Tse_Altarriba_Simon1,2020.1.2,MacIntel,60,3688,,,z,1,0.465,0,58,58,7,1,,,,,,,
,,,,,,,,,,,,Images/CongruentRight.jpeg,Congruent Right,m,SK,20,Female,2,N,Y,Turkish,English,,2021-02-20_20h43.43.341,Tse_Altarriba_Simon1,2020.1.2,MacIntel,60,3688,,,m,1,0.349,0,59,59,14,1,,,,,,,
,,,,,,,,,,,,Images/CongruentLeft.jpeg,Congruent Left,z,SK,20,Female,2,N,Y,Turkish,English,,2021-02-20_20h43.43.341,Tse_Altarriba_Simon1,2020.1.2,MacIntel,60,3688,,,z,1,0.335,,,,,,space,2.388,0,0,0,3,1
,,,,,,,,,,,,Images/NeurtalRight.jpeg,Neutral Right,m,SK,20,Female,2,N,Y,Turkish,English,,2021-02-20_20h43.43.341,Tse_Altarriba_Simon1,2020.1.2,MacIntel,60,3688,,,m,1,0.367,,,,,,,,0,1,1,56,1
,,,,,,,,,,,,Images/CongruentLeft.jpeg,Congruent Left,z,SK,20,Female,2,N,Y,Turkish,English,,2021-02-20_20h43.43.341,Tse_Altarriba_Simon1,2020.1.2,MacIntel,60,3688,,,z,1,0.335,,,,,,,,0,2,2,9,1
,,,,,,,,,,,,Images/CongruentRight.jpeg,Congruent Right,m,SK,20,Female,2,N,Y,Turkish,English,,2021-02-20_20h43.43.341,Tse_Altarriba_Simon1,2020.1.2,MacIntel,60,3688,,,m,1,0.314,,,,,,,,0,3,3,14,1
,,,,,,,,,,,,Images/IncongruentRight.jpeg,Incongruent Right,m,SK,20,Female,2,N,Y,Turkish,English,,2021-02-20_20h43.43.341,Tse_Altarriba_Simon1,2020.1.2,MacIntel,60,3688,,,m,1,0.338,,,,,,,,0,4,4,37,1
,,,,,,,,,,,,Images/CongruentRight.jpeg,Congruent Right,m,SK,20,Female,2,N,Y,Turkish,English,,2021-02-20_20h43.43.341,Tse_Altarriba_Simon1,2020.1.2,MacIntel,60,3688,,,m,1,0.353,,,,,,,,0,5,5,16,1
,,,,,,,,,,,,Images/NeutralLeft.jpeg,Neutral Left,z,SK,20,Female,2,N,Y,Turkish,English,,2021-02-20_20h43.43.341,Tse_Altarriba_Simon1,2020.1.2,MacIntel,60,3688,,,z,1,0.367,,,,,,,,0,6,6,40,1
,,,,,,,,,,,,Images/IncongruentLeft.jpeg,Incongruent Left,z,SK,20,Female,2,N,Y,Turkish,English,,2021-02-20_20h43.43.341,Tse_Altarriba_Simon1,2020.1.2,MacIntel,60,3688,,,z,1,0.448,,,,,,,,0,7,7,23,1
,,,,,,,,,,,,Images/CongruentLeft.jpeg,Congruent Left,z,SK,20,Female,2,N,Y,Turkish,English,,2021-02-20_20h43.43.341,Tse_Altarriba_Simon1,2020.1.2,MacIntel,60,3688,,,z,1,0.348,,,,,,,,0,8,8,1,1
,,,,,,,,,,,,Images/CongruentRight.jpeg,Congruent Right,m,SK,20,Female,2,N,Y,Turkish,English,,2021-02-20_20h43.43.341,Tse_Altarriba_Simon1,2020.1.2,MacIntel,60,3688,,,m,1,0.3,,,,,,,,0,9,9,17,1
,,,,,,,,,,,,Images/NeutralLeft.jpeg,Neutral Left,z,SK,20,Female,2,N,Y,Turkish,English,,2021-02-20_20h43.43.341,Tse_Altarriba_Simon1,2020.1.2,MacIntel,60,3688,,,z,1,0.486,,,,,,,,0,10,10,48,1
,,,,,,,,,,,,Images/IncongruentLeft.jpeg,Incongruent Left,z,SK,20,Female,2,N,Y,Turkish,English,,2021-02-20_20h43.43.341,Tse_Altarriba_Simon1,2020.1.2,MacIntel,60,3688,,,z,1,0.85,,,,,,,,0,11,11,28,1
,,,,,,,,,,,,Images/NeutralLeft.jpeg,Neutral Left,z,SK,20,Female,2,N,Y,Turkish,English,,2021-02-20_20h43.43.341,Tse_Altarriba_Simon1,2020.1.2,MacIntel,60,3688,,,z,1,0.351,,,,,,,,0,12,12,41,1
,,,,,,,,,,,,Images/IncongruentLeft.jpeg,Incongruent Left,z,SK,20,Female,2,N,Y,Turkish,English,,2021-02-20_20h43.43.341,Tse_Altarriba_Simon1,2020.1.2,MacIntel,60,3688,,,z,1,0.365,,,,,,,,0,13,13,22,1
,,,,,,,,,,,,Images/CongruentRight.jpeg,Congruent Right,m,SK,20,Female,2,N,Y,Turkish,English,,2021-02-20_20h43.43.341,Tse_Altarriba_Simon1,2020.1.2,MacIntel,60,3688,,,m,1,0.333,,,,,,,,0,14,14,11,1
,,,,,,,,,,,,Images/IncongruentRight.jpeg,Incongruent Right,m,SK,20,Female,2,N,Y,Turkish,English,,2021-02-20_20h43.43.341,Tse_Altarriba_Simon1,2020.1.2,MacIntel,60,3688,,,m,1,0.4,,,,,,,,0,15,15,30,1
,,,,,,,,,,,,Images/NeutralLeft.jpeg,Neutral Left,z,SK,20,Female,2,N,Y,Turkish,English,,2021-02-20_20h43.43.341,Tse_Altarriba_Simon1,2020.1.2,MacIntel,60,3688,,,z,1,0.516,,,,,,,,0,16,16,46,1
,,,,,,,,,,,,Images/IncongruentRight.jpeg,Incongruent Right,m,SK,20,Female,2,N,Y,Turkish,English,,2021-02-20_20h43.43.341,Tse_Altarriba_Simon1,2020.1.2,MacIntel,60,3688,,,m,1,0.39,,,,,,,,0,17,17,34,1
,,,,,,,,,,,,Images/IncongruentLeft.jpeg,Incongruent Left,z,SK,20,Female,2,N,Y,Turkish,English,,2021-02-20_20h43.43.341,Tse_Altarriba_Simon1,2020.1.2,MacIntel,60,3688,,,z,1,0.369,,,,,,,,0,18,18,26,1
,,,,,,,,,,,,Images/NeurtalRight.jpeg,Neutral Right,m,SK,20,Female,2,N,Y,Turkish,English,,2021-02-20_20h43.43.341,Tse_Altarriba_Simon1,2020.1.2,MacIntel,60,3688,,,z,0,0.283,,,,,,,,0,19,19,53,1
,,,,,,,,,,,,Images/IncongruentLeft.jpeg,Incongruent Left,z,SK,20,Female,2,N,Y,Turkish,English,,2021-02-20_20h43.43.341,Tse_Altarriba_Simon1,2020.1.2,MacIntel,60,3688,,,z,1,0.373,,,,,,,,0,20,20,24,1
,,,,,,,,,,,,Images/CongruentLeft.jpeg,Congruent Left,z,SK,20,Female,2,N,Y,Turkish,English,,2021-02-20_20h43.43.341,Tse_Altarriba_Simon1,2020.1.2,MacIntel,60,3688,,,z,1,0.333,,,,,,,,0,21,21,6,1
,,,,,,,,,,,,Images/NeutralLeft.jpeg,Neutral Left,z,SK,20,Female,2,N,Y,Turkish,English,,2021-02-20_20h43.43.341,Tse_Altarriba_Simon1,2020.1.2,MacIntel,60,3688,,,z,1,0.353,,,,,,,,0,22,22,43,1
,,,,,,,,,,,,Images/IncongruentLeft.jpeg,Incongruent Left,z,SK,20,Female,2,N,Y,Turkish,English,,2021-02-20_20h43.43.341,Tse_Altarriba_Simon1,2020.1.2,MacIntel,60,3688,,,z,1,0.42,,,,,,,,0,23,23,20,1
,,,,,,,,,,,,Images/CongruentRight.jpeg,Congruent Right,m,SK,20,Female,2,N,Y,Turkish,English,,2021-02-20_20h43.43.341,Tse_Altarriba_Simon1,2020.1.2,MacIntel,60,3688,,,m,1,0.303,,,,,,,,0,24,24,13,1
,,,,,,,,,,,,Images/CongruentLeft.jpeg,Congruent Left,z,SK,20,Female,2,N,Y,Turkish,English,,2021-02-20_20h43.43.341,Tse_Altarriba_Simon1,2020.1.2,MacIntel,60,3688,,,z,1,0.348,,,,,,,,0,25,25,0,1
,,,,,,,,,,,,Images/NeurtalRight.jpeg,Neutral Right,m,SK,20,Female,2,N,Y,Turkish,English,,2021-02-20_20h43.43.341,Tse_Altarriba_Simon1,2020.1.2,MacIntel,60,3688,,,m,1,0.382,,,,,,,,0,26,26,58,1
,,,,,,,,,,,,Images/CongruentRight.jpeg,Congruent Right,m,SK,20,Female,2,N,Y,Turkish,English,,2021-02-20_20h43.43.341,Tse_Altarriba_Simon1,2020.1.2,MacIntel,60,3688,,,m,1,0.416,,,,,,,,0,27,27,18,1
,,,,,,,,,,,,Images/CongruentLeft.jpeg,Congruent Left,z,SK,20,Female,2,N,Y,Turkish,English,,2021-02-20_20h43.43.341,Tse_Altarriba_Simon1,2020.1.2,MacIntel,60,3688,,,z,1,0.35,,,,,,,,0,28,28,5,1
,,,,,,,,,,,,Images/NeurtalRight.jpeg,Neutral Right,m,SK,20,Female,2,N,Y,Turkish,English,,2021-02-20_20h43.43.341,Tse_Altarriba_Simon1,2020.1.2,MacIntel,60,3688,,,m,1,0.383,,,,,,,,0,29,29,51,1
,,,,,,,,,,,,Images/IncongruentLeft.jpeg,Incongruent Left,z,SK,20,Female,2,N,Y,Turkish,English,,2021-02-20_20h43.43.341,Tse_Altarriba_Simon1,2020.1.2,MacIntel,60,3688,,,m,0,0.299,,,,,,,,0,30,30,27,1
,,,,,,,,,,,,Images/IncongruentRight.jpeg,Incongruent Right,m,SK,20,Female,2,N,Y,Turkish,English,,2021-02-20_20h43.43.341,Tse_Altarriba_Simon1,2020.1.2,MacIntel,60,3688,,,m,1,0.47,,,,,,,,0,31,31,39,1
,,,,,,,,,,,,Images/NeutralLeft.jpeg,Neutral Left,z,SK,20,Female,2,N,Y,Turkish,English,,2021-02-20_20h43.43.341,Tse_Altarriba_Simon1,2020.1.2,MacIntel,60,3688,,,z,1,0.504,,,,,,,,0,32,32,47,1
,,,,,,,,,,,,Images/IncongruentRight.jpeg,Incongruent Right,m,SK,20,Female,2,N,Y,Turkish,English,,2021-02-20_20h43.43.341,Tse_Altarriba_Simon1,2020.1.2,MacIntel,60,3688,,,m,1,0.385,,,,,,,,0,33,33,38,1
,,,,,,,,,,,,Images/IncongruentLeft.jpeg,Incongruent Left,z,SK,20,Female,2,N,Y,Turkish,English,,2021-02-20_20h43.43.341,Tse_Altarriba_Simon1,2020.1.2,MacIntel,60,3688,,,z,1,0.335,,,,,,,,0,34,34,29,1
,,,,,,,,,,,,Images/NeurtalRight.jpeg,Neutral Right,m,SK,20,Female,2,N,Y,Turkish,English,,2021-02-20_20h43.43.341,Tse_Altarriba_Simon1,2020.1.2,MacIntel,60,3688,,,m,1,0.38,,,,,,,,0,35,35,52,1
,,,,,,,,,,,,Images/NeurtalRight.jpeg,Neutral Right,m,SK,20,Female,2,N,Y,Turkish,English,,2021-02-20_20h43.43.341,Tse_Altarriba_Simon1,2020.1.2,MacIntel,60,3688,,,m,1,0.382,,,,,,,,0,36,36,55,1
,,,,,,,,,,,,Images/CongruentLeft.jpeg,Congruent Left,z,SK,20,Female,2,N,Y,Turkish,English,,2021-02-20_20h43.43.341,Tse_Altarriba_Simon1,2020.1.2,MacIntel,60,3688,,,z,1,0.349,,,,,,,,0,37,37,7,1
,,,,,,,,,,,,Images/NeurtalRight.jpeg,Neutral Right,m,SK,20,Female,2,N,Y,Turkish,English,,2021-02-20_20h43.43.341,Tse_Altarriba_Simon1,2020.1.2,MacIntel,60,3688,,,m,1,0.367,,,,,,,,0,38,38,57,1
,,,,,,,,,,,,Images/IncongruentRight.jpeg,Incongruent Right,m,SK,20,Female,2,N,Y,Turkish,English,,2021-02-20_20h43.43.341,Tse_Altarriba_Simon1,2020.1.2,MacIntel,60,3688,,,m,1,0.37,,,,,,,,0,39,39,31,1
,,,,,,,,,,,,Images/CongruentRight.jpeg,Congruent Right,m,SK,20,Female,2,N,Y,Turkish,English,,2021-02-20_20h43.43.341,Tse_Altarriba_Simon1,2020.1.2,MacIntel,60,3688,,,m,1,0.501,,,,,,,,0,40,40,10,1
,,,,,,,,,,,,Images/IncongruentRight.jpeg,Incongruent Right,m,SK,20,Female,2,N,Y,Turkish,English,,2021-02-20_20h43.43.341,Tse_Altarriba_Simon1,2020.1.2,MacIntel,60,3688,,,m,1,0.436,,,,,,,,0,41,41,33,1
,,,,,,,,,,,,Images/IncongruentRight.jpeg,Incongruent Right,m,SK,20,Female,2,N,Y,Turkish,English,,2021-02-20_20h43.43.341,Tse_Altarriba_Simon1,2020.1.2,MacIntel,60,3688,,,m,1,0.351,,,,,,,,0,42,42,32,1
,,,,,,,,,,,,Images/CongruentLeft.jpeg,Congruent Left,z,SK,20,Female,2,N,Y,Turkish,English,,2021-02-20_20h43.43.341,Tse_Altarriba_Simon1,2020.1.2,MacIntel,60,3688,,,z,1,0.37,,,,,,,,0,43,43,8,1
,,,,,,,,,,,,Images/NeurtalRight.jpeg,Neutral Right,m,SK,20,Female,2,N,Y,Turkish,English,,2021-02-20_20h43.43.341,Tse_Altarriba_Simon1,2020.1.2,MacIntel,60,3688,,,m,1,0.317,,,,,,,,0,44,44,50,1
,,,,,,,,,,,,Images/IncongruentRight.jpeg,Incongruent Right,m,SK,20,Female,2,N,Y,Turkish,English,,2021-02-20_20h43.43.341,Tse_Altarriba_Simon1,2020.1.2,MacIntel,60,3688,,,m,1,0.353,,,,,,,,0,45,45,35,1
,,,,,,,,,,,,Images/CongruentLeft.jpeg,Congruent Left,z,SK,20,Female,2,N,Y,Turkish,English,,2021-02-20_20h43.43.341,Tse_Altarriba_Simon1,2020.1.2,MacIntel,60,3688,,,m,0,0.332,,,,,,,,0,46,46,4,1
,,,,,,,,,,,,Images/NeurtalRight.jpeg,Neutral Right,m,SK,20,Female,2,N,Y,Turkish,English,,2021-02-20_20h43.43.341,Tse_Altarriba_Simon1,2020.1.2,MacIntel,60,3688,,,m,1,0.351,,,,,,,,0,47,47,59,1
,,,,,,,,,,,,Images/CongruentRight.jpeg,Congruent Right,m,SK,20,Female,2,N,Y,Turkish,English,,2021-02-20_20h43.43.341,Tse_Altarriba_Simon1,2020.1.2,MacIntel,60,3688,,,m,1,0.367,,,,,,,,0,48,48,15,1
,,,,,,,,,,,,Images/NeurtalRight.jpeg,Neutral Right,m,SK,20,Female,2,N,Y,Turkish,English,,2021-02-20_20h43.43.341,Tse_Altarriba_Simon1,2020.1.2,MacIntel,60,3688,,,m,1,0.354,,,,,,,,0,49,49,54,1
,,,,,,,,,,,,Images/CongruentRight.jpeg,Congruent Right,m,SK,20,Female,2,N,Y,Turkish,English,,2021-02-20_20h43.43.341,Tse_Altarriba_Simon1,2020.1.2,MacIntel,60,3688,,,m,1,0.3,,,,,,,,0,50,50,19,1
,,,,,,,,,,,,Images/NeutralLeft.jpeg,Neutral Left,z,SK,20,Female,2,N,Y,Turkish,English,,2021-02-20_20h43.43.341,Tse_Altarriba_Simon1,2020.1.2,MacIntel,60,3688,,,z,1,0.364,,,,,,,,0,51,51,45,1
,,,,,,,,,,,,Images/IncongruentLeft.jpeg,Incongruent Left,z,SK,20,Female,2,N,Y,Turkish,English,,2021-02-20_20h43.43.341,Tse_Altarriba_Simon1,2020.1.2,MacIntel,60,3688,,,z,1,0.435,,,,,,,,0,52,52,21,1
,,,,,,,,,,,,Images/NeutralLeft.jpeg,Neutral Left,z,SK,20,Female,2,N,Y,Turkish,English,,2021-02-20_20h43.43.341,Tse_Altarriba_Simon1,2020.1.2,MacIntel,60,3688,,,z,1,0.38,,,,,,,,0,53,53,42,1
,,,,,,,,,,,,Images/CongruentRight.jpeg,Congruent Right,m,SK,20,Female,2,N,Y,Turkish,English,,2021-02-20_20h43.43.341,Tse_Altarriba_Simon1,2020.1.2,MacIntel,60,3688,,,m,1,0.432,,,,,,,,0,54,54,12,1
,,,,,,,,,,,,Images/NeutralLeft.jpeg,Neutral Left,z,SK,20,Female,2,N,Y,Turkish,English,,2021-02-20_20h43.43.341,Tse_Altarriba_Simon1,2020.1.2,MacIntel,60,3688,,,z,1,2.8,,,,,,,,0,55,55,44,1
,,,,,,,,,,,,Images/IncongruentRight.jpeg,Incongruent Right,m,SK,20,Female,2,N,Y,Turkish,English,,2021-02-20_20h43.43.341,Tse_Altarriba_Simon1,2020.1.2,MacIntel,60,3688,,,m,1,0.402,,,,,,,,0,56,56,36,1
,,,,,,,,,,,,Images/NeutralLeft.jpeg,Neutral Left,z,SK,20,Female,2,N,Y,Turkish,English,,2021-02-20_20h43.43.341,Tse_Altarriba_Simon1,2020.1.2,MacIntel,60,3688,,,z,1,0.448,,,,,,,,0,57,57,49,1
,,,,,,,,,,,,Images/CongruentLeft.jpeg,Congruent Left,z,SK,20,Female,2,N,Y,Turkish,English,,2021-02-20_20h43.43.341,Tse_Altarriba_Simon1,2020.1.2,MacIntel,60,3688,,,z,1,0.436,,,,,,,,0,58,58,2,1
,,,,,,,,,,,,Images/IncongruentLeft.jpeg,Incongruent Left,z,SK,20,Female,2,N,Y,Turkish,English,,2021-02-20_20h43.43.341,Tse_Altarriba_Simon1,2020.1.2,MacIntel,60,3688,,,z,1,0.405,,,,,,,,0,59,59,25,1
