Space1.keys,Space1.rt,Space2.keys,Space2.rt,response.keys,response.corr,response.rt,Practice_loop.thisRepN,Practice_loop.thisTrialN,Practice_loop.thisN,Practice_loop.thisIndex,Practice_loop.ran,ImageFile,Condition,CorrAns,Your initials,What is your age?,What is your gender?,What year are you in?,Are you Dyslexic? (Y/N),Are you bi/multilingual? (Y/N),What is your first language?,"What is your second language? (if you are monollingual, leave blank)",What other languages do you speak?,date,expName,psychopyVersion,OS,frameRate,participant,Space3.keys,Space3.rt,key_resp_2.keys,key_resp_2.corr,key_resp_2.rt,trials.thisRepN,trials.thisTrialN,trials.thisN,trials.thisIndex,trials.ran,Space4.keys,Space4.rt,trials_2.thisRepN,trials_2.thisTrialN,trials_2.thisN,trials_2.thisIndex,trials_2.ran
space,3.72662,space,10.037935,m,1,0.529295,0,0,0,2,1,Images/CongruentRight.jpeg,Congruent Right,m,ZCY,21,Female,Year 2,N,Y,Chinese,English,,2021-02-15_09h27.18.060,Tse_Altarriba_Simon1,2020.1.2,MacIntel,60,3703,,,,,,,,,,,,,,,,,
,,,,z,1,0.43107,0,1,1,0,1,Images/CongruentLeft.jpeg,Congruent Left,z,ZCY,21,Female,Year 2,N,Y,Chinese,English,,2021-02-15_09h27.18.060,Tse_Altarriba_Simon1,2020.1.2,MacIntel,60,3703,,,,,,,,,,,,,,,,,
,,,,z,1,0.448325,0,2,2,9,1,Images/NeutralLeft.jpeg,Neutral Left,z,ZCY,21,Female,Year 2,N,Y,Chinese,English,,2021-02-15_09h27.18.060,Tse_Altarriba_Simon1,2020.1.2,MacIntel,60,3703,,,,,,,,,,,,,,,,,
,,,,m,0,0.68247,0,3,3,8,1,Images/NeutralLeft.jpeg,Neutral Left,z,ZCY,21,Female,Year 2,N,Y,Chinese,English,,2021-02-15_09h27.18.060,Tse_Altarriba_Simon1,2020.1.2,MacIntel,60,3703,,,,,,,,,,,,,,,,,
,,,,z,1,0.501175,0,4,4,5,1,Images/IncongruentLeft.jpeg,Incongruent Left,z,ZCY,21,Female,Year 2,N,Y,Chinese,English,,2021-02-15_09h27.18.060,Tse_Altarriba_Simon1,2020.1.2,MacIntel,60,3703,,,,,,,,,,,,,,,,,
,,,,m,0,0.633475,0,5,5,1,1,Images/CongruentLeft.jpeg,Congruent Left,z,ZCY,21,Female,Year 2,N,Y,Chinese,English,,2021-02-15_09h27.18.060,Tse_Altarriba_Simon1,2020.1.2,MacIntel,60,3703,,,,,,,,,,,,,,,,,
,,,,m,1,0.681465,0,6,6,3,1,Images/CongruentRight.jpeg,Congruent Right,m,ZCY,21,Female,Year 2,N,Y,Chinese,English,,2021-02-15_09h27.18.060,Tse_Altarriba_Simon1,2020.1.2,MacIntel,60,3703,,,,,,,,,,,,,,,,,
,,,,z,1,0.61736,0,7,7,4,1,Images/IncongruentLeft.jpeg,Incongruent Left,z,ZCY,21,Female,Year 2,N,Y,Chinese,English,,2021-02-15_09h27.18.060,Tse_Altarriba_Simon1,2020.1.2,MacIntel,60,3703,,,,,,,,,,,,,,,,,
,,,,m,1,0.5807,0,8,8,10,1,Images/NeurtalRight.jpeg,Neutral Right,m,ZCY,21,Female,Year 2,N,Y,Chinese,English,,2021-02-15_09h27.18.060,Tse_Altarriba_Simon1,2020.1.2,MacIntel,60,3703,,,,,,,,,,,,,,,,,
,,,,m,1,0.61392,0,9,9,6,1,Images/IncongruentRight.jpeg,Incongruent Right,m,ZCY,21,Female,Year 2,N,Y,Chinese,English,,2021-02-15_09h27.18.060,Tse_Altarriba_Simon1,2020.1.2,MacIntel,60,3703,,,,,,,,,,,,,,,,,
,,,,m,1,0.568265,0,10,10,11,1,Images/NeurtalRight.jpeg,Neutral Right,m,ZCY,21,Female,Year 2,N,Y,Chinese,English,,2021-02-15_09h27.18.060,Tse_Altarriba_Simon1,2020.1.2,MacIntel,60,3703,,,,,,,,,,,,,,,,,
,,,,m,1,0.581595,0,11,11,7,1,Images/IncongruentRight.jpeg,Incongruent Right,m,ZCY,21,Female,Year 2,N,Y,Chinese,English,,2021-02-15_09h27.18.060,Tse_Altarriba_Simon1,2020.1.2,MacIntel,60,3703,,,,,,,,,,,,,,,,,
,,,,,,,,,,,,Images/IncongruentRight.jpeg,Incongruent Right,m,ZCY,21,Female,Year 2,N,Y,Chinese,English,,2021-02-15_09h27.18.060,Tse_Altarriba_Simon1,2020.1.2,MacIntel,60,3703,space,5.619585,m,1,0.697,0,0,0,39,1,,,,,,,
,,,,,,,,,,,,Images/CongruentRight.jpeg,Congruent Right,m,ZCY,21,Female,Year 2,N,Y,Chinese,English,,2021-02-15_09h27.18.060,Tse_Altarriba_Simon1,2020.1.2,MacIntel,60,3703,,,m,1,0.48524,0,1,1,16,1,,,,,,,
,,,,,,,,,,,,Images/IncongruentLeft.jpeg,Incongruent Left,z,ZCY,21,Female,Year 2,N,Y,Chinese,English,,2021-02-15_09h27.18.060,Tse_Altarriba_Simon1,2020.1.2,MacIntel,60,3703,,,z,1,0.51867,0,2,2,22,1,,,,,,,
,,,,,,,,,,,,Images/IncongruentRight.jpeg,Incongruent Right,m,ZCY,21,Female,Year 2,N,Y,Chinese,English,,2021-02-15_09h27.18.060,Tse_Altarriba_Simon1,2020.1.2,MacIntel,60,3703,,,m,1,0.466335,0,3,3,35,1,,,,,,,
,,,,,,,,,,,,Images/IncongruentLeft.jpeg,Incongruent Left,z,ZCY,21,Female,Year 2,N,Y,Chinese,English,,2021-02-15_09h27.18.060,Tse_Altarriba_Simon1,2020.1.2,MacIntel,60,3703,,,z,1,0.500835,0,4,4,23,1,,,,,,,
,,,,,,,,,,,,Images/CongruentRight.jpeg,Congruent Right,m,ZCY,21,Female,Year 2,N,Y,Chinese,English,,2021-02-15_09h27.18.060,Tse_Altarriba_Simon1,2020.1.2,MacIntel,60,3703,,,m,1,0.463185,0,5,5,11,1,,,,,,,
,,,,,,,,,,,,Images/CongruentRight.jpeg,Congruent Right,m,ZCY,21,Female,Year 2,N,Y,Chinese,English,,2021-02-15_09h27.18.060,Tse_Altarriba_Simon1,2020.1.2,MacIntel,60,3703,,,m,1,0.433755,0,6,6,19,1,,,,,,,
,,,,,,,,,,,,Images/CongruentLeft.jpeg,Congruent Left,z,ZCY,21,Female,Year 2,N,Y,Chinese,English,,2021-02-15_09h27.18.060,Tse_Altarriba_Simon1,2020.1.2,MacIntel,60,3703,,,z,1,0.469115,0,7,7,0,1,,,,,,,
,,,,,,,,,,,,Images/CongruentRight.jpeg,Congruent Right,m,ZCY,21,Female,Year 2,N,Y,Chinese,English,,2021-02-15_09h27.18.060,Tse_Altarriba_Simon1,2020.1.2,MacIntel,60,3703,,,m,1,0.40136,0,8,8,17,1,,,,,,,
,,,,,,,,,,,,Images/IncongruentLeft.jpeg,Incongruent Left,z,ZCY,21,Female,Year 2,N,Y,Chinese,English,,2021-02-15_09h27.18.060,Tse_Altarriba_Simon1,2020.1.2,MacIntel,60,3703,,,z,1,0.46415,0,9,9,28,1,,,,,,,
,,,,,,,,,,,,Images/NeutralLeft.jpeg,Neutral Left,z,ZCY,21,Female,Year 2,N,Y,Chinese,English,,2021-02-15_09h27.18.060,Tse_Altarriba_Simon1,2020.1.2,MacIntel,60,3703,,,z,1,0.567995,0,10,10,41,1,,,,,,,
,,,,,,,,,,,,Images/IncongruentLeft.jpeg,Incongruent Left,z,ZCY,21,Female,Year 2,N,Y,Chinese,English,,2021-02-15_09h27.18.060,Tse_Altarriba_Simon1,2020.1.2,MacIntel,60,3703,,,z,1,0.54861,0,11,11,27,1,,,,,,,
,,,,,,,,,,,,Images/NeurtalRight.jpeg,Neutral Right,m,ZCY,21,Female,Year 2,N,Y,Chinese,English,,2021-02-15_09h27.18.060,Tse_Altarriba_Simon1,2020.1.2,MacIntel,60,3703,,,m,1,0.46625,0,12,12,56,1,,,,,,,
,,,,,,,,,,,,Images/NeurtalRight.jpeg,Neutral Right,m,ZCY,21,Female,Year 2,N,Y,Chinese,English,,2021-02-15_09h27.18.060,Tse_Altarriba_Simon1,2020.1.2,MacIntel,60,3703,,,m,1,0.43387,0,13,13,51,1,,,,,,,
,,,,,,,,,,,,Images/NeutralLeft.jpeg,Neutral Left,z,ZCY,21,Female,Year 2,N,Y,Chinese,English,,2021-02-15_09h27.18.060,Tse_Altarriba_Simon1,2020.1.2,MacIntel,60,3703,,,z,1,0.46951,0,14,14,49,1,,,,,,,
,,,,,,,,,,,,Images/NeutralLeft.jpeg,Neutral Left,z,ZCY,21,Female,Year 2,N,Y,Chinese,English,,2021-02-15_09h27.18.060,Tse_Altarriba_Simon1,2020.1.2,MacIntel,60,3703,,,z,1,0.418535,0,15,15,44,1,,,,,,,
,,,,,,,,,,,,Images/IncongruentRight.jpeg,Incongruent Right,m,ZCY,21,Female,Year 2,N,Y,Chinese,English,,2021-02-15_09h27.18.060,Tse_Altarriba_Simon1,2020.1.2,MacIntel,60,3703,,,m,1,0.485745,0,16,16,32,1,,,,,,,
,,,,,,,,,,,,Images/NeurtalRight.jpeg,Neutral Right,m,ZCY,21,Female,Year 2,N,Y,Chinese,English,,2021-02-15_09h27.18.060,Tse_Altarriba_Simon1,2020.1.2,MacIntel,60,3703,,,m,1,0.617655,0,17,17,57,1,,,,,,,
,,,,,,,,,,,,Images/IncongruentRight.jpeg,Incongruent Right,m,ZCY,21,Female,Year 2,N,Y,Chinese,English,,2021-02-15_09h27.18.060,Tse_Altarriba_Simon1,2020.1.2,MacIntel,60,3703,,,z,0,0.55134,0,18,18,37,1,,,,,,,
,,,,,,,,,,,,Images/IncongruentRight.jpeg,Incongruent Right,m,ZCY,21,Female,Year 2,N,Y,Chinese,English,,2021-02-15_09h27.18.060,Tse_Altarriba_Simon1,2020.1.2,MacIntel,60,3703,,,m,1,0.684255,0,19,19,34,1,,,,,,,
,,,,,,,,,,,,Images/NeutralLeft.jpeg,Neutral Left,z,ZCY,21,Female,Year 2,N,Y,Chinese,English,,2021-02-15_09h27.18.060,Tse_Altarriba_Simon1,2020.1.2,MacIntel,60,3703,,,z,1,0.567885,0,20,20,46,1,,,,,,,
,,,,,,,,,,,,Images/IncongruentLeft.jpeg,Incongruent Left,z,ZCY,21,Female,Year 2,N,Y,Chinese,English,,2021-02-15_09h27.18.060,Tse_Altarriba_Simon1,2020.1.2,MacIntel,60,3703,,,z,1,0.600905,0,21,21,25,1,,,,,,,
,,,,,,,,,,,,Images/NeurtalRight.jpeg,Neutral Right,m,ZCY,21,Female,Year 2,N,Y,Chinese,English,,2021-02-15_09h27.18.060,Tse_Altarriba_Simon1,2020.1.2,MacIntel,60,3703,,,m,1,0.53278,0,22,22,53,1,,,,,,,
,,,,,,,,,,,,Images/NeutralLeft.jpeg,Neutral Left,z,ZCY,21,Female,Year 2,N,Y,Chinese,English,,2021-02-15_09h27.18.060,Tse_Altarriba_Simon1,2020.1.2,MacIntel,60,3703,,,z,1,0.5126,0,23,23,42,1,,,,,,,
,,,,,,,,,,,,Images/NeutralLeft.jpeg,Neutral Left,z,ZCY,21,Female,Year 2,N,Y,Chinese,English,,2021-02-15_09h27.18.060,Tse_Altarriba_Simon1,2020.1.2,MacIntel,60,3703,,,z,1,0.467765,0,24,24,43,1,,,,,,,
,,,,,,,,,,,,Images/IncongruentRight.jpeg,Incongruent Right,m,ZCY,21,Female,Year 2,N,Y,Chinese,English,,2021-02-15_09h27.18.060,Tse_Altarriba_Simon1,2020.1.2,MacIntel,60,3703,,,m,1,0.50051,0,25,25,38,1,,,,,,,
,,,,,,,,,,,,Images/NeutralLeft.jpeg,Neutral Left,z,ZCY,21,Female,Year 2,N,Y,Chinese,English,,2021-02-15_09h27.18.060,Tse_Altarriba_Simon1,2020.1.2,MacIntel,60,3703,,,z,1,0.5008,0,26,26,48,1,,,,,,,
,,,,,,,,,,,,Images/CongruentLeft.jpeg,Congruent Left,z,ZCY,21,Female,Year 2,N,Y,Chinese,English,,2021-02-15_09h27.18.060,Tse_Altarriba_Simon1,2020.1.2,MacIntel,60,3703,,,m,0,0.5994,0,27,27,3,1,,,,,,,
,,,,,,,,,,,,Images/IncongruentRight.jpeg,Incongruent Right,m,ZCY,21,Female,Year 2,N,Y,Chinese,English,,2021-02-15_09h27.18.060,Tse_Altarriba_Simon1,2020.1.2,MacIntel,60,3703,,,m,1,0.54933,0,28,28,33,1,,,,,,,
,,,,,,,,,,,,Images/NeurtalRight.jpeg,Neutral Right,m,ZCY,21,Female,Year 2,N,Y,Chinese,English,,2021-02-15_09h27.18.060,Tse_Altarriba_Simon1,2020.1.2,MacIntel,60,3703,,,m,1,0.733735,0,29,29,50,1,,,,,,,
,,,,,,,,,,,,Images/IncongruentLeft.jpeg,Incongruent Left,z,ZCY,21,Female,Year 2,N,Y,Chinese,English,,2021-02-15_09h27.18.060,Tse_Altarriba_Simon1,2020.1.2,MacIntel,60,3703,,,z,1,0.5839,0,30,30,26,1,,,,,,,
,,,,,,,,,,,,Images/CongruentRight.jpeg,Congruent Right,m,ZCY,21,Female,Year 2,N,Y,Chinese,English,,2021-02-15_09h27.18.060,Tse_Altarriba_Simon1,2020.1.2,MacIntel,60,3703,,,m,1,0.682595,0,31,31,18,1,,,,,,,
,,,,,,,,,,,,Images/NeurtalRight.jpeg,Neutral Right,m,ZCY,21,Female,Year 2,N,Y,Chinese,English,,2021-02-15_09h27.18.060,Tse_Altarriba_Simon1,2020.1.2,MacIntel,60,3703,,,m,1,0.68565,0,32,32,55,1,,,,,,,
,,,,,,,,,,,,Images/CongruentLeft.jpeg,Congruent Left,z,ZCY,21,Female,Year 2,N,Y,Chinese,English,,2021-02-15_09h27.18.060,Tse_Altarriba_Simon1,2020.1.2,MacIntel,60,3703,,,z,1,0.516135,0,33,33,9,1,,,,,,,
,,,,,,,,,,,,Images/NeurtalRight.jpeg,Neutral Right,m,ZCY,21,Female,Year 2,N,Y,Chinese,English,,2021-02-15_09h27.18.060,Tse_Altarriba_Simon1,2020.1.2,MacIntel,60,3703,,,m,1,0.516505,0,34,34,58,1,,,,,,,
,,,,,,,,,,,,Images/NeurtalRight.jpeg,Neutral Right,m,ZCY,21,Female,Year 2,N,Y,Chinese,English,,2021-02-15_09h27.18.060,Tse_Altarriba_Simon1,2020.1.2,MacIntel,60,3703,,,m,1,0.467615,0,35,35,59,1,,,,,,,
,,,,,,,,,,,,Images/CongruentLeft.jpeg,Congruent Left,z,ZCY,21,Female,Year 2,N,Y,Chinese,English,,2021-02-15_09h27.18.060,Tse_Altarriba_Simon1,2020.1.2,MacIntel,60,3703,,,z,1,0.65096,0,36,36,7,1,,,,,,,
,,,,,,,,,,,,Images/IncongruentLeft.jpeg,Incongruent Left,z,ZCY,21,Female,Year 2,N,Y,Chinese,English,,2021-02-15_09h27.18.060,Tse_Altarriba_Simon1,2020.1.2,MacIntel,60,3703,,,z,1,0.567135,0,37,37,21,1,,,,,,,
,,,,,,,,,,,,Images/CongruentLeft.jpeg,Congruent Left,z,ZCY,21,Female,Year 2,N,Y,Chinese,English,,2021-02-15_09h27.18.060,Tse_Altarriba_Simon1,2020.1.2,MacIntel,60,3703,,,z,1,0.451305,0,38,38,2,1,,,,,,,
,,,,,,,,,,,,Images/CongruentRight.jpeg,Congruent Right,m,ZCY,21,Female,Year 2,N,Y,Chinese,English,,2021-02-15_09h27.18.060,Tse_Altarriba_Simon1,2020.1.2,MacIntel,60,3703,,,m,1,0.46706,0,39,39,12,1,,,,,,,
,,,,,,,,,,,,Images/NeutralLeft.jpeg,Neutral Left,z,ZCY,21,Female,Year 2,N,Y,Chinese,English,,2021-02-15_09h27.18.060,Tse_Altarriba_Simon1,2020.1.2,MacIntel,60,3703,,,z,1,0.46733,0,40,40,40,1,,,,,,,
,,,,,,,,,,,,Images/IncongruentRight.jpeg,Incongruent Right,m,ZCY,21,Female,Year 2,N,Y,Chinese,English,,2021-02-15_09h27.18.060,Tse_Altarriba_Simon1,2020.1.2,MacIntel,60,3703,,,m,1,0.634405,0,41,41,30,1,,,,,,,
,,,,,,,,,,,,Images/IncongruentLeft.jpeg,Incongruent Left,z,ZCY,21,Female,Year 2,N,Y,Chinese,English,,2021-02-15_09h27.18.060,Tse_Altarriba_Simon1,2020.1.2,MacIntel,60,3703,,,z,1,0.54941,0,42,42,20,1,,,,,,,
,,,,,,,,,,,,Images/CongruentRight.jpeg,Congruent Right,m,ZCY,21,Female,Year 2,N,Y,Chinese,English,,2021-02-15_09h27.18.060,Tse_Altarriba_Simon1,2020.1.2,MacIntel,60,3703,,,m,1,0.484265,0,43,43,14,1,,,,,,,
,,,,,,,,,,,,Images/CongruentLeft.jpeg,Congruent Left,z,ZCY,21,Female,Year 2,N,Y,Chinese,English,,2021-02-15_09h27.18.060,Tse_Altarriba_Simon1,2020.1.2,MacIntel,60,3703,,,z,1,0.502595,0,44,44,4,1,,,,,,,
,,,,,,,,,,,,Images/NeurtalRight.jpeg,Neutral Right,m,ZCY,21,Female,Year 2,N,Y,Chinese,English,,2021-02-15_09h27.18.060,Tse_Altarriba_Simon1,2020.1.2,MacIntel,60,3703,,,m,1,0.51682,0,45,45,52,1,,,,,,,
,,,,,,,,,,,,Images/CongruentRight.jpeg,Congruent Right,m,ZCY,21,Female,Year 2,N,Y,Chinese,English,,2021-02-15_09h27.18.060,Tse_Altarriba_Simon1,2020.1.2,MacIntel,60,3703,,,m,1,0.434675,0,46,46,15,1,,,,,,,
,,,,,,,,,,,,Images/CongruentRight.jpeg,Congruent Right,m,ZCY,21,Female,Year 2,N,Y,Chinese,English,,2021-02-15_09h27.18.060,Tse_Altarriba_Simon1,2020.1.2,MacIntel,60,3703,,,m,1,0.416655,0,47,47,10,1,,,,,,,
,,,,,,,,,,,,Images/IncongruentLeft.jpeg,Incongruent Left,z,ZCY,21,Female,Year 2,N,Y,Chinese,English,,2021-02-15_09h27.18.060,Tse_Altarriba_Simon1,2020.1.2,MacIntel,60,3703,,,z,1,0.467,0,48,48,29,1,,,,,,,
,,,,,,,,,,,,Images/CongruentLeft.jpeg,Congruent Left,z,ZCY,21,Female,Year 2,N,Y,Chinese,English,,2021-02-15_09h27.18.060,Tse_Altarriba_Simon1,2020.1.2,MacIntel,60,3703,,,z,1,0.48343,0,49,49,8,1,,,,,,,
,,,,,,,,,,,,Images/NeutralLeft.jpeg,Neutral Left,z,ZCY,21,Female,Year 2,N,Y,Chinese,English,,2021-02-15_09h27.18.060,Tse_Altarriba_Simon1,2020.1.2,MacIntel,60,3703,,,z,1,0.47955,0,50,50,47,1,,,,,,,
,,,,,,,,,,,,Images/CongruentLeft.jpeg,Congruent Left,z,ZCY,21,Female,Year 2,N,Y,Chinese,English,,2021-02-15_09h27.18.060,Tse_Altarriba_Simon1,2020.1.2,MacIntel,60,3703,,,z,1,0.51615,0,51,51,6,1,,,,,,,
,,,,,,,,,,,,Images/IncongruentRight.jpeg,Incongruent Right,m,ZCY,21,Female,Year 2,N,Y,Chinese,English,,2021-02-15_09h27.18.060,Tse_Altarriba_Simon1,2020.1.2,MacIntel,60,3703,,,m,1,0.60057,0,52,52,36,1,,,,,,,
,,,,,,,,,,,,Images/IncongruentRight.jpeg,Incongruent Right,m,ZCY,21,Female,Year 2,N,Y,Chinese,English,,2021-02-15_09h27.18.060,Tse_Altarriba_Simon1,2020.1.2,MacIntel,60,3703,,,m,1,0.585435,0,53,53,31,1,,,,,,,
,,,,,,,,,,,,Images/CongruentRight.jpeg,Congruent Right,m,ZCY,21,Female,Year 2,N,Y,Chinese,English,,2021-02-15_09h27.18.060,Tse_Altarriba_Simon1,2020.1.2,MacIntel,60,3703,,,m,1,0.4671,0,54,54,13,1,,,,,,,
,,,,,,,,,,,,Images/NeurtalRight.jpeg,Neutral Right,m,ZCY,21,Female,Year 2,N,Y,Chinese,English,,2021-02-15_09h27.18.060,Tse_Altarriba_Simon1,2020.1.2,MacIntel,60,3703,,,m,1,0.432725,0,55,55,54,1,,,,,,,
,,,,,,,,,,,,Images/CongruentLeft.jpeg,Congruent Left,z,ZCY,21,Female,Year 2,N,Y,Chinese,English,,2021-02-15_09h27.18.060,Tse_Altarriba_Simon1,2020.1.2,MacIntel,60,3703,,,z,1,0.499985,0,56,56,1,1,,,,,,,
,,,,,,,,,,,,Images/CongruentLeft.jpeg,Congruent Left,z,ZCY,21,Female,Year 2,N,Y,Chinese,English,,2021-02-15_09h27.18.060,Tse_Altarriba_Simon1,2020.1.2,MacIntel,60,3703,,,z,1,0.40284,0,57,57,5,1,,,,,,,
,,,,,,,,,,,,Images/NeutralLeft.jpeg,Neutral Left,z,ZCY,21,Female,Year 2,N,Y,Chinese,English,,2021-02-15_09h27.18.060,Tse_Altarriba_Simon1,2020.1.2,MacIntel,60,3703,,,z,1,0.43361,0,58,58,45,1,,,,,,,
,,,,,,,,,,,,Images/IncongruentLeft.jpeg,Incongruent Left,z,ZCY,21,Female,Year 2,N,Y,Chinese,English,,2021-02-15_09h27.18.060,Tse_Altarriba_Simon1,2020.1.2,MacIntel,60,3703,,,z,1,0.51587,0,59,59,24,1,,,,,,,
,,,,,,,,,,,,Images/NeurtalRight.jpeg,Neutral Right,m,ZCY,21,Female,Year 2,N,Y,Chinese,English,,2021-02-15_09h27.18.060,Tse_Altarriba_Simon1,2020.1.2,MacIntel,60,3703,,,m,1,0.58242,,,,,,space,6.251395,0,0,0,53,1
,,,,,,,,,,,,Images/IncongruentLeft.jpeg,Incongruent Left,z,ZCY,21,Female,Year 2,N,Y,Chinese,English,,2021-02-15_09h27.18.060,Tse_Altarriba_Simon1,2020.1.2,MacIntel,60,3703,,,z,1,0.467055,,,,,,,,0,1,1,20,1
,,,,,,,,,,,,Images/CongruentRight.jpeg,Congruent Right,m,ZCY,21,Female,Year 2,N,Y,Chinese,English,,2021-02-15_09h27.18.060,Tse_Altarriba_Simon1,2020.1.2,MacIntel,60,3703,,,m,1,0.585075,,,,,,,,0,2,2,14,1
,,,,,,,,,,,,Images/IncongruentLeft.jpeg,Incongruent Left,z,ZCY,21,Female,Year 2,N,Y,Chinese,English,,2021-02-15_09h27.18.060,Tse_Altarriba_Simon1,2020.1.2,MacIntel,60,3703,,,z,1,0.484245,,,,,,,,0,3,3,24,1
,,,,,,,,,,,,Images/IncongruentRight.jpeg,Incongruent Right,m,ZCY,21,Female,Year 2,N,Y,Chinese,English,,2021-02-15_09h27.18.060,Tse_Altarriba_Simon1,2020.1.2,MacIntel,60,3703,,,m,1,0.484705,,,,,,,,0,4,4,37,1
,,,,,,,,,,,,Images/IncongruentRight.jpeg,Incongruent Right,m,ZCY,21,Female,Year 2,N,Y,Chinese,English,,2021-02-15_09h27.18.060,Tse_Altarriba_Simon1,2020.1.2,MacIntel,60,3703,,,m,1,0.6002,,,,,,,,0,5,5,39,1
,,,,,,,,,,,,Images/NeutralLeft.jpeg,Neutral Left,z,ZCY,21,Female,Year 2,N,Y,Chinese,English,,2021-02-15_09h27.18.060,Tse_Altarriba_Simon1,2020.1.2,MacIntel,60,3703,,,z,1,0.486365,,,,,,,,0,6,6,46,1
,,,,,,,,,,,,Images/NeurtalRight.jpeg,Neutral Right,m,ZCY,21,Female,Year 2,N,Y,Chinese,English,,2021-02-15_09h27.18.060,Tse_Altarriba_Simon1,2020.1.2,MacIntel,60,3703,,,m,1,0.417315,,,,,,,,0,7,7,59,1
,,,,,,,,,,,,Images/CongruentRight.jpeg,Congruent Right,m,ZCY,21,Female,Year 2,N,Y,Chinese,English,,2021-02-15_09h27.18.060,Tse_Altarriba_Simon1,2020.1.2,MacIntel,60,3703,,,m,1,0.399935,,,,,,,,0,8,8,11,1
,,,,,,,,,,,,Images/NeurtalRight.jpeg,Neutral Right,m,ZCY,21,Female,Year 2,N,Y,Chinese,English,,2021-02-15_09h27.18.060,Tse_Altarriba_Simon1,2020.1.2,MacIntel,60,3703,,,m,1,0.399365,,,,,,,,0,9,9,51,1
,,,,,,,,,,,,Images/IncongruentRight.jpeg,Incongruent Right,m,ZCY,21,Female,Year 2,N,Y,Chinese,English,,2021-02-15_09h27.18.060,Tse_Altarriba_Simon1,2020.1.2,MacIntel,60,3703,,,m,1,0.634315,,,,,,,,0,10,10,32,1
,,,,,,,,,,,,Images/IncongruentLeft.jpeg,Incongruent Left,z,ZCY,21,Female,Year 2,N,Y,Chinese,English,,2021-02-15_09h27.18.060,Tse_Altarriba_Simon1,2020.1.2,MacIntel,60,3703,,,z,1,0.48339,,,,,,,,0,11,11,21,1
,,,,,,,,,,,,Images/IncongruentRight.jpeg,Incongruent Right,m,ZCY,21,Female,Year 2,N,Y,Chinese,English,,2021-02-15_09h27.18.060,Tse_Altarriba_Simon1,2020.1.2,MacIntel,60,3703,,,m,1,0.583275,,,,,,,,0,12,12,30,1
,,,,,,,,,,,,Images/IncongruentLeft.jpeg,Incongruent Left,z,ZCY,21,Female,Year 2,N,Y,Chinese,English,,2021-02-15_09h27.18.060,Tse_Altarriba_Simon1,2020.1.2,MacIntel,60,3703,,,z,1,0.433915,,,,,,,,0,13,13,27,1
,,,,,,,,,,,,Images/CongruentRight.jpeg,Congruent Right,m,ZCY,21,Female,Year 2,N,Y,Chinese,English,,2021-02-15_09h27.18.060,Tse_Altarriba_Simon1,2020.1.2,MacIntel,60,3703,,,m,1,0.44565,,,,,,,,0,14,14,13,1
,,,,,,,,,,,,Images/NeurtalRight.jpeg,Neutral Right,m,ZCY,21,Female,Year 2,N,Y,Chinese,English,,2021-02-15_09h27.18.060,Tse_Altarriba_Simon1,2020.1.2,MacIntel,60,3703,,,m,1,0.395855,,,,,,,,0,15,15,52,1
,,,,,,,,,,,,Images/NeutralLeft.jpeg,Neutral Left,z,ZCY,21,Female,Year 2,N,Y,Chinese,English,,2021-02-15_09h27.18.060,Tse_Altarriba_Simon1,2020.1.2,MacIntel,60,3703,,,z,1,0.501815,,,,,,,,0,16,16,45,1
,,,,,,,,,,,,Images/NeutralLeft.jpeg,Neutral Left,z,ZCY,21,Female,Year 2,N,Y,Chinese,English,,2021-02-15_09h27.18.060,Tse_Altarriba_Simon1,2020.1.2,MacIntel,60,3703,,,z,1,0.39793,,,,,,,,0,17,17,43,1
,,,,,,,,,,,,Images/CongruentLeft.jpeg,Congruent Left,z,ZCY,21,Female,Year 2,N,Y,Chinese,English,,2021-02-15_09h27.18.060,Tse_Altarriba_Simon1,2020.1.2,MacIntel,60,3703,,,z,1,0.5003,,,,,,,,0,18,18,3,1
,,,,,,,,,,,,Images/NeurtalRight.jpeg,Neutral Right,m,ZCY,21,Female,Year 2,N,Y,Chinese,English,,2021-02-15_09h27.18.060,Tse_Altarriba_Simon1,2020.1.2,MacIntel,60,3703,,,m,1,0.414745,,,,,,,,0,19,19,57,1
,,,,,,,,,,,,Images/IncongruentRight.jpeg,Incongruent Right,m,ZCY,21,Female,Year 2,N,Y,Chinese,English,,2021-02-15_09h27.18.060,Tse_Altarriba_Simon1,2020.1.2,MacIntel,60,3703,,,m,1,0.50119,,,,,,,,0,20,20,35,1
,,,,,,,,,,,,Images/CongruentRight.jpeg,Congruent Right,m,ZCY,21,Female,Year 2,N,Y,Chinese,English,,2021-02-15_09h27.18.060,Tse_Altarriba_Simon1,2020.1.2,MacIntel,60,3703,,,m,1,0.429415,,,,,,,,0,21,21,10,1
,,,,,,,,,,,,Images/IncongruentRight.jpeg,Incongruent Right,m,ZCY,21,Female,Year 2,N,Y,Chinese,English,,2021-02-15_09h27.18.060,Tse_Altarriba_Simon1,2020.1.2,MacIntel,60,3703,,,m,1,0.383995,,,,,,,,0,22,22,34,1
,,,,,,,,,,,,Images/CongruentRight.jpeg,Congruent Right,m,ZCY,21,Female,Year 2,N,Y,Chinese,English,,2021-02-15_09h27.18.060,Tse_Altarriba_Simon1,2020.1.2,MacIntel,60,3703,,,m,1,0.41697,,,,,,,,0,23,23,18,1
,,,,,,,,,,,,Images/IncongruentLeft.jpeg,Incongruent Left,z,ZCY,21,Female,Year 2,N,Y,Chinese,English,,2021-02-15_09h27.18.060,Tse_Altarriba_Simon1,2020.1.2,MacIntel,60,3703,,,z,1,0.468245,,,,,,,,0,24,24,29,1
,,,,,,,,,,,,Images/CongruentLeft.jpeg,Congruent Left,z,ZCY,21,Female,Year 2,N,Y,Chinese,English,,2021-02-15_09h27.18.060,Tse_Altarriba_Simon1,2020.1.2,MacIntel,60,3703,,,z,1,0.43373,,,,,,,,0,25,25,5,1
,,,,,,,,,,,,Images/CongruentLeft.jpeg,Congruent Left,z,ZCY,21,Female,Year 2,N,Y,Chinese,English,,2021-02-15_09h27.18.060,Tse_Altarriba_Simon1,2020.1.2,MacIntel,60,3703,,,z,1,0.38228,,,,,,,,0,26,26,0,1
,,,,,,,,,,,,Images/NeutralLeft.jpeg,Neutral Left,z,ZCY,21,Female,Year 2,N,Y,Chinese,English,,2021-02-15_09h27.18.060,Tse_Altarriba_Simon1,2020.1.2,MacIntel,60,3703,,,z,1,0.483935,,,,,,,,0,27,27,47,1
,,,,,,,,,,,,Images/IncongruentLeft.jpeg,Incongruent Left,z,ZCY,21,Female,Year 2,N,Y,Chinese,English,,2021-02-15_09h27.18.060,Tse_Altarriba_Simon1,2020.1.2,MacIntel,60,3703,,,z,1,0.468465,,,,,,,,0,28,28,23,1
,,,,,,,,,,,,Images/IncongruentLeft.jpeg,Incongruent Left,z,ZCY,21,Female,Year 2,N,Y,Chinese,English,,2021-02-15_09h27.18.060,Tse_Altarriba_Simon1,2020.1.2,MacIntel,60,3703,,,z,1,0.431475,,,,,,,,0,29,29,25,1
,,,,,,,,,,,,Images/NeutralLeft.jpeg,Neutral Left,z,ZCY,21,Female,Year 2,N,Y,Chinese,English,,2021-02-15_09h27.18.060,Tse_Altarriba_Simon1,2020.1.2,MacIntel,60,3703,,,z,1,0.45082,,,,,,,,0,30,30,48,1
,,,,,,,,,,,,Images/CongruentRight.jpeg,Congruent Right,m,ZCY,21,Female,Year 2,N,Y,Chinese,English,,2021-02-15_09h27.18.060,Tse_Altarriba_Simon1,2020.1.2,MacIntel,60,3703,,,m,1,0.434465,,,,,,,,0,31,31,19,1
,,,,,,,,,,,,Images/IncongruentRight.jpeg,Incongruent Right,m,ZCY,21,Female,Year 2,N,Y,Chinese,English,,2021-02-15_09h27.18.060,Tse_Altarriba_Simon1,2020.1.2,MacIntel,60,3703,,,z,0,0.448905,,,,,,,,0,32,32,31,1
,,,,,,,,,,,,Images/IncongruentRight.jpeg,Incongruent Right,m,ZCY,21,Female,Year 2,N,Y,Chinese,English,,2021-02-15_09h27.18.060,Tse_Altarriba_Simon1,2020.1.2,MacIntel,60,3703,,,m,1,0.567455,,,,,,,,0,33,33,38,1
,,,,,,,,,,,,Images/CongruentRight.jpeg,Congruent Right,m,ZCY,21,Female,Year 2,N,Y,Chinese,English,,2021-02-15_09h27.18.060,Tse_Altarriba_Simon1,2020.1.2,MacIntel,60,3703,,,m,1,0.517155,,,,,,,,0,34,34,15,1
,,,,,,,,,,,,Images/CongruentLeft.jpeg,Congruent Left,z,ZCY,21,Female,Year 2,N,Y,Chinese,English,,2021-02-15_09h27.18.060,Tse_Altarriba_Simon1,2020.1.2,MacIntel,60,3703,,,z,1,0.4852,,,,,,,,0,35,35,4,1
,,,,,,,,,,,,Images/CongruentRight.jpeg,Congruent Right,m,ZCY,21,Female,Year 2,N,Y,Chinese,English,,2021-02-15_09h27.18.060,Tse_Altarriba_Simon1,2020.1.2,MacIntel,60,3703,,,m,1,0.40056,,,,,,,,0,36,36,16,1
,,,,,,,,,,,,Images/NeurtalRight.jpeg,Neutral Right,m,ZCY,21,Female,Year 2,N,Y,Chinese,English,,2021-02-15_09h27.18.060,Tse_Altarriba_Simon1,2020.1.2,MacIntel,60,3703,,,m,1,0.40017,,,,,,,,0,37,37,55,1
,,,,,,,,,,,,Images/NeutralLeft.jpeg,Neutral Left,z,ZCY,21,Female,Year 2,N,Y,Chinese,English,,2021-02-15_09h27.18.060,Tse_Altarriba_Simon1,2020.1.2,MacIntel,60,3703,,,z,1,0.48548,,,,,,,,0,38,38,40,1
,,,,,,,,,,,,Images/NeutralLeft.jpeg,Neutral Left,z,ZCY,21,Female,Year 2,N,Y,Chinese,English,,2021-02-15_09h27.18.060,Tse_Altarriba_Simon1,2020.1.2,MacIntel,60,3703,,,z,1,0.400575,,,,,,,,0,39,39,49,1
,,,,,,,,,,,,Images/NeurtalRight.jpeg,Neutral Right,m,ZCY,21,Female,Year 2,N,Y,Chinese,English,,2021-02-15_09h27.18.060,Tse_Altarriba_Simon1,2020.1.2,MacIntel,60,3703,,,m,1,0.45155,,,,,,,,0,40,40,56,1
,,,,,,,,,,,,Images/NeutralLeft.jpeg,Neutral Left,z,ZCY,21,Female,Year 2,N,Y,Chinese,English,,2021-02-15_09h27.18.060,Tse_Altarriba_Simon1,2020.1.2,MacIntel,60,3703,,,z,1,0.551115,,,,,,,,0,41,41,41,1
,,,,,,,,,,,,Images/CongruentLeft.jpeg,Congruent Left,z,ZCY,21,Female,Year 2,N,Y,Chinese,English,,2021-02-15_09h27.18.060,Tse_Altarriba_Simon1,2020.1.2,MacIntel,60,3703,,,z,1,0.4188,,,,,,,,0,42,42,8,1
,,,,,,,,,,,,Images/NeutralLeft.jpeg,Neutral Left,z,ZCY,21,Female,Year 2,N,Y,Chinese,English,,2021-02-15_09h27.18.060,Tse_Altarriba_Simon1,2020.1.2,MacIntel,60,3703,,,z,1,0.400565,,,,,,,,0,43,43,42,1
,,,,,,,,,,,,Images/CongruentRight.jpeg,Congruent Right,m,ZCY,21,Female,Year 2,N,Y,Chinese,English,,2021-02-15_09h27.18.060,Tse_Altarriba_Simon1,2020.1.2,MacIntel,60,3703,,,m,1,0.41529,,,,,,,,0,44,44,12,1
,,,,,,,,,,,,Images/NeutralLeft.jpeg,Neutral Left,z,ZCY,21,Female,Year 2,N,Y,Chinese,English,,2021-02-15_09h27.18.060,Tse_Altarriba_Simon1,2020.1.2,MacIntel,60,3703,,,z,1,0.46437,,,,,,,,0,45,45,44,1
,,,,,,,,,,,,Images/CongruentLeft.jpeg,Congruent Left,z,ZCY,21,Female,Year 2,N,Y,Chinese,English,,2021-02-15_09h27.18.060,Tse_Altarriba_Simon1,2020.1.2,MacIntel,60,3703,,,z,1,0.385675,,,,,,,,0,46,46,1,1
,,,,,,,,,,,,Images/IncongruentLeft.jpeg,Incongruent Left,z,ZCY,21,Female,Year 2,N,Y,Chinese,English,,2021-02-15_09h27.18.060,Tse_Altarriba_Simon1,2020.1.2,MacIntel,60,3703,,,z,1,0.55043,,,,,,,,0,47,47,26,1
,,,,,,,,,,,,Images/IncongruentRight.jpeg,Incongruent Right,m,ZCY,21,Female,Year 2,N,Y,Chinese,English,,2021-02-15_09h27.18.060,Tse_Altarriba_Simon1,2020.1.2,MacIntel,60,3703,,,m,1,0.498195,,,,,,,,0,48,48,33,1
,,,,,,,,,,,,Images/CongruentLeft.jpeg,Congruent Left,z,ZCY,21,Female,Year 2,N,Y,Chinese,English,,2021-02-15_09h27.18.060,Tse_Altarriba_Simon1,2020.1.2,MacIntel,60,3703,,,z,1,0.40162,,,,,,,,0,49,49,6,1
,,,,,,,,,,,,Images/NeurtalRight.jpeg,Neutral Right,m,ZCY,21,Female,Year 2,N,Y,Chinese,English,,2021-02-15_09h27.18.060,Tse_Altarriba_Simon1,2020.1.2,MacIntel,60,3703,,,m,1,0.417465,,,,,,,,0,50,50,58,1
,,,,,,,,,,,,Images/CongruentRight.jpeg,Congruent Right,m,ZCY,21,Female,Year 2,N,Y,Chinese,English,,2021-02-15_09h27.18.060,Tse_Altarriba_Simon1,2020.1.2,MacIntel,60,3703,,,m,1,0.417955,,,,,,,,0,51,51,17,1
,,,,,,,,,,,,Images/IncongruentLeft.jpeg,Incongruent Left,z,ZCY,21,Female,Year 2,N,Y,Chinese,English,,2021-02-15_09h27.18.060,Tse_Altarriba_Simon1,2020.1.2,MacIntel,60,3703,,,z,1,0.4504,,,,,,,,0,52,52,22,1
,,,,,,,,,,,,Images/IncongruentLeft.jpeg,Incongruent Left,z,ZCY,21,Female,Year 2,N,Y,Chinese,English,,2021-02-15_09h27.18.060,Tse_Altarriba_Simon1,2020.1.2,MacIntel,60,3703,,,z,1,0.48371,,,,,,,,0,53,53,28,1
,,,,,,,,,,,,Images/NeurtalRight.jpeg,Neutral Right,m,ZCY,21,Female,Year 2,N,Y,Chinese,English,,2021-02-15_09h27.18.060,Tse_Altarriba_Simon1,2020.1.2,MacIntel,60,3703,,,m,1,0.483615,,,,,,,,0,54,54,50,1
,,,,,,,,,,,,Images/CongruentLeft.jpeg,Congruent Left,z,ZCY,21,Female,Year 2,N,Y,Chinese,English,,2021-02-15_09h27.18.060,Tse_Altarriba_Simon1,2020.1.2,MacIntel,60,3703,,,z,1,0.41868,,,,,,,,0,55,55,7,1
,,,,,,,,,,,,Images/NeurtalRight.jpeg,Neutral Right,m,ZCY,21,Female,Year 2,N,Y,Chinese,English,,2021-02-15_09h27.18.060,Tse_Altarriba_Simon1,2020.1.2,MacIntel,60,3703,,,m,1,0.41735,,,,,,,,0,56,56,54,1
,,,,,,,,,,,,Images/CongruentLeft.jpeg,Congruent Left,z,ZCY,21,Female,Year 2,N,Y,Chinese,English,,2021-02-15_09h27.18.060,Tse_Altarriba_Simon1,2020.1.2,MacIntel,60,3703,,,z,1,0.418395,,,,,,,,0,57,57,9,1
,,,,,,,,,,,,Images/IncongruentRight.jpeg,Incongruent Right,m,ZCY,21,Female,Year 2,N,Y,Chinese,English,,2021-02-15_09h27.18.060,Tse_Altarriba_Simon1,2020.1.2,MacIntel,60,3703,,,m,1,0.66694,,,,,,,,0,58,58,36,1
,,,,,,,,,,,,Images/CongruentLeft.jpeg,Congruent Left,z,ZCY,21,Female,Year 2,N,Y,Chinese,English,,2021-02-15_09h27.18.060,Tse_Altarriba_Simon1,2020.1.2,MacIntel,60,3703,,,z,1,0.466825,,,,,,,,0,59,59,2,1
