Space1.keys,Space1.rt,Space2.keys,Space2.rt,response.keys,response.corr,response.rt,Practice_loop.thisRepN,Practice_loop.thisTrialN,Practice_loop.thisN,Practice_loop.thisIndex,Practice_loop.ran,ImageFile,Condition,CorrAns,Your initials,What is your age?,What is your gender?,What year are you in?,Are you Dyslexic? (Y/N),Are you bi/multilingual? (Y/N),What is your first language?,"What is your second language? (if you are monollingual, leave blank)",What other languages do you speak?,date,expName,psychopyVersion,OS,frameRate,participant,Space3.keys,Space3.rt,key_resp_2.keys,key_resp_2.corr,key_resp_2.rt,trials.thisRepN,trials.thisTrialN,trials.thisN,trials.thisIndex,trials.ran,Space4.keys,Space4.rt,trials_2.thisRepN,trials_2.thisTrialN,trials_2.thisN,trials_2.thisIndex,trials_2.ran
space,3.97545,space,30.957805,z,1,0.59801,0,0,0,4,1,Images/IncongruentLeft.jpeg,Incongruent Left,z,AL,20,Male,2,N,Y,Cantonese,Chinese,"Japanese, Engalish",2021-02-28_19h34.17.521,Tse_Altarriba_Simon1,2020.1.2,Win32,60,3739,,,,,,,,,,,,,,,,,
,,,,z,1,0.50476,0,1,1,9,1,Images/NeutralLeft.jpeg,Neutral Left,z,AL,20,Male,2,N,Y,Cantonese,Chinese,"Japanese, Engalish",2021-02-28_19h34.17.521,Tse_Altarriba_Simon1,2020.1.2,Win32,60,3739,,,,,,,,,,,,,,,,,
,,,,z,1,0.395515,0,2,2,5,1,Images/IncongruentLeft.jpeg,Incongruent Left,z,AL,20,Male,2,N,Y,Cantonese,Chinese,"Japanese, Engalish",2021-02-28_19h34.17.521,Tse_Altarriba_Simon1,2020.1.2,Win32,60,3739,,,,,,,,,,,,,,,,,
,,,,m,0,0.38865,0,3,3,8,1,Images/NeutralLeft.jpeg,Neutral Left,z,AL,20,Male,2,N,Y,Cantonese,Chinese,"Japanese, Engalish",2021-02-28_19h34.17.521,Tse_Altarriba_Simon1,2020.1.2,Win32,60,3739,,,,,,,,,,,,,,,,,
,,,,m,1,0.36343,0,4,4,7,1,Images/IncongruentRight.jpeg,Incongruent Right,m,AL,20,Male,2,N,Y,Cantonese,Chinese,"Japanese, Engalish",2021-02-28_19h34.17.521,Tse_Altarriba_Simon1,2020.1.2,Win32,60,3739,,,,,,,,,,,,,,,,,
,,,,z,1,0.354135,0,5,5,1,1,Images/CongruentLeft.jpeg,Congruent Left,z,AL,20,Male,2,N,Y,Cantonese,Chinese,"Japanese, Engalish",2021-02-28_19h34.17.521,Tse_Altarriba_Simon1,2020.1.2,Win32,60,3739,,,,,,,,,,,,,,,,,
,,,,m,1,0.472175,0,6,6,11,1,Images/NeurtalRight.jpeg,Neutral Right,m,AL,20,Male,2,N,Y,Cantonese,Chinese,"Japanese, Engalish",2021-02-28_19h34.17.521,Tse_Altarriba_Simon1,2020.1.2,Win32,60,3739,,,,,,,,,,,,,,,,,
,,,,m,1,0.38861,0,7,7,2,1,Images/CongruentRight.jpeg,Congruent Right,m,AL,20,Male,2,N,Y,Cantonese,Chinese,"Japanese, Engalish",2021-02-28_19h34.17.521,Tse_Altarriba_Simon1,2020.1.2,Win32,60,3739,,,,,,,,,,,,,,,,,
,,,,z,0,0.284835,0,8,8,6,1,Images/IncongruentRight.jpeg,Incongruent Right,m,AL,20,Male,2,N,Y,Cantonese,Chinese,"Japanese, Engalish",2021-02-28_19h34.17.521,Tse_Altarriba_Simon1,2020.1.2,Win32,60,3739,,,,,,,,,,,,,,,,,
,,,,z,1,0.382235,0,9,9,0,1,Images/CongruentLeft.jpeg,Congruent Left,z,AL,20,Male,2,N,Y,Cantonese,Chinese,"Japanese, Engalish",2021-02-28_19h34.17.521,Tse_Altarriba_Simon1,2020.1.2,Win32,60,3739,,,,,,,,,,,,,,,,,
,,,,m,1,0.37829,0,10,10,3,1,Images/CongruentRight.jpeg,Congruent Right,m,AL,20,Male,2,N,Y,Cantonese,Chinese,"Japanese, Engalish",2021-02-28_19h34.17.521,Tse_Altarriba_Simon1,2020.1.2,Win32,60,3739,,,,,,,,,,,,,,,,,
,,,,z,0,0.39761,0,11,11,10,1,Images/NeurtalRight.jpeg,Neutral Right,m,AL,20,Male,2,N,Y,Cantonese,Chinese,"Japanese, Engalish",2021-02-28_19h34.17.521,Tse_Altarriba_Simon1,2020.1.2,Win32,60,3739,,,,,,,,,,,,,,,,,
,,,,,,,,,,,,Images/NeurtalRight.jpeg,Neutral Right,m,AL,20,Male,2,N,Y,Cantonese,Chinese,"Japanese, Engalish",2021-02-28_19h34.17.521,Tse_Altarriba_Simon1,2020.1.2,Win32,60,3739,space,9.24396,m,1,0.459585,0,0,0,50,1,,,,,,,
,,,,,,,,,,,,Images/NeurtalRight.jpeg,Neutral Right,m,AL,20,Male,2,N,Y,Cantonese,Chinese,"Japanese, Engalish",2021-02-28_19h34.17.521,Tse_Altarriba_Simon1,2020.1.2,Win32,60,3739,,,m,1,0.36369,0,1,1,53,1,,,,,,,
,,,,,,,,,,,,Images/IncongruentLeft.jpeg,Incongruent Left,z,AL,20,Male,2,N,Y,Cantonese,Chinese,"Japanese, Engalish",2021-02-28_19h34.17.521,Tse_Altarriba_Simon1,2020.1.2,Win32,60,3739,,,z,1,0.384495,0,2,2,24,1,,,,,,,
,,,,,,,,,,,,Images/CongruentRight.jpeg,Congruent Right,m,AL,20,Male,2,N,Y,Cantonese,Chinese,"Japanese, Engalish",2021-02-28_19h34.17.521,Tse_Altarriba_Simon1,2020.1.2,Win32,60,3739,,,m,1,0.30559,0,3,3,13,1,,,,,,,
,,,,,,,,,,,,Images/NeurtalRight.jpeg,Neutral Right,m,AL,20,Male,2,N,Y,Cantonese,Chinese,"Japanese, Engalish",2021-02-28_19h34.17.521,Tse_Altarriba_Simon1,2020.1.2,Win32,60,3739,,,m,1,0.371955,0,4,4,55,1,,,,,,,
,,,,,,,,,,,,Images/IncongruentRight.jpeg,Incongruent Right,m,AL,20,Male,2,N,Y,Cantonese,Chinese,"Japanese, Engalish",2021-02-28_19h34.17.521,Tse_Altarriba_Simon1,2020.1.2,Win32,60,3739,,,m,1,0.453865,0,5,5,34,1,,,,,,,
,,,,,,,,,,,,Images/NeutralLeft.jpeg,Neutral Left,z,AL,20,Male,2,N,Y,Cantonese,Chinese,"Japanese, Engalish",2021-02-28_19h34.17.521,Tse_Altarriba_Simon1,2020.1.2,Win32,60,3739,,,m,0,0.347135,0,6,6,44,1,,,,,,,
,,,,,,,,,,,,Images/CongruentLeft.jpeg,Congruent Left,z,AL,20,Male,2,N,Y,Cantonese,Chinese,"Japanese, Engalish",2021-02-28_19h34.17.521,Tse_Altarriba_Simon1,2020.1.2,Win32,60,3739,,,z,1,0.44241,0,7,7,6,1,,,,,,,
,,,,,,,,,,,,Images/NeutralLeft.jpeg,Neutral Left,z,AL,20,Male,2,N,Y,Cantonese,Chinese,"Japanese, Engalish",2021-02-28_19h34.17.521,Tse_Altarriba_Simon1,2020.1.2,Win32,60,3739,,,z,1,0.376415,0,8,8,42,1,,,,,,,
,,,,,,,,,,,,Images/CongruentRight.jpeg,Congruent Right,m,AL,20,Male,2,N,Y,Cantonese,Chinese,"Japanese, Engalish",2021-02-28_19h34.17.521,Tse_Altarriba_Simon1,2020.1.2,Win32,60,3739,,,m,1,0.305525,0,9,9,17,1,,,,,,,
,,,,,,,,,,,,Images/NeurtalRight.jpeg,Neutral Right,m,AL,20,Male,2,N,Y,Cantonese,Chinese,"Japanese, Engalish",2021-02-28_19h34.17.521,Tse_Altarriba_Simon1,2020.1.2,Win32,60,3739,,,m,1,0.38947,0,10,10,51,1,,,,,,,
,,,,,,,,,,,,Images/IncongruentLeft.jpeg,Incongruent Left,z,AL,20,Male,2,N,Y,Cantonese,Chinese,"Japanese, Engalish",2021-02-28_19h34.17.521,Tse_Altarriba_Simon1,2020.1.2,Win32,60,3739,,,z,1,0.387735,0,11,11,21,1,,,,,,,
,,,,,,,,,,,,Images/CongruentLeft.jpeg,Congruent Left,z,AL,20,Male,2,N,Y,Cantonese,Chinese,"Japanese, Engalish",2021-02-28_19h34.17.521,Tse_Altarriba_Simon1,2020.1.2,Win32,60,3739,,,z,1,0.330375,0,12,12,9,1,,,,,,,
,,,,,,,,,,,,Images/IncongruentRight.jpeg,Incongruent Right,m,AL,20,Male,2,N,Y,Cantonese,Chinese,"Japanese, Engalish",2021-02-28_19h34.17.521,Tse_Altarriba_Simon1,2020.1.2,Win32,60,3739,,,m,1,0.381265,0,13,13,33,1,,,,,,,
,,,,,,,,,,,,Images/IncongruentLeft.jpeg,Incongruent Left,z,AL,20,Male,2,N,Y,Cantonese,Chinese,"Japanese, Engalish",2021-02-28_19h34.17.521,Tse_Altarriba_Simon1,2020.1.2,Win32,60,3739,,,z,1,0.31579,0,14,14,22,1,,,,,,,
,,,,,,,,,,,,Images/CongruentLeft.jpeg,Congruent Left,z,AL,20,Male,2,N,Y,Cantonese,Chinese,"Japanese, Engalish",2021-02-28_19h34.17.521,Tse_Altarriba_Simon1,2020.1.2,Win32,60,3739,,,z,1,0.330075,0,15,15,0,1,,,,,,,
,,,,,,,,,,,,Images/IncongruentLeft.jpeg,Incongruent Left,z,AL,20,Male,2,N,Y,Cantonese,Chinese,"Japanese, Engalish",2021-02-28_19h34.17.521,Tse_Altarriba_Simon1,2020.1.2,Win32,60,3739,,,z,1,0.34712,0,16,16,28,1,,,,,,,
,,,,,,,,,,,,Images/CongruentRight.jpeg,Congruent Right,m,AL,20,Male,2,N,Y,Cantonese,Chinese,"Japanese, Engalish",2021-02-28_19h34.17.521,Tse_Altarriba_Simon1,2020.1.2,Win32,60,3739,,,m,1,0.390595,0,17,17,16,1,,,,,,,
,,,,,,,,,,,,Images/NeutralLeft.jpeg,Neutral Left,z,AL,20,Male,2,N,Y,Cantonese,Chinese,"Japanese, Engalish",2021-02-28_19h34.17.521,Tse_Altarriba_Simon1,2020.1.2,Win32,60,3739,,,m,0,0.37486,0,18,18,48,1,,,,,,,
,,,,,,,,,,,,Images/IncongruentRight.jpeg,Incongruent Right,m,AL,20,Male,2,N,Y,Cantonese,Chinese,"Japanese, Engalish",2021-02-28_19h34.17.521,Tse_Altarriba_Simon1,2020.1.2,Win32,60,3739,,,m,1,0.40635,0,19,19,32,1,,,,,,,
,,,,,,,,,,,,Images/NeurtalRight.jpeg,Neutral Right,m,AL,20,Male,2,N,Y,Cantonese,Chinese,"Japanese, Engalish",2021-02-28_19h34.17.521,Tse_Altarriba_Simon1,2020.1.2,Win32,60,3739,,,m,1,0.369625,0,20,20,56,1,,,,,,,
,,,,,,,,,,,,Images/CongruentRight.jpeg,Congruent Right,m,AL,20,Male,2,N,Y,Cantonese,Chinese,"Japanese, Engalish",2021-02-28_19h34.17.521,Tse_Altarriba_Simon1,2020.1.2,Win32,60,3739,,,z,0,0.30175,0,21,21,15,1,,,,,,,
,,,,,,,,,,,,Images/CongruentLeft.jpeg,Congruent Left,z,AL,20,Male,2,N,Y,Cantonese,Chinese,"Japanese, Engalish",2021-02-28_19h34.17.521,Tse_Altarriba_Simon1,2020.1.2,Win32,60,3739,,,z,1,0.34879,0,22,22,1,1,,,,,,,
,,,,,,,,,,,,Images/CongruentLeft.jpeg,Congruent Left,z,AL,20,Male,2,N,Y,Cantonese,Chinese,"Japanese, Engalish",2021-02-28_19h34.17.521,Tse_Altarriba_Simon1,2020.1.2,Win32,60,3739,,,z,1,0.28355,0,23,23,7,1,,,,,,,
,,,,,,,,,,,,Images/IncongruentLeft.jpeg,Incongruent Left,z,AL,20,Male,2,N,Y,Cantonese,Chinese,"Japanese, Engalish",2021-02-28_19h34.17.521,Tse_Altarriba_Simon1,2020.1.2,Win32,60,3739,,,z,1,0.40268,0,24,24,29,1,,,,,,,
,,,,,,,,,,,,Images/IncongruentLeft.jpeg,Incongruent Left,z,AL,20,Male,2,N,Y,Cantonese,Chinese,"Japanese, Engalish",2021-02-28_19h34.17.521,Tse_Altarriba_Simon1,2020.1.2,Win32,60,3739,,,z,1,0.363,0,25,25,27,1,,,,,,,
,,,,,,,,,,,,Images/NeutralLeft.jpeg,Neutral Left,z,AL,20,Male,2,N,Y,Cantonese,Chinese,"Japanese, Engalish",2021-02-28_19h34.17.521,Tse_Altarriba_Simon1,2020.1.2,Win32,60,3739,,,z,1,0.369005,0,26,26,43,1,,,,,,,
,,,,,,,,,,,,Images/NeutralLeft.jpeg,Neutral Left,z,AL,20,Male,2,N,Y,Cantonese,Chinese,"Japanese, Engalish",2021-02-28_19h34.17.521,Tse_Altarriba_Simon1,2020.1.2,Win32,60,3739,,,z,1,0.348165,0,27,27,40,1,,,,,,,
,,,,,,,,,,,,Images/CongruentLeft.jpeg,Congruent Left,z,AL,20,Male,2,N,Y,Cantonese,Chinese,"Japanese, Engalish",2021-02-28_19h34.17.521,Tse_Altarriba_Simon1,2020.1.2,Win32,60,3739,,,z,1,0.38887,0,28,28,2,1,,,,,,,
,,,,,,,,,,,,Images/IncongruentRight.jpeg,Incongruent Right,m,AL,20,Male,2,N,Y,Cantonese,Chinese,"Japanese, Engalish",2021-02-28_19h34.17.521,Tse_Altarriba_Simon1,2020.1.2,Win32,60,3739,,,m,1,0.576285,0,29,29,30,1,,,,,,,
,,,,,,,,,,,,Images/CongruentLeft.jpeg,Congruent Left,z,AL,20,Male,2,N,Y,Cantonese,Chinese,"Japanese, Engalish",2021-02-28_19h34.17.521,Tse_Altarriba_Simon1,2020.1.2,Win32,60,3739,,,z,1,0.47911,0,30,30,4,1,,,,,,,
,,,,,,,,,,,,Images/CongruentLeft.jpeg,Congruent Left,z,AL,20,Male,2,N,Y,Cantonese,Chinese,"Japanese, Engalish",2021-02-28_19h34.17.521,Tse_Altarriba_Simon1,2020.1.2,Win32,60,3739,,,m,0,0.336825,0,31,31,5,1,,,,,,,
,,,,,,,,,,,,Images/NeurtalRight.jpeg,Neutral Right,m,AL,20,Male,2,N,Y,Cantonese,Chinese,"Japanese, Engalish",2021-02-28_19h34.17.521,Tse_Altarriba_Simon1,2020.1.2,Win32,60,3739,,,m,1,0.35051,0,32,32,59,1,,,,,,,
,,,,,,,,,,,,Images/IncongruentLeft.jpeg,Incongruent Left,z,AL,20,Male,2,N,Y,Cantonese,Chinese,"Japanese, Engalish",2021-02-28_19h34.17.521,Tse_Altarriba_Simon1,2020.1.2,Win32,60,3739,,,z,1,0.322045,0,33,33,25,1,,,,,,,
,,,,,,,,,,,,Images/NeutralLeft.jpeg,Neutral Left,z,AL,20,Male,2,N,Y,Cantonese,Chinese,"Japanese, Engalish",2021-02-28_19h34.17.521,Tse_Altarriba_Simon1,2020.1.2,Win32,60,3739,,,z,1,0.427765,0,34,34,45,1,,,,,,,
,,,,,,,,,,,,Images/IncongruentRight.jpeg,Incongruent Right,m,AL,20,Male,2,N,Y,Cantonese,Chinese,"Japanese, Engalish",2021-02-28_19h34.17.521,Tse_Altarriba_Simon1,2020.1.2,Win32,60,3739,,,m,1,0.42317,0,35,35,37,1,,,,,,,
,,,,,,,,,,,,Images/IncongruentRight.jpeg,Incongruent Right,m,AL,20,Male,2,N,Y,Cantonese,Chinese,"Japanese, Engalish",2021-02-28_19h34.17.521,Tse_Altarriba_Simon1,2020.1.2,Win32,60,3739,,,m,1,0.440845,0,36,36,36,1,,,,,,,
,,,,,,,,,,,,Images/IncongruentLeft.jpeg,Incongruent Left,z,AL,20,Male,2,N,Y,Cantonese,Chinese,"Japanese, Engalish",2021-02-28_19h34.17.521,Tse_Altarriba_Simon1,2020.1.2,Win32,60,3739,,,z,1,0.29417,0,37,37,20,1,,,,,,,
,,,,,,,,,,,,Images/CongruentRight.jpeg,Congruent Right,m,AL,20,Male,2,N,Y,Cantonese,Chinese,"Japanese, Engalish",2021-02-28_19h34.17.521,Tse_Altarriba_Simon1,2020.1.2,Win32,60,3739,,,z,0,0.330975,0,38,38,14,1,,,,,,,
,,,,,,,,,,,,Images/CongruentRight.jpeg,Congruent Right,m,AL,20,Male,2,N,Y,Cantonese,Chinese,"Japanese, Engalish",2021-02-28_19h34.17.521,Tse_Altarriba_Simon1,2020.1.2,Win32,60,3739,,,m,1,0.41632,0,39,39,18,1,,,,,,,
,,,,,,,,,,,,Images/IncongruentRight.jpeg,Incongruent Right,m,AL,20,Male,2,N,Y,Cantonese,Chinese,"Japanese, Engalish",2021-02-28_19h34.17.521,Tse_Altarriba_Simon1,2020.1.2,Win32,60,3739,,,m,1,0.40963,0,40,40,31,1,,,,,,,
,,,,,,,,,,,,Images/IncongruentRight.jpeg,Incongruent Right,m,AL,20,Male,2,N,Y,Cantonese,Chinese,"Japanese, Engalish",2021-02-28_19h34.17.521,Tse_Altarriba_Simon1,2020.1.2,Win32,60,3739,,,m,1,0.33604,0,41,41,38,1,,,,,,,
,,,,,,,,,,,,Images/IncongruentLeft.jpeg,Incongruent Left,z,AL,20,Male,2,N,Y,Cantonese,Chinese,"Japanese, Engalish",2021-02-28_19h34.17.521,Tse_Altarriba_Simon1,2020.1.2,Win32,60,3739,,,z,1,0.3682,0,42,42,23,1,,,,,,,
,,,,,,,,,,,,Images/NeurtalRight.jpeg,Neutral Right,m,AL,20,Male,2,N,Y,Cantonese,Chinese,"Japanese, Engalish",2021-02-28_19h34.17.521,Tse_Altarriba_Simon1,2020.1.2,Win32,60,3739,,,m,1,0.37506,0,43,43,58,1,,,,,,,
,,,,,,,,,,,,Images/CongruentRight.jpeg,Congruent Right,m,AL,20,Male,2,N,Y,Cantonese,Chinese,"Japanese, Engalish",2021-02-28_19h34.17.521,Tse_Altarriba_Simon1,2020.1.2,Win32,60,3739,,,m,1,0.343045,0,44,44,10,1,,,,,,,
,,,,,,,,,,,,Images/CongruentLeft.jpeg,Congruent Left,z,AL,20,Male,2,N,Y,Cantonese,Chinese,"Japanese, Engalish",2021-02-28_19h34.17.521,Tse_Altarriba_Simon1,2020.1.2,Win32,60,3739,,,z,1,0.31947,0,45,45,8,1,,,,,,,
,,,,,,,,,,,,Images/CongruentRight.jpeg,Congruent Right,m,AL,20,Male,2,N,Y,Cantonese,Chinese,"Japanese, Engalish",2021-02-28_19h34.17.521,Tse_Altarriba_Simon1,2020.1.2,Win32,60,3739,,,m,1,0.335025,0,46,46,19,1,,,,,,,
,,,,,,,,,,,,Images/CongruentRight.jpeg,Congruent Right,m,AL,20,Male,2,N,Y,Cantonese,Chinese,"Japanese, Engalish",2021-02-28_19h34.17.521,Tse_Altarriba_Simon1,2020.1.2,Win32,60,3739,,,m,1,0.36301,0,47,47,12,1,,,,,,,
,,,,,,,,,,,,Images/CongruentLeft.jpeg,Congruent Left,z,AL,20,Male,2,N,Y,Cantonese,Chinese,"Japanese, Engalish",2021-02-28_19h34.17.521,Tse_Altarriba_Simon1,2020.1.2,Win32,60,3739,,,z,1,0.30114,0,48,48,3,1,,,,,,,
,,,,,,,,,,,,Images/IncongruentRight.jpeg,Incongruent Right,m,AL,20,Male,2,N,Y,Cantonese,Chinese,"Japanese, Engalish",2021-02-28_19h34.17.521,Tse_Altarriba_Simon1,2020.1.2,Win32,60,3739,,,m,1,0.396505,0,49,49,39,1,,,,,,,
,,,,,,,,,,,,Images/NeutralLeft.jpeg,Neutral Left,z,AL,20,Male,2,N,Y,Cantonese,Chinese,"Japanese, Engalish",2021-02-28_19h34.17.521,Tse_Altarriba_Simon1,2020.1.2,Win32,60,3739,,,z,1,0.370505,0,50,50,41,1,,,,,,,
,,,,,,,,,,,,Images/CongruentRight.jpeg,Congruent Right,m,AL,20,Male,2,N,Y,Cantonese,Chinese,"Japanese, Engalish",2021-02-28_19h34.17.521,Tse_Altarriba_Simon1,2020.1.2,Win32,60,3739,,,m,1,0.305455,0,51,51,11,1,,,,,,,
,,,,,,,,,,,,Images/IncongruentLeft.jpeg,Incongruent Left,z,AL,20,Male,2,N,Y,Cantonese,Chinese,"Japanese, Engalish",2021-02-28_19h34.17.521,Tse_Altarriba_Simon1,2020.1.2,Win32,60,3739,,,z,1,0.298645,0,52,52,26,1,,,,,,,
,,,,,,,,,,,,Images/IncongruentRight.jpeg,Incongruent Right,m,AL,20,Male,2,N,Y,Cantonese,Chinese,"Japanese, Engalish",2021-02-28_19h34.17.521,Tse_Altarriba_Simon1,2020.1.2,Win32,60,3739,,,m,1,0.37481,0,53,53,35,1,,,,,,,
,,,,,,,,,,,,Images/NeurtalRight.jpeg,Neutral Right,m,AL,20,Male,2,N,Y,Cantonese,Chinese,"Japanese, Engalish",2021-02-28_19h34.17.521,Tse_Altarriba_Simon1,2020.1.2,Win32,60,3739,,,m,1,0.349,0,54,54,52,1,,,,,,,
,,,,,,,,,,,,Images/NeutralLeft.jpeg,Neutral Left,z,AL,20,Male,2,N,Y,Cantonese,Chinese,"Japanese, Engalish",2021-02-28_19h34.17.521,Tse_Altarriba_Simon1,2020.1.2,Win32,60,3739,,,z,1,0.259745,0,55,55,49,1,,,,,,,
,,,,,,,,,,,,Images/NeurtalRight.jpeg,Neutral Right,m,AL,20,Male,2,N,Y,Cantonese,Chinese,"Japanese, Engalish",2021-02-28_19h34.17.521,Tse_Altarriba_Simon1,2020.1.2,Win32,60,3739,,,m,1,0.314235,0,56,56,54,1,,,,,,,
,,,,,,,,,,,,Images/NeutralLeft.jpeg,Neutral Left,z,AL,20,Male,2,N,Y,Cantonese,Chinese,"Japanese, Engalish",2021-02-28_19h34.17.521,Tse_Altarriba_Simon1,2020.1.2,Win32,60,3739,,,z,1,0.291515,0,57,57,46,1,,,,,,,
,,,,,,,,,,,,Images/NeurtalRight.jpeg,Neutral Right,m,AL,20,Male,2,N,Y,Cantonese,Chinese,"Japanese, Engalish",2021-02-28_19h34.17.521,Tse_Altarriba_Simon1,2020.1.2,Win32,60,3739,,,m,1,0.299275,0,58,58,57,1,,,,,,,
,,,,,,,,,,,,Images/NeutralLeft.jpeg,Neutral Left,z,AL,20,Male,2,N,Y,Cantonese,Chinese,"Japanese, Engalish",2021-02-28_19h34.17.521,Tse_Altarriba_Simon1,2020.1.2,Win32,60,3739,,,z,1,0.41833,0,59,59,47,1,,,,,,,
,,,,,,,,,,,,Images/CongruentLeft.jpeg,Congruent Left,z,AL,20,Male,2,N,Y,Cantonese,Chinese,"Japanese, Engalish",2021-02-28_19h34.17.521,Tse_Altarriba_Simon1,2020.1.2,Win32,60,3739,,,z,1,0.32387,,,,,,space,5.34439,0,0,0,7,1
,,,,,,,,,,,,Images/CongruentLeft.jpeg,Congruent Left,z,AL,20,Male,2,N,Y,Cantonese,Chinese,"Japanese, Engalish",2021-02-28_19h34.17.521,Tse_Altarriba_Simon1,2020.1.2,Win32,60,3739,,,z,1,0.32517,,,,,,,,0,1,1,4,1
,,,,,,,,,,,,Images/IncongruentRight.jpeg,Incongruent Right,m,AL,20,Male,2,N,Y,Cantonese,Chinese,"Japanese, Engalish",2021-02-28_19h34.17.521,Tse_Altarriba_Simon1,2020.1.2,Win32,60,3739,,,m,1,0.37465,,,,,,,,0,2,2,33,1
,,,,,,,,,,,,Images/IncongruentRight.jpeg,Incongruent Right,m,AL,20,Male,2,N,Y,Cantonese,Chinese,"Japanese, Engalish",2021-02-28_19h34.17.521,Tse_Altarriba_Simon1,2020.1.2,Win32,60,3739,,,m,1,0.335605,,,,,,,,0,3,3,35,1
,,,,,,,,,,,,Images/IncongruentRight.jpeg,Incongruent Right,m,AL,20,Male,2,N,Y,Cantonese,Chinese,"Japanese, Engalish",2021-02-28_19h34.17.521,Tse_Altarriba_Simon1,2020.1.2,Win32,60,3739,,,m,1,0.37612,,,,,,,,0,4,4,31,1
,,,,,,,,,,,,Images/CongruentRight.jpeg,Congruent Right,m,AL,20,Male,2,N,Y,Cantonese,Chinese,"Japanese, Engalish",2021-02-28_19h34.17.521,Tse_Altarriba_Simon1,2020.1.2,Win32,60,3739,,,z,0,0.361195,,,,,,,,0,5,5,16,1
,,,,,,,,,,,,Images/IncongruentLeft.jpeg,Incongruent Left,z,AL,20,Male,2,N,Y,Cantonese,Chinese,"Japanese, Engalish",2021-02-28_19h34.17.521,Tse_Altarriba_Simon1,2020.1.2,Win32,60,3739,,,z,1,0.36786,,,,,,,,0,6,6,25,1
,,,,,,,,,,,,Images/NeutralLeft.jpeg,Neutral Left,z,AL,20,Male,2,N,Y,Cantonese,Chinese,"Japanese, Engalish",2021-02-28_19h34.17.521,Tse_Altarriba_Simon1,2020.1.2,Win32,60,3739,,,z,1,0.37842,,,,,,,,0,7,7,45,1
,,,,,,,,,,,,Images/NeurtalRight.jpeg,Neutral Right,m,AL,20,Male,2,N,Y,Cantonese,Chinese,"Japanese, Engalish",2021-02-28_19h34.17.521,Tse_Altarriba_Simon1,2020.1.2,Win32,60,3739,,,m,1,0.32645,,,,,,,,0,8,8,53,1
,,,,,,,,,,,,Images/NeurtalRight.jpeg,Neutral Right,m,AL,20,Male,2,N,Y,Cantonese,Chinese,"Japanese, Engalish",2021-02-28_19h34.17.521,Tse_Altarriba_Simon1,2020.1.2,Win32,60,3739,,,m,1,0.380915,,,,,,,,0,9,9,58,1
,,,,,,,,,,,,Images/IncongruentRight.jpeg,Incongruent Right,m,AL,20,Male,2,N,Y,Cantonese,Chinese,"Japanese, Engalish",2021-02-28_19h34.17.521,Tse_Altarriba_Simon1,2020.1.2,Win32,60,3739,,,m,1,0.408455,,,,,,,,0,10,10,37,1
,,,,,,,,,,,,Images/IncongruentRight.jpeg,Incongruent Right,m,AL,20,Male,2,N,Y,Cantonese,Chinese,"Japanese, Engalish",2021-02-28_19h34.17.521,Tse_Altarriba_Simon1,2020.1.2,Win32,60,3739,,,m,1,0.36102,,,,,,,,0,11,11,30,1
,,,,,,,,,,,,Images/CongruentRight.jpeg,Congruent Right,m,AL,20,Male,2,N,Y,Cantonese,Chinese,"Japanese, Engalish",2021-02-28_19h34.17.521,Tse_Altarriba_Simon1,2020.1.2,Win32,60,3739,,,m,1,0.430455,,,,,,,,0,12,12,10,1
,,,,,,,,,,,,Images/IncongruentLeft.jpeg,Incongruent Left,z,AL,20,Male,2,N,Y,Cantonese,Chinese,"Japanese, Engalish",2021-02-28_19h34.17.521,Tse_Altarriba_Simon1,2020.1.2,Win32,60,3739,,,z,1,0.54456,,,,,,,,0,13,13,26,1
,,,,,,,,,,,,Images/IncongruentRight.jpeg,Incongruent Right,m,AL,20,Male,2,N,Y,Cantonese,Chinese,"Japanese, Engalish",2021-02-28_19h34.17.521,Tse_Altarriba_Simon1,2020.1.2,Win32,60,3739,,,m,1,0.34465,,,,,,,,0,14,14,32,1
,,,,,,,,,,,,Images/CongruentRight.jpeg,Congruent Right,m,AL,20,Male,2,N,Y,Cantonese,Chinese,"Japanese, Engalish",2021-02-28_19h34.17.521,Tse_Altarriba_Simon1,2020.1.2,Win32,60,3739,,,m,1,0.28465,,,,,,,,0,15,15,17,1
,,,,,,,,,,,,Images/NeurtalRight.jpeg,Neutral Right,m,AL,20,Male,2,N,Y,Cantonese,Chinese,"Japanese, Engalish",2021-02-28_19h34.17.521,Tse_Altarriba_Simon1,2020.1.2,Win32,60,3739,,,m,1,0.37656,,,,,,,,0,16,16,55,1
,,,,,,,,,,,,Images/IncongruentLeft.jpeg,Incongruent Left,z,AL,20,Male,2,N,Y,Cantonese,Chinese,"Japanese, Engalish",2021-02-28_19h34.17.521,Tse_Altarriba_Simon1,2020.1.2,Win32,60,3739,,,z,1,0.37636,,,,,,,,0,17,17,21,1
,,,,,,,,,,,,Images/CongruentRight.jpeg,Congruent Right,m,AL,20,Male,2,N,Y,Cantonese,Chinese,"Japanese, Engalish",2021-02-28_19h34.17.521,Tse_Altarriba_Simon1,2020.1.2,Win32,60,3739,,,m,1,0.329265,,,,,,,,0,18,18,15,1
,,,,,,,,,,,,Images/IncongruentRight.jpeg,Incongruent Right,m,AL,20,Male,2,N,Y,Cantonese,Chinese,"Japanese, Engalish",2021-02-28_19h34.17.521,Tse_Altarriba_Simon1,2020.1.2,Win32,60,3739,,,m,1,0.36933,,,,,,,,0,19,19,34,1
,,,,,,,,,,,,Images/IncongruentLeft.jpeg,Incongruent Left,z,AL,20,Male,2,N,Y,Cantonese,Chinese,"Japanese, Engalish",2021-02-28_19h34.17.521,Tse_Altarriba_Simon1,2020.1.2,Win32,60,3739,,,z,1,0.344765,,,,,,,,0,20,20,28,1
,,,,,,,,,,,,Images/NeurtalRight.jpeg,Neutral Right,m,AL,20,Male,2,N,Y,Cantonese,Chinese,"Japanese, Engalish",2021-02-28_19h34.17.521,Tse_Altarriba_Simon1,2020.1.2,Win32,60,3739,,,m,1,0.366705,,,,,,,,0,21,21,52,1
,,,,,,,,,,,,Images/IncongruentRight.jpeg,Incongruent Right,m,AL,20,Male,2,N,Y,Cantonese,Chinese,"Japanese, Engalish",2021-02-28_19h34.17.521,Tse_Altarriba_Simon1,2020.1.2,Win32,60,3739,,,m,1,0.3584,,,,,,,,0,22,22,38,1
,,,,,,,,,,,,Images/IncongruentLeft.jpeg,Incongruent Left,z,AL,20,Male,2,N,Y,Cantonese,Chinese,"Japanese, Engalish",2021-02-28_19h34.17.521,Tse_Altarriba_Simon1,2020.1.2,Win32,60,3739,,,z,1,0.27521,,,,,,,,0,23,23,23,1
,,,,,,,,,,,,Images/CongruentRight.jpeg,Congruent Right,m,AL,20,Male,2,N,Y,Cantonese,Chinese,"Japanese, Engalish",2021-02-28_19h34.17.521,Tse_Altarriba_Simon1,2020.1.2,Win32,60,3739,,,z,0,0.361035,,,,,,,,0,24,24,14,1
,,,,,,,,,,,,Images/NeurtalRight.jpeg,Neutral Right,m,AL,20,Male,2,N,Y,Cantonese,Chinese,"Japanese, Engalish",2021-02-28_19h34.17.521,Tse_Altarriba_Simon1,2020.1.2,Win32,60,3739,,,m,1,0.365135,,,,,,,,0,25,25,50,1
,,,,,,,,,,,,Images/NeurtalRight.jpeg,Neutral Right,m,AL,20,Male,2,N,Y,Cantonese,Chinese,"Japanese, Engalish",2021-02-28_19h34.17.521,Tse_Altarriba_Simon1,2020.1.2,Win32,60,3739,,,m,1,0.47234,,,,,,,,0,26,26,56,1
,,,,,,,,,,,,Images/IncongruentLeft.jpeg,Incongruent Left,z,AL,20,Male,2,N,Y,Cantonese,Chinese,"Japanese, Engalish",2021-02-28_19h34.17.521,Tse_Altarriba_Simon1,2020.1.2,Win32,60,3739,,,z,1,0.33721,,,,,,,,0,27,27,22,1
,,,,,,,,,,,,Images/NeutralLeft.jpeg,Neutral Left,z,AL,20,Male,2,N,Y,Cantonese,Chinese,"Japanese, Engalish",2021-02-28_19h34.17.521,Tse_Altarriba_Simon1,2020.1.2,Win32,60,3739,,,m,0,0.3057,,,,,,,,0,28,28,42,1
,,,,,,,,,,,,Images/NeurtalRight.jpeg,Neutral Right,m,AL,20,Male,2,N,Y,Cantonese,Chinese,"Japanese, Engalish",2021-02-28_19h34.17.521,Tse_Altarriba_Simon1,2020.1.2,Win32,60,3739,,,m,1,0.36829,,,,,,,,0,29,29,59,1
,,,,,,,,,,,,Images/CongruentLeft.jpeg,Congruent Left,z,AL,20,Male,2,N,Y,Cantonese,Chinese,"Japanese, Engalish",2021-02-28_19h34.17.521,Tse_Altarriba_Simon1,2020.1.2,Win32,60,3739,,,z,1,0.277545,,,,,,,,0,30,30,1,1
,,,,,,,,,,,,Images/CongruentLeft.jpeg,Congruent Left,z,AL,20,Male,2,N,Y,Cantonese,Chinese,"Japanese, Engalish",2021-02-28_19h34.17.521,Tse_Altarriba_Simon1,2020.1.2,Win32,60,3739,,,z,1,0.44469,,,,,,,,0,31,31,6,1
,,,,,,,,,,,,Images/NeutralLeft.jpeg,Neutral Left,z,AL,20,Male,2,N,Y,Cantonese,Chinese,"Japanese, Engalish",2021-02-28_19h34.17.521,Tse_Altarriba_Simon1,2020.1.2,Win32,60,3739,,,z,1,0.407035,,,,,,,,0,32,32,40,1
,,,,,,,,,,,,Images/IncongruentRight.jpeg,Incongruent Right,m,AL,20,Male,2,N,Y,Cantonese,Chinese,"Japanese, Engalish",2021-02-28_19h34.17.521,Tse_Altarriba_Simon1,2020.1.2,Win32,60,3739,,,m,1,0.33336,,,,,,,,0,33,33,36,1
,,,,,,,,,,,,Images/IncongruentLeft.jpeg,Incongruent Left,z,AL,20,Male,2,N,Y,Cantonese,Chinese,"Japanese, Engalish",2021-02-28_19h34.17.521,Tse_Altarriba_Simon1,2020.1.2,Win32,60,3739,,,z,1,0.3653,,,,,,,,0,34,34,27,1
,,,,,,,,,,,,Images/NeutralLeft.jpeg,Neutral Left,z,AL,20,Male,2,N,Y,Cantonese,Chinese,"Japanese, Engalish",2021-02-28_19h34.17.521,Tse_Altarriba_Simon1,2020.1.2,Win32,60,3739,,,z,1,0.37081,,,,,,,,0,35,35,44,1
,,,,,,,,,,,,Images/CongruentLeft.jpeg,Congruent Left,z,AL,20,Male,2,N,Y,Cantonese,Chinese,"Japanese, Engalish",2021-02-28_19h34.17.521,Tse_Altarriba_Simon1,2020.1.2,Win32,60,3739,,,z,1,0.312365,,,,,,,,0,36,36,2,1
,,,,,,,,,,,,Images/CongruentRight.jpeg,Congruent Right,m,AL,20,Male,2,N,Y,Cantonese,Chinese,"Japanese, Engalish",2021-02-28_19h34.17.521,Tse_Altarriba_Simon1,2020.1.2,Win32,60,3739,,,m,1,0.34064,,,,,,,,0,37,37,11,1
,,,,,,,,,,,,Images/CongruentLeft.jpeg,Congruent Left,z,AL,20,Male,2,N,Y,Cantonese,Chinese,"Japanese, Engalish",2021-02-28_19h34.17.521,Tse_Altarriba_Simon1,2020.1.2,Win32,60,3739,,,z,1,0.472035,,,,,,,,0,38,38,8,1
,,,,,,,,,,,,Images/NeutralLeft.jpeg,Neutral Left,z,AL,20,Male,2,N,Y,Cantonese,Chinese,"Japanese, Engalish",2021-02-28_19h34.17.521,Tse_Altarriba_Simon1,2020.1.2,Win32,60,3739,,,z,1,0.37833,,,,,,,,0,39,39,46,1
,,,,,,,,,,,,Images/CongruentLeft.jpeg,Congruent Left,z,AL,20,Male,2,N,Y,Cantonese,Chinese,"Japanese, Engalish",2021-02-28_19h34.17.521,Tse_Altarriba_Simon1,2020.1.2,Win32,60,3739,,,z,1,0.278245,,,,,,,,0,40,40,0,1
,,,,,,,,,,,,Images/IncongruentRight.jpeg,Incongruent Right,m,AL,20,Male,2,N,Y,Cantonese,Chinese,"Japanese, Engalish",2021-02-28_19h34.17.521,Tse_Altarriba_Simon1,2020.1.2,Win32,60,3739,,,m,1,0.37581,,,,,,,,0,41,41,39,1
,,,,,,,,,,,,Images/NeurtalRight.jpeg,Neutral Right,m,AL,20,Male,2,N,Y,Cantonese,Chinese,"Japanese, Engalish",2021-02-28_19h34.17.521,Tse_Altarriba_Simon1,2020.1.2,Win32,60,3739,,,m,1,0.37177,,,,,,,,0,42,42,57,1
,,,,,,,,,,,,Images/IncongruentLeft.jpeg,Incongruent Left,z,AL,20,Male,2,N,Y,Cantonese,Chinese,"Japanese, Engalish",2021-02-28_19h34.17.521,Tse_Altarriba_Simon1,2020.1.2,Win32,60,3739,,,z,1,0.352335,,,,,,,,0,43,43,24,1
,,,,,,,,,,,,Images/NeurtalRight.jpeg,Neutral Right,m,AL,20,Male,2,N,Y,Cantonese,Chinese,"Japanese, Engalish",2021-02-28_19h34.17.521,Tse_Altarriba_Simon1,2020.1.2,Win32,60,3739,,,m,1,0.36107,,,,,,,,0,44,44,51,1
,,,,,,,,,,,,Images/CongruentRight.jpeg,Congruent Right,m,AL,20,Male,2,N,Y,Cantonese,Chinese,"Japanese, Engalish",2021-02-28_19h34.17.521,Tse_Altarriba_Simon1,2020.1.2,Win32,60,3739,,,m,1,0.30044,,,,,,,,0,45,45,13,1
,,,,,,,,,,,,Images/CongruentRight.jpeg,Congruent Right,m,AL,20,Male,2,N,Y,Cantonese,Chinese,"Japanese, Engalish",2021-02-28_19h34.17.521,Tse_Altarriba_Simon1,2020.1.2,Win32,60,3739,,,m,1,0.40361,,,,,,,,0,46,46,12,1
,,,,,,,,,,,,Images/NeutralLeft.jpeg,Neutral Left,z,AL,20,Male,2,N,Y,Cantonese,Chinese,"Japanese, Engalish",2021-02-28_19h34.17.521,Tse_Altarriba_Simon1,2020.1.2,Win32,60,3739,,,z,1,0.38784,,,,,,,,0,47,47,48,1
,,,,,,,,,,,,Images/CongruentRight.jpeg,Congruent Right,m,AL,20,Male,2,N,Y,Cantonese,Chinese,"Japanese, Engalish",2021-02-28_19h34.17.521,Tse_Altarriba_Simon1,2020.1.2,Win32,60,3739,,,m,1,0.333095,,,,,,,,0,48,48,19,1
,,,,,,,,,,,,Images/NeutralLeft.jpeg,Neutral Left,z,AL,20,Male,2,N,Y,Cantonese,Chinese,"Japanese, Engalish",2021-02-28_19h34.17.521,Tse_Altarriba_Simon1,2020.1.2,Win32,60,3739,,,z,1,0.33745,,,,,,,,0,49,49,41,1
,,,,,,,,,,,,Images/NeurtalRight.jpeg,Neutral Right,m,AL,20,Male,2,N,Y,Cantonese,Chinese,"Japanese, Engalish",2021-02-28_19h34.17.521,Tse_Altarriba_Simon1,2020.1.2,Win32,60,3739,,,m,1,0.38977,,,,,,,,0,50,50,54,1
,,,,,,,,,,,,Images/CongruentLeft.jpeg,Congruent Left,z,AL,20,Male,2,N,Y,Cantonese,Chinese,"Japanese, Engalish",2021-02-28_19h34.17.521,Tse_Altarriba_Simon1,2020.1.2,Win32,60,3739,,,z,1,0.28496,,,,,,,,0,51,51,9,1
,,,,,,,,,,,,Images/NeutralLeft.jpeg,Neutral Left,z,AL,20,Male,2,N,Y,Cantonese,Chinese,"Japanese, Engalish",2021-02-28_19h34.17.521,Tse_Altarriba_Simon1,2020.1.2,Win32,60,3739,,,z,1,0.390145,,,,,,,,0,52,52,49,1
,,,,,,,,,,,,Images/IncongruentLeft.jpeg,Incongruent Left,z,AL,20,Male,2,N,Y,Cantonese,Chinese,"Japanese, Engalish",2021-02-28_19h34.17.521,Tse_Altarriba_Simon1,2020.1.2,Win32,60,3739,,,z,1,0.464495,,,,,,,,0,53,53,20,1
,,,,,,,,,,,,Images/CongruentLeft.jpeg,Congruent Left,z,AL,20,Male,2,N,Y,Cantonese,Chinese,"Japanese, Engalish",2021-02-28_19h34.17.521,Tse_Altarriba_Simon1,2020.1.2,Win32,60,3739,,,z,1,0.28457,,,,,,,,0,54,54,5,1
,,,,,,,,,,,,Images/NeutralLeft.jpeg,Neutral Left,z,AL,20,Male,2,N,Y,Cantonese,Chinese,"Japanese, Engalish",2021-02-28_19h34.17.521,Tse_Altarriba_Simon1,2020.1.2,Win32,60,3739,,,z,1,0.27255,,,,,,,,0,55,55,43,1
,,,,,,,,,,,,Images/CongruentLeft.jpeg,Congruent Left,z,AL,20,Male,2,N,Y,Cantonese,Chinese,"Japanese, Engalish",2021-02-28_19h34.17.521,Tse_Altarriba_Simon1,2020.1.2,Win32,60,3739,,,z,1,0.32113,,,,,,,,0,56,56,3,1
,,,,,,,,,,,,Images/IncongruentLeft.jpeg,Incongruent Left,z,AL,20,Male,2,N,Y,Cantonese,Chinese,"Japanese, Engalish",2021-02-28_19h34.17.521,Tse_Altarriba_Simon1,2020.1.2,Win32,60,3739,,,z,1,0.469505,,,,,,,,0,57,57,29,1
,,,,,,,,,,,,Images/NeutralLeft.jpeg,Neutral Left,z,AL,20,Male,2,N,Y,Cantonese,Chinese,"Japanese, Engalish",2021-02-28_19h34.17.521,Tse_Altarriba_Simon1,2020.1.2,Win32,60,3739,,,z,1,0.33535,,,,,,,,0,58,58,47,1
,,,,,,,,,,,,Images/CongruentRight.jpeg,Congruent Right,m,AL,20,Male,2,N,Y,Cantonese,Chinese,"Japanese, Engalish",2021-02-28_19h34.17.521,Tse_Altarriba_Simon1,2020.1.2,Win32,60,3739,,,m,1,0.365555,,,,,,,,0,59,59,18,1
