Space1.keys,Space1.rt,Space2.keys,Space2.rt,response.keys,response.corr,response.rt,Practice_loop.thisRepN,Practice_loop.thisTrialN,Practice_loop.thisN,Practice_loop.thisIndex,Practice_loop.ran,ImageFile,Condition,CorrAns,Your initials,What is your age?,What is your gender?,What year are you in?,Are you Dyslexic? (Y/N),Are you bi/multilingual? (Y/N),What is your first language?,"What is your second language? (if you are monollingual, leave blank)",What other languages do you speak?,date,expName,psychopyVersion,OS,frameRate,participant,Space3.keys,Space3.rt,key_resp_2.keys,key_resp_2.corr,key_resp_2.rt,trials.thisRepN,trials.thisTrialN,trials.thisN,trials.thisIndex,trials.ran,Space4.keys,Space4.rt,trials_2.thisRepN,trials_2.thisTrialN,trials_2.thisN,trials_2.thisIndex,trials_2.ran
space,1.963,space,27.902,z,1,0.695,0,0,0,5,1,Images/IncongruentLeft.jpeg,Incongruent Left,z,LC,20,female,2,n,y,Chinese,English,Spanish,2021-02-17_12h45.35.114,Tse_Altarriba_Simon1,2020.1.2,MacIntel,60,3745,,,,,,,,,,,,,,,,,
,,,,m,1,0.479,0,1,1,6,1,Images/IncongruentRight.jpeg,Incongruent Right,m,LC,20,female,2,n,y,Chinese,English,Spanish,2021-02-17_12h45.35.114,Tse_Altarriba_Simon1,2020.1.2,MacIntel,60,3745,,,,,,,,,,,,,,,,,
,,,,z,1,0.863,0,2,2,8,1,Images/NeutralLeft.jpeg,Neutral Left,z,LC,20,female,2,n,y,Chinese,English,Spanish,2021-02-17_12h45.35.114,Tse_Altarriba_Simon1,2020.1.2,MacIntel,60,3745,,,,,,,,,,,,,,,,,
,,,,m,1,0.414,0,3,3,10,1,Images/NeurtalRight.jpeg,Neutral Right,m,LC,20,female,2,n,y,Chinese,English,Spanish,2021-02-17_12h45.35.114,Tse_Altarriba_Simon1,2020.1.2,MacIntel,60,3745,,,,,,,,,,,,,,,,,
,,,,m,1,0.471,0,4,4,3,1,Images/CongruentRight.jpeg,Congruent Right,m,LC,20,female,2,n,y,Chinese,English,Spanish,2021-02-17_12h45.35.114,Tse_Altarriba_Simon1,2020.1.2,MacIntel,60,3745,,,,,,,,,,,,,,,,,
,,,,m,1,0.425,0,5,5,11,1,Images/NeurtalRight.jpeg,Neutral Right,m,LC,20,female,2,n,y,Chinese,English,Spanish,2021-02-17_12h45.35.114,Tse_Altarriba_Simon1,2020.1.2,MacIntel,60,3745,,,,,,,,,,,,,,,,,
,,,,z,1,0.331,0,6,6,1,1,Images/CongruentLeft.jpeg,Congruent Left,z,LC,20,female,2,n,y,Chinese,English,Spanish,2021-02-17_12h45.35.114,Tse_Altarriba_Simon1,2020.1.2,MacIntel,60,3745,,,,,,,,,,,,,,,,,
,,,,z,1,0.416,0,7,7,9,1,Images/NeutralLeft.jpeg,Neutral Left,z,LC,20,female,2,n,y,Chinese,English,Spanish,2021-02-17_12h45.35.114,Tse_Altarriba_Simon1,2020.1.2,MacIntel,60,3745,,,,,,,,,,,,,,,,,
,,,,z,1,0.549,0,8,8,4,1,Images/IncongruentLeft.jpeg,Incongruent Left,z,LC,20,female,2,n,y,Chinese,English,Spanish,2021-02-17_12h45.35.114,Tse_Altarriba_Simon1,2020.1.2,MacIntel,60,3745,,,,,,,,,,,,,,,,,
,,,,m,1,0.305,0,9,9,2,1,Images/CongruentRight.jpeg,Congruent Right,m,LC,20,female,2,n,y,Chinese,English,Spanish,2021-02-17_12h45.35.114,Tse_Altarriba_Simon1,2020.1.2,MacIntel,60,3745,,,,,,,,,,,,,,,,,
,,,,z,0,0.322,0,10,10,7,1,Images/IncongruentRight.jpeg,Incongruent Right,m,LC,20,female,2,n,y,Chinese,English,Spanish,2021-02-17_12h45.35.114,Tse_Altarriba_Simon1,2020.1.2,MacIntel,60,3745,,,,,,,,,,,,,,,,,
,,,,z,1,0.365,0,11,11,0,1,Images/CongruentLeft.jpeg,Congruent Left,z,LC,20,female,2,n,y,Chinese,English,Spanish,2021-02-17_12h45.35.114,Tse_Altarriba_Simon1,2020.1.2,MacIntel,60,3745,,,,,,,,,,,,,,,,,
,,,,,,,,,,,,Images/CongruentLeft.jpeg,Congruent Left,z,LC,20,female,2,n,y,Chinese,English,Spanish,2021-02-17_12h45.35.114,Tse_Altarriba_Simon1,2020.1.2,MacIntel,60,3745,space,13.436,z,1,0.497,0,0,0,3,1,,,,,,,
,,,,,,,,,,,,Images/IncongruentLeft.jpeg,Incongruent Left,z,LC,20,female,2,n,y,Chinese,English,Spanish,2021-02-17_12h45.35.114,Tse_Altarriba_Simon1,2020.1.2,MacIntel,60,3745,,,z,1,0.552,0,1,1,28,1,,,,,,,
,,,,,,,,,,,,Images/NeutralLeft.jpeg,Neutral Left,z,LC,20,female,2,n,y,Chinese,English,Spanish,2021-02-17_12h45.35.114,Tse_Altarriba_Simon1,2020.1.2,MacIntel,60,3745,,,z,1,0.387,0,2,2,49,1,,,,,,,
,,,,,,,,,,,,Images/NeutralLeft.jpeg,Neutral Left,z,LC,20,female,2,n,y,Chinese,English,Spanish,2021-02-17_12h45.35.114,Tse_Altarriba_Simon1,2020.1.2,MacIntel,60,3745,,,z,1,0.388,0,3,3,44,1,,,,,,,
,,,,,,,,,,,,Images/IncongruentRight.jpeg,Incongruent Right,m,LC,20,female,2,n,y,Chinese,English,Spanish,2021-02-17_12h45.35.114,Tse_Altarriba_Simon1,2020.1.2,MacIntel,60,3745,,,m,1,0.514,0,4,4,37,1,,,,,,,
,,,,,,,,,,,,Images/NeutralLeft.jpeg,Neutral Left,z,LC,20,female,2,n,y,Chinese,English,Spanish,2021-02-17_12h45.35.114,Tse_Altarriba_Simon1,2020.1.2,MacIntel,60,3745,,,z,1,0.406,0,5,5,45,1,,,,,,,
,,,,,,,,,,,,Images/CongruentLeft.jpeg,Congruent Left,z,LC,20,female,2,n,y,Chinese,English,Spanish,2021-02-17_12h45.35.114,Tse_Altarriba_Simon1,2020.1.2,MacIntel,60,3745,,,z,1,0.299,0,6,6,0,1,,,,,,,
,,,,,,,,,,,,Images/IncongruentRight.jpeg,Incongruent Right,m,LC,20,female,2,n,y,Chinese,English,Spanish,2021-02-17_12h45.35.114,Tse_Altarriba_Simon1,2020.1.2,MacIntel,60,3745,,,z,0,0.288,0,7,7,33,1,,,,,,,
,,,,,,,,,,,,Images/IncongruentRight.jpeg,Incongruent Right,m,LC,20,female,2,n,y,Chinese,English,Spanish,2021-02-17_12h45.35.114,Tse_Altarriba_Simon1,2020.1.2,MacIntel,60,3745,,,m,1,0.366,0,8,8,38,1,,,,,,,
,,,,,,,,,,,,Images/IncongruentLeft.jpeg,Incongruent Left,z,LC,20,female,2,n,y,Chinese,English,Spanish,2021-02-17_12h45.35.114,Tse_Altarriba_Simon1,2020.1.2,MacIntel,60,3745,,,z,1,0.439,0,9,9,23,1,,,,,,,
,,,,,,,,,,,,Images/CongruentRight.jpeg,Congruent Right,m,LC,20,female,2,n,y,Chinese,English,Spanish,2021-02-17_12h45.35.114,Tse_Altarriba_Simon1,2020.1.2,MacIntel,60,3745,,,m,1,0.483,0,10,10,10,1,,,,,,,
,,,,,,,,,,,,Images/CongruentRight.jpeg,Congruent Right,m,LC,20,female,2,n,y,Chinese,English,Spanish,2021-02-17_12h45.35.114,Tse_Altarriba_Simon1,2020.1.2,MacIntel,60,3745,,,m,1,0.356,0,11,11,19,1,,,,,,,
,,,,,,,,,,,,Images/IncongruentRight.jpeg,Incongruent Right,m,LC,20,female,2,n,y,Chinese,English,Spanish,2021-02-17_12h45.35.114,Tse_Altarriba_Simon1,2020.1.2,MacIntel,60,3745,,,m,1,0.447,0,12,12,30,1,,,,,,,
,,,,,,,,,,,,Images/NeutralLeft.jpeg,Neutral Left,z,LC,20,female,2,n,y,Chinese,English,Spanish,2021-02-17_12h45.35.114,Tse_Altarriba_Simon1,2020.1.2,MacIntel,60,3745,,,z,1,0.456,0,13,13,46,1,,,,,,,
,,,,,,,,,,,,Images/CongruentLeft.jpeg,Congruent Left,z,LC,20,female,2,n,y,Chinese,English,Spanish,2021-02-17_12h45.35.114,Tse_Altarriba_Simon1,2020.1.2,MacIntel,60,3745,,,z,1,0.505,0,14,14,4,1,,,,,,,
,,,,,,,,,,,,Images/IncongruentRight.jpeg,Incongruent Right,m,LC,20,female,2,n,y,Chinese,English,Spanish,2021-02-17_12h45.35.114,Tse_Altarriba_Simon1,2020.1.2,MacIntel,60,3745,,,m,1,0.465,0,15,15,34,1,,,,,,,
,,,,,,,,,,,,Images/IncongruentLeft.jpeg,Incongruent Left,z,LC,20,female,2,n,y,Chinese,English,Spanish,2021-02-17_12h45.35.114,Tse_Altarriba_Simon1,2020.1.2,MacIntel,60,3745,,,z,1,0.439,0,16,16,25,1,,,,,,,
,,,,,,,,,,,,Images/CongruentLeft.jpeg,Congruent Left,z,LC,20,female,2,n,y,Chinese,English,Spanish,2021-02-17_12h45.35.114,Tse_Altarriba_Simon1,2020.1.2,MacIntel,60,3745,,,z,1,0.536,0,17,17,2,1,,,,,,,
,,,,,,,,,,,,Images/NeurtalRight.jpeg,Neutral Right,m,LC,20,female,2,n,y,Chinese,English,Spanish,2021-02-17_12h45.35.114,Tse_Altarriba_Simon1,2020.1.2,MacIntel,60,3745,,,m,1,0.373,0,18,18,58,1,,,,,,,
,,,,,,,,,,,,Images/IncongruentRight.jpeg,Incongruent Right,m,LC,20,female,2,n,y,Chinese,English,Spanish,2021-02-17_12h45.35.114,Tse_Altarriba_Simon1,2020.1.2,MacIntel,60,3745,,,m,1,0.423,0,19,19,35,1,,,,,,,
,,,,,,,,,,,,Images/CongruentRight.jpeg,Congruent Right,m,LC,20,female,2,n,y,Chinese,English,Spanish,2021-02-17_12h45.35.114,Tse_Altarriba_Simon1,2020.1.2,MacIntel,60,3745,,,m,1,0.35,0,20,20,18,1,,,,,,,
,,,,,,,,,,,,Images/IncongruentRight.jpeg,Incongruent Right,m,LC,20,female,2,n,y,Chinese,English,Spanish,2021-02-17_12h45.35.114,Tse_Altarriba_Simon1,2020.1.2,MacIntel,60,3745,,,m,1,0.431,0,21,21,36,1,,,,,,,
,,,,,,,,,,,,Images/NeurtalRight.jpeg,Neutral Right,m,LC,20,female,2,n,y,Chinese,English,Spanish,2021-02-17_12h45.35.114,Tse_Altarriba_Simon1,2020.1.2,MacIntel,60,3745,,,m,1,0.38,0,22,22,52,1,,,,,,,
,,,,,,,,,,,,Images/CongruentRight.jpeg,Congruent Right,m,LC,20,female,2,n,y,Chinese,English,Spanish,2021-02-17_12h45.35.114,Tse_Altarriba_Simon1,2020.1.2,MacIntel,60,3745,,,m,1,0.416,0,23,23,11,1,,,,,,,
,,,,,,,,,,,,Images/NeurtalRight.jpeg,Neutral Right,m,LC,20,female,2,n,y,Chinese,English,Spanish,2021-02-17_12h45.35.114,Tse_Altarriba_Simon1,2020.1.2,MacIntel,60,3745,,,m,1,0.364,0,24,24,50,1,,,,,,,
,,,,,,,,,,,,Images/CongruentLeft.jpeg,Congruent Left,z,LC,20,female,2,n,y,Chinese,English,Spanish,2021-02-17_12h45.35.114,Tse_Altarriba_Simon1,2020.1.2,MacIntel,60,3745,,,z,1,0.666,0,25,25,5,1,,,,,,,
,,,,,,,,,,,,Images/NeurtalRight.jpeg,Neutral Right,m,LC,20,female,2,n,y,Chinese,English,Spanish,2021-02-17_12h45.35.114,Tse_Altarriba_Simon1,2020.1.2,MacIntel,60,3745,,,m,1,0.366,0,26,26,56,1,,,,,,,
,,,,,,,,,,,,Images/CongruentLeft.jpeg,Congruent Left,z,LC,20,female,2,n,y,Chinese,English,Spanish,2021-02-17_12h45.35.114,Tse_Altarriba_Simon1,2020.1.2,MacIntel,60,3745,,,z,1,0.38,0,27,27,6,1,,,,,,,
,,,,,,,,,,,,Images/NeurtalRight.jpeg,Neutral Right,m,LC,20,female,2,n,y,Chinese,English,Spanish,2021-02-17_12h45.35.114,Tse_Altarriba_Simon1,2020.1.2,MacIntel,60,3745,,,m,1,0.281,0,28,28,57,1,,,,,,,
,,,,,,,,,,,,Images/NeutralLeft.jpeg,Neutral Left,z,LC,20,female,2,n,y,Chinese,English,Spanish,2021-02-17_12h45.35.114,Tse_Altarriba_Simon1,2020.1.2,MacIntel,60,3745,,,m,0,0.332,0,29,29,48,1,,,,,,,
,,,,,,,,,,,,Images/NeurtalRight.jpeg,Neutral Right,m,LC,20,female,2,n,y,Chinese,English,Spanish,2021-02-17_12h45.35.114,Tse_Altarriba_Simon1,2020.1.2,MacIntel,60,3745,,,m,1,0.373,0,30,30,51,1,,,,,,,
,,,,,,,,,,,,Images/IncongruentLeft.jpeg,Incongruent Left,z,LC,20,female,2,n,y,Chinese,English,Spanish,2021-02-17_12h45.35.114,Tse_Altarriba_Simon1,2020.1.2,MacIntel,60,3745,,,z,1,0.425,0,31,31,26,1,,,,,,,
,,,,,,,,,,,,Images/IncongruentRight.jpeg,Incongruent Right,m,LC,20,female,2,n,y,Chinese,English,Spanish,2021-02-17_12h45.35.114,Tse_Altarriba_Simon1,2020.1.2,MacIntel,60,3745,,,m,1,0.404,0,32,32,32,1,,,,,,,
,,,,,,,,,,,,Images/CongruentRight.jpeg,Congruent Right,m,LC,20,female,2,n,y,Chinese,English,Spanish,2021-02-17_12h45.35.114,Tse_Altarriba_Simon1,2020.1.2,MacIntel,60,3745,,,m,1,0.338,0,33,33,13,1,,,,,,,
,,,,,,,,,,,,Images/CongruentLeft.jpeg,Congruent Left,z,LC,20,female,2,n,y,Chinese,English,Spanish,2021-02-17_12h45.35.114,Tse_Altarriba_Simon1,2020.1.2,MacIntel,60,3745,,,z,1,0.334,0,34,34,7,1,,,,,,,
,,,,,,,,,,,,Images/NeutralLeft.jpeg,Neutral Left,z,LC,20,female,2,n,y,Chinese,English,Spanish,2021-02-17_12h45.35.114,Tse_Altarriba_Simon1,2020.1.2,MacIntel,60,3745,,,z,1,0.399,0,35,35,41,1,,,,,,,
,,,,,,,,,,,,Images/NeurtalRight.jpeg,Neutral Right,m,LC,20,female,2,n,y,Chinese,English,Spanish,2021-02-17_12h45.35.114,Tse_Altarriba_Simon1,2020.1.2,MacIntel,60,3745,,,m,1,0.382,0,36,36,54,1,,,,,,,
,,,,,,,,,,,,Images/NeurtalRight.jpeg,Neutral Right,m,LC,20,female,2,n,y,Chinese,English,Spanish,2021-02-17_12h45.35.114,Tse_Altarriba_Simon1,2020.1.2,MacIntel,60,3745,,,m,1,0.381,0,37,37,53,1,,,,,,,
,,,,,,,,,,,,Images/IncongruentLeft.jpeg,Incongruent Left,z,LC,20,female,2,n,y,Chinese,English,Spanish,2021-02-17_12h45.35.114,Tse_Altarriba_Simon1,2020.1.2,MacIntel,60,3745,,,z,1,0.388,0,38,38,24,1,,,,,,,
,,,,,,,,,,,,Images/IncongruentRight.jpeg,Incongruent Right,m,LC,20,female,2,n,y,Chinese,English,Spanish,2021-02-17_12h45.35.114,Tse_Altarriba_Simon1,2020.1.2,MacIntel,60,3745,,,m,1,0.406,0,39,39,39,1,,,,,,,
,,,,,,,,,,,,Images/CongruentLeft.jpeg,Congruent Left,z,LC,20,female,2,n,y,Chinese,English,Spanish,2021-02-17_12h45.35.114,Tse_Altarriba_Simon1,2020.1.2,MacIntel,60,3745,,,z,1,0.349,0,40,40,8,1,,,,,,,
,,,,,,,,,,,,Images/IncongruentLeft.jpeg,Incongruent Left,z,LC,20,female,2,n,y,Chinese,English,Spanish,2021-02-17_12h45.35.114,Tse_Altarriba_Simon1,2020.1.2,MacIntel,60,3745,,,z,1,0.389,0,41,41,27,1,,,,,,,
,,,,,,,,,,,,Images/NeutralLeft.jpeg,Neutral Left,z,LC,20,female,2,n,y,Chinese,English,Spanish,2021-02-17_12h45.35.114,Tse_Altarriba_Simon1,2020.1.2,MacIntel,60,3745,,,z,1,0.432,0,42,42,42,1,,,,,,,
,,,,,,,,,,,,Images/CongruentRight.jpeg,Congruent Right,m,LC,20,female,2,n,y,Chinese,English,Spanish,2021-02-17_12h45.35.114,Tse_Altarriba_Simon1,2020.1.2,MacIntel,60,3745,,,m,1,0.38,0,43,43,14,1,,,,,,,
,,,,,,,,,,,,Images/IncongruentLeft.jpeg,Incongruent Left,z,LC,20,female,2,n,y,Chinese,English,Spanish,2021-02-17_12h45.35.114,Tse_Altarriba_Simon1,2020.1.2,MacIntel,60,3745,,,z,1,0.391,0,44,44,21,1,,,,,,,
,,,,,,,,,,,,Images/IncongruentLeft.jpeg,Incongruent Left,z,LC,20,female,2,n,y,Chinese,English,Spanish,2021-02-17_12h45.35.114,Tse_Altarriba_Simon1,2020.1.2,MacIntel,60,3745,,,z,1,0.416,0,45,45,20,1,,,,,,,
,,,,,,,,,,,,Images/CongruentRight.jpeg,Congruent Right,m,LC,20,female,2,n,y,Chinese,English,Spanish,2021-02-17_12h45.35.114,Tse_Altarriba_Simon1,2020.1.2,MacIntel,60,3745,,,m,1,0.42,0,46,46,15,1,,,,,,,
,,,,,,,,,,,,Images/NeutralLeft.jpeg,Neutral Left,z,LC,20,female,2,n,y,Chinese,English,Spanish,2021-02-17_12h45.35.114,Tse_Altarriba_Simon1,2020.1.2,MacIntel,60,3745,,,z,1,0.335,0,47,47,40,1,,,,,,,
,,,,,,,,,,,,Images/NeurtalRight.jpeg,Neutral Right,m,LC,20,female,2,n,y,Chinese,English,Spanish,2021-02-17_12h45.35.114,Tse_Altarriba_Simon1,2020.1.2,MacIntel,60,3745,,,m,1,0.34,0,48,48,59,1,,,,,,,
,,,,,,,,,,,,Images/CongruentLeft.jpeg,Congruent Left,z,LC,20,female,2,n,y,Chinese,English,Spanish,2021-02-17_12h45.35.114,Tse_Altarriba_Simon1,2020.1.2,MacIntel,60,3745,,,z,1,0.415,0,49,49,9,1,,,,,,,
,,,,,,,,,,,,Images/NeutralLeft.jpeg,Neutral Left,z,LC,20,female,2,n,y,Chinese,English,Spanish,2021-02-17_12h45.35.114,Tse_Altarriba_Simon1,2020.1.2,MacIntel,60,3745,,,z,1,0.44,0,50,50,47,1,,,,,,,
,,,,,,,,,,,,Images/IncongruentLeft.jpeg,Incongruent Left,z,LC,20,female,2,n,y,Chinese,English,Spanish,2021-02-17_12h45.35.114,Tse_Altarriba_Simon1,2020.1.2,MacIntel,60,3745,,,z,1,0.471,0,51,51,29,1,,,,,,,
,,,,,,,,,,,,Images/IncongruentLeft.jpeg,Incongruent Left,z,LC,20,female,2,n,y,Chinese,English,Spanish,2021-02-17_12h45.35.114,Tse_Altarriba_Simon1,2020.1.2,MacIntel,60,3745,,,z,1,0.365,0,52,52,22,1,,,,,,,
,,,,,,,,,,,,Images/CongruentRight.jpeg,Congruent Right,m,LC,20,female,2,n,y,Chinese,English,Spanish,2021-02-17_12h45.35.114,Tse_Altarriba_Simon1,2020.1.2,MacIntel,60,3745,,,m,1,0.441,0,53,53,12,1,,,,,,,
,,,,,,,,,,,,Images/IncongruentRight.jpeg,Incongruent Right,m,LC,20,female,2,n,y,Chinese,English,Spanish,2021-02-17_12h45.35.114,Tse_Altarriba_Simon1,2020.1.2,MacIntel,60,3745,,,m,1,0.467,0,54,54,31,1,,,,,,,
,,,,,,,,,,,,Images/CongruentRight.jpeg,Congruent Right,m,LC,20,female,2,n,y,Chinese,English,Spanish,2021-02-17_12h45.35.114,Tse_Altarriba_Simon1,2020.1.2,MacIntel,60,3745,,,m,1,0.385,0,55,55,16,1,,,,,,,
,,,,,,,,,,,,Images/NeurtalRight.jpeg,Neutral Right,m,LC,20,female,2,n,y,Chinese,English,Spanish,2021-02-17_12h45.35.114,Tse_Altarriba_Simon1,2020.1.2,MacIntel,60,3745,,,m,1,0.381,0,56,56,55,1,,,,,,,
,,,,,,,,,,,,Images/CongruentLeft.jpeg,Congruent Left,z,LC,20,female,2,n,y,Chinese,English,Spanish,2021-02-17_12h45.35.114,Tse_Altarriba_Simon1,2020.1.2,MacIntel,60,3745,,,z,1,0.382,0,57,57,1,1,,,,,,,
,,,,,,,,,,,,Images/NeutralLeft.jpeg,Neutral Left,z,LC,20,female,2,n,y,Chinese,English,Spanish,2021-02-17_12h45.35.114,Tse_Altarriba_Simon1,2020.1.2,MacIntel,60,3745,,,z,1,0.426,0,58,58,43,1,,,,,,,
,,,,,,,,,,,,Images/CongruentRight.jpeg,Congruent Right,m,LC,20,female,2,n,y,Chinese,English,Spanish,2021-02-17_12h45.35.114,Tse_Altarriba_Simon1,2020.1.2,MacIntel,60,3745,,,m,1,0.383,0,59,59,17,1,,,,,,,
,,,,,,,,,,,,Images/IncongruentLeft.jpeg,Incongruent Left,z,LC,20,female,2,n,y,Chinese,English,Spanish,2021-02-17_12h45.35.114,Tse_Altarriba_Simon1,2020.1.2,MacIntel,60,3745,,,z,1,0.391,,,,,,space,5.541,0,0,0,29,1
,,,,,,,,,,,,Images/CongruentLeft.jpeg,Congruent Left,z,LC,20,female,2,n,y,Chinese,English,Spanish,2021-02-17_12h45.35.114,Tse_Altarriba_Simon1,2020.1.2,MacIntel,60,3745,,,z,1,0.372,,,,,,,,0,1,1,8,1
,,,,,,,,,,,,Images/IncongruentRight.jpeg,Incongruent Right,m,LC,20,female,2,n,y,Chinese,English,Spanish,2021-02-17_12h45.35.114,Tse_Altarriba_Simon1,2020.1.2,MacIntel,60,3745,,,m,1,0.506,,,,,,,,0,2,2,37,1
,,,,,,,,,,,,Images/NeutralLeft.jpeg,Neutral Left,z,LC,20,female,2,n,y,Chinese,English,Spanish,2021-02-17_12h45.35.114,Tse_Altarriba_Simon1,2020.1.2,MacIntel,60,3745,,,z,1,0.449,,,,,,,,0,3,3,40,1
,,,,,,,,,,,,Images/NeutralLeft.jpeg,Neutral Left,z,LC,20,female,2,n,y,Chinese,English,Spanish,2021-02-17_12h45.35.114,Tse_Altarriba_Simon1,2020.1.2,MacIntel,60,3745,,,z,1,0.43,,,,,,,,0,4,4,42,1
,,,,,,,,,,,,Images/IncongruentLeft.jpeg,Incongruent Left,z,LC,20,female,2,n,y,Chinese,English,Spanish,2021-02-17_12h45.35.114,Tse_Altarriba_Simon1,2020.1.2,MacIntel,60,3745,,,z,1,0.448,,,,,,,,0,5,5,20,1
,,,,,,,,,,,,Images/NeurtalRight.jpeg,Neutral Right,m,LC,20,female,2,n,y,Chinese,English,Spanish,2021-02-17_12h45.35.114,Tse_Altarriba_Simon1,2020.1.2,MacIntel,60,3745,,,m,1,0.391,,,,,,,,0,6,6,56,1
,,,,,,,,,,,,Images/NeurtalRight.jpeg,Neutral Right,m,LC,20,female,2,n,y,Chinese,English,Spanish,2021-02-17_12h45.35.114,Tse_Altarriba_Simon1,2020.1.2,MacIntel,60,3745,,,m,1,0.366,,,,,,,,0,7,7,58,1
,,,,,,,,,,,,Images/IncongruentRight.jpeg,Incongruent Right,m,LC,20,female,2,n,y,Chinese,English,Spanish,2021-02-17_12h45.35.114,Tse_Altarriba_Simon1,2020.1.2,MacIntel,60,3745,,,m,1,0.407,,,,,,,,0,8,8,31,1
,,,,,,,,,,,,Images/IncongruentLeft.jpeg,Incongruent Left,z,LC,20,female,2,n,y,Chinese,English,Spanish,2021-02-17_12h45.35.114,Tse_Altarriba_Simon1,2020.1.2,MacIntel,60,3745,,,z,1,0.43,,,,,,,,0,9,9,25,1
,,,,,,,,,,,,Images/NeutralLeft.jpeg,Neutral Left,z,LC,20,female,2,n,y,Chinese,English,Spanish,2021-02-17_12h45.35.114,Tse_Altarriba_Simon1,2020.1.2,MacIntel,60,3745,,,z,1,0.374,,,,,,,,0,10,10,41,1
,,,,,,,,,,,,Images/CongruentRight.jpeg,Congruent Right,m,LC,20,female,2,n,y,Chinese,English,Spanish,2021-02-17_12h45.35.114,Tse_Altarriba_Simon1,2020.1.2,MacIntel,60,3745,,,m,1,0.316,,,,,,,,0,11,11,15,1
,,,,,,,,,,,,Images/NeurtalRight.jpeg,Neutral Right,m,LC,20,female,2,n,y,Chinese,English,Spanish,2021-02-17_12h45.35.114,Tse_Altarriba_Simon1,2020.1.2,MacIntel,60,3745,,,m,1,0.357,,,,,,,,0,12,12,54,1
,,,,,,,,,,,,Images/CongruentLeft.jpeg,Congruent Left,z,LC,20,female,2,n,y,Chinese,English,Spanish,2021-02-17_12h45.35.114,Tse_Altarriba_Simon1,2020.1.2,MacIntel,60,3745,,,z,1,0.397,,,,,,,,0,13,13,3,1
,,,,,,,,,,,,Images/CongruentLeft.jpeg,Congruent Left,z,LC,20,female,2,n,y,Chinese,English,Spanish,2021-02-17_12h45.35.114,Tse_Altarriba_Simon1,2020.1.2,MacIntel,60,3745,,,z,1,0.342,,,,,,,,0,14,14,4,1
,,,,,,,,,,,,Images/NeutralLeft.jpeg,Neutral Left,z,LC,20,female,2,n,y,Chinese,English,Spanish,2021-02-17_12h45.35.114,Tse_Altarriba_Simon1,2020.1.2,MacIntel,60,3745,,,m,0,0.355,,,,,,,,0,15,15,49,1
,,,,,,,,,,,,Images/CongruentLeft.jpeg,Congruent Left,z,LC,20,female,2,n,y,Chinese,English,Spanish,2021-02-17_12h45.35.114,Tse_Altarriba_Simon1,2020.1.2,MacIntel,60,3745,,,z,1,0.324,,,,,,,,0,16,16,2,1
,,,,,,,,,,,,Images/CongruentLeft.jpeg,Congruent Left,z,LC,20,female,2,n,y,Chinese,English,Spanish,2021-02-17_12h45.35.114,Tse_Altarriba_Simon1,2020.1.2,MacIntel,60,3745,,,z,1,0.3,,,,,,,,0,17,17,1,1
,,,,,,,,,,,,Images/NeutralLeft.jpeg,Neutral Left,z,LC,20,female,2,n,y,Chinese,English,Spanish,2021-02-17_12h45.35.114,Tse_Altarriba_Simon1,2020.1.2,MacIntel,60,3745,,,z,1,0.398,,,,,,,,0,18,18,44,1
,,,,,,,,,,,,Images/CongruentLeft.jpeg,Congruent Left,z,LC,20,female,2,n,y,Chinese,English,Spanish,2021-02-17_12h45.35.114,Tse_Altarriba_Simon1,2020.1.2,MacIntel,60,3745,,,z,1,0.38,,,,,,,,0,19,19,9,1
,,,,,,,,,,,,Images/IncongruentRight.jpeg,Incongruent Right,m,LC,20,female,2,n,y,Chinese,English,Spanish,2021-02-17_12h45.35.114,Tse_Altarriba_Simon1,2020.1.2,MacIntel,60,3745,,,z,0,0.297,,,,,,,,0,20,20,36,1
,,,,,,,,,,,,Images/IncongruentLeft.jpeg,Incongruent Left,z,LC,20,female,2,n,y,Chinese,English,Spanish,2021-02-17_12h45.35.114,Tse_Altarriba_Simon1,2020.1.2,MacIntel,60,3745,,,z,1,0.416,,,,,,,,0,21,21,21,1
,,,,,,,,,,,,Images/IncongruentRight.jpeg,Incongruent Right,m,LC,20,female,2,n,y,Chinese,English,Spanish,2021-02-17_12h45.35.114,Tse_Altarriba_Simon1,2020.1.2,MacIntel,60,3745,,,m,1,0.415,,,,,,,,0,22,22,34,1
,,,,,,,,,,,,Images/CongruentRight.jpeg,Congruent Right,m,LC,20,female,2,n,y,Chinese,English,Spanish,2021-02-17_12h45.35.114,Tse_Altarriba_Simon1,2020.1.2,MacIntel,60,3745,,,m,1,0.474,,,,,,,,0,23,23,13,1
,,,,,,,,,,,,Images/CongruentRight.jpeg,Congruent Right,m,LC,20,female,2,n,y,Chinese,English,Spanish,2021-02-17_12h45.35.114,Tse_Altarriba_Simon1,2020.1.2,MacIntel,60,3745,,,m,1,0.322,,,,,,,,0,24,24,14,1
,,,,,,,,,,,,Images/NeutralLeft.jpeg,Neutral Left,z,LC,20,female,2,n,y,Chinese,English,Spanish,2021-02-17_12h45.35.114,Tse_Altarriba_Simon1,2020.1.2,MacIntel,60,3745,,,z,1,0.431,,,,,,,,0,25,25,47,1
,,,,,,,,,,,,Images/CongruentRight.jpeg,Congruent Right,m,LC,20,female,2,n,y,Chinese,English,Spanish,2021-02-17_12h45.35.114,Tse_Altarriba_Simon1,2020.1.2,MacIntel,60,3745,,,m,1,0.349,,,,,,,,0,26,26,18,1
,,,,,,,,,,,,Images/IncongruentRight.jpeg,Incongruent Right,m,LC,20,female,2,n,y,Chinese,English,Spanish,2021-02-17_12h45.35.114,Tse_Altarriba_Simon1,2020.1.2,MacIntel,60,3745,,,m,1,0.466,,,,,,,,0,27,27,32,1
,,,,,,,,,,,,Images/NeurtalRight.jpeg,Neutral Right,m,LC,20,female,2,n,y,Chinese,English,Spanish,2021-02-17_12h45.35.114,Tse_Altarriba_Simon1,2020.1.2,MacIntel,60,3745,,,m,1,0.39,,,,,,,,0,28,28,57,1
,,,,,,,,,,,,Images/IncongruentRight.jpeg,Incongruent Right,m,LC,20,female,2,n,y,Chinese,English,Spanish,2021-02-17_12h45.35.114,Tse_Altarriba_Simon1,2020.1.2,MacIntel,60,3745,,,m,1,0.541,,,,,,,,0,29,29,30,1
,,,,,,,,,,,,Images/NeurtalRight.jpeg,Neutral Right,m,LC,20,female,2,n,y,Chinese,English,Spanish,2021-02-17_12h45.35.114,Tse_Altarriba_Simon1,2020.1.2,MacIntel,60,3745,,,m,1,0.399,,,,,,,,0,30,30,55,1
,,,,,,,,,,,,Images/CongruentLeft.jpeg,Congruent Left,z,LC,20,female,2,n,y,Chinese,English,Spanish,2021-02-17_12h45.35.114,Tse_Altarriba_Simon1,2020.1.2,MacIntel,60,3745,,,z,1,0.449,,,,,,,,0,31,31,5,1
,,,,,,,,,,,,Images/NeurtalRight.jpeg,Neutral Right,m,LC,20,female,2,n,y,Chinese,English,Spanish,2021-02-17_12h45.35.114,Tse_Altarriba_Simon1,2020.1.2,MacIntel,60,3745,,,m,1,0.414,,,,,,,,0,32,32,50,1
,,,,,,,,,,,,Images/CongruentRight.jpeg,Congruent Right,m,LC,20,female,2,n,y,Chinese,English,Spanish,2021-02-17_12h45.35.114,Tse_Altarriba_Simon1,2020.1.2,MacIntel,60,3745,,,m,1,0.374,,,,,,,,0,33,33,19,1
,,,,,,,,,,,,Images/IncongruentLeft.jpeg,Incongruent Left,z,LC,20,female,2,n,y,Chinese,English,Spanish,2021-02-17_12h45.35.114,Tse_Altarriba_Simon1,2020.1.2,MacIntel,60,3745,,,z,1,0.449,,,,,,,,0,34,34,27,1
,,,,,,,,,,,,Images/IncongruentLeft.jpeg,Incongruent Left,z,LC,20,female,2,n,y,Chinese,English,Spanish,2021-02-17_12h45.35.114,Tse_Altarriba_Simon1,2020.1.2,MacIntel,60,3745,,,z,1,0.438,,,,,,,,0,35,35,22,1
,,,,,,,,,,,,Images/CongruentLeft.jpeg,Congruent Left,z,LC,20,female,2,n,y,Chinese,English,Spanish,2021-02-17_12h45.35.114,Tse_Altarriba_Simon1,2020.1.2,MacIntel,60,3745,,,z,1,0.366,,,,,,,,0,36,36,0,1
,,,,,,,,,,,,Images/NeutralLeft.jpeg,Neutral Left,z,LC,20,female,2,n,y,Chinese,English,Spanish,2021-02-17_12h45.35.114,Tse_Altarriba_Simon1,2020.1.2,MacIntel,60,3745,,,z,1,0.381,,,,,,,,0,37,37,46,1
,,,,,,,,,,,,Images/NeurtalRight.jpeg,Neutral Right,m,LC,20,female,2,n,y,Chinese,English,Spanish,2021-02-17_12h45.35.114,Tse_Altarriba_Simon1,2020.1.2,MacIntel,60,3745,,,m,1,0.566,,,,,,,,0,38,38,53,1
,,,,,,,,,,,,Images/IncongruentLeft.jpeg,Incongruent Left,z,LC,20,female,2,n,y,Chinese,English,Spanish,2021-02-17_12h45.35.114,Tse_Altarriba_Simon1,2020.1.2,MacIntel,60,3745,,,z,1,0.383,,,,,,,,0,39,39,28,1
,,,,,,,,,,,,Images/CongruentRight.jpeg,Congruent Right,m,LC,20,female,2,n,y,Chinese,English,Spanish,2021-02-17_12h45.35.114,Tse_Altarriba_Simon1,2020.1.2,MacIntel,60,3745,,,m,1,0.44,,,,,,,,0,40,40,12,1
,,,,,,,,,,,,Images/CongruentRight.jpeg,Congruent Right,m,LC,20,female,2,n,y,Chinese,English,Spanish,2021-02-17_12h45.35.114,Tse_Altarriba_Simon1,2020.1.2,MacIntel,60,3745,,,m,1,0.375,,,,,,,,0,41,41,11,1
,,,,,,,,,,,,Images/IncongruentLeft.jpeg,Incongruent Left,z,LC,20,female,2,n,y,Chinese,English,Spanish,2021-02-17_12h45.35.114,Tse_Altarriba_Simon1,2020.1.2,MacIntel,60,3745,,,z,1,0.421,,,,,,,,0,42,42,26,1
,,,,,,,,,,,,Images/IncongruentLeft.jpeg,Incongruent Left,z,LC,20,female,2,n,y,Chinese,English,Spanish,2021-02-17_12h45.35.114,Tse_Altarriba_Simon1,2020.1.2,MacIntel,60,3745,,,z,1,0.373,,,,,,,,0,43,43,23,1
,,,,,,,,,,,,Images/NeurtalRight.jpeg,Neutral Right,m,LC,20,female,2,n,y,Chinese,English,Spanish,2021-02-17_12h45.35.114,Tse_Altarriba_Simon1,2020.1.2,MacIntel,60,3745,,,m,1,0.415,,,,,,,,0,44,44,59,1
,,,,,,,,,,,,Images/NeutralLeft.jpeg,Neutral Left,z,LC,20,female,2,n,y,Chinese,English,Spanish,2021-02-17_12h45.35.114,Tse_Altarriba_Simon1,2020.1.2,MacIntel,60,3745,,,z,1,0.364,,,,,,,,0,45,45,45,1
,,,,,,,,,,,,Images/CongruentRight.jpeg,Congruent Right,m,LC,20,female,2,n,y,Chinese,English,Spanish,2021-02-17_12h45.35.114,Tse_Altarriba_Simon1,2020.1.2,MacIntel,60,3745,,,m,1,0.33,,,,,,,,0,46,46,16,1
,,,,,,,,,,,,Images/CongruentRight.jpeg,Congruent Right,m,LC,20,female,2,n,y,Chinese,English,Spanish,2021-02-17_12h45.35.114,Tse_Altarriba_Simon1,2020.1.2,MacIntel,60,3745,,,m,1,0.355,,,,,,,,0,47,47,17,1
,,,,,,,,,,,,Images/IncongruentRight.jpeg,Incongruent Right,m,LC,20,female,2,n,y,Chinese,English,Spanish,2021-02-17_12h45.35.114,Tse_Altarriba_Simon1,2020.1.2,MacIntel,60,3745,,,m,1,0.516,,,,,,,,0,48,48,38,1
,,,,,,,,,,,,Images/IncongruentRight.jpeg,Incongruent Right,m,LC,20,female,2,n,y,Chinese,English,Spanish,2021-02-17_12h45.35.114,Tse_Altarriba_Simon1,2020.1.2,MacIntel,60,3745,,,m,1,0.363,,,,,,,,0,49,49,39,1
,,,,,,,,,,,,Images/NeurtalRight.jpeg,Neutral Right,m,LC,20,female,2,n,y,Chinese,English,Spanish,2021-02-17_12h45.35.114,Tse_Altarriba_Simon1,2020.1.2,MacIntel,60,3745,,,m,1,0.331,,,,,,,,0,50,50,51,1
,,,,,,,,,,,,Images/CongruentRight.jpeg,Congruent Right,m,LC,20,female,2,n,y,Chinese,English,Spanish,2021-02-17_12h45.35.114,Tse_Altarriba_Simon1,2020.1.2,MacIntel,60,3745,,,m,1,0.106,,,,,,,,0,51,51,10,1
,,,,,,,,,,,,Images/IncongruentRight.jpeg,Incongruent Right,m,LC,20,female,2,n,y,Chinese,English,Spanish,2021-02-17_12h45.35.114,Tse_Altarriba_Simon1,2020.1.2,MacIntel,60,3745,,,m,1,0.488,,,,,,,,0,52,52,33,1
,,,,,,,,,,,,Images/NeurtalRight.jpeg,Neutral Right,m,LC,20,female,2,n,y,Chinese,English,Spanish,2021-02-17_12h45.35.114,Tse_Altarriba_Simon1,2020.1.2,MacIntel,60,3745,,,m,1,0.331,,,,,,,,0,53,53,52,1
,,,,,,,,,,,,Images/IncongruentLeft.jpeg,Incongruent Left,z,LC,20,female,2,n,y,Chinese,English,Spanish,2021-02-17_12h45.35.114,Tse_Altarriba_Simon1,2020.1.2,MacIntel,60,3745,,,z,1,0.387,,,,,,,,0,54,54,24,1
,,,,,,,,,,,,Images/CongruentLeft.jpeg,Congruent Left,z,LC,20,female,2,n,y,Chinese,English,Spanish,2021-02-17_12h45.35.114,Tse_Altarriba_Simon1,2020.1.2,MacIntel,60,3745,,,z,1,0.45,,,,,,,,0,55,55,6,1
,,,,,,,,,,,,Images/NeutralLeft.jpeg,Neutral Left,z,LC,20,female,2,n,y,Chinese,English,Spanish,2021-02-17_12h45.35.114,Tse_Altarriba_Simon1,2020.1.2,MacIntel,60,3745,,,z,1,0.375,,,,,,,,0,56,56,48,1
,,,,,,,,,,,,Images/NeutralLeft.jpeg,Neutral Left,z,LC,20,female,2,n,y,Chinese,English,Spanish,2021-02-17_12h45.35.114,Tse_Altarriba_Simon1,2020.1.2,MacIntel,60,3745,,,z,1,0.358,,,,,,,,0,57,57,43,1
,,,,,,,,,,,,Images/CongruentLeft.jpeg,Congruent Left,z,LC,20,female,2,n,y,Chinese,English,Spanish,2021-02-17_12h45.35.114,Tse_Altarriba_Simon1,2020.1.2,MacIntel,60,3745,,,z,1,0.418,,,,,,,,0,58,58,7,1
,,,,,,,,,,,,Images/IncongruentRight.jpeg,Incongruent Right,m,LC,20,female,2,n,y,Chinese,English,Spanish,2021-02-17_12h45.35.114,Tse_Altarriba_Simon1,2020.1.2,MacIntel,60,3745,,,m,1,0.529,,,,,,,,0,59,59,35,1
