Space1.keys,Space1.rt,Space2.keys,Space2.rt,response.keys,response.corr,response.rt,Practice_loop.thisRepN,Practice_loop.thisTrialN,Practice_loop.thisN,Practice_loop.thisIndex,Practice_loop.ran,ImageFile,Condition,CorrAns,Your initials,What is your age?,What is your gender?,What year are you in?,Are you Dyslexic? (Y/N),Are you bi/multilingual? (Y/N),What is your first language?,"What is your second language? (if you are monollingual, leave blank)",What other languages do you speak?,date,expName,psychopyVersion,OS,frameRate,participant,Space3.keys,Space3.rt,key_resp_2.keys,key_resp_2.corr,key_resp_2.rt,trials.thisRepN,trials.thisTrialN,trials.thisN,trials.thisIndex,trials.ran,Space4.keys,Space4.rt,trials_2.thisRepN,trials_2.thisTrialN,trials_2.thisN,trials_2.thisIndex,trials_2.ran
space,2.458825,space,10.222055,m,1,0.68819,0,0,0,10,1,Images/NeurtalRight.jpeg,Neutral Right,m,LW,19,Female,Year 2,N,Y,English,French,,2021-02-26_19h29.17.896,Tse_Altarriba_Simon1,2020.1.2,Win32,60,3748,,,,,,,,,,,,,,,,,
,,,,z,1,0.42475,0,1,1,1,1,Images/CongruentLeft.jpeg,Congruent Left,z,LW,19,Female,Year 2,N,Y,English,French,,2021-02-26_19h29.17.896,Tse_Altarriba_Simon1,2020.1.2,Win32,60,3748,,,,,,,,,,,,,,,,,
,,,,z,1,0.44699,0,2,2,0,1,Images/CongruentLeft.jpeg,Congruent Left,z,LW,19,Female,Year 2,N,Y,English,French,,2021-02-26_19h29.17.896,Tse_Altarriba_Simon1,2020.1.2,Win32,60,3748,,,,,,,,,,,,,,,,,
,,,,z,1,0.436945,0,3,3,8,1,Images/NeutralLeft.jpeg,Neutral Left,z,LW,19,Female,Year 2,N,Y,English,French,,2021-02-26_19h29.17.896,Tse_Altarriba_Simon1,2020.1.2,Win32,60,3748,,,,,,,,,,,,,,,,,
,,,,m,1,0.48517,0,4,4,7,1,Images/IncongruentRight.jpeg,Incongruent Right,m,LW,19,Female,Year 2,N,Y,English,French,,2021-02-26_19h29.17.896,Tse_Altarriba_Simon1,2020.1.2,Win32,60,3748,,,,,,,,,,,,,,,,,
,,,,m,1,0.50758,0,5,5,2,1,Images/CongruentRight.jpeg,Congruent Right,m,LW,19,Female,Year 2,N,Y,English,French,,2021-02-26_19h29.17.896,Tse_Altarriba_Simon1,2020.1.2,Win32,60,3748,,,,,,,,,,,,,,,,,
,,,,m,1,0.374525,0,6,6,6,1,Images/IncongruentRight.jpeg,Incongruent Right,m,LW,19,Female,Year 2,N,Y,English,French,,2021-02-26_19h29.17.896,Tse_Altarriba_Simon1,2020.1.2,Win32,60,3748,,,,,,,,,,,,,,,,,
,,,,m,1,0.363335,0,7,7,3,1,Images/CongruentRight.jpeg,Congruent Right,m,LW,19,Female,Year 2,N,Y,English,French,,2021-02-26_19h29.17.896,Tse_Altarriba_Simon1,2020.1.2,Win32,60,3748,,,,,,,,,,,,,,,,,
,,,,z,1,0.34043,0,8,8,9,1,Images/NeutralLeft.jpeg,Neutral Left,z,LW,19,Female,Year 2,N,Y,English,French,,2021-02-26_19h29.17.896,Tse_Altarriba_Simon1,2020.1.2,Win32,60,3748,,,,,,,,,,,,,,,,,
,,,,z,1,0.426385,0,9,9,5,1,Images/IncongruentLeft.jpeg,Incongruent Left,z,LW,19,Female,Year 2,N,Y,English,French,,2021-02-26_19h29.17.896,Tse_Altarriba_Simon1,2020.1.2,Win32,60,3748,,,,,,,,,,,,,,,,,
,,,,m,1,0.337355,0,10,10,11,1,Images/NeurtalRight.jpeg,Neutral Right,m,LW,19,Female,Year 2,N,Y,English,French,,2021-02-26_19h29.17.896,Tse_Altarriba_Simon1,2020.1.2,Win32,60,3748,,,,,,,,,,,,,,,,,
,,,,z,1,0.427395,0,11,11,4,1,Images/IncongruentLeft.jpeg,Incongruent Left,z,LW,19,Female,Year 2,N,Y,English,French,,2021-02-26_19h29.17.896,Tse_Altarriba_Simon1,2020.1.2,Win32,60,3748,,,,,,,,,,,,,,,,,
,,,,,,,,,,,,Images/IncongruentRight.jpeg,Incongruent Right,m,LW,19,Female,Year 2,N,Y,English,French,,2021-02-26_19h29.17.896,Tse_Altarriba_Simon1,2020.1.2,Win32,60,3748,space,7.77351,m,1,0.422435,0,0,0,38,1,,,,,,,
,,,,,,,,,,,,Images/IncongruentLeft.jpeg,Incongruent Left,z,LW,19,Female,Year 2,N,Y,English,French,,2021-02-26_19h29.17.896,Tse_Altarriba_Simon1,2020.1.2,Win32,60,3748,,,z,1,0.38376,0,1,1,26,1,,,,,,,
,,,,,,,,,,,,Images/NeurtalRight.jpeg,Neutral Right,m,LW,19,Female,Year 2,N,Y,English,French,,2021-02-26_19h29.17.896,Tse_Altarriba_Simon1,2020.1.2,Win32,60,3748,,,m,1,0.34555,0,2,2,50,1,,,,,,,
,,,,,,,,,,,,Images/IncongruentLeft.jpeg,Incongruent Left,z,LW,19,Female,Year 2,N,Y,English,French,,2021-02-26_19h29.17.896,Tse_Altarriba_Simon1,2020.1.2,Win32,60,3748,,,z,1,0.36828,0,3,3,29,1,,,,,,,
,,,,,,,,,,,,Images/NeutralLeft.jpeg,Neutral Left,z,LW,19,Female,Year 2,N,Y,English,French,,2021-02-26_19h29.17.896,Tse_Altarriba_Simon1,2020.1.2,Win32,60,3748,,,z,1,0.373595,0,4,4,47,1,,,,,,,
,,,,,,,,,,,,Images/CongruentLeft.jpeg,Congruent Left,z,LW,19,Female,Year 2,N,Y,English,French,,2021-02-26_19h29.17.896,Tse_Altarriba_Simon1,2020.1.2,Win32,60,3748,,,z,1,0.40643,0,5,5,3,1,,,,,,,
,,,,,,,,,,,,Images/NeurtalRight.jpeg,Neutral Right,m,LW,19,Female,Year 2,N,Y,English,French,,2021-02-26_19h29.17.896,Tse_Altarriba_Simon1,2020.1.2,Win32,60,3748,,,m,1,0.30849,0,6,6,59,1,,,,,,,
,,,,,,,,,,,,Images/NeutralLeft.jpeg,Neutral Left,z,LW,19,Female,Year 2,N,Y,English,French,,2021-02-26_19h29.17.896,Tse_Altarriba_Simon1,2020.1.2,Win32,60,3748,,,z,1,0.38967,0,7,7,44,1,,,,,,,
,,,,,,,,,,,,Images/NeutralLeft.jpeg,Neutral Left,z,LW,19,Female,Year 2,N,Y,English,French,,2021-02-26_19h29.17.896,Tse_Altarriba_Simon1,2020.1.2,Win32,60,3748,,,z,1,0.38499,0,8,8,40,1,,,,,,,
,,,,,,,,,,,,Images/NeurtalRight.jpeg,Neutral Right,m,LW,19,Female,Year 2,N,Y,English,French,,2021-02-26_19h29.17.896,Tse_Altarriba_Simon1,2020.1.2,Win32,60,3748,,,m,1,0.360015,0,9,9,56,1,,,,,,,
,,,,,,,,,,,,Images/NeutralLeft.jpeg,Neutral Left,z,LW,19,Female,Year 2,N,Y,English,French,,2021-02-26_19h29.17.896,Tse_Altarriba_Simon1,2020.1.2,Win32,60,3748,,,z,1,0.35884,0,10,10,49,1,,,,,,,
,,,,,,,,,,,,Images/NeutralLeft.jpeg,Neutral Left,z,LW,19,Female,Year 2,N,Y,English,French,,2021-02-26_19h29.17.896,Tse_Altarriba_Simon1,2020.1.2,Win32,60,3748,,,z,1,0.3733,0,11,11,45,1,,,,,,,
,,,,,,,,,,,,Images/NeutralLeft.jpeg,Neutral Left,z,LW,19,Female,Year 2,N,Y,English,French,,2021-02-26_19h29.17.896,Tse_Altarriba_Simon1,2020.1.2,Win32,60,3748,,,z,1,0.37377,0,12,12,42,1,,,,,,,
,,,,,,,,,,,,Images/NeutralLeft.jpeg,Neutral Left,z,LW,19,Female,Year 2,N,Y,English,French,,2021-02-26_19h29.17.896,Tse_Altarriba_Simon1,2020.1.2,Win32,60,3748,,,z,1,0.35665,0,13,13,48,1,,,,,,,
,,,,,,,,,,,,Images/NeutralLeft.jpeg,Neutral Left,z,LW,19,Female,Year 2,N,Y,English,French,,2021-02-26_19h29.17.896,Tse_Altarriba_Simon1,2020.1.2,Win32,60,3748,,,z,1,0.39246,0,14,14,46,1,,,,,,,
,,,,,,,,,,,,Images/NeurtalRight.jpeg,Neutral Right,m,LW,19,Female,Year 2,N,Y,English,French,,2021-02-26_19h29.17.896,Tse_Altarriba_Simon1,2020.1.2,Win32,60,3748,,,m,1,0.406735,0,15,15,54,1,,,,,,,
,,,,,,,,,,,,Images/CongruentRight.jpeg,Congruent Right,m,LW,19,Female,Year 2,N,Y,English,French,,2021-02-26_19h29.17.896,Tse_Altarriba_Simon1,2020.1.2,Win32,60,3748,,,m,1,0.43084,0,16,16,19,1,,,,,,,
,,,,,,,,,,,,Images/CongruentRight.jpeg,Congruent Right,m,LW,19,Female,Year 2,N,Y,English,French,,2021-02-26_19h29.17.896,Tse_Altarriba_Simon1,2020.1.2,Win32,60,3748,,,m,1,0.420315,0,17,17,13,1,,,,,,,
,,,,,,,,,,,,Images/CongruentRight.jpeg,Congruent Right,m,LW,19,Female,Year 2,N,Y,English,French,,2021-02-26_19h29.17.896,Tse_Altarriba_Simon1,2020.1.2,Win32,60,3748,,,m,1,0.38115,0,18,18,17,1,,,,,,,
,,,,,,,,,,,,Images/NeutralLeft.jpeg,Neutral Left,z,LW,19,Female,Year 2,N,Y,English,French,,2021-02-26_19h29.17.896,Tse_Altarriba_Simon1,2020.1.2,Win32,60,3748,,,z,1,0.39937,0,19,19,41,1,,,,,,,
,,,,,,,,,,,,Images/CongruentLeft.jpeg,Congruent Left,z,LW,19,Female,Year 2,N,Y,English,French,,2021-02-26_19h29.17.896,Tse_Altarriba_Simon1,2020.1.2,Win32,60,3748,,,z,1,0.370655,0,20,20,7,1,,,,,,,
,,,,,,,,,,,,Images/CongruentRight.jpeg,Congruent Right,m,LW,19,Female,Year 2,N,Y,English,French,,2021-02-26_19h29.17.896,Tse_Altarriba_Simon1,2020.1.2,Win32,60,3748,,,m,1,0.379955,0,21,21,10,1,,,,,,,
,,,,,,,,,,,,Images/CongruentLeft.jpeg,Congruent Left,z,LW,19,Female,Year 2,N,Y,English,French,,2021-02-26_19h29.17.896,Tse_Altarriba_Simon1,2020.1.2,Win32,60,3748,,,z,1,0.3552,0,22,22,8,1,,,,,,,
,,,,,,,,,,,,Images/CongruentRight.jpeg,Congruent Right,m,LW,19,Female,Year 2,N,Y,English,French,,2021-02-26_19h29.17.896,Tse_Altarriba_Simon1,2020.1.2,Win32,60,3748,,,m,1,0.34236,0,23,23,15,1,,,,,,,
,,,,,,,,,,,,Images/CongruentLeft.jpeg,Congruent Left,z,LW,19,Female,Year 2,N,Y,English,French,,2021-02-26_19h29.17.896,Tse_Altarriba_Simon1,2020.1.2,Win32,60,3748,,,z,1,0.334425,0,24,24,6,1,,,,,,,
,,,,,,,,,,,,Images/CongruentRight.jpeg,Congruent Right,m,LW,19,Female,Year 2,N,Y,English,French,,2021-02-26_19h29.17.896,Tse_Altarriba_Simon1,2020.1.2,Win32,60,3748,,,m,1,0.47476,0,25,25,16,1,,,,,,,
,,,,,,,,,,,,Images/IncongruentLeft.jpeg,Incongruent Left,z,LW,19,Female,Year 2,N,Y,English,French,,2021-02-26_19h29.17.896,Tse_Altarriba_Simon1,2020.1.2,Win32,60,3748,,,z,1,0.382495,0,26,26,23,1,,,,,,,
,,,,,,,,,,,,Images/IncongruentRight.jpeg,Incongruent Right,m,LW,19,Female,Year 2,N,Y,English,French,,2021-02-26_19h29.17.896,Tse_Altarriba_Simon1,2020.1.2,Win32,60,3748,,,m,1,0.394395,0,27,27,31,1,,,,,,,
,,,,,,,,,,,,Images/IncongruentRight.jpeg,Incongruent Right,m,LW,19,Female,Year 2,N,Y,English,French,,2021-02-26_19h29.17.896,Tse_Altarriba_Simon1,2020.1.2,Win32,60,3748,,,m,1,0.384655,0,28,28,35,1,,,,,,,
,,,,,,,,,,,,Images/IncongruentLeft.jpeg,Incongruent Left,z,LW,19,Female,Year 2,N,Y,English,French,,2021-02-26_19h29.17.896,Tse_Altarriba_Simon1,2020.1.2,Win32,60,3748,,,z,1,0.358115,0,29,29,25,1,,,,,,,
,,,,,,,,,,,,Images/NeurtalRight.jpeg,Neutral Right,m,LW,19,Female,Year 2,N,Y,English,French,,2021-02-26_19h29.17.896,Tse_Altarriba_Simon1,2020.1.2,Win32,60,3748,,,z,0,0.373285,0,30,30,57,1,,,,,,,
,,,,,,,,,,,,Images/IncongruentRight.jpeg,Incongruent Right,m,LW,19,Female,Year 2,N,Y,English,French,,2021-02-26_19h29.17.896,Tse_Altarriba_Simon1,2020.1.2,Win32,60,3748,,,m,1,0.42354,0,31,31,33,1,,,,,,,
,,,,,,,,,,,,Images/IncongruentRight.jpeg,Incongruent Right,m,LW,19,Female,Year 2,N,Y,English,French,,2021-02-26_19h29.17.896,Tse_Altarriba_Simon1,2020.1.2,Win32,60,3748,,,m,1,0.424655,0,32,32,34,1,,,,,,,
,,,,,,,,,,,,Images/CongruentLeft.jpeg,Congruent Left,z,LW,19,Female,Year 2,N,Y,English,French,,2021-02-26_19h29.17.896,Tse_Altarriba_Simon1,2020.1.2,Win32,60,3748,,,m,0,0.408135,0,33,33,9,1,,,,,,,
,,,,,,,,,,,,Images/IncongruentLeft.jpeg,Incongruent Left,z,LW,19,Female,Year 2,N,Y,English,French,,2021-02-26_19h29.17.896,Tse_Altarriba_Simon1,2020.1.2,Win32,60,3748,,,z,1,0.412415,0,34,34,24,1,,,,,,,
,,,,,,,,,,,,Images/IncongruentLeft.jpeg,Incongruent Left,z,LW,19,Female,Year 2,N,Y,English,French,,2021-02-26_19h29.17.896,Tse_Altarriba_Simon1,2020.1.2,Win32,60,3748,,,z,1,0.389245,0,35,35,27,1,,,,,,,
,,,,,,,,,,,,Images/IncongruentRight.jpeg,Incongruent Right,m,LW,19,Female,Year 2,N,Y,English,French,,2021-02-26_19h29.17.896,Tse_Altarriba_Simon1,2020.1.2,Win32,60,3748,,,m,1,0.426045,0,36,36,36,1,,,,,,,
,,,,,,,,,,,,Images/IncongruentLeft.jpeg,Incongruent Left,z,LW,19,Female,Year 2,N,Y,English,French,,2021-02-26_19h29.17.896,Tse_Altarriba_Simon1,2020.1.2,Win32,60,3748,,,z,1,0.39687,0,37,37,28,1,,,,,,,
,,,,,,,,,,,,Images/CongruentLeft.jpeg,Congruent Left,z,LW,19,Female,Year 2,N,Y,English,French,,2021-02-26_19h29.17.896,Tse_Altarriba_Simon1,2020.1.2,Win32,60,3748,,,z,1,0.36172,0,38,38,0,1,,,,,,,
,,,,,,,,,,,,Images/IncongruentLeft.jpeg,Incongruent Left,z,LW,19,Female,Year 2,N,Y,English,French,,2021-02-26_19h29.17.896,Tse_Altarriba_Simon1,2020.1.2,Win32,60,3748,,,z,1,0.40852,0,39,39,22,1,,,,,,,
,,,,,,,,,,,,Images/IncongruentRight.jpeg,Incongruent Right,m,LW,19,Female,Year 2,N,Y,English,French,,2021-02-26_19h29.17.896,Tse_Altarriba_Simon1,2020.1.2,Win32,60,3748,,,m,1,0.481835,0,40,40,30,1,,,,,,,
,,,,,,,,,,,,Images/IncongruentRight.jpeg,Incongruent Right,m,LW,19,Female,Year 2,N,Y,English,French,,2021-02-26_19h29.17.896,Tse_Altarriba_Simon1,2020.1.2,Win32,60,3748,,,m,1,0.42591,0,41,41,39,1,,,,,,,
,,,,,,,,,,,,Images/CongruentRight.jpeg,Congruent Right,m,LW,19,Female,Year 2,N,Y,English,French,,2021-02-26_19h29.17.896,Tse_Altarriba_Simon1,2020.1.2,Win32,60,3748,,,m,1,0.392295,0,42,42,11,1,,,,,,,
,,,,,,,,,,,,Images/CongruentRight.jpeg,Congruent Right,m,LW,19,Female,Year 2,N,Y,English,French,,2021-02-26_19h29.17.896,Tse_Altarriba_Simon1,2020.1.2,Win32,60,3748,,,m,1,0.44846,0,43,43,14,1,,,,,,,
,,,,,,,,,,,,Images/IncongruentRight.jpeg,Incongruent Right,m,LW,19,Female,Year 2,N,Y,English,French,,2021-02-26_19h29.17.896,Tse_Altarriba_Simon1,2020.1.2,Win32,60,3748,,,m,1,0.441705,0,44,44,37,1,,,,,,,
,,,,,,,,,,,,Images/CongruentLeft.jpeg,Congruent Left,z,LW,19,Female,Year 2,N,Y,English,French,,2021-02-26_19h29.17.896,Tse_Altarriba_Simon1,2020.1.2,Win32,60,3748,,,z,1,0.406675,0,45,45,2,1,,,,,,,
,,,,,,,,,,,,Images/IncongruentLeft.jpeg,Incongruent Left,z,LW,19,Female,Year 2,N,Y,English,French,,2021-02-26_19h29.17.896,Tse_Altarriba_Simon1,2020.1.2,Win32,60,3748,,,z,1,0.43307,0,46,46,20,1,,,,,,,
,,,,,,,,,,,,Images/NeutralLeft.jpeg,Neutral Left,z,LW,19,Female,Year 2,N,Y,English,French,,2021-02-26_19h29.17.896,Tse_Altarriba_Simon1,2020.1.2,Win32,60,3748,,,z,1,0.36313,0,47,47,43,1,,,,,,,
,,,,,,,,,,,,Images/CongruentLeft.jpeg,Congruent Left,z,LW,19,Female,Year 2,N,Y,English,French,,2021-02-26_19h29.17.896,Tse_Altarriba_Simon1,2020.1.2,Win32,60,3748,,,z,1,0.372785,0,48,48,1,1,,,,,,,
,,,,,,,,,,,,Images/NeurtalRight.jpeg,Neutral Right,m,LW,19,Female,Year 2,N,Y,English,French,,2021-02-26_19h29.17.896,Tse_Altarriba_Simon1,2020.1.2,Win32,60,3748,,,m,1,0.473295,0,49,49,52,1,,,,,,,
,,,,,,,,,,,,Images/NeurtalRight.jpeg,Neutral Right,m,LW,19,Female,Year 2,N,Y,English,French,,2021-02-26_19h29.17.896,Tse_Altarriba_Simon1,2020.1.2,Win32,60,3748,,,m,1,0.380145,0,50,50,51,1,,,,,,,
,,,,,,,,,,,,Images/CongruentLeft.jpeg,Congruent Left,z,LW,19,Female,Year 2,N,Y,English,French,,2021-02-26_19h29.17.896,Tse_Altarriba_Simon1,2020.1.2,Win32,60,3748,,,z,1,0.40615,0,51,51,5,1,,,,,,,
,,,,,,,,,,,,Images/CongruentRight.jpeg,Congruent Right,m,LW,19,Female,Year 2,N,Y,English,French,,2021-02-26_19h29.17.896,Tse_Altarriba_Simon1,2020.1.2,Win32,60,3748,,,m,1,0.359225,0,52,52,18,1,,,,,,,
,,,,,,,,,,,,Images/CongruentLeft.jpeg,Congruent Left,z,LW,19,Female,Year 2,N,Y,English,French,,2021-02-26_19h29.17.896,Tse_Altarriba_Simon1,2020.1.2,Win32,60,3748,,,z,1,0.340185,0,53,53,4,1,,,,,,,
,,,,,,,,,,,,Images/IncongruentRight.jpeg,Incongruent Right,m,LW,19,Female,Year 2,N,Y,English,French,,2021-02-26_19h29.17.896,Tse_Altarriba_Simon1,2020.1.2,Win32,60,3748,,,m,1,0.39995,0,54,54,32,1,,,,,,,
,,,,,,,,,,,,Images/NeurtalRight.jpeg,Neutral Right,m,LW,19,Female,Year 2,N,Y,English,French,,2021-02-26_19h29.17.896,Tse_Altarriba_Simon1,2020.1.2,Win32,60,3748,,,m,1,0.38276,0,55,55,53,1,,,,,,,
,,,,,,,,,,,,Images/CongruentRight.jpeg,Congruent Right,m,LW,19,Female,Year 2,N,Y,English,French,,2021-02-26_19h29.17.896,Tse_Altarriba_Simon1,2020.1.2,Win32,60,3748,,,m,1,0.462825,0,56,56,12,1,,,,,,,
,,,,,,,,,,,,Images/NeurtalRight.jpeg,Neutral Right,m,LW,19,Female,Year 2,N,Y,English,French,,2021-02-26_19h29.17.896,Tse_Altarriba_Simon1,2020.1.2,Win32,60,3748,,,m,1,0.365485,0,57,57,58,1,,,,,,,
,,,,,,,,,,,,Images/NeurtalRight.jpeg,Neutral Right,m,LW,19,Female,Year 2,N,Y,English,French,,2021-02-26_19h29.17.896,Tse_Altarriba_Simon1,2020.1.2,Win32,60,3748,,,m,1,0.343945,0,58,58,55,1,,,,,,,
,,,,,,,,,,,,Images/IncongruentLeft.jpeg,Incongruent Left,z,LW,19,Female,Year 2,N,Y,English,French,,2021-02-26_19h29.17.896,Tse_Altarriba_Simon1,2020.1.2,Win32,60,3748,,,z,1,0.4244,0,59,59,21,1,,,,,,,
,,,,,,,,,,,,Images/CongruentLeft.jpeg,Congruent Left,z,LW,19,Female,Year 2,N,Y,English,French,,2021-02-26_19h29.17.896,Tse_Altarriba_Simon1,2020.1.2,Win32,60,3748,,,z,1,0.38974,,,,,,space,3.63134,0,0,0,0,1
,,,,,,,,,,,,Images/NeurtalRight.jpeg,Neutral Right,m,LW,19,Female,Year 2,N,Y,English,French,,2021-02-26_19h29.17.896,Tse_Altarriba_Simon1,2020.1.2,Win32,60,3748,,,m,1,0.335275,,,,,,,,0,1,1,53,1
,,,,,,,,,,,,Images/IncongruentRight.jpeg,Incongruent Right,m,LW,19,Female,Year 2,N,Y,English,French,,2021-02-26_19h29.17.896,Tse_Altarriba_Simon1,2020.1.2,Win32,60,3748,,,m,1,0.38603,,,,,,,,0,2,2,35,1
,,,,,,,,,,,,Images/IncongruentRight.jpeg,Incongruent Right,m,LW,19,Female,Year 2,N,Y,English,French,,2021-02-26_19h29.17.896,Tse_Altarriba_Simon1,2020.1.2,Win32,60,3748,,,m,1,0.386865,,,,,,,,0,3,3,38,1
,,,,,,,,,,,,Images/IncongruentRight.jpeg,Incongruent Right,m,LW,19,Female,Year 2,N,Y,English,French,,2021-02-26_19h29.17.896,Tse_Altarriba_Simon1,2020.1.2,Win32,60,3748,,,m,1,0.36699,,,,,,,,0,4,4,34,1
,,,,,,,,,,,,Images/NeutralLeft.jpeg,Neutral Left,z,LW,19,Female,Year 2,N,Y,English,French,,2021-02-26_19h29.17.896,Tse_Altarriba_Simon1,2020.1.2,Win32,60,3748,,,z,1,0.418455,,,,,,,,0,5,5,49,1
,,,,,,,,,,,,Images/IncongruentLeft.jpeg,Incongruent Left,z,LW,19,Female,Year 2,N,Y,English,French,,2021-02-26_19h29.17.896,Tse_Altarriba_Simon1,2020.1.2,Win32,60,3748,,,z,1,0.39183,,,,,,,,0,6,6,26,1
,,,,,,,,,,,,Images/NeutralLeft.jpeg,Neutral Left,z,LW,19,Female,Year 2,N,Y,English,French,,2021-02-26_19h29.17.896,Tse_Altarriba_Simon1,2020.1.2,Win32,60,3748,,,z,1,0.37823,,,,,,,,0,7,7,40,1
,,,,,,,,,,,,Images/NeurtalRight.jpeg,Neutral Right,m,LW,19,Female,Year 2,N,Y,English,French,,2021-02-26_19h29.17.896,Tse_Altarriba_Simon1,2020.1.2,Win32,60,3748,,,m,1,0.36642,,,,,,,,0,8,8,50,1
,,,,,,,,,,,,Images/CongruentRight.jpeg,Congruent Right,m,LW,19,Female,Year 2,N,Y,English,French,,2021-02-26_19h29.17.896,Tse_Altarriba_Simon1,2020.1.2,Win32,60,3748,,,m,1,0.40606,,,,,,,,0,9,9,19,1
,,,,,,,,,,,,Images/IncongruentLeft.jpeg,Incongruent Left,z,LW,19,Female,Year 2,N,Y,English,French,,2021-02-26_19h29.17.896,Tse_Altarriba_Simon1,2020.1.2,Win32,60,3748,,,z,1,0.46777,,,,,,,,0,10,10,27,1
,,,,,,,,,,,,Images/CongruentRight.jpeg,Congruent Right,m,LW,19,Female,Year 2,N,Y,English,French,,2021-02-26_19h29.17.896,Tse_Altarriba_Simon1,2020.1.2,Win32,60,3748,,,m,1,0.43467,,,,,,,,0,11,11,16,1
,,,,,,,,,,,,Images/IncongruentRight.jpeg,Incongruent Right,m,LW,19,Female,Year 2,N,Y,English,French,,2021-02-26_19h29.17.896,Tse_Altarriba_Simon1,2020.1.2,Win32,60,3748,,,m,1,0.411155,,,,,,,,0,12,12,30,1
,,,,,,,,,,,,Images/NeutralLeft.jpeg,Neutral Left,z,LW,19,Female,Year 2,N,Y,English,French,,2021-02-26_19h29.17.896,Tse_Altarriba_Simon1,2020.1.2,Win32,60,3748,,,z,1,0.41913,,,,,,,,0,13,13,41,1
,,,,,,,,,,,,Images/NeurtalRight.jpeg,Neutral Right,m,LW,19,Female,Year 2,N,Y,English,French,,2021-02-26_19h29.17.896,Tse_Altarriba_Simon1,2020.1.2,Win32,60,3748,,,m,1,0.40249,,,,,,,,0,14,14,52,1
,,,,,,,,,,,,Images/NeutralLeft.jpeg,Neutral Left,z,LW,19,Female,Year 2,N,Y,English,French,,2021-02-26_19h29.17.896,Tse_Altarriba_Simon1,2020.1.2,Win32,60,3748,,,z,1,0.386205,,,,,,,,0,15,15,46,1
,,,,,,,,,,,,Images/CongruentRight.jpeg,Congruent Right,m,LW,19,Female,Year 2,N,Y,English,French,,2021-02-26_19h29.17.896,Tse_Altarriba_Simon1,2020.1.2,Win32,60,3748,,,m,1,0.36065,,,,,,,,0,16,16,17,1
,,,,,,,,,,,,Images/CongruentRight.jpeg,Congruent Right,m,LW,19,Female,Year 2,N,Y,English,French,,2021-02-26_19h29.17.896,Tse_Altarriba_Simon1,2020.1.2,Win32,60,3748,,,m,1,0.365565,,,,,,,,0,17,17,11,1
,,,,,,,,,,,,Images/NeurtalRight.jpeg,Neutral Right,m,LW,19,Female,Year 2,N,Y,English,French,,2021-02-26_19h29.17.896,Tse_Altarriba_Simon1,2020.1.2,Win32,60,3748,,,m,1,0.386365,,,,,,,,0,18,18,51,1
,,,,,,,,,,,,Images/NeurtalRight.jpeg,Neutral Right,m,LW,19,Female,Year 2,N,Y,English,French,,2021-02-26_19h29.17.896,Tse_Altarriba_Simon1,2020.1.2,Win32,60,3748,,,m,1,0.358485,,,,,,,,0,19,19,56,1
,,,,,,,,,,,,Images/IncongruentRight.jpeg,Incongruent Right,m,LW,19,Female,Year 2,N,Y,English,French,,2021-02-26_19h29.17.896,Tse_Altarriba_Simon1,2020.1.2,Win32,60,3748,,,m,1,0.39216,,,,,,,,0,20,20,36,1
,,,,,,,,,,,,Images/CongruentLeft.jpeg,Congruent Left,z,LW,19,Female,Year 2,N,Y,English,French,,2021-02-26_19h29.17.896,Tse_Altarriba_Simon1,2020.1.2,Win32,60,3748,,,m,0,0.38504,,,,,,,,0,21,21,6,1
,,,,,,,,,,,,Images/IncongruentRight.jpeg,Incongruent Right,m,LW,19,Female,Year 2,N,Y,English,French,,2021-02-26_19h29.17.896,Tse_Altarriba_Simon1,2020.1.2,Win32,60,3748,,,m,1,0.42302,,,,,,,,0,22,22,39,1
,,,,,,,,,,,,Images/NeurtalRight.jpeg,Neutral Right,m,LW,19,Female,Year 2,N,Y,English,French,,2021-02-26_19h29.17.896,Tse_Altarriba_Simon1,2020.1.2,Win32,60,3748,,,m,1,0.434915,,,,,,,,0,23,23,55,1
,,,,,,,,,,,,Images/IncongruentLeft.jpeg,Incongruent Left,z,LW,19,Female,Year 2,N,Y,English,French,,2021-02-26_19h29.17.896,Tse_Altarriba_Simon1,2020.1.2,Win32,60,3748,,,z,1,0.4044,,,,,,,,0,24,24,25,1
,,,,,,,,,,,,Images/CongruentRight.jpeg,Congruent Right,m,LW,19,Female,Year 2,N,Y,English,French,,2021-02-26_19h29.17.896,Tse_Altarriba_Simon1,2020.1.2,Win32,60,3748,,,m,1,0.38269,,,,,,,,0,25,25,14,1
,,,,,,,,,,,,Images/IncongruentLeft.jpeg,Incongruent Left,z,LW,19,Female,Year 2,N,Y,English,French,,2021-02-26_19h29.17.896,Tse_Altarriba_Simon1,2020.1.2,Win32,60,3748,,,z,1,0.38965,,,,,,,,0,26,26,24,1
,,,,,,,,,,,,Images/CongruentRight.jpeg,Congruent Right,m,LW,19,Female,Year 2,N,Y,English,French,,2021-02-26_19h29.17.896,Tse_Altarriba_Simon1,2020.1.2,Win32,60,3748,,,m,1,0.39085,,,,,,,,0,27,27,13,1
,,,,,,,,,,,,Images/CongruentRight.jpeg,Congruent Right,m,LW,19,Female,Year 2,N,Y,English,French,,2021-02-26_19h29.17.896,Tse_Altarriba_Simon1,2020.1.2,Win32,60,3748,,,m,1,0.417305,,,,,,,,0,28,28,12,1
,,,,,,,,,,,,Images/IncongruentRight.jpeg,Incongruent Right,m,LW,19,Female,Year 2,N,Y,English,French,,2021-02-26_19h29.17.896,Tse_Altarriba_Simon1,2020.1.2,Win32,60,3748,,,m,1,0.517785,,,,,,,,0,29,29,32,1
,,,,,,,,,,,,Images/IncongruentLeft.jpeg,Incongruent Left,z,LW,19,Female,Year 2,N,Y,English,French,,2021-02-26_19h29.17.896,Tse_Altarriba_Simon1,2020.1.2,Win32,60,3748,,,z,1,0.387275,,,,,,,,0,30,30,29,1
,,,,,,,,,,,,Images/NeutralLeft.jpeg,Neutral Left,z,LW,19,Female,Year 2,N,Y,English,French,,2021-02-26_19h29.17.896,Tse_Altarriba_Simon1,2020.1.2,Win32,60,3748,,,z,1,0.389655,,,,,,,,0,31,31,48,1
,,,,,,,,,,,,Images/CongruentLeft.jpeg,Congruent Left,z,LW,19,Female,Year 2,N,Y,English,French,,2021-02-26_19h29.17.896,Tse_Altarriba_Simon1,2020.1.2,Win32,60,3748,,,z,1,0.43649,,,,,,,,0,32,32,2,1
,,,,,,,,,,,,Images/NeutralLeft.jpeg,Neutral Left,z,LW,19,Female,Year 2,N,Y,English,French,,2021-02-26_19h29.17.896,Tse_Altarriba_Simon1,2020.1.2,Win32,60,3748,,,z,1,0.39205,,,,,,,,0,33,33,42,1
,,,,,,,,,,,,Images/CongruentLeft.jpeg,Congruent Left,z,LW,19,Female,Year 2,N,Y,English,French,,2021-02-26_19h29.17.896,Tse_Altarriba_Simon1,2020.1.2,Win32,60,3748,,,z,1,0.408085,,,,,,,,0,34,34,8,1
,,,,,,,,,,,,Images/CongruentLeft.jpeg,Congruent Left,z,LW,19,Female,Year 2,N,Y,English,French,,2021-02-26_19h29.17.896,Tse_Altarriba_Simon1,2020.1.2,Win32,60,3748,,,z,1,0.359015,,,,,,,,0,35,35,9,1
,,,,,,,,,,,,Images/IncongruentLeft.jpeg,Incongruent Left,z,LW,19,Female,Year 2,N,Y,English,French,,2021-02-26_19h29.17.896,Tse_Altarriba_Simon1,2020.1.2,Win32,60,3748,,,z,1,0.41801,,,,,,,,0,36,36,20,1
,,,,,,,,,,,,Images/CongruentRight.jpeg,Congruent Right,m,LW,19,Female,Year 2,N,Y,English,French,,2021-02-26_19h29.17.896,Tse_Altarriba_Simon1,2020.1.2,Win32,60,3748,,,m,1,0.387745,,,,,,,,0,37,37,10,1
,,,,,,,,,,,,Images/IncongruentRight.jpeg,Incongruent Right,m,LW,19,Female,Year 2,N,Y,English,French,,2021-02-26_19h29.17.896,Tse_Altarriba_Simon1,2020.1.2,Win32,60,3748,,,m,1,0.410725,,,,,,,,0,38,38,31,1
,,,,,,,,,,,,Images/NeurtalRight.jpeg,Neutral Right,m,LW,19,Female,Year 2,N,Y,English,French,,2021-02-26_19h29.17.896,Tse_Altarriba_Simon1,2020.1.2,Win32,60,3748,,,m,1,0.368935,,,,,,,,0,39,39,59,1
,,,,,,,,,,,,Images/NeurtalRight.jpeg,Neutral Right,m,LW,19,Female,Year 2,N,Y,English,French,,2021-02-26_19h29.17.896,Tse_Altarriba_Simon1,2020.1.2,Win32,60,3748,,,m,1,0.368625,,,,,,,,0,40,40,54,1
,,,,,,,,,,,,Images/NeutralLeft.jpeg,Neutral Left,z,LW,19,Female,Year 2,N,Y,English,French,,2021-02-26_19h29.17.896,Tse_Altarriba_Simon1,2020.1.2,Win32,60,3748,,,z,1,0.35965,,,,,,,,0,41,41,44,1
,,,,,,,,,,,,Images/IncongruentLeft.jpeg,Incongruent Left,z,LW,19,Female,Year 2,N,Y,English,French,,2021-02-26_19h29.17.896,Tse_Altarriba_Simon1,2020.1.2,Win32,60,3748,,,z,1,0.4018,,,,,,,,0,42,42,21,1
,,,,,,,,,,,,Images/CongruentLeft.jpeg,Congruent Left,z,LW,19,Female,Year 2,N,Y,English,French,,2021-02-26_19h29.17.896,Tse_Altarriba_Simon1,2020.1.2,Win32,60,3748,,,z,1,0.352955,,,,,,,,0,43,43,1,1
,,,,,,,,,,,,Images/NeutralLeft.jpeg,Neutral Left,z,LW,19,Female,Year 2,N,Y,English,French,,2021-02-26_19h29.17.896,Tse_Altarriba_Simon1,2020.1.2,Win32,60,3748,,,z,1,0.36914,,,,,,,,0,44,44,47,1
,,,,,,,,,,,,Images/CongruentLeft.jpeg,Congruent Left,z,LW,19,Female,Year 2,N,Y,English,French,,2021-02-26_19h29.17.896,Tse_Altarriba_Simon1,2020.1.2,Win32,60,3748,,,z,1,0.335745,,,,,,,,0,45,45,5,1
,,,,,,,,,,,,Images/CongruentLeft.jpeg,Congruent Left,z,LW,19,Female,Year 2,N,Y,English,French,,2021-02-26_19h29.17.896,Tse_Altarriba_Simon1,2020.1.2,Win32,60,3748,,,z,1,0.368065,,,,,,,,0,46,46,7,1
,,,,,,,,,,,,Images/CongruentLeft.jpeg,Congruent Left,z,LW,19,Female,Year 2,N,Y,English,French,,2021-02-26_19h29.17.896,Tse_Altarriba_Simon1,2020.1.2,Win32,60,3748,,,z,1,0.33273,,,,,,,,0,47,47,4,1
,,,,,,,,,,,,Images/IncongruentRight.jpeg,Incongruent Right,m,LW,19,Female,Year 2,N,Y,English,French,,2021-02-26_19h29.17.896,Tse_Altarriba_Simon1,2020.1.2,Win32,60,3748,,,m,1,0.412365,,,,,,,,0,48,48,33,1
,,,,,,,,,,,,Images/NeutralLeft.jpeg,Neutral Left,z,LW,19,Female,Year 2,N,Y,English,French,,2021-02-26_19h29.17.896,Tse_Altarriba_Simon1,2020.1.2,Win32,60,3748,,,z,1,0.356535,,,,,,,,0,49,49,45,1
,,,,,,,,,,,,Images/CongruentRight.jpeg,Congruent Right,m,LW,19,Female,Year 2,N,Y,English,French,,2021-02-26_19h29.17.896,Tse_Altarriba_Simon1,2020.1.2,Win32,60,3748,,,m,1,0.44336,,,,,,,,0,50,50,15,1
,,,,,,,,,,,,Images/NeutralLeft.jpeg,Neutral Left,z,LW,19,Female,Year 2,N,Y,English,French,,2021-02-26_19h29.17.896,Tse_Altarriba_Simon1,2020.1.2,Win32,60,3748,,,z,1,0.35841,,,,,,,,0,51,51,43,1
,,,,,,,,,,,,Images/IncongruentLeft.jpeg,Incongruent Left,z,LW,19,Female,Year 2,N,Y,English,French,,2021-02-26_19h29.17.896,Tse_Altarriba_Simon1,2020.1.2,Win32,60,3748,,,z,1,0.41988,,,,,,,,0,52,52,22,1
,,,,,,,,,,,,Images/NeurtalRight.jpeg,Neutral Right,m,LW,19,Female,Year 2,N,Y,English,French,,2021-02-26_19h29.17.896,Tse_Altarriba_Simon1,2020.1.2,Win32,60,3748,,,m,1,0.4012,,,,,,,,0,53,53,57,1
,,,,,,,,,,,,Images/IncongruentLeft.jpeg,Incongruent Left,z,LW,19,Female,Year 2,N,Y,English,French,,2021-02-26_19h29.17.896,Tse_Altarriba_Simon1,2020.1.2,Win32,60,3748,,,z,1,0.391885,,,,,,,,0,54,54,23,1
,,,,,,,,,,,,Images/CongruentLeft.jpeg,Congruent Left,z,LW,19,Female,Year 2,N,Y,English,French,,2021-02-26_19h29.17.896,Tse_Altarriba_Simon1,2020.1.2,Win32,60,3748,,,z,1,0.41831,,,,,,,,0,55,55,3,1
,,,,,,,,,,,,Images/IncongruentLeft.jpeg,Incongruent Left,z,LW,19,Female,Year 2,N,Y,English,French,,2021-02-26_19h29.17.896,Tse_Altarriba_Simon1,2020.1.2,Win32,60,3748,,,z,1,0.389685,,,,,,,,0,56,56,28,1
,,,,,,,,,,,,Images/NeurtalRight.jpeg,Neutral Right,m,LW,19,Female,Year 2,N,Y,English,French,,2021-02-26_19h29.17.896,Tse_Altarriba_Simon1,2020.1.2,Win32,60,3748,,,m,1,0.39423,,,,,,,,0,57,57,58,1
,,,,,,,,,,,,Images/CongruentRight.jpeg,Congruent Right,m,LW,19,Female,Year 2,N,Y,English,French,,2021-02-26_19h29.17.896,Tse_Altarriba_Simon1,2020.1.2,Win32,60,3748,,,m,1,0.409445,,,,,,,,0,58,58,18,1
,,,,,,,,,,,,Images/IncongruentRight.jpeg,Incongruent Right,m,LW,19,Female,Year 2,N,Y,English,French,,2021-02-26_19h29.17.896,Tse_Altarriba_Simon1,2020.1.2,Win32,60,3748,,,m,1,0.377485,,,,,,,,0,59,59,37,1
