Space1.keys,Space1.rt,Space2.keys,Space2.rt,response.keys,response.corr,response.rt,Practice_loop.thisRepN,Practice_loop.thisTrialN,Practice_loop.thisN,Practice_loop.thisIndex,Practice_loop.ran,ImageFile,Condition,CorrAns,Your initials,What is your age?,What is your gender?,What year are you in?,Are you Dyslexic? (Y/N),Are you bi/multilingual? (Y/N),What is your first language?,"What is your second language? (if you are monollingual, leave blank)",What other languages do you speak?,date,expName,psychopyVersion,OS,frameRate,participant,Space3.keys,Space3.rt,key_resp_2.keys,key_resp_2.corr,key_resp_2.rt,trials.thisRepN,trials.thisTrialN,trials.thisN,trials.thisIndex,trials.ran,Space4.keys,Space4.rt,trials_2.thisRepN,trials_2.thisTrialN,trials_2.thisN,trials_2.thisIndex,trials_2.ran
space,27.126105,space,13.256085,z,1,0.86254,0,0,0,9,1,Images/NeutralLeft.jpeg,Neutral Left,z,MB,21,Male,Second,N,N,English,,,2021-02-27_17h32.06.297,Tse_Altarriba_Simon1,2020.1.2,MacIntel,60,3754,,,,,,,,,,,,,,,,,
,,,,m,1,0.738955,0,1,1,7,1,Images/IncongruentRight.jpeg,Incongruent Right,m,MB,21,Male,Second,N,N,English,,,2021-02-27_17h32.06.297,Tse_Altarriba_Simon1,2020.1.2,MacIntel,60,3754,,,,,,,,,,,,,,,,,
,,,,z,1,0.53577,0,2,2,5,1,Images/IncongruentLeft.jpeg,Incongruent Left,z,MB,21,Male,Second,N,N,English,,,2021-02-27_17h32.06.297,Tse_Altarriba_Simon1,2020.1.2,MacIntel,60,3754,,,,,,,,,,,,,,,,,
,,,,m,1,0.47874,0,3,3,3,1,Images/CongruentRight.jpeg,Congruent Right,m,MB,21,Male,Second,N,N,English,,,2021-02-27_17h32.06.297,Tse_Altarriba_Simon1,2020.1.2,MacIntel,60,3754,,,,,,,,,,,,,,,,,
,,,,m,1,0.528755,0,4,4,10,1,Images/NeurtalRight.jpeg,Neutral Right,m,MB,21,Male,Second,N,N,English,,,2021-02-27_17h32.06.297,Tse_Altarriba_Simon1,2020.1.2,MacIntel,60,3754,,,,,,,,,,,,,,,,,
,,,,m,1,0.66346,0,5,5,6,1,Images/IncongruentRight.jpeg,Incongruent Right,m,MB,21,Male,Second,N,N,English,,,2021-02-27_17h32.06.297,Tse_Altarriba_Simon1,2020.1.2,MacIntel,60,3754,,,,,,,,,,,,,,,,,
,,,,z,1,0.563155,0,6,6,0,1,Images/CongruentLeft.jpeg,Congruent Left,z,MB,21,Male,Second,N,N,English,,,2021-02-27_17h32.06.297,Tse_Altarriba_Simon1,2020.1.2,MacIntel,60,3754,,,,,,,,,,,,,,,,,
,,,,z,1,0.63649,0,7,7,1,1,Images/CongruentLeft.jpeg,Congruent Left,z,MB,21,Male,Second,N,N,English,,,2021-02-27_17h32.06.297,Tse_Altarriba_Simon1,2020.1.2,MacIntel,60,3754,,,,,,,,,,,,,,,,,
,,,,m,1,0.504715,0,8,8,11,1,Images/NeurtalRight.jpeg,Neutral Right,m,MB,21,Male,Second,N,N,English,,,2021-02-27_17h32.06.297,Tse_Altarriba_Simon1,2020.1.2,MacIntel,60,3754,,,,,,,,,,,,,,,,,
,,,,z,1,0.60199,0,9,9,4,1,Images/IncongruentLeft.jpeg,Incongruent Left,z,MB,21,Male,Second,N,N,English,,,2021-02-27_17h32.06.297,Tse_Altarriba_Simon1,2020.1.2,MacIntel,60,3754,,,,,,,,,,,,,,,,,
,,,,z,1,0.58037,0,10,10,8,1,Images/NeutralLeft.jpeg,Neutral Left,z,MB,21,Male,Second,N,N,English,,,2021-02-27_17h32.06.297,Tse_Altarriba_Simon1,2020.1.2,MacIntel,60,3754,,,,,,,,,,,,,,,,,
,,,,m,1,0.40029,0,11,11,2,1,Images/CongruentRight.jpeg,Congruent Right,m,MB,21,Male,Second,N,N,English,,,2021-02-27_17h32.06.297,Tse_Altarriba_Simon1,2020.1.2,MacIntel,60,3754,,,,,,,,,,,,,,,,,
,,,,,,,,,,,,Images/CongruentRight.jpeg,Congruent Right,m,MB,21,Male,Second,N,N,English,,,2021-02-27_17h32.06.297,Tse_Altarriba_Simon1,2020.1.2,MacIntel,60,3754,space,7.086955,m,1,0.516585,0,0,0,12,1,,,,,,,
,,,,,,,,,,,,Images/CongruentRight.jpeg,Congruent Right,m,MB,21,Male,Second,N,N,English,,,2021-02-27_17h32.06.297,Tse_Altarriba_Simon1,2020.1.2,MacIntel,60,3754,,,m,1,0.515575,0,1,1,19,1,,,,,,,
,,,,,,,,,,,,Images/IncongruentRight.jpeg,Incongruent Right,m,MB,21,Male,Second,N,N,English,,,2021-02-27_17h32.06.297,Tse_Altarriba_Simon1,2020.1.2,MacIntel,60,3754,,,m,1,0.564535,0,2,2,39,1,,,,,,,
,,,,,,,,,,,,Images/CongruentRight.jpeg,Congruent Right,m,MB,21,Male,Second,N,N,English,,,2021-02-27_17h32.06.297,Tse_Altarriba_Simon1,2020.1.2,MacIntel,60,3754,,,m,1,0.56444,0,3,3,14,1,,,,,,,
,,,,,,,,,,,,Images/NeurtalRight.jpeg,Neutral Right,m,MB,21,Male,Second,N,N,English,,,2021-02-27_17h32.06.297,Tse_Altarriba_Simon1,2020.1.2,MacIntel,60,3754,,,m,1,0.53318,0,4,4,58,1,,,,,,,
,,,,,,,,,,,,Images/NeutralLeft.jpeg,Neutral Left,z,MB,21,Male,Second,N,N,English,,,2021-02-27_17h32.06.297,Tse_Altarriba_Simon1,2020.1.2,MacIntel,60,3754,,,z,1,0.513725,0,5,5,46,1,,,,,,,
,,,,,,,,,,,,Images/CongruentLeft.jpeg,Congruent Left,z,MB,21,Male,Second,N,N,English,,,2021-02-27_17h32.06.297,Tse_Altarriba_Simon1,2020.1.2,MacIntel,60,3754,,,z,1,0.56603,0,6,6,7,1,,,,,,,
,,,,,,,,,,,,Images/NeutralLeft.jpeg,Neutral Left,z,MB,21,Male,Second,N,N,English,,,2021-02-27_17h32.06.297,Tse_Altarriba_Simon1,2020.1.2,MacIntel,60,3754,,,z,1,0.501445,0,7,7,42,1,,,,,,,
,,,,,,,,,,,,Images/CongruentRight.jpeg,Congruent Right,m,MB,21,Male,Second,N,N,English,,,2021-02-27_17h32.06.297,Tse_Altarriba_Simon1,2020.1.2,MacIntel,60,3754,,,m,1,0.515465,0,8,8,17,1,,,,,,,
,,,,,,,,,,,,Images/IncongruentRight.jpeg,Incongruent Right,m,MB,21,Male,Second,N,N,English,,,2021-02-27_17h32.06.297,Tse_Altarriba_Simon1,2020.1.2,MacIntel,60,3754,,,m,1,0.56836,0,9,9,37,1,,,,,,,
,,,,,,,,,,,,Images/NeurtalRight.jpeg,Neutral Right,m,MB,21,Male,Second,N,N,English,,,2021-02-27_17h32.06.297,Tse_Altarriba_Simon1,2020.1.2,MacIntel,60,3754,,,m,1,0.467125,0,10,10,52,1,,,,,,,
,,,,,,,,,,,,Images/IncongruentRight.jpeg,Incongruent Right,m,MB,21,Male,Second,N,N,English,,,2021-02-27_17h32.06.297,Tse_Altarriba_Simon1,2020.1.2,MacIntel,60,3754,,,m,1,0.56562,0,11,11,36,1,,,,,,,
,,,,,,,,,,,,Images/NeutralLeft.jpeg,Neutral Left,z,MB,21,Male,Second,N,N,English,,,2021-02-27_17h32.06.297,Tse_Altarriba_Simon1,2020.1.2,MacIntel,60,3754,,,z,1,0.531965,0,12,12,48,1,,,,,,,
,,,,,,,,,,,,Images/NeurtalRight.jpeg,Neutral Right,m,MB,21,Male,Second,N,N,English,,,2021-02-27_17h32.06.297,Tse_Altarriba_Simon1,2020.1.2,MacIntel,60,3754,,,m,1,0.548865,0,13,13,53,1,,,,,,,
,,,,,,,,,,,,Images/IncongruentLeft.jpeg,Incongruent Left,z,MB,21,Male,Second,N,N,English,,,2021-02-27_17h32.06.297,Tse_Altarriba_Simon1,2020.1.2,MacIntel,60,3754,,,z,1,0.59701,0,14,14,22,1,,,,,,,
,,,,,,,,,,,,Images/NeurtalRight.jpeg,Neutral Right,m,MB,21,Male,Second,N,N,English,,,2021-02-27_17h32.06.297,Tse_Altarriba_Simon1,2020.1.2,MacIntel,60,3754,,,m,1,0.53743,0,15,15,57,1,,,,,,,
,,,,,,,,,,,,Images/CongruentRight.jpeg,Congruent Right,m,MB,21,Male,Second,N,N,English,,,2021-02-27_17h32.06.297,Tse_Altarriba_Simon1,2020.1.2,MacIntel,60,3754,,,m,1,0.48241,0,16,16,10,1,,,,,,,
,,,,,,,,,,,,Images/NeurtalRight.jpeg,Neutral Right,m,MB,21,Male,Second,N,N,English,,,2021-02-27_17h32.06.297,Tse_Altarriba_Simon1,2020.1.2,MacIntel,60,3754,,,m,1,0.50002,0,17,17,55,1,,,,,,,
,,,,,,,,,,,,Images/CongruentLeft.jpeg,Congruent Left,z,MB,21,Male,Second,N,N,English,,,2021-02-27_17h32.06.297,Tse_Altarriba_Simon1,2020.1.2,MacIntel,60,3754,,,z,1,0.498935,0,18,18,5,1,,,,,,,
,,,,,,,,,,,,Images/CongruentLeft.jpeg,Congruent Left,z,MB,21,Male,Second,N,N,English,,,2021-02-27_17h32.06.297,Tse_Altarriba_Simon1,2020.1.2,MacIntel,60,3754,,,z,1,0.46635,0,19,19,3,1,,,,,,,
,,,,,,,,,,,,Images/NeutralLeft.jpeg,Neutral Left,z,MB,21,Male,Second,N,N,English,,,2021-02-27_17h32.06.297,Tse_Altarriba_Simon1,2020.1.2,MacIntel,60,3754,,,z,1,0.465385,0,20,20,49,1,,,,,,,
,,,,,,,,,,,,Images/IncongruentRight.jpeg,Incongruent Right,m,MB,21,Male,Second,N,N,English,,,2021-02-27_17h32.06.297,Tse_Altarriba_Simon1,2020.1.2,MacIntel,60,3754,,,m,1,0.550155,0,21,21,32,1,,,,,,,
,,,,,,,,,,,,Images/IncongruentRight.jpeg,Incongruent Right,m,MB,21,Male,Second,N,N,English,,,2021-02-27_17h32.06.297,Tse_Altarriba_Simon1,2020.1.2,MacIntel,60,3754,,,m,1,0.501285,0,22,22,31,1,,,,,,,
,,,,,,,,,,,,Images/CongruentRight.jpeg,Congruent Right,m,MB,21,Male,Second,N,N,English,,,2021-02-27_17h32.06.297,Tse_Altarriba_Simon1,2020.1.2,MacIntel,60,3754,,,m,1,0.50114,0,23,23,15,1,,,,,,,
,,,,,,,,,,,,Images/NeutralLeft.jpeg,Neutral Left,z,MB,21,Male,Second,N,N,English,,,2021-02-27_17h32.06.297,Tse_Altarriba_Simon1,2020.1.2,MacIntel,60,3754,,,z,1,0.5031,0,24,24,40,1,,,,,,,
,,,,,,,,,,,,Images/NeurtalRight.jpeg,Neutral Right,m,MB,21,Male,Second,N,N,English,,,2021-02-27_17h32.06.297,Tse_Altarriba_Simon1,2020.1.2,MacIntel,60,3754,,,m,1,0.436455,0,25,25,59,1,,,,,,,
,,,,,,,,,,,,Images/NeurtalRight.jpeg,Neutral Right,m,MB,21,Male,Second,N,N,English,,,2021-02-27_17h32.06.297,Tse_Altarriba_Simon1,2020.1.2,MacIntel,60,3754,,,m,1,0.46429,0,26,26,54,1,,,,,,,
,,,,,,,,,,,,Images/IncongruentLeft.jpeg,Incongruent Left,z,MB,21,Male,Second,N,N,English,,,2021-02-27_17h32.06.297,Tse_Altarriba_Simon1,2020.1.2,MacIntel,60,3754,,,z,1,0.533545,0,27,27,27,1,,,,,,,
,,,,,,,,,,,,Images/IncongruentLeft.jpeg,Incongruent Left,z,MB,21,Male,Second,N,N,English,,,2021-02-27_17h32.06.297,Tse_Altarriba_Simon1,2020.1.2,MacIntel,60,3754,,,z,1,0.53666,0,28,28,20,1,,,,,,,
,,,,,,,,,,,,Images/IncongruentLeft.jpeg,Incongruent Left,z,MB,21,Male,Second,N,N,English,,,2021-02-27_17h32.06.297,Tse_Altarriba_Simon1,2020.1.2,MacIntel,60,3754,,,z,1,0.516295,0,29,29,26,1,,,,,,,
,,,,,,,,,,,,Images/NeurtalRight.jpeg,Neutral Right,m,MB,21,Male,Second,N,N,English,,,2021-02-27_17h32.06.297,Tse_Altarriba_Simon1,2020.1.2,MacIntel,60,3754,,,m,1,0.479025,0,30,30,56,1,,,,,,,
,,,,,,,,,,,,Images/IncongruentLeft.jpeg,Incongruent Left,z,MB,21,Male,Second,N,N,English,,,2021-02-27_17h32.06.297,Tse_Altarriba_Simon1,2020.1.2,MacIntel,60,3754,,,z,1,0.47736,0,31,31,23,1,,,,,,,
,,,,,,,,,,,,Images/CongruentRight.jpeg,Congruent Right,m,MB,21,Male,Second,N,N,English,,,2021-02-27_17h32.06.297,Tse_Altarriba_Simon1,2020.1.2,MacIntel,60,3754,,,m,1,0.433545,0,32,32,11,1,,,,,,,
,,,,,,,,,,,,Images/NeutralLeft.jpeg,Neutral Left,z,MB,21,Male,Second,N,N,English,,,2021-02-27_17h32.06.297,Tse_Altarriba_Simon1,2020.1.2,MacIntel,60,3754,,,z,1,0.434405,0,33,33,45,1,,,,,,,
,,,,,,,,,,,,Images/IncongruentRight.jpeg,Incongruent Right,m,MB,21,Male,Second,N,N,English,,,2021-02-27_17h32.06.297,Tse_Altarriba_Simon1,2020.1.2,MacIntel,60,3754,,,m,1,0.52657,0,34,34,34,1,,,,,,,
,,,,,,,,,,,,Images/NeutralLeft.jpeg,Neutral Left,z,MB,21,Male,Second,N,N,English,,,2021-02-27_17h32.06.297,Tse_Altarriba_Simon1,2020.1.2,MacIntel,60,3754,,,z,1,0.41534,0,35,35,44,1,,,,,,,
,,,,,,,,,,,,Images/IncongruentLeft.jpeg,Incongruent Left,z,MB,21,Male,Second,N,N,English,,,2021-02-27_17h32.06.297,Tse_Altarriba_Simon1,2020.1.2,MacIntel,60,3754,,,z,1,0.4718,0,36,36,25,1,,,,,,,
,,,,,,,,,,,,Images/NeutralLeft.jpeg,Neutral Left,z,MB,21,Male,Second,N,N,English,,,2021-02-27_17h32.06.297,Tse_Altarriba_Simon1,2020.1.2,MacIntel,60,3754,,,z,1,0.45299,0,37,37,43,1,,,,,,,
,,,,,,,,,,,,Images/CongruentLeft.jpeg,Congruent Left,z,MB,21,Male,Second,N,N,English,,,2021-02-27_17h32.06.297,Tse_Altarriba_Simon1,2020.1.2,MacIntel,60,3754,,,z,1,0.500075,0,38,38,0,1,,,,,,,
,,,,,,,,,,,,Images/IncongruentRight.jpeg,Incongruent Right,m,MB,21,Male,Second,N,N,English,,,2021-02-27_17h32.06.297,Tse_Altarriba_Simon1,2020.1.2,MacIntel,60,3754,,,m,1,0.466375,0,39,39,33,1,,,,,,,
,,,,,,,,,,,,Images/CongruentLeft.jpeg,Congruent Left,z,MB,21,Male,Second,N,N,English,,,2021-02-27_17h32.06.297,Tse_Altarriba_Simon1,2020.1.2,MacIntel,60,3754,,,z,1,0.483995,0,40,40,6,1,,,,,,,
,,,,,,,,,,,,Images/CongruentLeft.jpeg,Congruent Left,z,MB,21,Male,Second,N,N,English,,,2021-02-27_17h32.06.297,Tse_Altarriba_Simon1,2020.1.2,MacIntel,60,3754,,,z,1,0.466845,0,41,41,1,1,,,,,,,
,,,,,,,,,,,,Images/IncongruentLeft.jpeg,Incongruent Left,z,MB,21,Male,Second,N,N,English,,,2021-02-27_17h32.06.297,Tse_Altarriba_Simon1,2020.1.2,MacIntel,60,3754,,,z,1,0.547115,0,42,42,28,1,,,,,,,
,,,,,,,,,,,,Images/NeurtalRight.jpeg,Neutral Right,m,MB,21,Male,Second,N,N,English,,,2021-02-27_17h32.06.297,Tse_Altarriba_Simon1,2020.1.2,MacIntel,60,3754,,,m,1,0.5048,0,43,43,50,1,,,,,,,
,,,,,,,,,,,,Images/IncongruentLeft.jpeg,Incongruent Left,z,MB,21,Male,Second,N,N,English,,,2021-02-27_17h32.06.297,Tse_Altarriba_Simon1,2020.1.2,MacIntel,60,3754,,,z,1,0.56725,0,44,44,21,1,,,,,,,
,,,,,,,,,,,,Images/IncongruentLeft.jpeg,Incongruent Left,z,MB,21,Male,Second,N,N,English,,,2021-02-27_17h32.06.297,Tse_Altarriba_Simon1,2020.1.2,MacIntel,60,3754,,,z,1,0.516225,0,45,45,29,1,,,,,,,
,,,,,,,,,,,,Images/CongruentLeft.jpeg,Congruent Left,z,MB,21,Male,Second,N,N,English,,,2021-02-27_17h32.06.297,Tse_Altarriba_Simon1,2020.1.2,MacIntel,60,3754,,,z,1,0.53554,0,46,46,2,1,,,,,,,
,,,,,,,,,,,,Images/NeutralLeft.jpeg,Neutral Left,z,MB,21,Male,Second,N,N,English,,,2021-02-27_17h32.06.297,Tse_Altarriba_Simon1,2020.1.2,MacIntel,60,3754,,,z,1,0.466275,0,47,47,41,1,,,,,,,
,,,,,,,,,,,,Images/CongruentRight.jpeg,Congruent Right,m,MB,21,Male,Second,N,N,English,,,2021-02-27_17h32.06.297,Tse_Altarriba_Simon1,2020.1.2,MacIntel,60,3754,,,m,1,0.527755,0,48,48,13,1,,,,,,,
,,,,,,,,,,,,Images/CongruentRight.jpeg,Congruent Right,m,MB,21,Male,Second,N,N,English,,,2021-02-27_17h32.06.297,Tse_Altarriba_Simon1,2020.1.2,MacIntel,60,3754,,,m,1,0.518015,0,49,49,18,1,,,,,,,
,,,,,,,,,,,,Images/NeutralLeft.jpeg,Neutral Left,z,MB,21,Male,Second,N,N,English,,,2021-02-27_17h32.06.297,Tse_Altarriba_Simon1,2020.1.2,MacIntel,60,3754,,,z,1,0.450185,0,50,50,47,1,,,,,,,
,,,,,,,,,,,,Images/CongruentLeft.jpeg,Congruent Left,z,MB,21,Male,Second,N,N,English,,,2021-02-27_17h32.06.297,Tse_Altarriba_Simon1,2020.1.2,MacIntel,60,3754,,,z,1,0.52097,0,51,51,4,1,,,,,,,
,,,,,,,,,,,,Images/CongruentLeft.jpeg,Congruent Left,z,MB,21,Male,Second,N,N,English,,,2021-02-27_17h32.06.297,Tse_Altarriba_Simon1,2020.1.2,MacIntel,60,3754,,,z,1,0.486445,0,52,52,8,1,,,,,,,
,,,,,,,,,,,,Images/IncongruentLeft.jpeg,Incongruent Left,z,MB,21,Male,Second,N,N,English,,,2021-02-27_17h32.06.297,Tse_Altarriba_Simon1,2020.1.2,MacIntel,60,3754,,,z,1,0.51624,0,53,53,24,1,,,,,,,
,,,,,,,,,,,,Images/CongruentRight.jpeg,Congruent Right,m,MB,21,Male,Second,N,N,English,,,2021-02-27_17h32.06.297,Tse_Altarriba_Simon1,2020.1.2,MacIntel,60,3754,,,m,1,0.499015,0,54,54,16,1,,,,,,,
,,,,,,,,,,,,Images/IncongruentRight.jpeg,Incongruent Right,m,MB,21,Male,Second,N,N,English,,,2021-02-27_17h32.06.297,Tse_Altarriba_Simon1,2020.1.2,MacIntel,60,3754,,,m,1,0.582215,0,55,55,30,1,,,,,,,
,,,,,,,,,,,,Images/IncongruentRight.jpeg,Incongruent Right,m,MB,21,Male,Second,N,N,English,,,2021-02-27_17h32.06.297,Tse_Altarriba_Simon1,2020.1.2,MacIntel,60,3754,,,m,1,0.5376,0,56,56,38,1,,,,,,,
,,,,,,,,,,,,Images/CongruentLeft.jpeg,Congruent Left,z,MB,21,Male,Second,N,N,English,,,2021-02-27_17h32.06.297,Tse_Altarriba_Simon1,2020.1.2,MacIntel,60,3754,,,z,1,0.503495,0,57,57,9,1,,,,,,,
,,,,,,,,,,,,Images/IncongruentRight.jpeg,Incongruent Right,m,MB,21,Male,Second,N,N,English,,,2021-02-27_17h32.06.297,Tse_Altarriba_Simon1,2020.1.2,MacIntel,60,3754,,,m,1,0.5191,0,58,58,35,1,,,,,,,
,,,,,,,,,,,,Images/NeurtalRight.jpeg,Neutral Right,m,MB,21,Male,Second,N,N,English,,,2021-02-27_17h32.06.297,Tse_Altarriba_Simon1,2020.1.2,MacIntel,60,3754,,,m,1,0.8168,0,59,59,51,1,,,,,,,
,,,,,,,,,,,,Images/NeutralLeft.jpeg,Neutral Left,z,MB,21,Male,Second,N,N,English,,,2021-02-27_17h32.06.297,Tse_Altarriba_Simon1,2020.1.2,MacIntel,60,3754,,,z,1,0.52578,,,,,,space,15.434105,0,0,0,45,1
,,,,,,,,,,,,Images/IncongruentLeft.jpeg,Incongruent Left,z,MB,21,Male,Second,N,N,English,,,2021-02-27_17h32.06.297,Tse_Altarriba_Simon1,2020.1.2,MacIntel,60,3754,,,z,1,0.535195,,,,,,,,0,1,1,25,1
,,,,,,,,,,,,Images/CongruentLeft.jpeg,Congruent Left,z,MB,21,Male,Second,N,N,English,,,2021-02-27_17h32.06.297,Tse_Altarriba_Simon1,2020.1.2,MacIntel,60,3754,,,z,1,0.440785,,,,,,,,0,2,2,1,1
,,,,,,,,,,,,Images/NeurtalRight.jpeg,Neutral Right,m,MB,21,Male,Second,N,N,English,,,2021-02-27_17h32.06.297,Tse_Altarriba_Simon1,2020.1.2,MacIntel,60,3754,,,m,1,0.46859,,,,,,,,0,3,3,57,1
,,,,,,,,,,,,Images/CongruentLeft.jpeg,Congruent Left,z,MB,21,Male,Second,N,N,English,,,2021-02-27_17h32.06.297,Tse_Altarriba_Simon1,2020.1.2,MacIntel,60,3754,,,z,1,0.421465,,,,,,,,0,4,4,5,1
,,,,,,,,,,,,Images/IncongruentLeft.jpeg,Incongruent Left,z,MB,21,Male,Second,N,N,English,,,2021-02-27_17h32.06.297,Tse_Altarriba_Simon1,2020.1.2,MacIntel,60,3754,,,z,1,0.51563,,,,,,,,0,5,5,20,1
,,,,,,,,,,,,Images/NeutralLeft.jpeg,Neutral Left,z,MB,21,Male,Second,N,N,English,,,2021-02-27_17h32.06.297,Tse_Altarriba_Simon1,2020.1.2,MacIntel,60,3754,,,z,1,0.41926,,,,,,,,0,6,6,48,1
,,,,,,,,,,,,Images/NeutralLeft.jpeg,Neutral Left,z,MB,21,Male,Second,N,N,English,,,2021-02-27_17h32.06.297,Tse_Altarriba_Simon1,2020.1.2,MacIntel,60,3754,,,z,1,1.08366,,,,,,,,0,7,7,47,1
,,,,,,,,,,,,Images/CongruentRight.jpeg,Congruent Right,m,MB,21,Male,Second,N,N,English,,,2021-02-27_17h32.06.297,Tse_Altarriba_Simon1,2020.1.2,MacIntel,60,3754,,,m,1,0.46618,,,,,,,,0,8,8,11,1
,,,,,,,,,,,,Images/IncongruentRight.jpeg,Incongruent Right,m,MB,21,Male,Second,N,N,English,,,2021-02-27_17h32.06.297,Tse_Altarriba_Simon1,2020.1.2,MacIntel,60,3754,,,m,1,0.53857,,,,,,,,0,9,9,34,1
,,,,,,,,,,,,Images/IncongruentRight.jpeg,Incongruent Right,m,MB,21,Male,Second,N,N,English,,,2021-02-27_17h32.06.297,Tse_Altarriba_Simon1,2020.1.2,MacIntel,60,3754,,,m,1,0.533605,,,,,,,,0,10,10,31,1
,,,,,,,,,,,,Images/NeutralLeft.jpeg,Neutral Left,z,MB,21,Male,Second,N,N,English,,,2021-02-27_17h32.06.297,Tse_Altarriba_Simon1,2020.1.2,MacIntel,60,3754,,,z,1,0.43305,,,,,,,,0,11,11,43,1
,,,,,,,,,,,,Images/CongruentLeft.jpeg,Congruent Left,z,MB,21,Male,Second,N,N,English,,,2021-02-27_17h32.06.297,Tse_Altarriba_Simon1,2020.1.2,MacIntel,60,3754,,,z,1,0.408425,,,,,,,,0,12,12,6,1
,,,,,,,,,,,,Images/CongruentRight.jpeg,Congruent Right,m,MB,21,Male,Second,N,N,English,,,2021-02-27_17h32.06.297,Tse_Altarriba_Simon1,2020.1.2,MacIntel,60,3754,,,m,1,0.38748,,,,,,,,0,13,13,17,1
,,,,,,,,,,,,Images/NeutralLeft.jpeg,Neutral Left,z,MB,21,Male,Second,N,N,English,,,2021-02-27_17h32.06.297,Tse_Altarriba_Simon1,2020.1.2,MacIntel,60,3754,,,z,1,0.432555,,,,,,,,0,14,14,41,1
,,,,,,,,,,,,Images/IncongruentLeft.jpeg,Incongruent Left,z,MB,21,Male,Second,N,N,English,,,2021-02-27_17h32.06.297,Tse_Altarriba_Simon1,2020.1.2,MacIntel,60,3754,,,z,1,0.51658,,,,,,,,0,15,15,21,1
,,,,,,,,,,,,Images/IncongruentRight.jpeg,Incongruent Right,m,MB,21,Male,Second,N,N,English,,,2021-02-27_17h32.06.297,Tse_Altarriba_Simon1,2020.1.2,MacIntel,60,3754,,,m,1,0.70544,,,,,,,,0,16,16,30,1
,,,,,,,,,,,,Images/NeurtalRight.jpeg,Neutral Right,m,MB,21,Male,Second,N,N,English,,,2021-02-27_17h32.06.297,Tse_Altarriba_Simon1,2020.1.2,MacIntel,60,3754,,,m,1,0.467415,,,,,,,,0,17,17,59,1
,,,,,,,,,,,,Images/IncongruentRight.jpeg,Incongruent Right,m,MB,21,Male,Second,N,N,English,,,2021-02-27_17h32.06.297,Tse_Altarriba_Simon1,2020.1.2,MacIntel,60,3754,,,m,1,0.48382,,,,,,,,0,18,18,33,1
,,,,,,,,,,,,Images/CongruentLeft.jpeg,Congruent Left,z,MB,21,Male,Second,N,N,English,,,2021-02-27_17h32.06.297,Tse_Altarriba_Simon1,2020.1.2,MacIntel,60,3754,,,z,1,0.482695,,,,,,,,0,19,19,7,1
,,,,,,,,,,,,Images/CongruentRight.jpeg,Congruent Right,m,MB,21,Male,Second,N,N,English,,,2021-02-27_17h32.06.297,Tse_Altarriba_Simon1,2020.1.2,MacIntel,60,3754,,,m,1,0.47409,,,,,,,,0,20,20,16,1
,,,,,,,,,,,,Images/IncongruentRight.jpeg,Incongruent Right,m,MB,21,Male,Second,N,N,English,,,2021-02-27_17h32.06.297,Tse_Altarriba_Simon1,2020.1.2,MacIntel,60,3754,,,z,0,0.433595,,,,,,,,0,21,21,38,1
,,,,,,,,,,,,Images/IncongruentLeft.jpeg,Incongruent Left,z,MB,21,Male,Second,N,N,English,,,2021-02-27_17h32.06.297,Tse_Altarriba_Simon1,2020.1.2,MacIntel,60,3754,,,z,1,0.632165,,,,,,,,0,22,22,24,1
,,,,,,,,,,,,Images/NeurtalRight.jpeg,Neutral Right,m,MB,21,Male,Second,N,N,English,,,2021-02-27_17h32.06.297,Tse_Altarriba_Simon1,2020.1.2,MacIntel,60,3754,,,m,1,0.549565,,,,,,,,0,23,23,58,1
,,,,,,,,,,,,Images/CongruentRight.jpeg,Congruent Right,m,MB,21,Male,Second,N,N,English,,,2021-02-27_17h32.06.297,Tse_Altarriba_Simon1,2020.1.2,MacIntel,60,3754,,,m,1,0.53121,,,,,,,,0,24,24,15,1
,,,,,,,,,,,,Images/IncongruentRight.jpeg,Incongruent Right,m,MB,21,Male,Second,N,N,English,,,2021-02-27_17h32.06.297,Tse_Altarriba_Simon1,2020.1.2,MacIntel,60,3754,,,m,1,0.566825,,,,,,,,0,25,25,36,1
,,,,,,,,,,,,Images/NeurtalRight.jpeg,Neutral Right,m,MB,21,Male,Second,N,N,English,,,2021-02-27_17h32.06.297,Tse_Altarriba_Simon1,2020.1.2,MacIntel,60,3754,,,m,1,0.481965,,,,,,,,0,26,26,53,1
,,,,,,,,,,,,Images/NeurtalRight.jpeg,Neutral Right,m,MB,21,Male,Second,N,N,English,,,2021-02-27_17h32.06.297,Tse_Altarriba_Simon1,2020.1.2,MacIntel,60,3754,,,m,1,0.49923,,,,,,,,0,27,27,55,1
,,,,,,,,,,,,Images/NeurtalRight.jpeg,Neutral Right,m,MB,21,Male,Second,N,N,English,,,2021-02-27_17h32.06.297,Tse_Altarriba_Simon1,2020.1.2,MacIntel,60,3754,,,m,1,0.514645,,,,,,,,0,28,28,56,1
,,,,,,,,,,,,Images/NeurtalRight.jpeg,Neutral Right,m,MB,21,Male,Second,N,N,English,,,2021-02-27_17h32.06.297,Tse_Altarriba_Simon1,2020.1.2,MacIntel,60,3754,,,m,1,0.44812,,,,,,,,0,29,29,50,1
,,,,,,,,,,,,Images/IncongruentLeft.jpeg,Incongruent Left,z,MB,21,Male,Second,N,N,English,,,2021-02-27_17h32.06.297,Tse_Altarriba_Simon1,2020.1.2,MacIntel,60,3754,,,z,1,0.52037,,,,,,,,0,30,30,29,1
,,,,,,,,,,,,Images/NeurtalRight.jpeg,Neutral Right,m,MB,21,Male,Second,N,N,English,,,2021-02-27_17h32.06.297,Tse_Altarriba_Simon1,2020.1.2,MacIntel,60,3754,,,m,1,0.44835,,,,,,,,0,31,31,51,1
,,,,,,,,,,,,Images/IncongruentLeft.jpeg,Incongruent Left,z,MB,21,Male,Second,N,N,English,,,2021-02-27_17h32.06.297,Tse_Altarriba_Simon1,2020.1.2,MacIntel,60,3754,,,z,1,0.58755,,,,,,,,0,32,32,28,1
,,,,,,,,,,,,Images/CongruentLeft.jpeg,Congruent Left,z,MB,21,Male,Second,N,N,English,,,2021-02-27_17h32.06.297,Tse_Altarriba_Simon1,2020.1.2,MacIntel,60,3754,,,z,1,0.532055,,,,,,,,0,33,33,4,1
,,,,,,,,,,,,Images/CongruentLeft.jpeg,Congruent Left,z,MB,21,Male,Second,N,N,English,,,2021-02-27_17h32.06.297,Tse_Altarriba_Simon1,2020.1.2,MacIntel,60,3754,,,z,1,0.45679,,,,,,,,0,34,34,3,1
,,,,,,,,,,,,Images/IncongruentLeft.jpeg,Incongruent Left,z,MB,21,Male,Second,N,N,English,,,2021-02-27_17h32.06.297,Tse_Altarriba_Simon1,2020.1.2,MacIntel,60,3754,,,z,1,0.565455,,,,,,,,0,35,35,23,1
,,,,,,,,,,,,Images/NeutralLeft.jpeg,Neutral Left,z,MB,21,Male,Second,N,N,English,,,2021-02-27_17h32.06.297,Tse_Altarriba_Simon1,2020.1.2,MacIntel,60,3754,,,z,1,0.50168,,,,,,,,0,36,36,46,1
,,,,,,,,,,,,Images/CongruentRight.jpeg,Congruent Right,m,MB,21,Male,Second,N,N,English,,,2021-02-27_17h32.06.297,Tse_Altarriba_Simon1,2020.1.2,MacIntel,60,3754,,,m,1,0.480745,,,,,,,,0,37,37,18,1
,,,,,,,,,,,,Images/NeurtalRight.jpeg,Neutral Right,m,MB,21,Male,Second,N,N,English,,,2021-02-27_17h32.06.297,Tse_Altarriba_Simon1,2020.1.2,MacIntel,60,3754,,,m,1,0.600625,,,,,,,,0,38,38,52,1
,,,,,,,,,,,,Images/CongruentRight.jpeg,Congruent Right,m,MB,21,Male,Second,N,N,English,,,2021-02-27_17h32.06.297,Tse_Altarriba_Simon1,2020.1.2,MacIntel,60,3754,,,m,1,0.55838,,,,,,,,0,39,39,10,1
,,,,,,,,,,,,Images/IncongruentRight.jpeg,Incongruent Right,m,MB,21,Male,Second,N,N,English,,,2021-02-27_17h32.06.297,Tse_Altarriba_Simon1,2020.1.2,MacIntel,60,3754,,,m,1,0.605095,,,,,,,,0,40,40,32,1
,,,,,,,,,,,,Images/IncongruentLeft.jpeg,Incongruent Left,z,MB,21,Male,Second,N,N,English,,,2021-02-27_17h32.06.297,Tse_Altarriba_Simon1,2020.1.2,MacIntel,60,3754,,,z,1,0.63289,,,,,,,,0,41,41,22,1
,,,,,,,,,,,,Images/NeutralLeft.jpeg,Neutral Left,z,MB,21,Male,Second,N,N,English,,,2021-02-27_17h32.06.297,Tse_Altarriba_Simon1,2020.1.2,MacIntel,60,3754,,,z,1,0.56407,,,,,,,,0,42,42,40,1
,,,,,,,,,,,,Images/IncongruentRight.jpeg,Incongruent Right,m,MB,21,Male,Second,N,N,English,,,2021-02-27_17h32.06.297,Tse_Altarriba_Simon1,2020.1.2,MacIntel,60,3754,,,m,1,0.453635,,,,,,,,0,43,43,37,1
,,,,,,,,,,,,Images/CongruentRight.jpeg,Congruent Right,m,MB,21,Male,Second,N,N,English,,,2021-02-27_17h32.06.297,Tse_Altarriba_Simon1,2020.1.2,MacIntel,60,3754,,,m,1,0.449735,,,,,,,,0,44,44,12,1
,,,,,,,,,,,,Images/CongruentLeft.jpeg,Congruent Left,z,MB,21,Male,Second,N,N,English,,,2021-02-27_17h32.06.297,Tse_Altarriba_Simon1,2020.1.2,MacIntel,60,3754,,,z,1,0.5417,,,,,,,,0,45,45,0,1
,,,,,,,,,,,,Images/NeutralLeft.jpeg,Neutral Left,z,MB,21,Male,Second,N,N,English,,,2021-02-27_17h32.06.297,Tse_Altarriba_Simon1,2020.1.2,MacIntel,60,3754,,,z,1,0.49254,,,,,,,,0,46,46,44,1
,,,,,,,,,,,,Images/NeutralLeft.jpeg,Neutral Left,z,MB,21,Male,Second,N,N,English,,,2021-02-27_17h32.06.297,Tse_Altarriba_Simon1,2020.1.2,MacIntel,60,3754,,,z,1,0.65129,,,,,,,,0,47,47,42,1
,,,,,,,,,,,,Images/IncongruentRight.jpeg,Incongruent Right,m,MB,21,Male,Second,N,N,English,,,2021-02-27_17h32.06.297,Tse_Altarriba_Simon1,2020.1.2,MacIntel,60,3754,,,m,1,0.488085,,,,,,,,0,48,48,35,1
,,,,,,,,,,,,Images/IncongruentLeft.jpeg,Incongruent Left,z,MB,21,Male,Second,N,N,English,,,2021-02-27_17h32.06.297,Tse_Altarriba_Simon1,2020.1.2,MacIntel,60,3754,,,z,1,0.58071,,,,,,,,0,49,49,27,1
,,,,,,,,,,,,Images/CongruentRight.jpeg,Congruent Right,m,MB,21,Male,Second,N,N,English,,,2021-02-27_17h32.06.297,Tse_Altarriba_Simon1,2020.1.2,MacIntel,60,3754,,,m,1,0.432395,,,,,,,,0,50,50,14,1
,,,,,,,,,,,,Images/IncongruentRight.jpeg,Incongruent Right,m,MB,21,Male,Second,N,N,English,,,2021-02-27_17h32.06.297,Tse_Altarriba_Simon1,2020.1.2,MacIntel,60,3754,,,m,1,0.52072,,,,,,,,0,51,51,39,1
,,,,,,,,,,,,Images/IncongruentLeft.jpeg,Incongruent Left,z,MB,21,Male,Second,N,N,English,,,2021-02-27_17h32.06.297,Tse_Altarriba_Simon1,2020.1.2,MacIntel,60,3754,,,z,1,0.597985,,,,,,,,0,52,52,26,1
,,,,,,,,,,,,Images/CongruentRight.jpeg,Congruent Right,m,MB,21,Male,Second,N,N,English,,,2021-02-27_17h32.06.297,Tse_Altarriba_Simon1,2020.1.2,MacIntel,60,3754,,,m,1,0.533775,,,,,,,,0,53,53,19,1
,,,,,,,,,,,,Images/CongruentLeft.jpeg,Congruent Left,z,MB,21,Male,Second,N,N,English,,,2021-02-27_17h32.06.297,Tse_Altarriba_Simon1,2020.1.2,MacIntel,60,3754,,,z,1,0.548825,,,,,,,,0,54,54,8,1
,,,,,,,,,,,,Images/CongruentLeft.jpeg,Congruent Left,z,MB,21,Male,Second,N,N,English,,,2021-02-27_17h32.06.297,Tse_Altarriba_Simon1,2020.1.2,MacIntel,60,3754,,,z,1,0.431425,,,,,,,,0,55,55,9,1
,,,,,,,,,,,,Images/NeutralLeft.jpeg,Neutral Left,z,MB,21,Male,Second,N,N,English,,,2021-02-27_17h32.06.297,Tse_Altarriba_Simon1,2020.1.2,MacIntel,60,3754,,,z,1,0.516225,,,,,,,,0,56,56,49,1
,,,,,,,,,,,,Images/NeurtalRight.jpeg,Neutral Right,m,MB,21,Male,Second,N,N,English,,,2021-02-27_17h32.06.297,Tse_Altarriba_Simon1,2020.1.2,MacIntel,60,3754,,,m,1,0.398115,,,,,,,,0,57,57,54,1
,,,,,,,,,,,,Images/CongruentRight.jpeg,Congruent Right,m,MB,21,Male,Second,N,N,English,,,2021-02-27_17h32.06.297,Tse_Altarriba_Simon1,2020.1.2,MacIntel,60,3754,,,m,1,0.41633,,,,,,,,0,58,58,13,1
,,,,,,,,,,,,Images/CongruentLeft.jpeg,Congruent Left,z,MB,21,Male,Second,N,N,English,,,2021-02-27_17h32.06.297,Tse_Altarriba_Simon1,2020.1.2,MacIntel,60,3754,,,z,1,0.46402,,,,,,,,0,59,59,2,1
