Space1.keys,Space1.rt,Space2.keys,Space2.rt,response.keys,response.corr,response.rt,Practice_loop.thisRepN,Practice_loop.thisTrialN,Practice_loop.thisN,Practice_loop.thisIndex,Practice_loop.ran,ImageFile,Condition,CorrAns,Your initials,What is your age?,What is your gender?,What year are you in?,Are you Dyslexic? (Y/N),Are you bi/multilingual? (Y/N),What is your first language?,"What is your second language? (if you are monollingual, leave blank)",What other languages do you speak?,date,expName,psychopyVersion,OS,frameRate,participant,Space3.keys,Space3.rt,key_resp_2.keys,key_resp_2.corr,key_resp_2.rt,trials.thisRepN,trials.thisTrialN,trials.thisN,trials.thisIndex,trials.ran,Space4.keys,Space4.rt,trials_2.thisRepN,trials_2.thisTrialN,trials_2.thisN,trials_2.thisIndex,trials_2.ran
space,4.43881,space,3.733295,z,1,0.769265,0,0,0,0,1,Images/CongruentLeft.jpeg,Congruent Left,z,YN,21,Female,2,N,Y,Bulgarian,English,,2021-02-28_19h23.25.639,Tse_Altarriba_Simon1,2020.1.2,Win32,60,3763,,,,,,,,,,,,,,,,,
,,,,z,1,0.391815,0,1,1,1,1,Images/CongruentLeft.jpeg,Congruent Left,z,YN,21,Female,2,N,Y,Bulgarian,English,,2021-02-28_19h23.25.639,Tse_Altarriba_Simon1,2020.1.2,Win32,60,3763,,,,,,,,,,,,,,,,,
,,,,m,1,0.47151,0,2,2,7,1,Images/IncongruentRight.jpeg,Incongruent Right,m,YN,21,Female,2,N,Y,Bulgarian,English,,2021-02-28_19h23.25.639,Tse_Altarriba_Simon1,2020.1.2,Win32,60,3763,,,,,,,,,,,,,,,,,
,,,,m,1,0.34113,0,3,3,3,1,Images/CongruentRight.jpeg,Congruent Right,m,YN,21,Female,2,N,Y,Bulgarian,English,,2021-02-28_19h23.25.639,Tse_Altarriba_Simon1,2020.1.2,Win32,60,3763,,,,,,,,,,,,,,,,,
,,,,m,0,0.392865,0,4,4,4,1,Images/IncongruentLeft.jpeg,Incongruent Left,z,YN,21,Female,2,N,Y,Bulgarian,English,,2021-02-28_19h23.25.639,Tse_Altarriba_Simon1,2020.1.2,Win32,60,3763,,,,,,,,,,,,,,,,,
,,,,m,1,0.448785,0,5,5,2,1,Images/CongruentRight.jpeg,Congruent Right,m,YN,21,Female,2,N,Y,Bulgarian,English,,2021-02-28_19h23.25.639,Tse_Altarriba_Simon1,2020.1.2,Win32,60,3763,,,,,,,,,,,,,,,,,
,,,,z,1,0.383895,0,6,6,9,1,Images/NeutralLeft.jpeg,Neutral Left,z,YN,21,Female,2,N,Y,Bulgarian,English,,2021-02-28_19h23.25.639,Tse_Altarriba_Simon1,2020.1.2,Win32,60,3763,,,,,,,,,,,,,,,,,
,,,,m,1,0.441265,0,7,7,10,1,Images/NeurtalRight.jpeg,Neutral Right,m,YN,21,Female,2,N,Y,Bulgarian,English,,2021-02-28_19h23.25.639,Tse_Altarriba_Simon1,2020.1.2,Win32,60,3763,,,,,,,,,,,,,,,,,
,,,,z,1,0.37161,0,8,8,8,1,Images/NeutralLeft.jpeg,Neutral Left,z,YN,21,Female,2,N,Y,Bulgarian,English,,2021-02-28_19h23.25.639,Tse_Altarriba_Simon1,2020.1.2,Win32,60,3763,,,,,,,,,,,,,,,,,
,,,,m,1,0.38534,0,9,9,11,1,Images/NeurtalRight.jpeg,Neutral Right,m,YN,21,Female,2,N,Y,Bulgarian,English,,2021-02-28_19h23.25.639,Tse_Altarriba_Simon1,2020.1.2,Win32,60,3763,,,,,,,,,,,,,,,,,
,,,,z,0,0.288215,0,10,10,6,1,Images/IncongruentRight.jpeg,Incongruent Right,m,YN,21,Female,2,N,Y,Bulgarian,English,,2021-02-28_19h23.25.639,Tse_Altarriba_Simon1,2020.1.2,Win32,60,3763,,,,,,,,,,,,,,,,,
,,,,z,1,0.673595,0,11,11,5,1,Images/IncongruentLeft.jpeg,Incongruent Left,z,YN,21,Female,2,N,Y,Bulgarian,English,,2021-02-28_19h23.25.639,Tse_Altarriba_Simon1,2020.1.2,Win32,60,3763,,,,,,,,,,,,,,,,,
,,,,,,,,,,,,Images/NeutralLeft.jpeg,Neutral Left,z,YN,21,Female,2,N,Y,Bulgarian,English,,2021-02-28_19h23.25.639,Tse_Altarriba_Simon1,2020.1.2,Win32,60,3763,space,7.6338,z,1,0.558825,0,0,0,44,1,,,,,,,
,,,,,,,,,,,,Images/NeurtalRight.jpeg,Neutral Right,m,YN,21,Female,2,N,Y,Bulgarian,English,,2021-02-28_19h23.25.639,Tse_Altarriba_Simon1,2020.1.2,Win32,60,3763,,,m,1,0.41037,0,1,1,55,1,,,,,,,
,,,,,,,,,,,,Images/IncongruentLeft.jpeg,Incongruent Left,z,YN,21,Female,2,N,Y,Bulgarian,English,,2021-02-28_19h23.25.639,Tse_Altarriba_Simon1,2020.1.2,Win32,60,3763,,,z,1,0.476105,0,2,2,21,1,,,,,,,
,,,,,,,,,,,,Images/NeurtalRight.jpeg,Neutral Right,m,YN,21,Female,2,N,Y,Bulgarian,English,,2021-02-28_19h23.25.639,Tse_Altarriba_Simon1,2020.1.2,Win32,60,3763,,,m,1,0.552845,0,3,3,59,1,,,,,,,
,,,,,,,,,,,,Images/NeutralLeft.jpeg,Neutral Left,z,YN,21,Female,2,N,Y,Bulgarian,English,,2021-02-28_19h23.25.639,Tse_Altarriba_Simon1,2020.1.2,Win32,60,3763,,,z,1,0.401705,0,4,4,48,1,,,,,,,
,,,,,,,,,,,,Images/NeutralLeft.jpeg,Neutral Left,z,YN,21,Female,2,N,Y,Bulgarian,English,,2021-02-28_19h23.25.639,Tse_Altarriba_Simon1,2020.1.2,Win32,60,3763,,,z,1,0.406135,0,5,5,43,1,,,,,,,
,,,,,,,,,,,,Images/CongruentLeft.jpeg,Congruent Left,z,YN,21,Female,2,N,Y,Bulgarian,English,,2021-02-28_19h23.25.639,Tse_Altarriba_Simon1,2020.1.2,Win32,60,3763,,,z,1,0.48351,0,6,6,8,1,,,,,,,
,,,,,,,,,,,,Images/CongruentLeft.jpeg,Congruent Left,z,YN,21,Female,2,N,Y,Bulgarian,English,,2021-02-28_19h23.25.639,Tse_Altarriba_Simon1,2020.1.2,Win32,60,3763,,,z,1,0.4437,0,7,7,1,1,,,,,,,
,,,,,,,,,,,,Images/IncongruentRight.jpeg,Incongruent Right,m,YN,21,Female,2,N,Y,Bulgarian,English,,2021-02-28_19h23.25.639,Tse_Altarriba_Simon1,2020.1.2,Win32,60,3763,,,m,1,0.467985,0,8,8,34,1,,,,,,,
,,,,,,,,,,,,Images/IncongruentRight.jpeg,Incongruent Right,m,YN,21,Female,2,N,Y,Bulgarian,English,,2021-02-28_19h23.25.639,Tse_Altarriba_Simon1,2020.1.2,Win32,60,3763,,,m,1,0.410135,0,9,9,33,1,,,,,,,
,,,,,,,,,,,,Images/CongruentLeft.jpeg,Congruent Left,z,YN,21,Female,2,N,Y,Bulgarian,English,,2021-02-28_19h23.25.639,Tse_Altarriba_Simon1,2020.1.2,Win32,60,3763,,,z,1,0.452965,0,10,10,2,1,,,,,,,
,,,,,,,,,,,,Images/NeurtalRight.jpeg,Neutral Right,m,YN,21,Female,2,N,Y,Bulgarian,English,,2021-02-28_19h23.25.639,Tse_Altarriba_Simon1,2020.1.2,Win32,60,3763,,,m,1,0.409,0,11,11,57,1,,,,,,,
,,,,,,,,,,,,Images/CongruentLeft.jpeg,Congruent Left,z,YN,21,Female,2,N,Y,Bulgarian,English,,2021-02-28_19h23.25.639,Tse_Altarriba_Simon1,2020.1.2,Win32,60,3763,,,z,1,0.50527,0,12,12,6,1,,,,,,,
,,,,,,,,,,,,Images/IncongruentLeft.jpeg,Incongruent Left,z,YN,21,Female,2,N,Y,Bulgarian,English,,2021-02-28_19h23.25.639,Tse_Altarriba_Simon1,2020.1.2,Win32,60,3763,,,m,0,0.336265,0,13,13,20,1,,,,,,,
,,,,,,,,,,,,Images/CongruentRight.jpeg,Congruent Right,m,YN,21,Female,2,N,Y,Bulgarian,English,,2021-02-28_19h23.25.639,Tse_Altarriba_Simon1,2020.1.2,Win32,60,3763,,,m,1,0.37056,0,14,14,18,1,,,,,,,
,,,,,,,,,,,,Images/NeutralLeft.jpeg,Neutral Left,z,YN,21,Female,2,N,Y,Bulgarian,English,,2021-02-28_19h23.25.639,Tse_Altarriba_Simon1,2020.1.2,Win32,60,3763,,,z,1,0.403505,0,15,15,47,1,,,,,,,
,,,,,,,,,,,,Images/CongruentLeft.jpeg,Congruent Left,z,YN,21,Female,2,N,Y,Bulgarian,English,,2021-02-28_19h23.25.639,Tse_Altarriba_Simon1,2020.1.2,Win32,60,3763,,,z,1,0.458345,0,16,16,0,1,,,,,,,
,,,,,,,,,,,,Images/IncongruentRight.jpeg,Incongruent Right,m,YN,21,Female,2,N,Y,Bulgarian,English,,2021-02-28_19h23.25.639,Tse_Altarriba_Simon1,2020.1.2,Win32,60,3763,,,m,1,0.627435,0,17,17,31,1,,,,,,,
,,,,,,,,,,,,Images/IncongruentRight.jpeg,Incongruent Right,m,YN,21,Female,2,N,Y,Bulgarian,English,,2021-02-28_19h23.25.639,Tse_Altarriba_Simon1,2020.1.2,Win32,60,3763,,,m,1,0.465855,0,18,18,37,1,,,,,,,
,,,,,,,,,,,,Images/NeurtalRight.jpeg,Neutral Right,m,YN,21,Female,2,N,Y,Bulgarian,English,,2021-02-28_19h23.25.639,Tse_Altarriba_Simon1,2020.1.2,Win32,60,3763,,,m,1,0.414145,0,19,19,58,1,,,,,,,
,,,,,,,,,,,,Images/CongruentRight.jpeg,Congruent Right,m,YN,21,Female,2,N,Y,Bulgarian,English,,2021-02-28_19h23.25.639,Tse_Altarriba_Simon1,2020.1.2,Win32,60,3763,,,m,1,0.43744,0,20,20,10,1,,,,,,,
,,,,,,,,,,,,Images/IncongruentLeft.jpeg,Incongruent Left,z,YN,21,Female,2,N,Y,Bulgarian,English,,2021-02-28_19h23.25.639,Tse_Altarriba_Simon1,2020.1.2,Win32,60,3763,,,z,1,0.460885,0,21,21,23,1,,,,,,,
,,,,,,,,,,,,Images/NeurtalRight.jpeg,Neutral Right,m,YN,21,Female,2,N,Y,Bulgarian,English,,2021-02-28_19h23.25.639,Tse_Altarriba_Simon1,2020.1.2,Win32,60,3763,,,m,1,0.421035,0,22,22,52,1,,,,,,,
,,,,,,,,,,,,Images/IncongruentLeft.jpeg,Incongruent Left,z,YN,21,Female,2,N,Y,Bulgarian,English,,2021-02-28_19h23.25.639,Tse_Altarriba_Simon1,2020.1.2,Win32,60,3763,,,z,1,0.50348,0,23,23,24,1,,,,,,,
,,,,,,,,,,,,Images/CongruentRight.jpeg,Congruent Right,m,YN,21,Female,2,N,Y,Bulgarian,English,,2021-02-28_19h23.25.639,Tse_Altarriba_Simon1,2020.1.2,Win32,60,3763,,,m,1,0.40736,0,24,24,13,1,,,,,,,
,,,,,,,,,,,,Images/IncongruentRight.jpeg,Incongruent Right,m,YN,21,Female,2,N,Y,Bulgarian,English,,2021-02-28_19h23.25.639,Tse_Altarriba_Simon1,2020.1.2,Win32,60,3763,,,m,1,0.478605,0,25,25,36,1,,,,,,,
,,,,,,,,,,,,Images/IncongruentRight.jpeg,Incongruent Right,m,YN,21,Female,2,N,Y,Bulgarian,English,,2021-02-28_19h23.25.639,Tse_Altarriba_Simon1,2020.1.2,Win32,60,3763,,,m,1,0.41947,0,26,26,38,1,,,,,,,
,,,,,,,,,,,,Images/CongruentLeft.jpeg,Congruent Left,z,YN,21,Female,2,N,Y,Bulgarian,English,,2021-02-28_19h23.25.639,Tse_Altarriba_Simon1,2020.1.2,Win32,60,3763,,,z,1,0.363165,0,27,27,7,1,,,,,,,
,,,,,,,,,,,,Images/IncongruentRight.jpeg,Incongruent Right,m,YN,21,Female,2,N,Y,Bulgarian,English,,2021-02-28_19h23.25.639,Tse_Altarriba_Simon1,2020.1.2,Win32,60,3763,,,m,1,0.44907,0,28,28,32,1,,,,,,,
,,,,,,,,,,,,Images/CongruentLeft.jpeg,Congruent Left,z,YN,21,Female,2,N,Y,Bulgarian,English,,2021-02-28_19h23.25.639,Tse_Altarriba_Simon1,2020.1.2,Win32,60,3763,,,z,1,0.420835,0,29,29,5,1,,,,,,,
,,,,,,,,,,,,Images/NeurtalRight.jpeg,Neutral Right,m,YN,21,Female,2,N,Y,Bulgarian,English,,2021-02-28_19h23.25.639,Tse_Altarriba_Simon1,2020.1.2,Win32,60,3763,,,m,1,0.43462,0,30,30,50,1,,,,,,,
,,,,,,,,,,,,Images/CongruentRight.jpeg,Congruent Right,m,YN,21,Female,2,N,Y,Bulgarian,English,,2021-02-28_19h23.25.639,Tse_Altarriba_Simon1,2020.1.2,Win32,60,3763,,,m,1,0.39199,0,31,31,17,1,,,,,,,
,,,,,,,,,,,,Images/CongruentLeft.jpeg,Congruent Left,z,YN,21,Female,2,N,Y,Bulgarian,English,,2021-02-28_19h23.25.639,Tse_Altarriba_Simon1,2020.1.2,Win32,60,3763,,,z,1,0.42219,0,32,32,9,1,,,,,,,
,,,,,,,,,,,,Images/IncongruentRight.jpeg,Incongruent Right,m,YN,21,Female,2,N,Y,Bulgarian,English,,2021-02-28_19h23.25.639,Tse_Altarriba_Simon1,2020.1.2,Win32,60,3763,,,m,1,0.47229,0,33,33,39,1,,,,,,,
,,,,,,,,,,,,Images/IncongruentRight.jpeg,Incongruent Right,m,YN,21,Female,2,N,Y,Bulgarian,English,,2021-02-28_19h23.25.639,Tse_Altarriba_Simon1,2020.1.2,Win32,60,3763,,,m,1,0.43591,0,34,34,35,1,,,,,,,
,,,,,,,,,,,,Images/IncongruentLeft.jpeg,Incongruent Left,z,YN,21,Female,2,N,Y,Bulgarian,English,,2021-02-28_19h23.25.639,Tse_Altarriba_Simon1,2020.1.2,Win32,60,3763,,,z,1,0.52437,0,35,35,28,1,,,,,,,
,,,,,,,,,,,,Images/CongruentRight.jpeg,Congruent Right,m,YN,21,Female,2,N,Y,Bulgarian,English,,2021-02-28_19h23.25.639,Tse_Altarriba_Simon1,2020.1.2,Win32,60,3763,,,m,1,0.420965,0,36,36,15,1,,,,,,,
,,,,,,,,,,,,Images/NeutralLeft.jpeg,Neutral Left,z,YN,21,Female,2,N,Y,Bulgarian,English,,2021-02-28_19h23.25.639,Tse_Altarriba_Simon1,2020.1.2,Win32,60,3763,,,z,1,0.42312,0,37,37,46,1,,,,,,,
,,,,,,,,,,,,Images/CongruentLeft.jpeg,Congruent Left,z,YN,21,Female,2,N,Y,Bulgarian,English,,2021-02-28_19h23.25.639,Tse_Altarriba_Simon1,2020.1.2,Win32,60,3763,,,z,1,0.395015,0,38,38,4,1,,,,,,,
,,,,,,,,,,,,Images/IncongruentRight.jpeg,Incongruent Right,m,YN,21,Female,2,N,Y,Bulgarian,English,,2021-02-28_19h23.25.639,Tse_Altarriba_Simon1,2020.1.2,Win32,60,3763,,,m,1,0.402875,0,39,39,30,1,,,,,,,
,,,,,,,,,,,,Images/NeutralLeft.jpeg,Neutral Left,z,YN,21,Female,2,N,Y,Bulgarian,English,,2021-02-28_19h23.25.639,Tse_Altarriba_Simon1,2020.1.2,Win32,60,3763,,,z,1,0.40677,0,40,40,42,1,,,,,,,
,,,,,,,,,,,,Images/NeurtalRight.jpeg,Neutral Right,m,YN,21,Female,2,N,Y,Bulgarian,English,,2021-02-28_19h23.25.639,Tse_Altarriba_Simon1,2020.1.2,Win32,60,3763,,,m,1,0.41184,0,41,41,56,1,,,,,,,
,,,,,,,,,,,,Images/CongruentRight.jpeg,Congruent Right,m,YN,21,Female,2,N,Y,Bulgarian,English,,2021-02-28_19h23.25.639,Tse_Altarriba_Simon1,2020.1.2,Win32,60,3763,,,m,1,0.38357,0,42,42,19,1,,,,,,,
,,,,,,,,,,,,Images/CongruentRight.jpeg,Congruent Right,m,YN,21,Female,2,N,Y,Bulgarian,English,,2021-02-28_19h23.25.639,Tse_Altarriba_Simon1,2020.1.2,Win32,60,3763,,,m,1,0.41524,0,43,43,14,1,,,,,,,
,,,,,,,,,,,,Images/IncongruentLeft.jpeg,Incongruent Left,z,YN,21,Female,2,N,Y,Bulgarian,English,,2021-02-28_19h23.25.639,Tse_Altarriba_Simon1,2020.1.2,Win32,60,3763,,,z,1,0.45829,0,44,44,27,1,,,,,,,
,,,,,,,,,,,,Images/IncongruentLeft.jpeg,Incongruent Left,z,YN,21,Female,2,N,Y,Bulgarian,English,,2021-02-28_19h23.25.639,Tse_Altarriba_Simon1,2020.1.2,Win32,60,3763,,,z,1,0.40768,0,45,45,26,1,,,,,,,
,,,,,,,,,,,,Images/CongruentRight.jpeg,Congruent Right,m,YN,21,Female,2,N,Y,Bulgarian,English,,2021-02-28_19h23.25.639,Tse_Altarriba_Simon1,2020.1.2,Win32,60,3763,,,m,1,0.410325,0,46,46,11,1,,,,,,,
,,,,,,,,,,,,Images/CongruentRight.jpeg,Congruent Right,m,YN,21,Female,2,N,Y,Bulgarian,English,,2021-02-28_19h23.25.639,Tse_Altarriba_Simon1,2020.1.2,Win32,60,3763,,,m,1,0.428455,0,47,47,12,1,,,,,,,
,,,,,,,,,,,,Images/NeutralLeft.jpeg,Neutral Left,z,YN,21,Female,2,N,Y,Bulgarian,English,,2021-02-28_19h23.25.639,Tse_Altarriba_Simon1,2020.1.2,Win32,60,3763,,,z,1,0.54157,0,48,48,40,1,,,,,,,
,,,,,,,,,,,,Images/IncongruentLeft.jpeg,Incongruent Left,z,YN,21,Female,2,N,Y,Bulgarian,English,,2021-02-28_19h23.25.639,Tse_Altarriba_Simon1,2020.1.2,Win32,60,3763,,,m,0,0.379215,0,49,49,22,1,,,,,,,
,,,,,,,,,,,,Images/CongruentRight.jpeg,Congruent Right,m,YN,21,Female,2,N,Y,Bulgarian,English,,2021-02-28_19h23.25.639,Tse_Altarriba_Simon1,2020.1.2,Win32,60,3763,,,m,1,0.478555,0,50,50,16,1,,,,,,,
,,,,,,,,,,,,Images/NeutralLeft.jpeg,Neutral Left,z,YN,21,Female,2,N,Y,Bulgarian,English,,2021-02-28_19h23.25.639,Tse_Altarriba_Simon1,2020.1.2,Win32,60,3763,,,z,1,0.436955,0,51,51,45,1,,,,,,,
,,,,,,,,,,,,Images/IncongruentLeft.jpeg,Incongruent Left,z,YN,21,Female,2,N,Y,Bulgarian,English,,2021-02-28_19h23.25.639,Tse_Altarriba_Simon1,2020.1.2,Win32,60,3763,,,z,1,0.537735,0,52,52,29,1,,,,,,,
,,,,,,,,,,,,Images/IncongruentLeft.jpeg,Incongruent Left,z,YN,21,Female,2,N,Y,Bulgarian,English,,2021-02-28_19h23.25.639,Tse_Altarriba_Simon1,2020.1.2,Win32,60,3763,,,z,1,0.492025,0,53,53,25,1,,,,,,,
,,,,,,,,,,,,Images/NeutralLeft.jpeg,Neutral Left,z,YN,21,Female,2,N,Y,Bulgarian,English,,2021-02-28_19h23.25.639,Tse_Altarriba_Simon1,2020.1.2,Win32,60,3763,,,z,1,0.439805,0,54,54,41,1,,,,,,,
,,,,,,,,,,,,Images/CongruentLeft.jpeg,Congruent Left,z,YN,21,Female,2,N,Y,Bulgarian,English,,2021-02-28_19h23.25.639,Tse_Altarriba_Simon1,2020.1.2,Win32,60,3763,,,z,1,0.370465,0,55,55,3,1,,,,,,,
,,,,,,,,,,,,Images/NeurtalRight.jpeg,Neutral Right,m,YN,21,Female,2,N,Y,Bulgarian,English,,2021-02-28_19h23.25.639,Tse_Altarriba_Simon1,2020.1.2,Win32,60,3763,,,m,1,0.41207,0,56,56,51,1,,,,,,,
,,,,,,,,,,,,Images/NeutralLeft.jpeg,Neutral Left,z,YN,21,Female,2,N,Y,Bulgarian,English,,2021-02-28_19h23.25.639,Tse_Altarriba_Simon1,2020.1.2,Win32,60,3763,,,z,1,0.408,0,57,57,49,1,,,,,,,
,,,,,,,,,,,,Images/NeurtalRight.jpeg,Neutral Right,m,YN,21,Female,2,N,Y,Bulgarian,English,,2021-02-28_19h23.25.639,Tse_Altarriba_Simon1,2020.1.2,Win32,60,3763,,,m,1,0.40238,0,58,58,53,1,,,,,,,
,,,,,,,,,,,,Images/NeurtalRight.jpeg,Neutral Right,m,YN,21,Female,2,N,Y,Bulgarian,English,,2021-02-28_19h23.25.639,Tse_Altarriba_Simon1,2020.1.2,Win32,60,3763,,,m,1,0.55891,0,59,59,54,1,,,,,,,
,,,,,,,,,,,,Images/CongruentLeft.jpeg,Congruent Left,z,YN,21,Female,2,N,Y,Bulgarian,English,,2021-02-28_19h23.25.639,Tse_Altarriba_Simon1,2020.1.2,Win32,60,3763,,,z,1,0.403475,,,,,,space,4.2765,0,0,0,3,1
,,,,,,,,,,,,Images/NeutralLeft.jpeg,Neutral Left,z,YN,21,Female,2,N,Y,Bulgarian,English,,2021-02-28_19h23.25.639,Tse_Altarriba_Simon1,2020.1.2,Win32,60,3763,,,z,1,0.43784,,,,,,,,0,1,1,42,1
,,,,,,,,,,,,Images/NeutralLeft.jpeg,Neutral Left,z,YN,21,Female,2,N,Y,Bulgarian,English,,2021-02-28_19h23.25.639,Tse_Altarriba_Simon1,2020.1.2,Win32,60,3763,,,z,1,0.43569,,,,,,,,0,2,2,41,1
,,,,,,,,,,,,Images/CongruentLeft.jpeg,Congruent Left,z,YN,21,Female,2,N,Y,Bulgarian,English,,2021-02-28_19h23.25.639,Tse_Altarriba_Simon1,2020.1.2,Win32,60,3763,,,z,1,0.42139,,,,,,,,0,3,3,2,1
,,,,,,,,,,,,Images/NeurtalRight.jpeg,Neutral Right,m,YN,21,Female,2,N,Y,Bulgarian,English,,2021-02-28_19h23.25.639,Tse_Altarriba_Simon1,2020.1.2,Win32,60,3763,,,m,1,0.45391,,,,,,,,0,4,4,59,1
,,,,,,,,,,,,Images/IncongruentRight.jpeg,Incongruent Right,m,YN,21,Female,2,N,Y,Bulgarian,English,,2021-02-28_19h23.25.639,Tse_Altarriba_Simon1,2020.1.2,Win32,60,3763,,,m,1,0.50466,,,,,,,,0,5,5,37,1
,,,,,,,,,,,,Images/NeutralLeft.jpeg,Neutral Left,z,YN,21,Female,2,N,Y,Bulgarian,English,,2021-02-28_19h23.25.639,Tse_Altarriba_Simon1,2020.1.2,Win32,60,3763,,,z,1,0.584965,,,,,,,,0,6,6,46,1
,,,,,,,,,,,,Images/NeutralLeft.jpeg,Neutral Left,z,YN,21,Female,2,N,Y,Bulgarian,English,,2021-02-28_19h23.25.639,Tse_Altarriba_Simon1,2020.1.2,Win32,60,3763,,,z,1,0.495265,,,,,,,,0,7,7,43,1
,,,,,,,,,,,,Images/NeurtalRight.jpeg,Neutral Right,m,YN,21,Female,2,N,Y,Bulgarian,English,,2021-02-28_19h23.25.639,Tse_Altarriba_Simon1,2020.1.2,Win32,60,3763,,,m,1,0.45722,,,,,,,,0,8,8,50,1
,,,,,,,,,,,,Images/IncongruentLeft.jpeg,Incongruent Left,z,YN,21,Female,2,N,Y,Bulgarian,English,,2021-02-28_19h23.25.639,Tse_Altarriba_Simon1,2020.1.2,Win32,60,3763,,,z,1,0.488705,,,,,,,,0,9,9,27,1
,,,,,,,,,,,,Images/IncongruentRight.jpeg,Incongruent Right,m,YN,21,Female,2,N,Y,Bulgarian,English,,2021-02-28_19h23.25.639,Tse_Altarriba_Simon1,2020.1.2,Win32,60,3763,,,m,1,0.518815,,,,,,,,0,10,10,39,1
,,,,,,,,,,,,Images/CongruentRight.jpeg,Congruent Right,m,YN,21,Female,2,N,Y,Bulgarian,English,,2021-02-28_19h23.25.639,Tse_Altarriba_Simon1,2020.1.2,Win32,60,3763,,,m,1,0.4327,,,,,,,,0,11,11,19,1
,,,,,,,,,,,,Images/CongruentLeft.jpeg,Congruent Left,z,YN,21,Female,2,N,Y,Bulgarian,English,,2021-02-28_19h23.25.639,Tse_Altarriba_Simon1,2020.1.2,Win32,60,3763,,,z,1,0.372505,,,,,,,,0,12,12,1,1
,,,,,,,,,,,,Images/NeutralLeft.jpeg,Neutral Left,z,YN,21,Female,2,N,Y,Bulgarian,English,,2021-02-28_19h23.25.639,Tse_Altarriba_Simon1,2020.1.2,Win32,60,3763,,,z,1,0.422515,,,,,,,,0,13,13,45,1
,,,,,,,,,,,,Images/CongruentRight.jpeg,Congruent Right,m,YN,21,Female,2,N,Y,Bulgarian,English,,2021-02-28_19h23.25.639,Tse_Altarriba_Simon1,2020.1.2,Win32,60,3763,,,m,1,0.405985,,,,,,,,0,14,14,12,1
,,,,,,,,,,,,Images/CongruentLeft.jpeg,Congruent Left,z,YN,21,Female,2,N,Y,Bulgarian,English,,2021-02-28_19h23.25.639,Tse_Altarriba_Simon1,2020.1.2,Win32,60,3763,,,z,1,0.388965,,,,,,,,0,15,15,7,1
,,,,,,,,,,,,Images/IncongruentLeft.jpeg,Incongruent Left,z,YN,21,Female,2,N,Y,Bulgarian,English,,2021-02-28_19h23.25.639,Tse_Altarriba_Simon1,2020.1.2,Win32,60,3763,,,z,1,0.452315,,,,,,,,0,16,16,24,1
,,,,,,,,,,,,Images/CongruentLeft.jpeg,Congruent Left,z,YN,21,Female,2,N,Y,Bulgarian,English,,2021-02-28_19h23.25.639,Tse_Altarriba_Simon1,2020.1.2,Win32,60,3763,,,z,1,0.442315,,,,,,,,0,17,17,8,1
,,,,,,,,,,,,Images/IncongruentRight.jpeg,Incongruent Right,m,YN,21,Female,2,N,Y,Bulgarian,English,,2021-02-28_19h23.25.639,Tse_Altarriba_Simon1,2020.1.2,Win32,60,3763,,,m,1,0.5867,,,,,,,,0,18,18,38,1
,,,,,,,,,,,,Images/NeutralLeft.jpeg,Neutral Left,z,YN,21,Female,2,N,Y,Bulgarian,English,,2021-02-28_19h23.25.639,Tse_Altarriba_Simon1,2020.1.2,Win32,60,3763,,,z,1,0.38655,,,,,,,,0,19,19,47,1
,,,,,,,,,,,,Images/CongruentLeft.jpeg,Congruent Left,z,YN,21,Female,2,N,Y,Bulgarian,English,,2021-02-28_19h23.25.639,Tse_Altarriba_Simon1,2020.1.2,Win32,60,3763,,,z,1,0.43654,,,,,,,,0,20,20,9,1
,,,,,,,,,,,,Images/NeutralLeft.jpeg,Neutral Left,z,YN,21,Female,2,N,Y,Bulgarian,English,,2021-02-28_19h23.25.639,Tse_Altarriba_Simon1,2020.1.2,Win32,60,3763,,,z,1,0.45677,,,,,,,,0,21,21,44,1
,,,,,,,,,,,,Images/CongruentLeft.jpeg,Congruent Left,z,YN,21,Female,2,N,Y,Bulgarian,English,,2021-02-28_19h23.25.639,Tse_Altarriba_Simon1,2020.1.2,Win32,60,3763,,,z,1,0.585075,,,,,,,,0,22,22,5,1
,,,,,,,,,,,,Images/NeutralLeft.jpeg,Neutral Left,z,YN,21,Female,2,N,Y,Bulgarian,English,,2021-02-28_19h23.25.639,Tse_Altarriba_Simon1,2020.1.2,Win32,60,3763,,,z,1,0.440915,,,,,,,,0,23,23,49,1
,,,,,,,,,,,,Images/NeurtalRight.jpeg,Neutral Right,m,YN,21,Female,2,N,Y,Bulgarian,English,,2021-02-28_19h23.25.639,Tse_Altarriba_Simon1,2020.1.2,Win32,60,3763,,,m,1,0.44158,,,,,,,,0,24,24,51,1
,,,,,,,,,,,,Images/IncongruentRight.jpeg,Incongruent Right,m,YN,21,Female,2,N,Y,Bulgarian,English,,2021-02-28_19h23.25.639,Tse_Altarriba_Simon1,2020.1.2,Win32,60,3763,,,m,1,0.57197,,,,,,,,0,25,25,30,1
,,,,,,,,,,,,Images/NeutralLeft.jpeg,Neutral Left,z,YN,21,Female,2,N,Y,Bulgarian,English,,2021-02-28_19h23.25.639,Tse_Altarriba_Simon1,2020.1.2,Win32,60,3763,,,z,1,0.46768,,,,,,,,0,26,26,48,1
,,,,,,,,,,,,Images/NeurtalRight.jpeg,Neutral Right,m,YN,21,Female,2,N,Y,Bulgarian,English,,2021-02-28_19h23.25.639,Tse_Altarriba_Simon1,2020.1.2,Win32,60,3763,,,m,1,0.466995,,,,,,,,0,27,27,55,1
,,,,,,,,,,,,Images/NeutralLeft.jpeg,Neutral Left,z,YN,21,Female,2,N,Y,Bulgarian,English,,2021-02-28_19h23.25.639,Tse_Altarriba_Simon1,2020.1.2,Win32,60,3763,,,z,1,0.41817,,,,,,,,0,28,28,40,1
,,,,,,,,,,,,Images/CongruentRight.jpeg,Congruent Right,m,YN,21,Female,2,N,Y,Bulgarian,English,,2021-02-28_19h23.25.639,Tse_Altarriba_Simon1,2020.1.2,Win32,60,3763,,,m,1,0.437705,,,,,,,,0,29,29,16,1
,,,,,,,,,,,,Images/CongruentRight.jpeg,Congruent Right,m,YN,21,Female,2,N,Y,Bulgarian,English,,2021-02-28_19h23.25.639,Tse_Altarriba_Simon1,2020.1.2,Win32,60,3763,,,m,1,0.44139,,,,,,,,0,30,30,17,1
,,,,,,,,,,,,Images/IncongruentRight.jpeg,Incongruent Right,m,YN,21,Female,2,N,Y,Bulgarian,English,,2021-02-28_19h23.25.639,Tse_Altarriba_Simon1,2020.1.2,Win32,60,3763,,,m,1,0.538925,,,,,,,,0,31,31,34,1
,,,,,,,,,,,,Images/CongruentRight.jpeg,Congruent Right,m,YN,21,Female,2,N,Y,Bulgarian,English,,2021-02-28_19h23.25.639,Tse_Altarriba_Simon1,2020.1.2,Win32,60,3763,,,m,1,0.42382,,,,,,,,0,32,32,15,1
,,,,,,,,,,,,Images/CongruentRight.jpeg,Congruent Right,m,YN,21,Female,2,N,Y,Bulgarian,English,,2021-02-28_19h23.25.639,Tse_Altarriba_Simon1,2020.1.2,Win32,60,3763,,,m,1,0.395595,,,,,,,,0,33,33,11,1
,,,,,,,,,,,,Images/NeurtalRight.jpeg,Neutral Right,m,YN,21,Female,2,N,Y,Bulgarian,English,,2021-02-28_19h23.25.639,Tse_Altarriba_Simon1,2020.1.2,Win32,60,3763,,,m,1,0.4188,,,,,,,,0,34,34,58,1
,,,,,,,,,,,,Images/IncongruentLeft.jpeg,Incongruent Left,z,YN,21,Female,2,N,Y,Bulgarian,English,,2021-02-28_19h23.25.639,Tse_Altarriba_Simon1,2020.1.2,Win32,60,3763,,,z,1,0.487965,,,,,,,,0,35,35,26,1
,,,,,,,,,,,,Images/IncongruentLeft.jpeg,Incongruent Left,z,YN,21,Female,2,N,Y,Bulgarian,English,,2021-02-28_19h23.25.639,Tse_Altarriba_Simon1,2020.1.2,Win32,60,3763,,,z,1,0.52779,,,,,,,,0,36,36,20,1
,,,,,,,,,,,,Images/CongruentLeft.jpeg,Congruent Left,z,YN,21,Female,2,N,Y,Bulgarian,English,,2021-02-28_19h23.25.639,Tse_Altarriba_Simon1,2020.1.2,Win32,60,3763,,,z,1,0.409255,,,,,,,,0,37,37,6,1
,,,,,,,,,,,,Images/IncongruentLeft.jpeg,Incongruent Left,z,YN,21,Female,2,N,Y,Bulgarian,English,,2021-02-28_19h23.25.639,Tse_Altarriba_Simon1,2020.1.2,Win32,60,3763,,,z,1,0.52281,,,,,,,,0,38,38,22,1
,,,,,,,,,,,,Images/CongruentRight.jpeg,Congruent Right,m,YN,21,Female,2,N,Y,Bulgarian,English,,2021-02-28_19h23.25.639,Tse_Altarriba_Simon1,2020.1.2,Win32,60,3763,,,m,1,0.620815,,,,,,,,0,39,39,13,1
,,,,,,,,,,,,Images/NeurtalRight.jpeg,Neutral Right,m,YN,21,Female,2,N,Y,Bulgarian,English,,2021-02-28_19h23.25.639,Tse_Altarriba_Simon1,2020.1.2,Win32,60,3763,,,m,1,0.401105,,,,,,,,0,40,40,54,1
,,,,,,,,,,,,Images/IncongruentLeft.jpeg,Incongruent Left,z,YN,21,Female,2,N,Y,Bulgarian,English,,2021-02-28_19h23.25.639,Tse_Altarriba_Simon1,2020.1.2,Win32,60,3763,,,z,1,0.497405,,,,,,,,0,41,41,23,1
,,,,,,,,,,,,Images/CongruentRight.jpeg,Congruent Right,m,YN,21,Female,2,N,Y,Bulgarian,English,,2021-02-28_19h23.25.639,Tse_Altarriba_Simon1,2020.1.2,Win32,60,3763,,,m,1,0.473625,,,,,,,,0,42,42,10,1
,,,,,,,,,,,,Images/NeurtalRight.jpeg,Neutral Right,m,YN,21,Female,2,N,Y,Bulgarian,English,,2021-02-28_19h23.25.639,Tse_Altarriba_Simon1,2020.1.2,Win32,60,3763,,,m,1,0.455635,,,,,,,,0,43,43,57,1
,,,,,,,,,,,,Images/IncongruentRight.jpeg,Incongruent Right,m,YN,21,Female,2,N,Y,Bulgarian,English,,2021-02-28_19h23.25.639,Tse_Altarriba_Simon1,2020.1.2,Win32,60,3763,,,m,1,0.53458,,,,,,,,0,44,44,31,1
,,,,,,,,,,,,Images/IncongruentLeft.jpeg,Incongruent Left,z,YN,21,Female,2,N,Y,Bulgarian,English,,2021-02-28_19h23.25.639,Tse_Altarriba_Simon1,2020.1.2,Win32,60,3763,,,z,1,0.403995,,,,,,,,0,45,45,29,1
,,,,,,,,,,,,Images/IncongruentLeft.jpeg,Incongruent Left,z,YN,21,Female,2,N,Y,Bulgarian,English,,2021-02-28_19h23.25.639,Tse_Altarriba_Simon1,2020.1.2,Win32,60,3763,,,z,1,0.526295,,,,,,,,0,46,46,25,1
,,,,,,,,,,,,Images/CongruentLeft.jpeg,Congruent Left,z,YN,21,Female,2,N,Y,Bulgarian,English,,2021-02-28_19h23.25.639,Tse_Altarriba_Simon1,2020.1.2,Win32,60,3763,,,z,1,0.4536,,,,,,,,0,47,47,4,1
,,,,,,,,,,,,Images/IncongruentRight.jpeg,Incongruent Right,m,YN,21,Female,2,N,Y,Bulgarian,English,,2021-02-28_19h23.25.639,Tse_Altarriba_Simon1,2020.1.2,Win32,60,3763,,,m,1,0.45801,,,,,,,,0,48,48,35,1
,,,,,,,,,,,,Images/CongruentLeft.jpeg,Congruent Left,z,YN,21,Female,2,N,Y,Bulgarian,English,,2021-02-28_19h23.25.639,Tse_Altarriba_Simon1,2020.1.2,Win32,60,3763,,,z,1,0.524785,,,,,,,,0,49,49,0,1
,,,,,,,,,,,,Images/NeurtalRight.jpeg,Neutral Right,m,YN,21,Female,2,N,Y,Bulgarian,English,,2021-02-28_19h23.25.639,Tse_Altarriba_Simon1,2020.1.2,Win32,60,3763,,,m,1,0.455285,,,,,,,,0,50,50,56,1
,,,,,,,,,,,,Images/IncongruentLeft.jpeg,Incongruent Left,z,YN,21,Female,2,N,Y,Bulgarian,English,,2021-02-28_19h23.25.639,Tse_Altarriba_Simon1,2020.1.2,Win32,60,3763,,,z,1,0.462665,,,,,,,,0,51,51,21,1
,,,,,,,,,,,,Images/NeurtalRight.jpeg,Neutral Right,m,YN,21,Female,2,N,Y,Bulgarian,English,,2021-02-28_19h23.25.639,Tse_Altarriba_Simon1,2020.1.2,Win32,60,3763,,,m,1,0.509865,,,,,,,,0,52,52,52,1
,,,,,,,,,,,,Images/CongruentRight.jpeg,Congruent Right,m,YN,21,Female,2,N,Y,Bulgarian,English,,2021-02-28_19h23.25.639,Tse_Altarriba_Simon1,2020.1.2,Win32,60,3763,,,m,1,0.41842,,,,,,,,0,53,53,14,1
,,,,,,,,,,,,Images/IncongruentLeft.jpeg,Incongruent Left,z,YN,21,Female,2,N,Y,Bulgarian,English,,2021-02-28_19h23.25.639,Tse_Altarriba_Simon1,2020.1.2,Win32,60,3763,,,z,1,0.496445,,,,,,,,0,54,54,28,1
,,,,,,,,,,,,Images/NeurtalRight.jpeg,Neutral Right,m,YN,21,Female,2,N,Y,Bulgarian,English,,2021-02-28_19h23.25.639,Tse_Altarriba_Simon1,2020.1.2,Win32,60,3763,,,m,1,0.493695,,,,,,,,0,55,55,53,1
,,,,,,,,,,,,Images/IncongruentRight.jpeg,Incongruent Right,m,YN,21,Female,2,N,Y,Bulgarian,English,,2021-02-28_19h23.25.639,Tse_Altarriba_Simon1,2020.1.2,Win32,60,3763,,,m,1,0.469685,,,,,,,,0,56,56,36,1
,,,,,,,,,,,,Images/IncongruentRight.jpeg,Incongruent Right,m,YN,21,Female,2,N,Y,Bulgarian,English,,2021-02-28_19h23.25.639,Tse_Altarriba_Simon1,2020.1.2,Win32,60,3763,,,m,1,0.416895,,,,,,,,0,57,57,33,1
,,,,,,,,,,,,Images/CongruentRight.jpeg,Congruent Right,m,YN,21,Female,2,N,Y,Bulgarian,English,,2021-02-28_19h23.25.639,Tse_Altarriba_Simon1,2020.1.2,Win32,60,3763,,,m,1,0.4852,,,,,,,,0,58,58,18,1
,,,,,,,,,,,,Images/IncongruentRight.jpeg,Incongruent Right,m,YN,21,Female,2,N,Y,Bulgarian,English,,2021-02-28_19h23.25.639,Tse_Altarriba_Simon1,2020.1.2,Win32,60,3763,,,z,0,0.35033,,,,,,,,0,59,59,32,1
