Space1.keys,Space1.rt,Space2.keys,Space2.rt,response.keys,response.corr,response.rt,Practice_loop.thisRepN,Practice_loop.thisTrialN,Practice_loop.thisN,Practice_loop.thisIndex,Practice_loop.ran,ImageFile,Condition,CorrAns,Your initials,What is your age?,What is your gender?,What year are you in?,Are you Dyslexic? (Y/N),Are you bi/multilingual? (Y/N),What is your first language?,"What is your second language? (if you are monollingual, leave blank)",What other languages do you speak?,date,expName,psychopyVersion,OS,frameRate,participant,Space3.keys,Space3.rt,key_resp_2.keys,key_resp_2.corr,key_resp_2.rt,trials.thisRepN,trials.thisTrialN,trials.thisN,trials.thisIndex,trials.ran,Space4.keys,Space4.rt,trials_2.thisRepN,trials_2.thisTrialN,trials_2.thisN,trials_2.thisIndex,trials_2.ran
space,2.11584,space,12.81619,z,1,1.04504,0,0,0,1,1,Images/CongruentLeft.jpeg,Congruent Left,z,MYX,19,Female,2,N,N,Chinese,,English,2021-02-15_08h59.58.419,Tse_Altarriba_Simon1,2020.1.2,Win32,60,3820,,,,,,,,,,,,,,,,,
,,,,z,1,0.751075,0,1,1,8,1,Images/NeutralLeft.jpeg,Neutral Left,z,MYX,19,Female,2,N,N,Chinese,,English,2021-02-15_08h59.58.419,Tse_Altarriba_Simon1,2020.1.2,Win32,60,3820,,,,,,,,,,,,,,,,,
,,,,m,1,2.086215,0,2,2,11,1,Images/NeurtalRight.jpeg,Neutral Right,m,MYX,19,Female,2,N,N,Chinese,,English,2021-02-15_08h59.58.419,Tse_Altarriba_Simon1,2020.1.2,Win32,60,3820,,,,,,,,,,,,,,,,,
,,,,z,1,0.85301,0,3,3,5,1,Images/IncongruentLeft.jpeg,Incongruent Left,z,MYX,19,Female,2,N,N,Chinese,,English,2021-02-15_08h59.58.419,Tse_Altarriba_Simon1,2020.1.2,Win32,60,3820,,,,,,,,,,,,,,,,,
,,,,z,1,0.436505,0,4,4,0,1,Images/CongruentLeft.jpeg,Congruent Left,z,MYX,19,Female,2,N,N,Chinese,,English,2021-02-15_08h59.58.419,Tse_Altarriba_Simon1,2020.1.2,Win32,60,3820,,,,,,,,,,,,,,,,,
,,,,m,1,0.556535,0,5,5,2,1,Images/CongruentRight.jpeg,Congruent Right,m,MYX,19,Female,2,N,N,Chinese,,English,2021-02-15_08h59.58.419,Tse_Altarriba_Simon1,2020.1.2,Win32,60,3820,,,,,,,,,,,,,,,,,
,,,,m,1,0.53597,0,6,6,6,1,Images/IncongruentRight.jpeg,Incongruent Right,m,MYX,19,Female,2,N,N,Chinese,,English,2021-02-15_08h59.58.419,Tse_Altarriba_Simon1,2020.1.2,Win32,60,3820,,,,,,,,,,,,,,,,,
,,,,m,1,0.68969,0,7,7,10,1,Images/NeurtalRight.jpeg,Neutral Right,m,MYX,19,Female,2,N,N,Chinese,,English,2021-02-15_08h59.58.419,Tse_Altarriba_Simon1,2020.1.2,Win32,60,3820,,,,,,,,,,,,,,,,,
,,,,z,1,0.47467,0,8,8,4,1,Images/IncongruentLeft.jpeg,Incongruent Left,z,MYX,19,Female,2,N,N,Chinese,,English,2021-02-15_08h59.58.419,Tse_Altarriba_Simon1,2020.1.2,Win32,60,3820,,,,,,,,,,,,,,,,,
,,,,m,1,0.67605,0,9,9,7,1,Images/IncongruentRight.jpeg,Incongruent Right,m,MYX,19,Female,2,N,N,Chinese,,English,2021-02-15_08h59.58.419,Tse_Altarriba_Simon1,2020.1.2,Win32,60,3820,,,,,,,,,,,,,,,,,
,,,,m,1,0.578325,0,10,10,3,1,Images/CongruentRight.jpeg,Congruent Right,m,MYX,19,Female,2,N,N,Chinese,,English,2021-02-15_08h59.58.419,Tse_Altarriba_Simon1,2020.1.2,Win32,60,3820,,,,,,,,,,,,,,,,,
,,,,z,1,0.46258,0,11,11,9,1,Images/NeutralLeft.jpeg,Neutral Left,z,MYX,19,Female,2,N,N,Chinese,,English,2021-02-15_08h59.58.419,Tse_Altarriba_Simon1,2020.1.2,Win32,60,3820,,,,,,,,,,,,,,,,,
,,,,,,,,,,,,Images/CongruentLeft.jpeg,Congruent Left,z,MYX,19,Female,2,N,N,Chinese,,English,2021-02-15_08h59.58.419,Tse_Altarriba_Simon1,2020.1.2,Win32,60,3820,space,4.454545,z,1,0.668765,0,0,0,5,1,,,,,,,
,,,,,,,,,,,,Images/NeutralLeft.jpeg,Neutral Left,z,MYX,19,Female,2,N,N,Chinese,,English,2021-02-15_08h59.58.419,Tse_Altarriba_Simon1,2020.1.2,Win32,60,3820,,,z,1,0.758635,0,1,1,43,1,,,,,,,
,,,,,,,,,,,,Images/NeutralLeft.jpeg,Neutral Left,z,MYX,19,Female,2,N,N,Chinese,,English,2021-02-15_08h59.58.419,Tse_Altarriba_Simon1,2020.1.2,Win32,60,3820,,,z,1,0.428545,0,2,2,48,1,,,,,,,
,,,,,,,,,,,,Images/NeurtalRight.jpeg,Neutral Right,m,MYX,19,Female,2,N,N,Chinese,,English,2021-02-15_08h59.58.419,Tse_Altarriba_Simon1,2020.1.2,Win32,60,3820,,,m,1,0.46404,0,3,3,55,1,,,,,,,
,,,,,,,,,,,,Images/CongruentRight.jpeg,Congruent Right,m,MYX,19,Female,2,N,N,Chinese,,English,2021-02-15_08h59.58.419,Tse_Altarriba_Simon1,2020.1.2,Win32,60,3820,,,m,1,0.51038,0,4,4,15,1,,,,,,,
,,,,,,,,,,,,Images/NeutralLeft.jpeg,Neutral Left,z,MYX,19,Female,2,N,N,Chinese,,English,2021-02-15_08h59.58.419,Tse_Altarriba_Simon1,2020.1.2,Win32,60,3820,,,z,1,0.411125,0,5,5,42,1,,,,,,,
,,,,,,,,,,,,Images/IncongruentLeft.jpeg,Incongruent Left,z,MYX,19,Female,2,N,N,Chinese,,English,2021-02-15_08h59.58.419,Tse_Altarriba_Simon1,2020.1.2,Win32,60,3820,,,z,1,0.52983,0,6,6,29,1,,,,,,,
,,,,,,,,,,,,Images/CongruentRight.jpeg,Congruent Right,m,MYX,19,Female,2,N,N,Chinese,,English,2021-02-15_08h59.58.419,Tse_Altarriba_Simon1,2020.1.2,Win32,60,3820,,,m,1,0.48714,0,7,7,14,1,,,,,,,
,,,,,,,,,,,,Images/NeurtalRight.jpeg,Neutral Right,m,MYX,19,Female,2,N,N,Chinese,,English,2021-02-15_08h59.58.419,Tse_Altarriba_Simon1,2020.1.2,Win32,60,3820,,,m,1,0.62672,0,8,8,52,1,,,,,,,
,,,,,,,,,,,,Images/IncongruentRight.jpeg,Incongruent Right,m,MYX,19,Female,2,N,N,Chinese,,English,2021-02-15_08h59.58.419,Tse_Altarriba_Simon1,2020.1.2,Win32,60,3820,,,m,1,0.58629,0,9,9,32,1,,,,,,,
,,,,,,,,,,,,Images/CongruentLeft.jpeg,Congruent Left,z,MYX,19,Female,2,N,N,Chinese,,English,2021-02-15_08h59.58.419,Tse_Altarriba_Simon1,2020.1.2,Win32,60,3820,,,z,1,0.576095,0,10,10,3,1,,,,,,,
,,,,,,,,,,,,Images/NeurtalRight.jpeg,Neutral Right,m,MYX,19,Female,2,N,N,Chinese,,English,2021-02-15_08h59.58.419,Tse_Altarriba_Simon1,2020.1.2,Win32,60,3820,,,m,1,0.507875,0,11,11,58,1,,,,,,,
,,,,,,,,,,,,Images/IncongruentLeft.jpeg,Incongruent Left,z,MYX,19,Female,2,N,N,Chinese,,English,2021-02-15_08h59.58.419,Tse_Altarriba_Simon1,2020.1.2,Win32,60,3820,,,z,1,0.78575,0,12,12,25,1,,,,,,,
,,,,,,,,,,,,Images/CongruentRight.jpeg,Congruent Right,m,MYX,19,Female,2,N,N,Chinese,,English,2021-02-15_08h59.58.419,Tse_Altarriba_Simon1,2020.1.2,Win32,60,3820,,,m,1,0.684485,0,13,13,10,1,,,,,,,
,,,,,,,,,,,,Images/IncongruentRight.jpeg,Incongruent Right,m,MYX,19,Female,2,N,N,Chinese,,English,2021-02-15_08h59.58.419,Tse_Altarriba_Simon1,2020.1.2,Win32,60,3820,,,m,1,0.53258,0,14,14,39,1,,,,,,,
,,,,,,,,,,,,Images/IncongruentRight.jpeg,Incongruent Right,m,MYX,19,Female,2,N,N,Chinese,,English,2021-02-15_08h59.58.419,Tse_Altarriba_Simon1,2020.1.2,Win32,60,3820,,,m,1,0.89194,0,15,15,35,1,,,,,,,
,,,,,,,,,,,,Images/NeurtalRight.jpeg,Neutral Right,m,MYX,19,Female,2,N,N,Chinese,,English,2021-02-15_08h59.58.419,Tse_Altarriba_Simon1,2020.1.2,Win32,60,3820,,,m,1,0.5947,0,16,16,56,1,,,,,,,
,,,,,,,,,,,,Images/IncongruentLeft.jpeg,Incongruent Left,z,MYX,19,Female,2,N,N,Chinese,,English,2021-02-15_08h59.58.419,Tse_Altarriba_Simon1,2020.1.2,Win32,60,3820,,,z,1,0.49924,0,17,17,24,1,,,,,,,
,,,,,,,,,,,,Images/NeutralLeft.jpeg,Neutral Left,z,MYX,19,Female,2,N,N,Chinese,,English,2021-02-15_08h59.58.419,Tse_Altarriba_Simon1,2020.1.2,Win32,60,3820,,,z,1,0.394995,0,18,18,41,1,,,,,,,
,,,,,,,,,,,,Images/IncongruentRight.jpeg,Incongruent Right,m,MYX,19,Female,2,N,N,Chinese,,English,2021-02-15_08h59.58.419,Tse_Altarriba_Simon1,2020.1.2,Win32,60,3820,,,m,1,0.597265,0,19,19,33,1,,,,,,,
,,,,,,,,,,,,Images/NeutralLeft.jpeg,Neutral Left,z,MYX,19,Female,2,N,N,Chinese,,English,2021-02-15_08h59.58.419,Tse_Altarriba_Simon1,2020.1.2,Win32,60,3820,,,z,1,0.52829,0,20,20,46,1,,,,,,,
,,,,,,,,,,,,Images/CongruentRight.jpeg,Congruent Right,m,MYX,19,Female,2,N,N,Chinese,,English,2021-02-15_08h59.58.419,Tse_Altarriba_Simon1,2020.1.2,Win32,60,3820,,,m,1,0.62938,0,21,21,17,1,,,,,,,
,,,,,,,,,,,,Images/IncongruentLeft.jpeg,Incongruent Left,z,MYX,19,Female,2,N,N,Chinese,,English,2021-02-15_08h59.58.419,Tse_Altarriba_Simon1,2020.1.2,Win32,60,3820,,,z,1,0.47514,0,22,22,21,1,,,,,,,
,,,,,,,,,,,,Images/NeurtalRight.jpeg,Neutral Right,m,MYX,19,Female,2,N,N,Chinese,,English,2021-02-15_08h59.58.419,Tse_Altarriba_Simon1,2020.1.2,Win32,60,3820,,,m,1,0.68406,0,23,23,53,1,,,,,,,
,,,,,,,,,,,,Images/NeurtalRight.jpeg,Neutral Right,m,MYX,19,Female,2,N,N,Chinese,,English,2021-02-15_08h59.58.419,Tse_Altarriba_Simon1,2020.1.2,Win32,60,3820,,,m,1,0.53912,0,24,24,59,1,,,,,,,
,,,,,,,,,,,,Images/IncongruentLeft.jpeg,Incongruent Left,z,MYX,19,Female,2,N,N,Chinese,,English,2021-02-15_08h59.58.419,Tse_Altarriba_Simon1,2020.1.2,Win32,60,3820,,,z,1,0.37975,0,25,25,20,1,,,,,,,
,,,,,,,,,,,,Images/NeutralLeft.jpeg,Neutral Left,z,MYX,19,Female,2,N,N,Chinese,,English,2021-02-15_08h59.58.419,Tse_Altarriba_Simon1,2020.1.2,Win32,60,3820,,,z,1,0.479785,0,26,26,47,1,,,,,,,
,,,,,,,,,,,,Images/IncongruentRight.jpeg,Incongruent Right,m,MYX,19,Female,2,N,N,Chinese,,English,2021-02-15_08h59.58.419,Tse_Altarriba_Simon1,2020.1.2,Win32,60,3820,,,m,1,0.635735,0,27,27,38,1,,,,,,,
,,,,,,,,,,,,Images/NeutralLeft.jpeg,Neutral Left,z,MYX,19,Female,2,N,N,Chinese,,English,2021-02-15_08h59.58.419,Tse_Altarriba_Simon1,2020.1.2,Win32,60,3820,,,z,1,0.49636,0,28,28,45,1,,,,,,,
,,,,,,,,,,,,Images/CongruentRight.jpeg,Congruent Right,m,MYX,19,Female,2,N,N,Chinese,,English,2021-02-15_08h59.58.419,Tse_Altarriba_Simon1,2020.1.2,Win32,60,3820,,,m,1,0.435045,0,29,29,16,1,,,,,,,
,,,,,,,,,,,,Images/CongruentLeft.jpeg,Congruent Left,z,MYX,19,Female,2,N,N,Chinese,,English,2021-02-15_08h59.58.419,Tse_Altarriba_Simon1,2020.1.2,Win32,60,3820,,,z,1,0.468145,0,30,30,4,1,,,,,,,
,,,,,,,,,,,,Images/IncongruentLeft.jpeg,Incongruent Left,z,MYX,19,Female,2,N,N,Chinese,,English,2021-02-15_08h59.58.419,Tse_Altarriba_Simon1,2020.1.2,Win32,60,3820,,,z,1,0.46163,0,31,31,23,1,,,,,,,
,,,,,,,,,,,,Images/CongruentLeft.jpeg,Congruent Left,z,MYX,19,Female,2,N,N,Chinese,,English,2021-02-15_08h59.58.419,Tse_Altarriba_Simon1,2020.1.2,Win32,60,3820,,,z,1,0.40936,0,32,32,7,1,,,,,,,
,,,,,,,,,,,,Images/IncongruentRight.jpeg,Incongruent Right,m,MYX,19,Female,2,N,N,Chinese,,English,2021-02-15_08h59.58.419,Tse_Altarriba_Simon1,2020.1.2,Win32,60,3820,,,m,1,0.53261,0,33,33,37,1,,,,,,,
,,,,,,,,,,,,Images/IncongruentLeft.jpeg,Incongruent Left,z,MYX,19,Female,2,N,N,Chinese,,English,2021-02-15_08h59.58.419,Tse_Altarriba_Simon1,2020.1.2,Win32,60,3820,,,z,1,0.59532,0,34,34,26,1,,,,,,,
,,,,,,,,,,,,Images/CongruentLeft.jpeg,Congruent Left,z,MYX,19,Female,2,N,N,Chinese,,English,2021-02-15_08h59.58.419,Tse_Altarriba_Simon1,2020.1.2,Win32,60,3820,,,z,1,0.44359,0,35,35,6,1,,,,,,,
,,,,,,,,,,,,Images/CongruentLeft.jpeg,Congruent Left,z,MYX,19,Female,2,N,N,Chinese,,English,2021-02-15_08h59.58.419,Tse_Altarriba_Simon1,2020.1.2,Win32,60,3820,,,z,1,0.42641,0,36,36,0,1,,,,,,,
,,,,,,,,,,,,Images/NeurtalRight.jpeg,Neutral Right,m,MYX,19,Female,2,N,N,Chinese,,English,2021-02-15_08h59.58.419,Tse_Altarriba_Simon1,2020.1.2,Win32,60,3820,,,m,1,0.44344,0,37,37,51,1,,,,,,,
,,,,,,,,,,,,Images/IncongruentLeft.jpeg,Incongruent Left,z,MYX,19,Female,2,N,N,Chinese,,English,2021-02-15_08h59.58.419,Tse_Altarriba_Simon1,2020.1.2,Win32,60,3820,,,z,1,0.58286,0,38,38,22,1,,,,,,,
,,,,,,,,,,,,Images/CongruentRight.jpeg,Congruent Right,m,MYX,19,Female,2,N,N,Chinese,,English,2021-02-15_08h59.58.419,Tse_Altarriba_Simon1,2020.1.2,Win32,60,3820,,,m,1,0.44848,0,39,39,19,1,,,,,,,
,,,,,,,,,,,,Images/IncongruentLeft.jpeg,Incongruent Left,z,MYX,19,Female,2,N,N,Chinese,,English,2021-02-15_08h59.58.419,Tse_Altarriba_Simon1,2020.1.2,Win32,60,3820,,,z,1,0.453305,0,40,40,28,1,,,,,,,
,,,,,,,,,,,,Images/CongruentRight.jpeg,Congruent Right,m,MYX,19,Female,2,N,N,Chinese,,English,2021-02-15_08h59.58.419,Tse_Altarriba_Simon1,2020.1.2,Win32,60,3820,,,m,1,0.486895,0,41,41,13,1,,,,,,,
,,,,,,,,,,,,Images/CongruentLeft.jpeg,Congruent Left,z,MYX,19,Female,2,N,N,Chinese,,English,2021-02-15_08h59.58.419,Tse_Altarriba_Simon1,2020.1.2,Win32,60,3820,,,z,1,0.486195,0,42,42,2,1,,,,,,,
,,,,,,,,,,,,Images/CongruentRight.jpeg,Congruent Right,m,MYX,19,Female,2,N,N,Chinese,,English,2021-02-15_08h59.58.419,Tse_Altarriba_Simon1,2020.1.2,Win32,60,3820,,,m,1,0.8185,0,43,43,11,1,,,,,,,
,,,,,,,,,,,,Images/CongruentLeft.jpeg,Congruent Left,z,MYX,19,Female,2,N,N,Chinese,,English,2021-02-15_08h59.58.419,Tse_Altarriba_Simon1,2020.1.2,Win32,60,3820,,,z,1,0.38677,0,44,44,8,1,,,,,,,
,,,,,,,,,,,,Images/CongruentLeft.jpeg,Congruent Left,z,MYX,19,Female,2,N,N,Chinese,,English,2021-02-15_08h59.58.419,Tse_Altarriba_Simon1,2020.1.2,Win32,60,3820,,,z,1,0.754285,0,45,45,9,1,,,,,,,
,,,,,,,,,,,,Images/NeutralLeft.jpeg,Neutral Left,z,MYX,19,Female,2,N,N,Chinese,,English,2021-02-15_08h59.58.419,Tse_Altarriba_Simon1,2020.1.2,Win32,60,3820,,,z,1,0.39248,0,46,46,44,1,,,,,,,
,,,,,,,,,,,,Images/IncongruentRight.jpeg,Incongruent Right,m,MYX,19,Female,2,N,N,Chinese,,English,2021-02-15_08h59.58.419,Tse_Altarriba_Simon1,2020.1.2,Win32,60,3820,,,z,0,0.429355,0,47,47,31,1,,,,,,,
,,,,,,,,,,,,Images/NeurtalRight.jpeg,Neutral Right,m,MYX,19,Female,2,N,N,Chinese,,English,2021-02-15_08h59.58.419,Tse_Altarriba_Simon1,2020.1.2,Win32,60,3820,,,m,1,0.64634,0,48,48,50,1,,,,,,,
,,,,,,,,,,,,Images/IncongruentRight.jpeg,Incongruent Right,m,MYX,19,Female,2,N,N,Chinese,,English,2021-02-15_08h59.58.419,Tse_Altarriba_Simon1,2020.1.2,Win32,60,3820,,,m,1,0.712605,0,49,49,34,1,,,,,,,
,,,,,,,,,,,,Images/CongruentRight.jpeg,Congruent Right,m,MYX,19,Female,2,N,N,Chinese,,English,2021-02-15_08h59.58.419,Tse_Altarriba_Simon1,2020.1.2,Win32,60,3820,,,m,1,0.495075,0,50,50,18,1,,,,,,,
,,,,,,,,,,,,Images/IncongruentLeft.jpeg,Incongruent Left,z,MYX,19,Female,2,N,N,Chinese,,English,2021-02-15_08h59.58.419,Tse_Altarriba_Simon1,2020.1.2,Win32,60,3820,,,z,1,0.495425,0,51,51,27,1,,,,,,,
,,,,,,,,,,,,Images/NeurtalRight.jpeg,Neutral Right,m,MYX,19,Female,2,N,N,Chinese,,English,2021-02-15_08h59.58.419,Tse_Altarriba_Simon1,2020.1.2,Win32,60,3820,,,m,1,0.47949,0,52,52,57,1,,,,,,,
,,,,,,,,,,,,Images/NeutralLeft.jpeg,Neutral Left,z,MYX,19,Female,2,N,N,Chinese,,English,2021-02-15_08h59.58.419,Tse_Altarriba_Simon1,2020.1.2,Win32,60,3820,,,z,1,0.442635,0,53,53,49,1,,,,,,,
,,,,,,,,,,,,Images/NeurtalRight.jpeg,Neutral Right,m,MYX,19,Female,2,N,N,Chinese,,English,2021-02-15_08h59.58.419,Tse_Altarriba_Simon1,2020.1.2,Win32,60,3820,,,m,1,0.40996,0,54,54,54,1,,,,,,,
,,,,,,,,,,,,Images/IncongruentRight.jpeg,Incongruent Right,m,MYX,19,Female,2,N,N,Chinese,,English,2021-02-15_08h59.58.419,Tse_Altarriba_Simon1,2020.1.2,Win32,60,3820,,,m,1,0.51091,0,55,55,30,1,,,,,,,
,,,,,,,,,,,,Images/NeutralLeft.jpeg,Neutral Left,z,MYX,19,Female,2,N,N,Chinese,,English,2021-02-15_08h59.58.419,Tse_Altarriba_Simon1,2020.1.2,Win32,60,3820,,,z,1,0.4604,0,56,56,40,1,,,,,,,
,,,,,,,,,,,,Images/CongruentRight.jpeg,Congruent Right,m,MYX,19,Female,2,N,N,Chinese,,English,2021-02-15_08h59.58.419,Tse_Altarriba_Simon1,2020.1.2,Win32,60,3820,,,m,1,0.44313,0,57,57,12,1,,,,,,,
,,,,,,,,,,,,Images/CongruentLeft.jpeg,Congruent Left,z,MYX,19,Female,2,N,N,Chinese,,English,2021-02-15_08h59.58.419,Tse_Altarriba_Simon1,2020.1.2,Win32,60,3820,,,z,1,0.442895,0,58,58,1,1,,,,,,,
,,,,,,,,,,,,Images/IncongruentRight.jpeg,Incongruent Right,m,MYX,19,Female,2,N,N,Chinese,,English,2021-02-15_08h59.58.419,Tse_Altarriba_Simon1,2020.1.2,Win32,60,3820,,,m,1,0.598585,0,59,59,36,1,,,,,,,
,,,,,,,,,,,,Images/IncongruentRight.jpeg,Incongruent Right,m,MYX,19,Female,2,N,N,Chinese,,English,2021-02-15_08h59.58.419,Tse_Altarriba_Simon1,2020.1.2,Win32,60,3820,,,m,1,0.77723,,,,,,space,5.688795,0,0,0,38,1
,,,,,,,,,,,,Images/NeutralLeft.jpeg,Neutral Left,z,MYX,19,Female,2,N,N,Chinese,,English,2021-02-15_08h59.58.419,Tse_Altarriba_Simon1,2020.1.2,Win32,60,3820,,,z,1,0.39514,,,,,,,,0,1,1,47,1
,,,,,,,,,,,,Images/CongruentRight.jpeg,Congruent Right,m,MYX,19,Female,2,N,N,Chinese,,English,2021-02-15_08h59.58.419,Tse_Altarriba_Simon1,2020.1.2,Win32,60,3820,,,m,1,0.49492,,,,,,,,0,2,2,12,1
,,,,,,,,,,,,Images/IncongruentRight.jpeg,Incongruent Right,m,MYX,19,Female,2,N,N,Chinese,,English,2021-02-15_08h59.58.419,Tse_Altarriba_Simon1,2020.1.2,Win32,60,3820,,,z,0,0.36534,,,,,,,,0,3,3,33,1
,,,,,,,,,,,,Images/NeurtalRight.jpeg,Neutral Right,m,MYX,19,Female,2,N,N,Chinese,,English,2021-02-15_08h59.58.419,Tse_Altarriba_Simon1,2020.1.2,Win32,60,3820,,,m,1,0.41619,,,,,,,,0,4,4,59,1
,,,,,,,,,,,,Images/IncongruentRight.jpeg,Incongruent Right,m,MYX,19,Female,2,N,N,Chinese,,English,2021-02-15_08h59.58.419,Tse_Altarriba_Simon1,2020.1.2,Win32,60,3820,,,m,1,1.62845,,,,,,,,0,5,5,39,1
,,,,,,,,,,,,Images/IncongruentLeft.jpeg,Incongruent Left,z,MYX,19,Female,2,N,N,Chinese,,English,2021-02-15_08h59.58.419,Tse_Altarriba_Simon1,2020.1.2,Win32,60,3820,,,z,1,0.443535,,,,,,,,0,6,6,25,1
,,,,,,,,,,,,Images/NeutralLeft.jpeg,Neutral Left,z,MYX,19,Female,2,N,N,Chinese,,English,2021-02-15_08h59.58.419,Tse_Altarriba_Simon1,2020.1.2,Win32,60,3820,,,z,1,0.64784,,,,,,,,0,7,7,43,1
,,,,,,,,,,,,Images/CongruentRight.jpeg,Congruent Right,m,MYX,19,Female,2,N,N,Chinese,,English,2021-02-15_08h59.58.419,Tse_Altarriba_Simon1,2020.1.2,Win32,60,3820,,,m,1,0.545525,,,,,,,,0,8,8,14,1
,,,,,,,,,,,,Images/CongruentLeft.jpeg,Congruent Left,z,MYX,19,Female,2,N,N,Chinese,,English,2021-02-15_08h59.58.419,Tse_Altarriba_Simon1,2020.1.2,Win32,60,3820,,,z,1,0.465245,,,,,,,,0,9,9,5,1
,,,,,,,,,,,,Images/CongruentRight.jpeg,Congruent Right,m,MYX,19,Female,2,N,N,Chinese,,English,2021-02-15_08h59.58.419,Tse_Altarriba_Simon1,2020.1.2,Win32,60,3820,,,m,1,0.39863,,,,,,,,0,10,10,17,1
,,,,,,,,,,,,Images/IncongruentLeft.jpeg,Incongruent Left,z,MYX,19,Female,2,N,N,Chinese,,English,2021-02-15_08h59.58.419,Tse_Altarriba_Simon1,2020.1.2,Win32,60,3820,,,z,1,0.58611,,,,,,,,0,11,11,20,1
,,,,,,,,,,,,Images/IncongruentLeft.jpeg,Incongruent Left,z,MYX,19,Female,2,N,N,Chinese,,English,2021-02-15_08h59.58.419,Tse_Altarriba_Simon1,2020.1.2,Win32,60,3820,,,z,1,0.52978,,,,,,,,0,12,12,22,1
,,,,,,,,,,,,Images/NeurtalRight.jpeg,Neutral Right,m,MYX,19,Female,2,N,N,Chinese,,English,2021-02-15_08h59.58.419,Tse_Altarriba_Simon1,2020.1.2,Win32,60,3820,,,m,1,0.446795,,,,,,,,0,13,13,55,1
,,,,,,,,,,,,Images/NeutralLeft.jpeg,Neutral Left,z,MYX,19,Female,2,N,N,Chinese,,English,2021-02-15_08h59.58.419,Tse_Altarriba_Simon1,2020.1.2,Win32,60,3820,,,z,1,0.396405,,,,,,,,0,14,14,48,1
,,,,,,,,,,,,Images/IncongruentLeft.jpeg,Incongruent Left,z,MYX,19,Female,2,N,N,Chinese,,English,2021-02-15_08h59.58.419,Tse_Altarriba_Simon1,2020.1.2,Win32,60,3820,,,z,1,0.510535,,,,,,,,0,15,15,21,1
,,,,,,,,,,,,Images/NeurtalRight.jpeg,Neutral Right,m,MYX,19,Female,2,N,N,Chinese,,English,2021-02-15_08h59.58.419,Tse_Altarriba_Simon1,2020.1.2,Win32,60,3820,,,m,1,0.498355,,,,,,,,0,16,16,58,1
,,,,,,,,,,,,Images/IncongruentRight.jpeg,Incongruent Right,m,MYX,19,Female,2,N,N,Chinese,,English,2021-02-15_08h59.58.419,Tse_Altarriba_Simon1,2020.1.2,Win32,60,3820,,,m,1,0.564075,,,,,,,,0,17,17,37,1
,,,,,,,,,,,,Images/IncongruentRight.jpeg,Incongruent Right,m,MYX,19,Female,2,N,N,Chinese,,English,2021-02-15_08h59.58.419,Tse_Altarriba_Simon1,2020.1.2,Win32,60,3820,,,m,1,0.54479,,,,,,,,0,18,18,36,1
,,,,,,,,,,,,Images/NeurtalRight.jpeg,Neutral Right,m,MYX,19,Female,2,N,N,Chinese,,English,2021-02-15_08h59.58.419,Tse_Altarriba_Simon1,2020.1.2,Win32,60,3820,,,m,1,0.46202,,,,,,,,0,19,19,50,1
,,,,,,,,,,,,Images/CongruentLeft.jpeg,Congruent Left,z,MYX,19,Female,2,N,N,Chinese,,English,2021-02-15_08h59.58.419,Tse_Altarriba_Simon1,2020.1.2,Win32,60,3820,,,z,1,0.461485,,,,,,,,0,20,20,0,1
,,,,,,,,,,,,Images/NeutralLeft.jpeg,Neutral Left,z,MYX,19,Female,2,N,N,Chinese,,English,2021-02-15_08h59.58.419,Tse_Altarriba_Simon1,2020.1.2,Win32,60,3820,,,z,1,0.51062,,,,,,,,0,21,21,49,1
,,,,,,,,,,,,Images/IncongruentLeft.jpeg,Incongruent Left,z,MYX,19,Female,2,N,N,Chinese,,English,2021-02-15_08h59.58.419,Tse_Altarriba_Simon1,2020.1.2,Win32,60,3820,,,z,1,0.51514,,,,,,,,0,22,22,26,1
,,,,,,,,,,,,Images/IncongruentRight.jpeg,Incongruent Right,m,MYX,19,Female,2,N,N,Chinese,,English,2021-02-15_08h59.58.419,Tse_Altarriba_Simon1,2020.1.2,Win32,60,3820,,,m,1,0.48364,,,,,,,,0,23,23,31,1
,,,,,,,,,,,,Images/NeurtalRight.jpeg,Neutral Right,m,MYX,19,Female,2,N,N,Chinese,,English,2021-02-15_08h59.58.419,Tse_Altarriba_Simon1,2020.1.2,Win32,60,3820,,,m,1,0.54341,,,,,,,,0,24,24,51,1
,,,,,,,,,,,,Images/CongruentLeft.jpeg,Congruent Left,z,MYX,19,Female,2,N,N,Chinese,,English,2021-02-15_08h59.58.419,Tse_Altarriba_Simon1,2020.1.2,Win32,60,3820,,,z,1,0.568755,,,,,,,,0,25,25,4,1
,,,,,,,,,,,,Images/CongruentRight.jpeg,Congruent Right,m,MYX,19,Female,2,N,N,Chinese,,English,2021-02-15_08h59.58.419,Tse_Altarriba_Simon1,2020.1.2,Win32,60,3820,,,m,1,0.535195,,,,,,,,0,26,26,16,1
,,,,,,,,,,,,Images/NeurtalRight.jpeg,Neutral Right,m,MYX,19,Female,2,N,N,Chinese,,English,2021-02-15_08h59.58.419,Tse_Altarriba_Simon1,2020.1.2,Win32,60,3820,,,m,1,0.601575,,,,,,,,0,27,27,56,1
,,,,,,,,,,,,Images/IncongruentLeft.jpeg,Incongruent Left,z,MYX,19,Female,2,N,N,Chinese,,English,2021-02-15_08h59.58.419,Tse_Altarriba_Simon1,2020.1.2,Win32,60,3820,,,z,1,0.58671,,,,,,,,0,28,28,23,1
,,,,,,,,,,,,Images/CongruentRight.jpeg,Congruent Right,m,MYX,19,Female,2,N,N,Chinese,,English,2021-02-15_08h59.58.419,Tse_Altarriba_Simon1,2020.1.2,Win32,60,3820,,,m,1,0.701685,,,,,,,,0,29,29,10,1
,,,,,,,,,,,,Images/NeutralLeft.jpeg,Neutral Left,z,MYX,19,Female,2,N,N,Chinese,,English,2021-02-15_08h59.58.419,Tse_Altarriba_Simon1,2020.1.2,Win32,60,3820,,,z,1,0.485635,,,,,,,,0,30,30,45,1
,,,,,,,,,,,,Images/CongruentLeft.jpeg,Congruent Left,z,MYX,19,Female,2,N,N,Chinese,,English,2021-02-15_08h59.58.419,Tse_Altarriba_Simon1,2020.1.2,Win32,60,3820,,,z,1,0.61843,,,,,,,,0,31,31,1,1
,,,,,,,,,,,,Images/IncongruentRight.jpeg,Incongruent Right,m,MYX,19,Female,2,N,N,Chinese,,English,2021-02-15_08h59.58.419,Tse_Altarriba_Simon1,2020.1.2,Win32,60,3820,,,m,1,0.651685,,,,,,,,0,32,32,30,1
,,,,,,,,,,,,Images/IncongruentRight.jpeg,Incongruent Right,m,MYX,19,Female,2,N,N,Chinese,,English,2021-02-15_08h59.58.419,Tse_Altarriba_Simon1,2020.1.2,Win32,60,3820,,,m,1,0.485885,,,,,,,,0,33,33,35,1
,,,,,,,,,,,,Images/NeutralLeft.jpeg,Neutral Left,z,MYX,19,Female,2,N,N,Chinese,,English,2021-02-15_08h59.58.419,Tse_Altarriba_Simon1,2020.1.2,Win32,60,3820,,,z,1,0.418585,,,,,,,,0,34,34,46,1
,,,,,,,,,,,,Images/NeurtalRight.jpeg,Neutral Right,m,MYX,19,Female,2,N,N,Chinese,,English,2021-02-15_08h59.58.419,Tse_Altarriba_Simon1,2020.1.2,Win32,60,3820,,,m,1,0.50215,,,,,,,,0,35,35,52,1
,,,,,,,,,,,,Images/CongruentLeft.jpeg,Congruent Left,z,MYX,19,Female,2,N,N,Chinese,,English,2021-02-15_08h59.58.419,Tse_Altarriba_Simon1,2020.1.2,Win32,60,3820,,,z,1,0.385465,,,,,,,,0,36,36,3,1
,,,,,,,,,,,,Images/CongruentRight.jpeg,Congruent Right,m,MYX,19,Female,2,N,N,Chinese,,English,2021-02-15_08h59.58.419,Tse_Altarriba_Simon1,2020.1.2,Win32,60,3820,,,m,1,0.46855,,,,,,,,0,37,37,15,1
,,,,,,,,,,,,Images/CongruentLeft.jpeg,Congruent Left,z,MYX,19,Female,2,N,N,Chinese,,English,2021-02-15_08h59.58.419,Tse_Altarriba_Simon1,2020.1.2,Win32,60,3820,,,z,1,0.435345,,,,,,,,0,38,38,2,1
,,,,,,,,,,,,Images/NeurtalRight.jpeg,Neutral Right,m,MYX,19,Female,2,N,N,Chinese,,English,2021-02-15_08h59.58.419,Tse_Altarriba_Simon1,2020.1.2,Win32,60,3820,,,m,1,0.56856,,,,,,,,0,39,39,57,1
,,,,,,,,,,,,Images/CongruentLeft.jpeg,Congruent Left,z,MYX,19,Female,2,N,N,Chinese,,English,2021-02-15_08h59.58.419,Tse_Altarriba_Simon1,2020.1.2,Win32,60,3820,,,z,1,0.418465,,,,,,,,0,40,40,8,1
,,,,,,,,,,,,Images/IncongruentLeft.jpeg,Incongruent Left,z,MYX,19,Female,2,N,N,Chinese,,English,2021-02-15_08h59.58.419,Tse_Altarriba_Simon1,2020.1.2,Win32,60,3820,,,z,1,0.641755,,,,,,,,0,41,41,28,1
,,,,,,,,,,,,Images/CongruentRight.jpeg,Congruent Right,m,MYX,19,Female,2,N,N,Chinese,,English,2021-02-15_08h59.58.419,Tse_Altarriba_Simon1,2020.1.2,Win32,60,3820,,,m,1,0.53678,,,,,,,,0,42,42,13,1
,,,,,,,,,,,,Images/IncongruentLeft.jpeg,Incongruent Left,z,MYX,19,Female,2,N,N,Chinese,,English,2021-02-15_08h59.58.419,Tse_Altarriba_Simon1,2020.1.2,Win32,60,3820,,,z,1,0.514705,,,,,,,,0,43,43,24,1
,,,,,,,,,,,,Images/NeutralLeft.jpeg,Neutral Left,z,MYX,19,Female,2,N,N,Chinese,,English,2021-02-15_08h59.58.419,Tse_Altarriba_Simon1,2020.1.2,Win32,60,3820,,,z,1,0.54689,,,,,,,,0,44,44,44,1
,,,,,,,,,,,,Images/CongruentLeft.jpeg,Congruent Left,z,MYX,19,Female,2,N,N,Chinese,,English,2021-02-15_08h59.58.419,Tse_Altarriba_Simon1,2020.1.2,Win32,60,3820,,,z,1,0.38339,,,,,,,,0,45,45,7,1
,,,,,,,,,,,,Images/CongruentLeft.jpeg,Congruent Left,z,MYX,19,Female,2,N,N,Chinese,,English,2021-02-15_08h59.58.419,Tse_Altarriba_Simon1,2020.1.2,Win32,60,3820,,,z,1,0.409485,,,,,,,,0,46,46,9,1
,,,,,,,,,,,,Images/IncongruentLeft.jpeg,Incongruent Left,z,MYX,19,Female,2,N,N,Chinese,,English,2021-02-15_08h59.58.419,Tse_Altarriba_Simon1,2020.1.2,Win32,60,3820,,,z,1,0.403585,,,,,,,,0,47,47,29,1
,,,,,,,,,,,,Images/CongruentRight.jpeg,Congruent Right,m,MYX,19,Female,2,N,N,Chinese,,English,2021-02-15_08h59.58.419,Tse_Altarriba_Simon1,2020.1.2,Win32,60,3820,,,m,1,0.464225,,,,,,,,0,48,48,19,1
,,,,,,,,,,,,Images/IncongruentRight.jpeg,Incongruent Right,m,MYX,19,Female,2,N,N,Chinese,,English,2021-02-15_08h59.58.419,Tse_Altarriba_Simon1,2020.1.2,Win32,60,3820,,,m,1,0.53057,,,,,,,,0,49,49,34,1
,,,,,,,,,,,,Images/NeurtalRight.jpeg,Neutral Right,m,MYX,19,Female,2,N,N,Chinese,,English,2021-02-15_08h59.58.419,Tse_Altarriba_Simon1,2020.1.2,Win32,60,3820,,,m,1,0.44661,,,,,,,,0,50,50,53,1
,,,,,,,,,,,,Images/NeutralLeft.jpeg,Neutral Left,z,MYX,19,Female,2,N,N,Chinese,,English,2021-02-15_08h59.58.419,Tse_Altarriba_Simon1,2020.1.2,Win32,60,3820,,,z,1,0.44697,,,,,,,,0,51,51,42,1
,,,,,,,,,,,,Images/NeutralLeft.jpeg,Neutral Left,z,MYX,19,Female,2,N,N,Chinese,,English,2021-02-15_08h59.58.419,Tse_Altarriba_Simon1,2020.1.2,Win32,60,3820,,,z,1,0.44722,,,,,,,,0,52,52,41,1
,,,,,,,,,,,,Images/IncongruentRight.jpeg,Incongruent Right,m,MYX,19,Female,2,N,N,Chinese,,English,2021-02-15_08h59.58.419,Tse_Altarriba_Simon1,2020.1.2,Win32,60,3820,,,m,1,0.66025,,,,,,,,0,53,53,32,1
,,,,,,,,,,,,Images/NeurtalRight.jpeg,Neutral Right,m,MYX,19,Female,2,N,N,Chinese,,English,2021-02-15_08h59.58.419,Tse_Altarriba_Simon1,2020.1.2,Win32,60,3820,,,m,1,0.465175,,,,,,,,0,54,54,54,1
,,,,,,,,,,,,Images/NeutralLeft.jpeg,Neutral Left,z,MYX,19,Female,2,N,N,Chinese,,English,2021-02-15_08h59.58.419,Tse_Altarriba_Simon1,2020.1.2,Win32,60,3820,,,z,1,0.563405,,,,,,,,0,55,55,40,1
,,,,,,,,,,,,Images/IncongruentLeft.jpeg,Incongruent Left,z,MYX,19,Female,2,N,N,Chinese,,English,2021-02-15_08h59.58.419,Tse_Altarriba_Simon1,2020.1.2,Win32,60,3820,,,z,1,0.5099,,,,,,,,0,56,56,27,1
,,,,,,,,,,,,Images/CongruentRight.jpeg,Congruent Right,m,MYX,19,Female,2,N,N,Chinese,,English,2021-02-15_08h59.58.419,Tse_Altarriba_Simon1,2020.1.2,Win32,60,3820,,,m,1,0.418395,,,,,,,,0,57,57,11,1
,,,,,,,,,,,,Images/CongruentLeft.jpeg,Congruent Left,z,MYX,19,Female,2,N,N,Chinese,,English,2021-02-15_08h59.58.419,Tse_Altarriba_Simon1,2020.1.2,Win32,60,3820,,,z,1,0.368765,,,,,,,,0,58,58,6,1
,,,,,,,,,,,,Images/CongruentRight.jpeg,Congruent Right,m,MYX,19,Female,2,N,N,Chinese,,English,2021-02-15_08h59.58.419,Tse_Altarriba_Simon1,2020.1.2,Win32,60,3820,,,m,1,0.41828,,,,,,,,0,59,59,18,1
