Space1.keys,Space1.rt,Space2.keys,Space2.rt,response.keys,response.corr,response.rt,Practice_loop.thisRepN,Practice_loop.thisTrialN,Practice_loop.thisN,Practice_loop.thisIndex,Practice_loop.ran,ImageFile,Condition,CorrAns,Your initials,What is your age?,What is your gender?,What year are you in?,Are you Dyslexic? (Y/N),Are you bi/multilingual? (Y/N),What is your first language?,"What is your second language? (if you are monollingual, leave blank)",What other languages do you speak?,date,expName,psychopyVersion,OS,frameRate,participant,Space3.keys,Space3.rt,key_resp_2.keys,key_resp_2.corr,key_resp_2.rt,trials.thisRepN,trials.thisTrialN,trials.thisN,trials.thisIndex,trials.ran,Space4.keys,Space4.rt,trials_2.thisRepN,trials_2.thisTrialN,trials_2.thisN,trials_2.thisIndex,trials_2.ran
space,15.215175,space,21.796135,m,1,0.45198,0,0,0,2,1,Images/CongruentRight.jpeg,Congruent Right,m,YY,20,female,yaer2,N,Y,Chinese,English,Japanese,2021-02-17_19h45.04.766,Tse_Altarriba_Simon1,2020.1.2,Win32,60,3826,,,,,,,,,,,,,,,,,
,,,,z,1,0.414545,0,1,1,0,1,Images/CongruentLeft.jpeg,Congruent Left,z,YY,20,female,yaer2,N,Y,Chinese,English,Japanese,2021-02-17_19h45.04.766,Tse_Altarriba_Simon1,2020.1.2,Win32,60,3826,,,,,,,,,,,,,,,,,
,,,,m,1,0.438535,0,2,2,10,1,Images/NeurtalRight.jpeg,Neutral Right,m,YY,20,female,yaer2,N,Y,Chinese,English,Japanese,2021-02-17_19h45.04.766,Tse_Altarriba_Simon1,2020.1.2,Win32,60,3826,,,,,,,,,,,,,,,,,
,,,,z,1,0.57581,0,3,3,4,1,Images/IncongruentLeft.jpeg,Incongruent Left,z,YY,20,female,yaer2,N,Y,Chinese,English,Japanese,2021-02-17_19h45.04.766,Tse_Altarriba_Simon1,2020.1.2,Win32,60,3826,,,,,,,,,,,,,,,,,
,,,,z,1,0.504955,0,4,4,9,1,Images/NeutralLeft.jpeg,Neutral Left,z,YY,20,female,yaer2,N,Y,Chinese,English,Japanese,2021-02-17_19h45.04.766,Tse_Altarriba_Simon1,2020.1.2,Win32,60,3826,,,,,,,,,,,,,,,,,
,,,,m,1,0.494705,0,5,5,6,1,Images/IncongruentRight.jpeg,Incongruent Right,m,YY,20,female,yaer2,N,Y,Chinese,English,Japanese,2021-02-17_19h45.04.766,Tse_Altarriba_Simon1,2020.1.2,Win32,60,3826,,,,,,,,,,,,,,,,,
,,,,m,1,0.570405,0,6,6,7,1,Images/IncongruentRight.jpeg,Incongruent Right,m,YY,20,female,yaer2,N,Y,Chinese,English,Japanese,2021-02-17_19h45.04.766,Tse_Altarriba_Simon1,2020.1.2,Win32,60,3826,,,,,,,,,,,,,,,,,
,,,,z,1,0.519555,0,7,7,5,1,Images/IncongruentLeft.jpeg,Incongruent Left,z,YY,20,female,yaer2,N,Y,Chinese,English,Japanese,2021-02-17_19h45.04.766,Tse_Altarriba_Simon1,2020.1.2,Win32,60,3826,,,,,,,,,,,,,,,,,
,,,,z,1,0.57983,0,8,8,1,1,Images/CongruentLeft.jpeg,Congruent Left,z,YY,20,female,yaer2,N,Y,Chinese,English,Japanese,2021-02-17_19h45.04.766,Tse_Altarriba_Simon1,2020.1.2,Win32,60,3826,,,,,,,,,,,,,,,,,
,,,,m,1,0.494555,0,9,9,3,1,Images/CongruentRight.jpeg,Congruent Right,m,YY,20,female,yaer2,N,Y,Chinese,English,Japanese,2021-02-17_19h45.04.766,Tse_Altarriba_Simon1,2020.1.2,Win32,60,3826,,,,,,,,,,,,,,,,,
,,,,z,1,0.58345,0,10,10,8,1,Images/NeutralLeft.jpeg,Neutral Left,z,YY,20,female,yaer2,N,Y,Chinese,English,Japanese,2021-02-17_19h45.04.766,Tse_Altarriba_Simon1,2020.1.2,Win32,60,3826,,,,,,,,,,,,,,,,,
,,,,m,1,0.694145,0,11,11,11,1,Images/NeurtalRight.jpeg,Neutral Right,m,YY,20,female,yaer2,N,Y,Chinese,English,Japanese,2021-02-17_19h45.04.766,Tse_Altarriba_Simon1,2020.1.2,Win32,60,3826,,,,,,,,,,,,,,,,,
,,,,,,,,,,,,Images/IncongruentRight.jpeg,Incongruent Right,m,YY,20,female,yaer2,N,Y,Chinese,English,Japanese,2021-02-17_19h45.04.766,Tse_Altarriba_Simon1,2020.1.2,Win32,60,3826,space,7.36507,m,1,1.611945,0,0,0,36,1,,,,,,,
,,,,,,,,,,,,Images/CongruentLeft.jpeg,Congruent Left,z,YY,20,female,yaer2,N,Y,Chinese,English,Japanese,2021-02-17_19h45.04.766,Tse_Altarriba_Simon1,2020.1.2,Win32,60,3826,,,z,1,0.6177,0,1,1,3,1,,,,,,,
,,,,,,,,,,,,Images/IncongruentLeft.jpeg,Incongruent Left,z,YY,20,female,yaer2,N,Y,Chinese,English,Japanese,2021-02-17_19h45.04.766,Tse_Altarriba_Simon1,2020.1.2,Win32,60,3826,,,z,1,0.657355,0,2,2,27,1,,,,,,,
,,,,,,,,,,,,Images/CongruentLeft.jpeg,Congruent Left,z,YY,20,female,yaer2,N,Y,Chinese,English,Japanese,2021-02-17_19h45.04.766,Tse_Altarriba_Simon1,2020.1.2,Win32,60,3826,,,z,1,0.56965,0,3,3,8,1,,,,,,,
,,,,,,,,,,,,Images/NeurtalRight.jpeg,Neutral Right,m,YY,20,female,yaer2,N,Y,Chinese,English,Japanese,2021-02-17_19h45.04.766,Tse_Altarriba_Simon1,2020.1.2,Win32,60,3826,,,m,1,0.49043,0,4,4,50,1,,,,,,,
,,,,,,,,,,,,Images/IncongruentRight.jpeg,Incongruent Right,m,YY,20,female,yaer2,N,Y,Chinese,English,Japanese,2021-02-17_19h45.04.766,Tse_Altarriba_Simon1,2020.1.2,Win32,60,3826,,,m,1,0.571775,0,5,5,39,1,,,,,,,
,,,,,,,,,,,,Images/IncongruentRight.jpeg,Incongruent Right,m,YY,20,female,yaer2,N,Y,Chinese,English,Japanese,2021-02-17_19h45.04.766,Tse_Altarriba_Simon1,2020.1.2,Win32,60,3826,,,m,1,0.58715,0,6,6,38,1,,,,,,,
,,,,,,,,,,,,Images/NeutralLeft.jpeg,Neutral Left,z,YY,20,female,yaer2,N,Y,Chinese,English,Japanese,2021-02-17_19h45.04.766,Tse_Altarriba_Simon1,2020.1.2,Win32,60,3826,,,z,1,0.536075,0,7,7,42,1,,,,,,,
,,,,,,,,,,,,Images/IncongruentRight.jpeg,Incongruent Right,m,YY,20,female,yaer2,N,Y,Chinese,English,Japanese,2021-02-17_19h45.04.766,Tse_Altarriba_Simon1,2020.1.2,Win32,60,3826,,,m,1,0.49147,0,8,8,34,1,,,,,,,
,,,,,,,,,,,,Images/NeutralLeft.jpeg,Neutral Left,z,YY,20,female,yaer2,N,Y,Chinese,English,Japanese,2021-02-17_19h45.04.766,Tse_Altarriba_Simon1,2020.1.2,Win32,60,3826,,,z,1,0.476315,0,9,9,44,1,,,,,,,
,,,,,,,,,,,,Images/IncongruentRight.jpeg,Incongruent Right,m,YY,20,female,yaer2,N,Y,Chinese,English,Japanese,2021-02-17_19h45.04.766,Tse_Altarriba_Simon1,2020.1.2,Win32,60,3826,,,m,1,0.434885,0,10,10,37,1,,,,,,,
,,,,,,,,,,,,Images/IncongruentLeft.jpeg,Incongruent Left,z,YY,20,female,yaer2,N,Y,Chinese,English,Japanese,2021-02-17_19h45.04.766,Tse_Altarriba_Simon1,2020.1.2,Win32,60,3826,,,z,1,0.589345,0,11,11,22,1,,,,,,,
,,,,,,,,,,,,Images/NeurtalRight.jpeg,Neutral Right,m,YY,20,female,yaer2,N,Y,Chinese,English,Japanese,2021-02-17_19h45.04.766,Tse_Altarriba_Simon1,2020.1.2,Win32,60,3826,,,m,1,0.497095,0,12,12,55,1,,,,,,,
,,,,,,,,,,,,Images/IncongruentLeft.jpeg,Incongruent Left,z,YY,20,female,yaer2,N,Y,Chinese,English,Japanese,2021-02-17_19h45.04.766,Tse_Altarriba_Simon1,2020.1.2,Win32,60,3826,,,z,1,0.50535,0,13,13,26,1,,,,,,,
,,,,,,,,,,,,Images/NeurtalRight.jpeg,Neutral Right,m,YY,20,female,yaer2,N,Y,Chinese,English,Japanese,2021-02-17_19h45.04.766,Tse_Altarriba_Simon1,2020.1.2,Win32,60,3826,,,m,1,0.52715,0,14,14,57,1,,,,,,,
,,,,,,,,,,,,Images/IncongruentRight.jpeg,Incongruent Right,m,YY,20,female,yaer2,N,Y,Chinese,English,Japanese,2021-02-17_19h45.04.766,Tse_Altarriba_Simon1,2020.1.2,Win32,60,3826,,,m,1,0.49794,0,15,15,32,1,,,,,,,
,,,,,,,,,,,,Images/CongruentRight.jpeg,Congruent Right,m,YY,20,female,yaer2,N,Y,Chinese,English,Japanese,2021-02-17_19h45.04.766,Tse_Altarriba_Simon1,2020.1.2,Win32,60,3826,,,m,1,0.62299,0,16,16,16,1,,,,,,,
,,,,,,,,,,,,Images/NeutralLeft.jpeg,Neutral Left,z,YY,20,female,yaer2,N,Y,Chinese,English,Japanese,2021-02-17_19h45.04.766,Tse_Altarriba_Simon1,2020.1.2,Win32,60,3826,,,z,1,0.48391,0,17,17,41,1,,,,,,,
,,,,,,,,,,,,Images/CongruentLeft.jpeg,Congruent Left,z,YY,20,female,yaer2,N,Y,Chinese,English,Japanese,2021-02-17_19h45.04.766,Tse_Altarriba_Simon1,2020.1.2,Win32,60,3826,,,z,1,0.522015,0,18,18,7,1,,,,,,,
,,,,,,,,,,,,Images/NeutralLeft.jpeg,Neutral Left,z,YY,20,female,yaer2,N,Y,Chinese,English,Japanese,2021-02-17_19h45.04.766,Tse_Altarriba_Simon1,2020.1.2,Win32,60,3826,,,z,1,0.48644,0,19,19,49,1,,,,,,,
,,,,,,,,,,,,Images/IncongruentLeft.jpeg,Incongruent Left,z,YY,20,female,yaer2,N,Y,Chinese,English,Japanese,2021-02-17_19h45.04.766,Tse_Altarriba_Simon1,2020.1.2,Win32,60,3826,,,z,1,0.505125,0,20,20,25,1,,,,,,,
,,,,,,,,,,,,Images/NeurtalRight.jpeg,Neutral Right,m,YY,20,female,yaer2,N,Y,Chinese,English,Japanese,2021-02-17_19h45.04.766,Tse_Altarriba_Simon1,2020.1.2,Win32,60,3826,,,m,1,0.471285,0,21,21,54,1,,,,,,,
,,,,,,,,,,,,Images/CongruentRight.jpeg,Congruent Right,m,YY,20,female,yaer2,N,Y,Chinese,English,Japanese,2021-02-17_19h45.04.766,Tse_Altarriba_Simon1,2020.1.2,Win32,60,3826,,,m,1,0.5301,0,22,22,14,1,,,,,,,
,,,,,,,,,,,,Images/NeurtalRight.jpeg,Neutral Right,m,YY,20,female,yaer2,N,Y,Chinese,English,Japanese,2021-02-17_19h45.04.766,Tse_Altarriba_Simon1,2020.1.2,Win32,60,3826,,,m,1,0.470335,0,23,23,53,1,,,,,,,
,,,,,,,,,,,,Images/NeurtalRight.jpeg,Neutral Right,m,YY,20,female,yaer2,N,Y,Chinese,English,Japanese,2021-02-17_19h45.04.766,Tse_Altarriba_Simon1,2020.1.2,Win32,60,3826,,,m,1,0.421395,0,24,24,56,1,,,,,,,
,,,,,,,,,,,,Images/NeurtalRight.jpeg,Neutral Right,m,YY,20,female,yaer2,N,Y,Chinese,English,Japanese,2021-02-17_19h45.04.766,Tse_Altarriba_Simon1,2020.1.2,Win32,60,3826,,,m,1,0.430265,0,25,25,59,1,,,,,,,
,,,,,,,,,,,,Images/NeutralLeft.jpeg,Neutral Left,z,YY,20,female,yaer2,N,Y,Chinese,English,Japanese,2021-02-17_19h45.04.766,Tse_Altarriba_Simon1,2020.1.2,Win32,60,3826,,,z,1,0.47954,0,26,26,46,1,,,,,,,
,,,,,,,,,,,,Images/CongruentRight.jpeg,Congruent Right,m,YY,20,female,yaer2,N,Y,Chinese,English,Japanese,2021-02-17_19h45.04.766,Tse_Altarriba_Simon1,2020.1.2,Win32,60,3826,,,m,1,0.677995,0,27,27,13,1,,,,,,,
,,,,,,,,,,,,Images/IncongruentRight.jpeg,Incongruent Right,m,YY,20,female,yaer2,N,Y,Chinese,English,Japanese,2021-02-17_19h45.04.766,Tse_Altarriba_Simon1,2020.1.2,Win32,60,3826,,,m,1,0.51277,0,28,28,33,1,,,,,,,
,,,,,,,,,,,,Images/CongruentRight.jpeg,Congruent Right,m,YY,20,female,yaer2,N,Y,Chinese,English,Japanese,2021-02-17_19h45.04.766,Tse_Altarriba_Simon1,2020.1.2,Win32,60,3826,,,m,1,0.488035,0,29,29,18,1,,,,,,,
,,,,,,,,,,,,Images/IncongruentLeft.jpeg,Incongruent Left,z,YY,20,female,yaer2,N,Y,Chinese,English,Japanese,2021-02-17_19h45.04.766,Tse_Altarriba_Simon1,2020.1.2,Win32,60,3826,,,z,1,0.53663,0,30,30,20,1,,,,,,,
,,,,,,,,,,,,Images/IncongruentLeft.jpeg,Incongruent Left,z,YY,20,female,yaer2,N,Y,Chinese,English,Japanese,2021-02-17_19h45.04.766,Tse_Altarriba_Simon1,2020.1.2,Win32,60,3826,,,z,1,0.43359,0,31,31,29,1,,,,,,,
,,,,,,,,,,,,Images/CongruentLeft.jpeg,Congruent Left,z,YY,20,female,yaer2,N,Y,Chinese,English,Japanese,2021-02-17_19h45.04.766,Tse_Altarriba_Simon1,2020.1.2,Win32,60,3826,,,z,1,0.579745,0,32,32,2,1,,,,,,,
,,,,,,,,,,,,Images/NeurtalRight.jpeg,Neutral Right,m,YY,20,female,yaer2,N,Y,Chinese,English,Japanese,2021-02-17_19h45.04.766,Tse_Altarriba_Simon1,2020.1.2,Win32,60,3826,,,m,1,0.44678,0,33,33,52,1,,,,,,,
,,,,,,,,,,,,Images/CongruentRight.jpeg,Congruent Right,m,YY,20,female,yaer2,N,Y,Chinese,English,Japanese,2021-02-17_19h45.04.766,Tse_Altarriba_Simon1,2020.1.2,Win32,60,3826,,,m,1,0.408285,0,34,34,19,1,,,,,,,
,,,,,,,,,,,,Images/CongruentLeft.jpeg,Congruent Left,z,YY,20,female,yaer2,N,Y,Chinese,English,Japanese,2021-02-17_19h45.04.766,Tse_Altarriba_Simon1,2020.1.2,Win32,60,3826,,,z,1,0.41644,0,35,35,4,1,,,,,,,
,,,,,,,,,,,,Images/CongruentLeft.jpeg,Congruent Left,z,YY,20,female,yaer2,N,Y,Chinese,English,Japanese,2021-02-17_19h45.04.766,Tse_Altarriba_Simon1,2020.1.2,Win32,60,3826,,,z,1,0.47743,0,36,36,9,1,,,,,,,
,,,,,,,,,,,,Images/CongruentRight.jpeg,Congruent Right,m,YY,20,female,yaer2,N,Y,Chinese,English,Japanese,2021-02-17_19h45.04.766,Tse_Altarriba_Simon1,2020.1.2,Win32,60,3826,,,m,1,0.522685,0,37,37,12,1,,,,,,,
,,,,,,,,,,,,Images/CongruentRight.jpeg,Congruent Right,m,YY,20,female,yaer2,N,Y,Chinese,English,Japanese,2021-02-17_19h45.04.766,Tse_Altarriba_Simon1,2020.1.2,Win32,60,3826,,,m,1,0.497845,0,38,38,17,1,,,,,,,
,,,,,,,,,,,,Images/IncongruentLeft.jpeg,Incongruent Left,z,YY,20,female,yaer2,N,Y,Chinese,English,Japanese,2021-02-17_19h45.04.766,Tse_Altarriba_Simon1,2020.1.2,Win32,60,3826,,,z,1,0.4799,0,39,39,28,1,,,,,,,
,,,,,,,,,,,,Images/IncongruentRight.jpeg,Incongruent Right,m,YY,20,female,yaer2,N,Y,Chinese,English,Japanese,2021-02-17_19h45.04.766,Tse_Altarriba_Simon1,2020.1.2,Win32,60,3826,,,m,1,0.47436,0,40,40,35,1,,,,,,,
,,,,,,,,,,,,Images/IncongruentLeft.jpeg,Incongruent Left,z,YY,20,female,yaer2,N,Y,Chinese,English,Japanese,2021-02-17_19h45.04.766,Tse_Altarriba_Simon1,2020.1.2,Win32,60,3826,,,z,1,0.47111,0,41,41,23,1,,,,,,,
,,,,,,,,,,,,Images/CongruentLeft.jpeg,Congruent Left,z,YY,20,female,yaer2,N,Y,Chinese,English,Japanese,2021-02-17_19h45.04.766,Tse_Altarriba_Simon1,2020.1.2,Win32,60,3826,,,z,1,0.67231,0,42,42,5,1,,,,,,,
,,,,,,,,,,,,Images/CongruentLeft.jpeg,Congruent Left,z,YY,20,female,yaer2,N,Y,Chinese,English,Japanese,2021-02-17_19h45.04.766,Tse_Altarriba_Simon1,2020.1.2,Win32,60,3826,,,z,1,0.482825,0,43,43,0,1,,,,,,,
,,,,,,,,,,,,Images/CongruentLeft.jpeg,Congruent Left,z,YY,20,female,yaer2,N,Y,Chinese,English,Japanese,2021-02-17_19h45.04.766,Tse_Altarriba_Simon1,2020.1.2,Win32,60,3826,,,z,1,0.421555,0,44,44,6,1,,,,,,,
,,,,,,,,,,,,Images/IncongruentLeft.jpeg,Incongruent Left,z,YY,20,female,yaer2,N,Y,Chinese,English,Japanese,2021-02-17_19h45.04.766,Tse_Altarriba_Simon1,2020.1.2,Win32,60,3826,,,z,1,0.43171,0,45,45,24,1,,,,,,,
,,,,,,,,,,,,Images/CongruentRight.jpeg,Congruent Right,m,YY,20,female,yaer2,N,Y,Chinese,English,Japanese,2021-02-17_19h45.04.766,Tse_Altarriba_Simon1,2020.1.2,Win32,60,3826,,,m,1,0.730035,0,46,46,15,1,,,,,,,
,,,,,,,,,,,,Images/IncongruentRight.jpeg,Incongruent Right,m,YY,20,female,yaer2,N,Y,Chinese,English,Japanese,2021-02-17_19h45.04.766,Tse_Altarriba_Simon1,2020.1.2,Win32,60,3826,,,z,0,0.436405,0,47,47,30,1,,,,,,,
,,,,,,,,,,,,Images/NeutralLeft.jpeg,Neutral Left,z,YY,20,female,yaer2,N,Y,Chinese,English,Japanese,2021-02-17_19h45.04.766,Tse_Altarriba_Simon1,2020.1.2,Win32,60,3826,,,z,1,0.634545,0,48,48,45,1,,,,,,,
,,,,,,,,,,,,Images/IncongruentRight.jpeg,Incongruent Right,m,YY,20,female,yaer2,N,Y,Chinese,English,Japanese,2021-02-17_19h45.04.766,Tse_Altarriba_Simon1,2020.1.2,Win32,60,3826,,,m,1,0.62078,0,49,49,31,1,,,,,,,
,,,,,,,,,,,,Images/CongruentRight.jpeg,Congruent Right,m,YY,20,female,yaer2,N,Y,Chinese,English,Japanese,2021-02-17_19h45.04.766,Tse_Altarriba_Simon1,2020.1.2,Win32,60,3826,,,m,1,0.6995,0,50,50,11,1,,,,,,,
,,,,,,,,,,,,Images/NeurtalRight.jpeg,Neutral Right,m,YY,20,female,yaer2,N,Y,Chinese,English,Japanese,2021-02-17_19h45.04.766,Tse_Altarriba_Simon1,2020.1.2,Win32,60,3826,,,m,1,0.493435,0,51,51,51,1,,,,,,,
,,,,,,,,,,,,Images/IncongruentLeft.jpeg,Incongruent Left,z,YY,20,female,yaer2,N,Y,Chinese,English,Japanese,2021-02-17_19h45.04.766,Tse_Altarriba_Simon1,2020.1.2,Win32,60,3826,,,z,1,0.717475,0,52,52,21,1,,,,,,,
,,,,,,,,,,,,Images/NeutralLeft.jpeg,Neutral Left,z,YY,20,female,yaer2,N,Y,Chinese,English,Japanese,2021-02-17_19h45.04.766,Tse_Altarriba_Simon1,2020.1.2,Win32,60,3826,,,z,1,0.58456,0,53,53,47,1,,,,,,,
,,,,,,,,,,,,Images/NeutralLeft.jpeg,Neutral Left,z,YY,20,female,yaer2,N,Y,Chinese,English,Japanese,2021-02-17_19h45.04.766,Tse_Altarriba_Simon1,2020.1.2,Win32,60,3826,,,z,1,0.40079,0,54,54,48,1,,,,,,,
,,,,,,,,,,,,Images/CongruentLeft.jpeg,Congruent Left,z,YY,20,female,yaer2,N,Y,Chinese,English,Japanese,2021-02-17_19h45.04.766,Tse_Altarriba_Simon1,2020.1.2,Win32,60,3826,,,z,1,0.4687,0,55,55,1,1,,,,,,,
,,,,,,,,,,,,Images/CongruentRight.jpeg,Congruent Right,m,YY,20,female,yaer2,N,Y,Chinese,English,Japanese,2021-02-17_19h45.04.766,Tse_Altarriba_Simon1,2020.1.2,Win32,60,3826,,,m,1,0.512595,0,56,56,10,1,,,,,,,
,,,,,,,,,,,,Images/NeutralLeft.jpeg,Neutral Left,z,YY,20,female,yaer2,N,Y,Chinese,English,Japanese,2021-02-17_19h45.04.766,Tse_Altarriba_Simon1,2020.1.2,Win32,60,3826,,,z,1,0.520075,0,57,57,43,1,,,,,,,
,,,,,,,,,,,,Images/NeurtalRight.jpeg,Neutral Right,m,YY,20,female,yaer2,N,Y,Chinese,English,Japanese,2021-02-17_19h45.04.766,Tse_Altarriba_Simon1,2020.1.2,Win32,60,3826,,,m,1,0.460385,0,58,58,58,1,,,,,,,
,,,,,,,,,,,,Images/NeutralLeft.jpeg,Neutral Left,z,YY,20,female,yaer2,N,Y,Chinese,English,Japanese,2021-02-17_19h45.04.766,Tse_Altarriba_Simon1,2020.1.2,Win32,60,3826,,,z,1,0.482755,0,59,59,40,1,,,,,,,
,,,,,,,,,,,,Images/CongruentLeft.jpeg,Congruent Left,z,YY,20,female,yaer2,N,Y,Chinese,English,Japanese,2021-02-17_19h45.04.766,Tse_Altarriba_Simon1,2020.1.2,Win32,60,3826,,,z,1,1.26765,,,,,,space,3.072485,0,0,0,1,1
,,,,,,,,,,,,Images/IncongruentRight.jpeg,Incongruent Right,m,YY,20,female,yaer2,N,Y,Chinese,English,Japanese,2021-02-17_19h45.04.766,Tse_Altarriba_Simon1,2020.1.2,Win32,60,3826,,,m,1,0.4968,,,,,,,,0,1,1,39,1
,,,,,,,,,,,,Images/IncongruentRight.jpeg,Incongruent Right,m,YY,20,female,yaer2,N,Y,Chinese,English,Japanese,2021-02-17_19h45.04.766,Tse_Altarriba_Simon1,2020.1.2,Win32,60,3826,,,m,1,0.49789,,,,,,,,0,2,2,37,1
,,,,,,,,,,,,Images/NeutralLeft.jpeg,Neutral Left,z,YY,20,female,yaer2,N,Y,Chinese,English,Japanese,2021-02-17_19h45.04.766,Tse_Altarriba_Simon1,2020.1.2,Win32,60,3826,,,z,1,0.44743,,,,,,,,0,3,3,41,1
,,,,,,,,,,,,Images/IncongruentRight.jpeg,Incongruent Right,m,YY,20,female,yaer2,N,Y,Chinese,English,Japanese,2021-02-17_19h45.04.766,Tse_Altarriba_Simon1,2020.1.2,Win32,60,3826,,,m,1,0.53164,,,,,,,,0,4,4,36,1
,,,,,,,,,,,,Images/IncongruentRight.jpeg,Incongruent Right,m,YY,20,female,yaer2,N,Y,Chinese,English,Japanese,2021-02-17_19h45.04.766,Tse_Altarriba_Simon1,2020.1.2,Win32,60,3826,,,m,1,0.48265,,,,,,,,0,5,5,35,1
,,,,,,,,,,,,Images/CongruentLeft.jpeg,Congruent Left,z,YY,20,female,yaer2,N,Y,Chinese,English,Japanese,2021-02-17_19h45.04.766,Tse_Altarriba_Simon1,2020.1.2,Win32,60,3826,,,z,1,0.579125,,,,,,,,0,6,6,2,1
,,,,,,,,,,,,Images/IncongruentRight.jpeg,Incongruent Right,m,YY,20,female,yaer2,N,Y,Chinese,English,Japanese,2021-02-17_19h45.04.766,Tse_Altarriba_Simon1,2020.1.2,Win32,60,3826,,,m,1,0.597345,,,,,,,,0,7,7,34,1
,,,,,,,,,,,,Images/CongruentLeft.jpeg,Congruent Left,z,YY,20,female,yaer2,N,Y,Chinese,English,Japanese,2021-02-17_19h45.04.766,Tse_Altarriba_Simon1,2020.1.2,Win32,60,3826,,,z,1,0.77815,,,,,,,,0,8,8,0,1
,,,,,,,,,,,,Images/CongruentRight.jpeg,Congruent Right,m,YY,20,female,yaer2,N,Y,Chinese,English,Japanese,2021-02-17_19h45.04.766,Tse_Altarriba_Simon1,2020.1.2,Win32,60,3826,,,m,1,0.399535,,,,,,,,0,9,9,14,1
,,,,,,,,,,,,Images/IncongruentRight.jpeg,Incongruent Right,m,YY,20,female,yaer2,N,Y,Chinese,English,Japanese,2021-02-17_19h45.04.766,Tse_Altarriba_Simon1,2020.1.2,Win32,60,3826,,,z,0,0.517145,,,,,,,,0,10,10,33,1
,,,,,,,,,,,,Images/NeutralLeft.jpeg,Neutral Left,z,YY,20,female,yaer2,N,Y,Chinese,English,Japanese,2021-02-17_19h45.04.766,Tse_Altarriba_Simon1,2020.1.2,Win32,60,3826,,,z,1,0.522615,,,,,,,,0,11,11,48,1
,,,,,,,,,,,,Images/NeurtalRight.jpeg,Neutral Right,m,YY,20,female,yaer2,N,Y,Chinese,English,Japanese,2021-02-17_19h45.04.766,Tse_Altarriba_Simon1,2020.1.2,Win32,60,3826,,,m,1,0.62995,,,,,,,,0,12,12,58,1
,,,,,,,,,,,,Images/NeutralLeft.jpeg,Neutral Left,z,YY,20,female,yaer2,N,Y,Chinese,English,Japanese,2021-02-17_19h45.04.766,Tse_Altarriba_Simon1,2020.1.2,Win32,60,3826,,,z,1,0.51436,,,,,,,,0,13,13,47,1
,,,,,,,,,,,,Images/CongruentRight.jpeg,Congruent Right,m,YY,20,female,yaer2,N,Y,Chinese,English,Japanese,2021-02-17_19h45.04.766,Tse_Altarriba_Simon1,2020.1.2,Win32,60,3826,,,m,1,0.59038,,,,,,,,0,14,14,12,1
,,,,,,,,,,,,Images/NeurtalRight.jpeg,Neutral Right,m,YY,20,female,yaer2,N,Y,Chinese,English,Japanese,2021-02-17_19h45.04.766,Tse_Altarriba_Simon1,2020.1.2,Win32,60,3826,,,m,1,0.530285,,,,,,,,0,15,15,59,1
,,,,,,,,,,,,Images/IncongruentRight.jpeg,Incongruent Right,m,YY,20,female,yaer2,N,Y,Chinese,English,Japanese,2021-02-17_19h45.04.766,Tse_Altarriba_Simon1,2020.1.2,Win32,60,3826,,,m,1,0.511625,,,,,,,,0,16,16,32,1
,,,,,,,,,,,,Images/NeutralLeft.jpeg,Neutral Left,z,YY,20,female,yaer2,N,Y,Chinese,English,Japanese,2021-02-17_19h45.04.766,Tse_Altarriba_Simon1,2020.1.2,Win32,60,3826,,,z,1,0.59954,,,,,,,,0,17,17,43,1
,,,,,,,,,,,,Images/NeutralLeft.jpeg,Neutral Left,z,YY,20,female,yaer2,N,Y,Chinese,English,Japanese,2021-02-17_19h45.04.766,Tse_Altarriba_Simon1,2020.1.2,Win32,60,3826,,,z,1,0.427555,,,,,,,,0,18,18,44,1
,,,,,,,,,,,,Images/CongruentRight.jpeg,Congruent Right,m,YY,20,female,yaer2,N,Y,Chinese,English,Japanese,2021-02-17_19h45.04.766,Tse_Altarriba_Simon1,2020.1.2,Win32,60,3826,,,m,1,0.48268,,,,,,,,0,19,19,18,1
,,,,,,,,,,,,Images/IncongruentRight.jpeg,Incongruent Right,m,YY,20,female,yaer2,N,Y,Chinese,English,Japanese,2021-02-17_19h45.04.766,Tse_Altarriba_Simon1,2020.1.2,Win32,60,3826,,,m,1,0.580605,,,,,,,,0,20,20,31,1
,,,,,,,,,,,,Images/CongruentLeft.jpeg,Congruent Left,z,YY,20,female,yaer2,N,Y,Chinese,English,Japanese,2021-02-17_19h45.04.766,Tse_Altarriba_Simon1,2020.1.2,Win32,60,3826,,,z,1,0.39802,,,,,,,,0,21,21,7,1
,,,,,,,,,,,,Images/CongruentRight.jpeg,Congruent Right,m,YY,20,female,yaer2,N,Y,Chinese,English,Japanese,2021-02-17_19h45.04.766,Tse_Altarriba_Simon1,2020.1.2,Win32,60,3826,,,m,1,0.36862,,,,,,,,0,22,22,11,1
,,,,,,,,,,,,Images/IncongruentLeft.jpeg,Incongruent Left,z,YY,20,female,yaer2,N,Y,Chinese,English,Japanese,2021-02-17_19h45.04.766,Tse_Altarriba_Simon1,2020.1.2,Win32,60,3826,,,z,1,0.474075,,,,,,,,0,23,23,21,1
,,,,,,,,,,,,Images/IncongruentRight.jpeg,Incongruent Right,m,YY,20,female,yaer2,N,Y,Chinese,English,Japanese,2021-02-17_19h45.04.766,Tse_Altarriba_Simon1,2020.1.2,Win32,60,3826,,,m,1,0.513945,,,,,,,,0,24,24,30,1
,,,,,,,,,,,,Images/IncongruentLeft.jpeg,Incongruent Left,z,YY,20,female,yaer2,N,Y,Chinese,English,Japanese,2021-02-17_19h45.04.766,Tse_Altarriba_Simon1,2020.1.2,Win32,60,3826,,,z,1,0.730305,,,,,,,,0,25,25,24,1
,,,,,,,,,,,,Images/CongruentLeft.jpeg,Congruent Left,z,YY,20,female,yaer2,N,Y,Chinese,English,Japanese,2021-02-17_19h45.04.766,Tse_Altarriba_Simon1,2020.1.2,Win32,60,3826,,,z,1,0.485155,,,,,,,,0,26,26,6,1
,,,,,,,,,,,,Images/NeurtalRight.jpeg,Neutral Right,m,YY,20,female,yaer2,N,Y,Chinese,English,Japanese,2021-02-17_19h45.04.766,Tse_Altarriba_Simon1,2020.1.2,Win32,60,3826,,,m,1,0.51181,,,,,,,,0,27,27,53,1
,,,,,,,,,,,,Images/IncongruentLeft.jpeg,Incongruent Left,z,YY,20,female,yaer2,N,Y,Chinese,English,Japanese,2021-02-17_19h45.04.766,Tse_Altarriba_Simon1,2020.1.2,Win32,60,3826,,,z,1,0.4723,,,,,,,,0,28,28,27,1
,,,,,,,,,,,,Images/NeurtalRight.jpeg,Neutral Right,m,YY,20,female,yaer2,N,Y,Chinese,English,Japanese,2021-02-17_19h45.04.766,Tse_Altarriba_Simon1,2020.1.2,Win32,60,3826,,,m,1,0.4641,,,,,,,,0,29,29,50,1
,,,,,,,,,,,,Images/CongruentRight.jpeg,Congruent Right,m,YY,20,female,yaer2,N,Y,Chinese,English,Japanese,2021-02-17_19h45.04.766,Tse_Altarriba_Simon1,2020.1.2,Win32,60,3826,,,m,1,0.46442,,,,,,,,0,30,30,16,1
,,,,,,,,,,,,Images/IncongruentLeft.jpeg,Incongruent Left,z,YY,20,female,yaer2,N,Y,Chinese,English,Japanese,2021-02-17_19h45.04.766,Tse_Altarriba_Simon1,2020.1.2,Win32,60,3826,,,z,1,0.46822,,,,,,,,0,31,31,23,1
,,,,,,,,,,,,Images/IncongruentLeft.jpeg,Incongruent Left,z,YY,20,female,yaer2,N,Y,Chinese,English,Japanese,2021-02-17_19h45.04.766,Tse_Altarriba_Simon1,2020.1.2,Win32,60,3826,,,z,1,0.549465,,,,,,,,0,32,32,28,1
,,,,,,,,,,,,Images/IncongruentLeft.jpeg,Incongruent Left,z,YY,20,female,yaer2,N,Y,Chinese,English,Japanese,2021-02-17_19h45.04.766,Tse_Altarriba_Simon1,2020.1.2,Win32,60,3826,,,z,1,0.48141,,,,,,,,0,33,33,25,1
,,,,,,,,,,,,Images/CongruentLeft.jpeg,Congruent Left,z,YY,20,female,yaer2,N,Y,Chinese,English,Japanese,2021-02-17_19h45.04.766,Tse_Altarriba_Simon1,2020.1.2,Win32,60,3826,,,z,1,0.512965,,,,,,,,0,34,34,9,1
,,,,,,,,,,,,Images/CongruentLeft.jpeg,Congruent Left,z,YY,20,female,yaer2,N,Y,Chinese,English,Japanese,2021-02-17_19h45.04.766,Tse_Altarriba_Simon1,2020.1.2,Win32,60,3826,,,z,1,0.39808,,,,,,,,0,35,35,4,1
,,,,,,,,,,,,Images/NeurtalRight.jpeg,Neutral Right,m,YY,20,female,yaer2,N,Y,Chinese,English,Japanese,2021-02-17_19h45.04.766,Tse_Altarriba_Simon1,2020.1.2,Win32,60,3826,,,m,1,0.434145,,,,,,,,0,36,36,52,1
,,,,,,,,,,,,Images/IncongruentLeft.jpeg,Incongruent Left,z,YY,20,female,yaer2,N,Y,Chinese,English,Japanese,2021-02-17_19h45.04.766,Tse_Altarriba_Simon1,2020.1.2,Win32,60,3826,,,z,1,0.532285,,,,,,,,0,37,37,20,1
,,,,,,,,,,,,Images/CongruentRight.jpeg,Congruent Right,m,YY,20,female,yaer2,N,Y,Chinese,English,Japanese,2021-02-17_19h45.04.766,Tse_Altarriba_Simon1,2020.1.2,Win32,60,3826,,,m,1,0.501495,,,,,,,,0,38,38,19,1
,,,,,,,,,,,,Images/CongruentRight.jpeg,Congruent Right,m,YY,20,female,yaer2,N,Y,Chinese,English,Japanese,2021-02-17_19h45.04.766,Tse_Altarriba_Simon1,2020.1.2,Win32,60,3826,,,m,1,0.51305,,,,,,,,0,39,39,15,1
,,,,,,,,,,,,Images/IncongruentLeft.jpeg,Incongruent Left,z,YY,20,female,yaer2,N,Y,Chinese,English,Japanese,2021-02-17_19h45.04.766,Tse_Altarriba_Simon1,2020.1.2,Win32,60,3826,,,z,1,0.42388,,,,,,,,0,40,40,22,1
,,,,,,,,,,,,Images/IncongruentLeft.jpeg,Incongruent Left,z,YY,20,female,yaer2,N,Y,Chinese,English,Japanese,2021-02-17_19h45.04.766,Tse_Altarriba_Simon1,2020.1.2,Win32,60,3826,,,z,1,0.445025,,,,,,,,0,41,41,29,1
,,,,,,,,,,,,Images/NeurtalRight.jpeg,Neutral Right,m,YY,20,female,yaer2,N,Y,Chinese,English,Japanese,2021-02-17_19h45.04.766,Tse_Altarriba_Simon1,2020.1.2,Win32,60,3826,,,m,1,0.5112,,,,,,,,0,42,42,56,1
,,,,,,,,,,,,Images/NeutralLeft.jpeg,Neutral Left,z,YY,20,female,yaer2,N,Y,Chinese,English,Japanese,2021-02-17_19h45.04.766,Tse_Altarriba_Simon1,2020.1.2,Win32,60,3826,,,z,1,0.41419,,,,,,,,0,43,43,49,1
,,,,,,,,,,,,Images/IncongruentRight.jpeg,Incongruent Right,m,YY,20,female,yaer2,N,Y,Chinese,English,Japanese,2021-02-17_19h45.04.766,Tse_Altarriba_Simon1,2020.1.2,Win32,60,3826,,,m,1,0.469045,,,,,,,,0,44,44,38,1
,,,,,,,,,,,,Images/CongruentRight.jpeg,Congruent Right,m,YY,20,female,yaer2,N,Y,Chinese,English,Japanese,2021-02-17_19h45.04.766,Tse_Altarriba_Simon1,2020.1.2,Win32,60,3826,,,m,1,0.496885,,,,,,,,0,45,45,17,1
,,,,,,,,,,,,Images/IncongruentLeft.jpeg,Incongruent Left,z,YY,20,female,yaer2,N,Y,Chinese,English,Japanese,2021-02-17_19h45.04.766,Tse_Altarriba_Simon1,2020.1.2,Win32,60,3826,,,z,1,0.49426,,,,,,,,0,46,46,26,1
,,,,,,,,,,,,Images/NeurtalRight.jpeg,Neutral Right,m,YY,20,female,yaer2,N,Y,Chinese,English,Japanese,2021-02-17_19h45.04.766,Tse_Altarriba_Simon1,2020.1.2,Win32,60,3826,,,m,1,0.513225,,,,,,,,0,47,47,55,1
,,,,,,,,,,,,Images/CongruentLeft.jpeg,Congruent Left,z,YY,20,female,yaer2,N,Y,Chinese,English,Japanese,2021-02-17_19h45.04.766,Tse_Altarriba_Simon1,2020.1.2,Win32,60,3826,,,z,1,0.467705,,,,,,,,0,48,48,5,1
,,,,,,,,,,,,Images/CongruentRight.jpeg,Congruent Right,m,YY,20,female,yaer2,N,Y,Chinese,English,Japanese,2021-02-17_19h45.04.766,Tse_Altarriba_Simon1,2020.1.2,Win32,60,3826,,,m,1,0.48033,,,,,,,,0,49,49,13,1
,,,,,,,,,,,,Images/NeurtalRight.jpeg,Neutral Right,m,YY,20,female,yaer2,N,Y,Chinese,English,Japanese,2021-02-17_19h45.04.766,Tse_Altarriba_Simon1,2020.1.2,Win32,60,3826,,,m,1,0.519605,,,,,,,,0,50,50,51,1
,,,,,,,,,,,,Images/NeutralLeft.jpeg,Neutral Left,z,YY,20,female,yaer2,N,Y,Chinese,English,Japanese,2021-02-17_19h45.04.766,Tse_Altarriba_Simon1,2020.1.2,Win32,60,3826,,,z,1,0.419825,,,,,,,,0,51,51,46,1
,,,,,,,,,,,,Images/NeutralLeft.jpeg,Neutral Left,z,YY,20,female,yaer2,N,Y,Chinese,English,Japanese,2021-02-17_19h45.04.766,Tse_Altarriba_Simon1,2020.1.2,Win32,60,3826,,,z,1,0.418995,,,,,,,,0,52,52,42,1
,,,,,,,,,,,,Images/NeutralLeft.jpeg,Neutral Left,z,YY,20,female,yaer2,N,Y,Chinese,English,Japanese,2021-02-17_19h45.04.766,Tse_Altarriba_Simon1,2020.1.2,Win32,60,3826,,,z,1,0.444305,,,,,,,,0,53,53,45,1
,,,,,,,,,,,,Images/CongruentLeft.jpeg,Congruent Left,z,YY,20,female,yaer2,N,Y,Chinese,English,Japanese,2021-02-17_19h45.04.766,Tse_Altarriba_Simon1,2020.1.2,Win32,60,3826,,,z,1,0.46806,,,,,,,,0,54,54,3,1
,,,,,,,,,,,,Images/CongruentLeft.jpeg,Congruent Left,z,YY,20,female,yaer2,N,Y,Chinese,English,Japanese,2021-02-17_19h45.04.766,Tse_Altarriba_Simon1,2020.1.2,Win32,60,3826,,,z,1,0.48428,,,,,,,,0,55,55,8,1
,,,,,,,,,,,,Images/NeutralLeft.jpeg,Neutral Left,z,YY,20,female,yaer2,N,Y,Chinese,English,Japanese,2021-02-17_19h45.04.766,Tse_Altarriba_Simon1,2020.1.2,Win32,60,3826,,,z,1,0.517795,,,,,,,,0,56,56,40,1
,,,,,,,,,,,,Images/NeurtalRight.jpeg,Neutral Right,m,YY,20,female,yaer2,N,Y,Chinese,English,Japanese,2021-02-17_19h45.04.766,Tse_Altarriba_Simon1,2020.1.2,Win32,60,3826,,,m,1,0.552625,,,,,,,,0,57,57,54,1
,,,,,,,,,,,,Images/NeurtalRight.jpeg,Neutral Right,m,YY,20,female,yaer2,N,Y,Chinese,English,Japanese,2021-02-17_19h45.04.766,Tse_Altarriba_Simon1,2020.1.2,Win32,60,3826,,,m,1,0.45904,,,,,,,,0,58,58,57,1
,,,,,,,,,,,,Images/CongruentRight.jpeg,Congruent Right,m,YY,20,female,yaer2,N,Y,Chinese,English,Japanese,2021-02-17_19h45.04.766,Tse_Altarriba_Simon1,2020.1.2,Win32,60,3826,,,m,1,0.481775,,,,,,,,0,59,59,10,1
