Space1.keys,Space1.rt,Space2.keys,Space2.rt,response.keys,response.corr,response.rt,Practice_loop.thisRepN,Practice_loop.thisTrialN,Practice_loop.thisN,Practice_loop.thisIndex,Practice_loop.ran,ImageFile,Condition,CorrAns,Your initials,What is your age?,What is your gender?,What year are you in?,Are you Dyslexic? (Y/N),Are you bi/multilingual? (Y/N),What is your first language?,"What is your second language? (if you are monollingual, leave blank)",What other languages do you speak?,date,expName,psychopyVersion,OS,frameRate,participant,Space3.keys,Space3.rt,key_resp_2.keys,key_resp_2.corr,key_resp_2.rt,trials.thisRepN,trials.thisTrialN,trials.thisN,trials.thisIndex,trials.ran,Space4.keys,Space4.rt,trials_2.thisRepN,trials_2.thisTrialN,trials_2.thisN,trials_2.thisIndex,trials_2.ran
space,4.216585,space,33.252835,m,1,1.272305,0,0,0,7,1,Images/IncongruentRight.jpeg,Incongruent Right,m,A,45,Female,1 MSc,N,,,,,2021-02-08_17h17.50.578,Tse_Altarriba_Simon1,2020.1.2,MacIntel,60,4669,,,,,,,,,,,,,,,,,
,,,,z,1,0.72363,0,1,1,9,1,Images/NeutralLeft.jpeg,Neutral Left,z,A,45,Female,1 MSc,N,,,,,2021-02-08_17h17.50.578,Tse_Altarriba_Simon1,2020.1.2,MacIntel,60,4669,,,,,,,,,,,,,,,,,
,,,,z,1,1.05096,0,2,2,4,1,Images/IncongruentLeft.jpeg,Incongruent Left,z,A,45,Female,1 MSc,N,,,,,2021-02-08_17h17.50.578,Tse_Altarriba_Simon1,2020.1.2,MacIntel,60,4669,,,,,,,,,,,,,,,,,
,,,,z,1,0.69828,0,3,3,1,1,Images/CongruentLeft.jpeg,Congruent Left,z,A,45,Female,1 MSc,N,,,,,2021-02-08_17h17.50.578,Tse_Altarriba_Simon1,2020.1.2,MacIntel,60,4669,,,,,,,,,,,,,,,,,
,,,,m,1,0.54705,0,4,4,11,1,Images/NeurtalRight.jpeg,Neutral Right,m,A,45,Female,1 MSc,N,,,,,2021-02-08_17h17.50.578,Tse_Altarriba_Simon1,2020.1.2,MacIntel,60,4669,,,,,,,,,,,,,,,,,
,,,,m,1,0.694575,0,5,5,10,1,Images/NeurtalRight.jpeg,Neutral Right,m,A,45,Female,1 MSc,N,,,,,2021-02-08_17h17.50.578,Tse_Altarriba_Simon1,2020.1.2,MacIntel,60,4669,,,,,,,,,,,,,,,,,
,,,,m,1,0.617475,0,6,6,2,1,Images/CongruentRight.jpeg,Congruent Right,m,A,45,Female,1 MSc,N,,,,,2021-02-08_17h17.50.578,Tse_Altarriba_Simon1,2020.1.2,MacIntel,60,4669,,,,,,,,,,,,,,,,,
,,,,m,1,0.556795,0,7,7,3,1,Images/CongruentRight.jpeg,Congruent Right,m,A,45,Female,1 MSc,N,,,,,2021-02-08_17h17.50.578,Tse_Altarriba_Simon1,2020.1.2,MacIntel,60,4669,,,,,,,,,,,,,,,,,
,,,,z,1,0.783475,0,8,8,8,1,Images/NeutralLeft.jpeg,Neutral Left,z,A,45,Female,1 MSc,N,,,,,2021-02-08_17h17.50.578,Tse_Altarriba_Simon1,2020.1.2,MacIntel,60,4669,,,,,,,,,,,,,,,,,
,,,,z,1,0.518175,0,9,9,0,1,Images/CongruentLeft.jpeg,Congruent Left,z,A,45,Female,1 MSc,N,,,,,2021-02-08_17h17.50.578,Tse_Altarriba_Simon1,2020.1.2,MacIntel,60,4669,,,,,,,,,,,,,,,,,
,,,,z,1,0.67616,0,10,10,5,1,Images/IncongruentLeft.jpeg,Incongruent Left,z,A,45,Female,1 MSc,N,,,,,2021-02-08_17h17.50.578,Tse_Altarriba_Simon1,2020.1.2,MacIntel,60,4669,,,,,,,,,,,,,,,,,
,,,,m,1,0.70417,0,11,11,6,1,Images/IncongruentRight.jpeg,Incongruent Right,m,A,45,Female,1 MSc,N,,,,,2021-02-08_17h17.50.578,Tse_Altarriba_Simon1,2020.1.2,MacIntel,60,4669,,,,,,,,,,,,,,,,,
,,,,,,,,,,,,Images/IncongruentRight.jpeg,Incongruent Right,m,A,45,Female,1 MSc,N,,,,,2021-02-08_17h17.50.578,Tse_Altarriba_Simon1,2020.1.2,MacIntel,60,4669,space,12.943875,m,1,0.533925,0,0,0,30,1,,,,,,,
,,,,,,,,,,,,Images/IncongruentRight.jpeg,Incongruent Right,m,A,45,Female,1 MSc,N,,,,,2021-02-08_17h17.50.578,Tse_Altarriba_Simon1,2020.1.2,MacIntel,60,4669,,,m,1,0.531645,0,1,1,37,1,,,,,,,
,,,,,,,,,,,,Images/CongruentRight.jpeg,Congruent Right,m,A,45,Female,1 MSc,N,,,,,2021-02-08_17h17.50.578,Tse_Altarriba_Simon1,2020.1.2,MacIntel,60,4669,,,m,1,0.504645,0,2,2,19,1,,,,,,,
,,,,,,,,,,,,Images/CongruentRight.jpeg,Congruent Right,m,A,45,Female,1 MSc,N,,,,,2021-02-08_17h17.50.578,Tse_Altarriba_Simon1,2020.1.2,MacIntel,60,4669,,,m,1,0.46883,0,3,3,16,1,,,,,,,
,,,,,,,,,,,,Images/NeutralLeft.jpeg,Neutral Left,z,A,45,Female,1 MSc,N,,,,,2021-02-08_17h17.50.578,Tse_Altarriba_Simon1,2020.1.2,MacIntel,60,4669,,,z,1,0.482745,0,4,4,46,1,,,,,,,
,,,,,,,,,,,,Images/NeutralLeft.jpeg,Neutral Left,z,A,45,Female,1 MSc,N,,,,,2021-02-08_17h17.50.578,Tse_Altarriba_Simon1,2020.1.2,MacIntel,60,4669,,,z,1,0.50373,0,5,5,48,1,,,,,,,
,,,,,,,,,,,,Images/CongruentLeft.jpeg,Congruent Left,z,A,45,Female,1 MSc,N,,,,,2021-02-08_17h17.50.578,Tse_Altarriba_Simon1,2020.1.2,MacIntel,60,4669,,,z,1,0.434535,0,6,6,6,1,,,,,,,
,,,,,,,,,,,,Images/NeurtalRight.jpeg,Neutral Right,m,A,45,Female,1 MSc,N,,,,,2021-02-08_17h17.50.578,Tse_Altarriba_Simon1,2020.1.2,MacIntel,60,4669,,,m,1,0.483525,0,7,7,56,1,,,,,,,
,,,,,,,,,,,,Images/NeutralLeft.jpeg,Neutral Left,z,A,45,Female,1 MSc,N,,,,,2021-02-08_17h17.50.578,Tse_Altarriba_Simon1,2020.1.2,MacIntel,60,4669,,,z,1,0.56348,0,8,8,47,1,,,,,,,
,,,,,,,,,,,,Images/IncongruentRight.jpeg,Incongruent Right,m,A,45,Female,1 MSc,N,,,,,2021-02-08_17h17.50.578,Tse_Altarriba_Simon1,2020.1.2,MacIntel,60,4669,,,m,1,0.512495,0,9,9,33,1,,,,,,,
,,,,,,,,,,,,Images/NeurtalRight.jpeg,Neutral Right,m,A,45,Female,1 MSc,N,,,,,2021-02-08_17h17.50.578,Tse_Altarriba_Simon1,2020.1.2,MacIntel,60,4669,,,m,1,0.521415,0,10,10,53,1,,,,,,,
,,,,,,,,,,,,Images/CongruentLeft.jpeg,Congruent Left,z,A,45,Female,1 MSc,N,,,,,2021-02-08_17h17.50.578,Tse_Altarriba_Simon1,2020.1.2,MacIntel,60,4669,,,z,1,0.42173,0,11,11,8,1,,,,,,,
,,,,,,,,,,,,Images/IncongruentLeft.jpeg,Incongruent Left,z,A,45,Female,1 MSc,N,,,,,2021-02-08_17h17.50.578,Tse_Altarriba_Simon1,2020.1.2,MacIntel,60,4669,,,z,1,0.68523,0,12,12,24,1,,,,,,,
,,,,,,,,,,,,Images/IncongruentRight.jpeg,Incongruent Right,m,A,45,Female,1 MSc,N,,,,,2021-02-08_17h17.50.578,Tse_Altarriba_Simon1,2020.1.2,MacIntel,60,4669,,,m,1,0.563045,0,13,13,31,1,,,,,,,
,,,,,,,,,,,,Images/CongruentRight.jpeg,Congruent Right,m,A,45,Female,1 MSc,N,,,,,2021-02-08_17h17.50.578,Tse_Altarriba_Simon1,2020.1.2,MacIntel,60,4669,,,m,1,0.485,0,14,14,10,1,,,,,,,
,,,,,,,,,,,,Images/NeurtalRight.jpeg,Neutral Right,m,A,45,Female,1 MSc,N,,,,,2021-02-08_17h17.50.578,Tse_Altarriba_Simon1,2020.1.2,MacIntel,60,4669,,,m,1,0.51475,0,15,15,59,1,,,,,,,
,,,,,,,,,,,,Images/CongruentRight.jpeg,Congruent Right,m,A,45,Female,1 MSc,N,,,,,2021-02-08_17h17.50.578,Tse_Altarriba_Simon1,2020.1.2,MacIntel,60,4669,,,m,1,0.43334,0,16,16,18,1,,,,,,,
,,,,,,,,,,,,Images/IncongruentRight.jpeg,Incongruent Right,m,A,45,Female,1 MSc,N,,,,,2021-02-08_17h17.50.578,Tse_Altarriba_Simon1,2020.1.2,MacIntel,60,4669,,,m,1,0.646875,0,17,17,39,1,,,,,,,
,,,,,,,,,,,,Images/NeutralLeft.jpeg,Neutral Left,z,A,45,Female,1 MSc,N,,,,,2021-02-08_17h17.50.578,Tse_Altarriba_Simon1,2020.1.2,MacIntel,60,4669,,,z,1,0.5467,0,18,18,49,1,,,,,,,
,,,,,,,,,,,,Images/IncongruentLeft.jpeg,Incongruent Left,z,A,45,Female,1 MSc,N,,,,,2021-02-08_17h17.50.578,Tse_Altarriba_Simon1,2020.1.2,MacIntel,60,4669,,,z,1,0.651885,0,19,19,25,1,,,,,,,
,,,,,,,,,,,,Images/CongruentLeft.jpeg,Congruent Left,z,A,45,Female,1 MSc,N,,,,,2021-02-08_17h17.50.578,Tse_Altarriba_Simon1,2020.1.2,MacIntel,60,4669,,,z,1,0.52296,0,20,20,1,1,,,,,,,
,,,,,,,,,,,,Images/NeurtalRight.jpeg,Neutral Right,m,A,45,Female,1 MSc,N,,,,,2021-02-08_17h17.50.578,Tse_Altarriba_Simon1,2020.1.2,MacIntel,60,4669,,,m,1,0.48343,0,21,21,58,1,,,,,,,
,,,,,,,,,,,,Images/IncongruentLeft.jpeg,Incongruent Left,z,A,45,Female,1 MSc,N,,,,,2021-02-08_17h17.50.578,Tse_Altarriba_Simon1,2020.1.2,MacIntel,60,4669,,,z,1,0.663845,0,22,22,29,1,,,,,,,
,,,,,,,,,,,,Images/CongruentRight.jpeg,Congruent Right,m,A,45,Female,1 MSc,N,,,,,2021-02-08_17h17.50.578,Tse_Altarriba_Simon1,2020.1.2,MacIntel,60,4669,,,m,1,0.40973,0,23,23,17,1,,,,,,,
,,,,,,,,,,,,Images/CongruentRight.jpeg,Congruent Right,m,A,45,Female,1 MSc,N,,,,,2021-02-08_17h17.50.578,Tse_Altarriba_Simon1,2020.1.2,MacIntel,60,4669,,,m,1,0.43555,0,24,24,15,1,,,,,,,
,,,,,,,,,,,,Images/NeurtalRight.jpeg,Neutral Right,m,A,45,Female,1 MSc,N,,,,,2021-02-08_17h17.50.578,Tse_Altarriba_Simon1,2020.1.2,MacIntel,60,4669,,,m,1,0.46973,0,25,25,54,1,,,,,,,
,,,,,,,,,,,,Images/NeutralLeft.jpeg,Neutral Left,z,A,45,Female,1 MSc,N,,,,,2021-02-08_17h17.50.578,Tse_Altarriba_Simon1,2020.1.2,MacIntel,60,4669,,,z,1,0.45522,0,26,26,41,1,,,,,,,
,,,,,,,,,,,,Images/CongruentLeft.jpeg,Congruent Left,z,A,45,Female,1 MSc,N,,,,,2021-02-08_17h17.50.578,Tse_Altarriba_Simon1,2020.1.2,MacIntel,60,4669,,,z,1,0.537105,0,27,27,5,1,,,,,,,
,,,,,,,,,,,,Images/CongruentLeft.jpeg,Congruent Left,z,A,45,Female,1 MSc,N,,,,,2021-02-08_17h17.50.578,Tse_Altarriba_Simon1,2020.1.2,MacIntel,60,4669,,,z,1,0.485325,0,28,28,3,1,,,,,,,
,,,,,,,,,,,,Images/IncongruentLeft.jpeg,Incongruent Left,z,A,45,Female,1 MSc,N,,,,,2021-02-08_17h17.50.578,Tse_Altarriba_Simon1,2020.1.2,MacIntel,60,4669,,,z,1,0.673735,0,29,29,21,1,,,,,,,
,,,,,,,,,,,,Images/IncongruentLeft.jpeg,Incongruent Left,z,A,45,Female,1 MSc,N,,,,,2021-02-08_17h17.50.578,Tse_Altarriba_Simon1,2020.1.2,MacIntel,60,4669,,,z,1,0.579815,0,30,30,26,1,,,,,,,
,,,,,,,,,,,,Images/IncongruentLeft.jpeg,Incongruent Left,z,A,45,Female,1 MSc,N,,,,,2021-02-08_17h17.50.578,Tse_Altarriba_Simon1,2020.1.2,MacIntel,60,4669,,,z,1,0.55126,0,31,31,27,1,,,,,,,
,,,,,,,,,,,,Images/CongruentLeft.jpeg,Congruent Left,z,A,45,Female,1 MSc,N,,,,,2021-02-08_17h17.50.578,Tse_Altarriba_Simon1,2020.1.2,MacIntel,60,4669,,,z,1,0.501785,0,32,32,4,1,,,,,,,
,,,,,,,,,,,,Images/NeutralLeft.jpeg,Neutral Left,z,A,45,Female,1 MSc,N,,,,,2021-02-08_17h17.50.578,Tse_Altarriba_Simon1,2020.1.2,MacIntel,60,4669,,,z,1,0.555045,0,33,33,45,1,,,,,,,
,,,,,,,,,,,,Images/CongruentLeft.jpeg,Congruent Left,z,A,45,Female,1 MSc,N,,,,,2021-02-08_17h17.50.578,Tse_Altarriba_Simon1,2020.1.2,MacIntel,60,4669,,,z,1,0.456965,0,34,34,0,1,,,,,,,
,,,,,,,,,,,,Images/NeurtalRight.jpeg,Neutral Right,m,A,45,Female,1 MSc,N,,,,,2021-02-08_17h17.50.578,Tse_Altarriba_Simon1,2020.1.2,MacIntel,60,4669,,,m,1,0.51598,0,35,35,52,1,,,,,,,
,,,,,,,,,,,,Images/IncongruentLeft.jpeg,Incongruent Left,z,A,45,Female,1 MSc,N,,,,,2021-02-08_17h17.50.578,Tse_Altarriba_Simon1,2020.1.2,MacIntel,60,4669,,,z,1,0.6668,0,36,36,22,1,,,,,,,
,,,,,,,,,,,,Images/NeurtalRight.jpeg,Neutral Right,m,A,45,Female,1 MSc,N,,,,,2021-02-08_17h17.50.578,Tse_Altarriba_Simon1,2020.1.2,MacIntel,60,4669,,,m,1,0.59902,0,37,37,50,1,,,,,,,
,,,,,,,,,,,,Images/IncongruentRight.jpeg,Incongruent Right,m,A,45,Female,1 MSc,N,,,,,2021-02-08_17h17.50.578,Tse_Altarriba_Simon1,2020.1.2,MacIntel,60,4669,,,m,1,0.546415,0,38,38,38,1,,,,,,,
,,,,,,,,,,,,Images/CongruentLeft.jpeg,Congruent Left,z,A,45,Female,1 MSc,N,,,,,2021-02-08_17h17.50.578,Tse_Altarriba_Simon1,2020.1.2,MacIntel,60,4669,,,z,1,0.448225,0,39,39,2,1,,,,,,,
,,,,,,,,,,,,Images/CongruentRight.jpeg,Congruent Right,m,A,45,Female,1 MSc,N,,,,,2021-02-08_17h17.50.578,Tse_Altarriba_Simon1,2020.1.2,MacIntel,60,4669,,,m,1,0.44994,0,40,40,11,1,,,,,,,
,,,,,,,,,,,,Images/NeutralLeft.jpeg,Neutral Left,z,A,45,Female,1 MSc,N,,,,,2021-02-08_17h17.50.578,Tse_Altarriba_Simon1,2020.1.2,MacIntel,60,4669,,,z,1,0.566935,0,41,41,40,1,,,,,,,
,,,,,,,,,,,,Images/CongruentLeft.jpeg,Congruent Left,z,A,45,Female,1 MSc,N,,,,,2021-02-08_17h17.50.578,Tse_Altarriba_Simon1,2020.1.2,MacIntel,60,4669,,,z,1,0.48351,0,42,42,7,1,,,,,,,
,,,,,,,,,,,,Images/NeurtalRight.jpeg,Neutral Right,m,A,45,Female,1 MSc,N,,,,,2021-02-08_17h17.50.578,Tse_Altarriba_Simon1,2020.1.2,MacIntel,60,4669,,,m,1,0.56686,0,43,43,55,1,,,,,,,
,,,,,,,,,,,,Images/IncongruentRight.jpeg,Incongruent Right,m,A,45,Female,1 MSc,N,,,,,2021-02-08_17h17.50.578,Tse_Altarriba_Simon1,2020.1.2,MacIntel,60,4669,,,m,1,0.565705,0,44,44,35,1,,,,,,,
,,,,,,,,,,,,Images/CongruentRight.jpeg,Congruent Right,m,A,45,Female,1 MSc,N,,,,,2021-02-08_17h17.50.578,Tse_Altarriba_Simon1,2020.1.2,MacIntel,60,4669,,,m,1,0.5703,0,45,45,12,1,,,,,,,
,,,,,,,,,,,,Images/IncongruentLeft.jpeg,Incongruent Left,z,A,45,Female,1 MSc,N,,,,,2021-02-08_17h17.50.578,Tse_Altarriba_Simon1,2020.1.2,MacIntel,60,4669,,,z,1,0.670155,0,46,46,28,1,,,,,,,
,,,,,,,,,,,,Images/NeurtalRight.jpeg,Neutral Right,m,A,45,Female,1 MSc,N,,,,,2021-02-08_17h17.50.578,Tse_Altarriba_Simon1,2020.1.2,MacIntel,60,4669,,,m,1,0.48172,0,47,47,51,1,,,,,,,
,,,,,,,,,,,,Images/IncongruentLeft.jpeg,Incongruent Left,z,A,45,Female,1 MSc,N,,,,,2021-02-08_17h17.50.578,Tse_Altarriba_Simon1,2020.1.2,MacIntel,60,4669,,,z,1,0.665675,0,48,48,20,1,,,,,,,
,,,,,,,,,,,,Images/IncongruentLeft.jpeg,Incongruent Left,z,A,45,Female,1 MSc,N,,,,,2021-02-08_17h17.50.578,Tse_Altarriba_Simon1,2020.1.2,MacIntel,60,4669,,,z,1,0.65259,0,49,49,23,1,,,,,,,
,,,,,,,,,,,,Images/IncongruentRight.jpeg,Incongruent Right,m,A,45,Female,1 MSc,N,,,,,2021-02-08_17h17.50.578,Tse_Altarriba_Simon1,2020.1.2,MacIntel,60,4669,,,m,1,0.549065,0,50,50,32,1,,,,,,,
,,,,,,,,,,,,Images/CongruentRight.jpeg,Congruent Right,m,A,45,Female,1 MSc,N,,,,,2021-02-08_17h17.50.578,Tse_Altarriba_Simon1,2020.1.2,MacIntel,60,4669,,,m,1,0.50377,0,51,51,14,1,,,,,,,
,,,,,,,,,,,,Images/NeurtalRight.jpeg,Neutral Right,m,A,45,Female,1 MSc,N,,,,,2021-02-08_17h17.50.578,Tse_Altarriba_Simon1,2020.1.2,MacIntel,60,4669,,,m,1,0.55517,0,52,52,57,1,,,,,,,
,,,,,,,,,,,,Images/NeutralLeft.jpeg,Neutral Left,z,A,45,Female,1 MSc,N,,,,,2021-02-08_17h17.50.578,Tse_Altarriba_Simon1,2020.1.2,MacIntel,60,4669,,,z,1,0.512725,0,53,53,44,1,,,,,,,
,,,,,,,,,,,,Images/NeutralLeft.jpeg,Neutral Left,z,A,45,Female,1 MSc,N,,,,,2021-02-08_17h17.50.578,Tse_Altarriba_Simon1,2020.1.2,MacIntel,60,4669,,,z,1,0.62041,0,54,54,42,1,,,,,,,
,,,,,,,,,,,,Images/IncongruentRight.jpeg,Incongruent Right,m,A,45,Female,1 MSc,N,,,,,2021-02-08_17h17.50.578,Tse_Altarriba_Simon1,2020.1.2,MacIntel,60,4669,,,m,1,0.526385,0,55,55,36,1,,,,,,,
,,,,,,,,,,,,Images/IncongruentRight.jpeg,Incongruent Right,m,A,45,Female,1 MSc,N,,,,,2021-02-08_17h17.50.578,Tse_Altarriba_Simon1,2020.1.2,MacIntel,60,4669,,,m,1,0.51526,0,56,56,34,1,,,,,,,
,,,,,,,,,,,,Images/NeutralLeft.jpeg,Neutral Left,z,A,45,Female,1 MSc,N,,,,,2021-02-08_17h17.50.578,Tse_Altarriba_Simon1,2020.1.2,MacIntel,60,4669,,,z,1,0.5157,0,57,57,43,1,,,,,,,
,,,,,,,,,,,,Images/CongruentLeft.jpeg,Congruent Left,z,A,45,Female,1 MSc,N,,,,,2021-02-08_17h17.50.578,Tse_Altarriba_Simon1,2020.1.2,MacIntel,60,4669,,,z,1,0.499395,0,58,58,9,1,,,,,,,
,,,,,,,,,,,,Images/CongruentRight.jpeg,Congruent Right,m,A,45,Female,1 MSc,N,,,,,2021-02-08_17h17.50.578,Tse_Altarriba_Simon1,2020.1.2,MacIntel,60,4669,,,m,1,0.418175,0,59,59,13,1,,,,,,,
,,,,,,,,,,,,Images/NeurtalRight.jpeg,Neutral Right,m,A,45,Female,1 MSc,N,,,,,2021-02-08_17h17.50.578,Tse_Altarriba_Simon1,2020.1.2,MacIntel,60,4669,,,m,1,0.46162,,,,,,space,7.40316,0,0,0,57,1
,,,,,,,,,,,,Images/IncongruentLeft.jpeg,Incongruent Left,z,A,45,Female,1 MSc,N,,,,,2021-02-08_17h17.50.578,Tse_Altarriba_Simon1,2020.1.2,MacIntel,60,4669,,,z,1,0.63373,,,,,,,,0,1,1,25,1
,,,,,,,,,,,,Images/NeutralLeft.jpeg,Neutral Left,z,A,45,Female,1 MSc,N,,,,,2021-02-08_17h17.50.578,Tse_Altarriba_Simon1,2020.1.2,MacIntel,60,4669,,,z,1,0.60221,,,,,,,,0,2,2,40,1
,,,,,,,,,,,,Images/CongruentLeft.jpeg,Congruent Left,z,A,45,Female,1 MSc,N,,,,,2021-02-08_17h17.50.578,Tse_Altarriba_Simon1,2020.1.2,MacIntel,60,4669,,,z,1,0.543345,,,,,,,,0,3,3,6,1
,,,,,,,,,,,,Images/NeutralLeft.jpeg,Neutral Left,z,A,45,Female,1 MSc,N,,,,,2021-02-08_17h17.50.578,Tse_Altarriba_Simon1,2020.1.2,MacIntel,60,4669,,,z,1,0.550025,,,,,,,,0,4,4,41,1
,,,,,,,,,,,,Images/NeurtalRight.jpeg,Neutral Right,m,A,45,Female,1 MSc,N,,,,,2021-02-08_17h17.50.578,Tse_Altarriba_Simon1,2020.1.2,MacIntel,60,4669,,,m,1,0.439845,,,,,,,,0,5,5,51,1
,,,,,,,,,,,,Images/IncongruentRight.jpeg,Incongruent Right,m,A,45,Female,1 MSc,N,,,,,2021-02-08_17h17.50.578,Tse_Altarriba_Simon1,2020.1.2,MacIntel,60,4669,,,m,1,0.5053,,,,,,,,0,6,6,33,1
,,,,,,,,,,,,Images/CongruentLeft.jpeg,Congruent Left,z,A,45,Female,1 MSc,N,,,,,2021-02-08_17h17.50.578,Tse_Altarriba_Simon1,2020.1.2,MacIntel,60,4669,,,z,1,0.51671,,,,,,,,0,7,7,5,1
,,,,,,,,,,,,Images/CongruentLeft.jpeg,Congruent Left,z,A,45,Female,1 MSc,N,,,,,2021-02-08_17h17.50.578,Tse_Altarriba_Simon1,2020.1.2,MacIntel,60,4669,,,z,1,0.504475,,,,,,,,0,8,8,2,1
,,,,,,,,,,,,Images/CongruentRight.jpeg,Congruent Right,m,A,45,Female,1 MSc,N,,,,,2021-02-08_17h17.50.578,Tse_Altarriba_Simon1,2020.1.2,MacIntel,60,4669,,,m,1,0.48342,,,,,,,,0,9,9,16,1
,,,,,,,,,,,,Images/CongruentRight.jpeg,Congruent Right,m,A,45,Female,1 MSc,N,,,,,2021-02-08_17h17.50.578,Tse_Altarriba_Simon1,2020.1.2,MacIntel,60,4669,,,m,1,0.434,,,,,,,,0,10,10,15,1
,,,,,,,,,,,,Images/CongruentLeft.jpeg,Congruent Left,z,A,45,Female,1 MSc,N,,,,,2021-02-08_17h17.50.578,Tse_Altarriba_Simon1,2020.1.2,MacIntel,60,4669,,,z,1,0.54864,,,,,,,,0,11,11,8,1
,,,,,,,,,,,,Images/IncongruentLeft.jpeg,Incongruent Left,z,A,45,Female,1 MSc,N,,,,,2021-02-08_17h17.50.578,Tse_Altarriba_Simon1,2020.1.2,MacIntel,60,4669,,,z,1,0.664145,,,,,,,,0,12,12,29,1
,,,,,,,,,,,,Images/CongruentLeft.jpeg,Congruent Left,z,A,45,Female,1 MSc,N,,,,,2021-02-08_17h17.50.578,Tse_Altarriba_Simon1,2020.1.2,MacIntel,60,4669,,,z,1,0.502165,,,,,,,,0,13,13,3,1
,,,,,,,,,,,,Images/IncongruentLeft.jpeg,Incongruent Left,z,A,45,Female,1 MSc,N,,,,,2021-02-08_17h17.50.578,Tse_Altarriba_Simon1,2020.1.2,MacIntel,60,4669,,,z,1,0.70105,,,,,,,,0,14,14,20,1
,,,,,,,,,,,,Images/IncongruentRight.jpeg,Incongruent Right,m,A,45,Female,1 MSc,N,,,,,2021-02-08_17h17.50.578,Tse_Altarriba_Simon1,2020.1.2,MacIntel,60,4669,,,m,1,0.518295,,,,,,,,0,15,15,37,1
,,,,,,,,,,,,Images/NeurtalRight.jpeg,Neutral Right,m,A,45,Female,1 MSc,N,,,,,2021-02-08_17h17.50.578,Tse_Altarriba_Simon1,2020.1.2,MacIntel,60,4669,,,m,1,0.570325,,,,,,,,0,16,16,55,1
,,,,,,,,,,,,Images/CongruentRight.jpeg,Congruent Right,m,A,45,Female,1 MSc,N,,,,,2021-02-08_17h17.50.578,Tse_Altarriba_Simon1,2020.1.2,MacIntel,60,4669,,,m,1,0.437955,,,,,,,,0,17,17,10,1
,,,,,,,,,,,,Images/NeurtalRight.jpeg,Neutral Right,m,A,45,Female,1 MSc,N,,,,,2021-02-08_17h17.50.578,Tse_Altarriba_Simon1,2020.1.2,MacIntel,60,4669,,,m,1,0.516915,,,,,,,,0,18,18,52,1
,,,,,,,,,,,,Images/NeutralLeft.jpeg,Neutral Left,z,A,45,Female,1 MSc,N,,,,,2021-02-08_17h17.50.578,Tse_Altarriba_Simon1,2020.1.2,MacIntel,60,4669,,,z,1,0.549895,,,,,,,,0,19,19,42,1
,,,,,,,,,,,,Images/IncongruentLeft.jpeg,Incongruent Left,z,A,45,Female,1 MSc,N,,,,,2021-02-08_17h17.50.578,Tse_Altarriba_Simon1,2020.1.2,MacIntel,60,4669,,,z,1,0.602745,,,,,,,,0,20,20,21,1
,,,,,,,,,,,,Images/IncongruentRight.jpeg,Incongruent Right,m,A,45,Female,1 MSc,N,,,,,2021-02-08_17h17.50.578,Tse_Altarriba_Simon1,2020.1.2,MacIntel,60,4669,,,m,1,0.533755,,,,,,,,0,21,21,38,1
,,,,,,,,,,,,Images/CongruentLeft.jpeg,Congruent Left,z,A,45,Female,1 MSc,N,,,,,2021-02-08_17h17.50.578,Tse_Altarriba_Simon1,2020.1.2,MacIntel,60,4669,,,z,1,0.616765,,,,,,,,0,22,22,1,1
,,,,,,,,,,,,Images/NeurtalRight.jpeg,Neutral Right,m,A,45,Female,1 MSc,N,,,,,2021-02-08_17h17.50.578,Tse_Altarriba_Simon1,2020.1.2,MacIntel,60,4669,,,m,1,0.516555,,,,,,,,0,23,23,53,1
,,,,,,,,,,,,Images/CongruentRight.jpeg,Congruent Right,m,A,45,Female,1 MSc,N,,,,,2021-02-08_17h17.50.578,Tse_Altarriba_Simon1,2020.1.2,MacIntel,60,4669,,,m,1,0.452825,,,,,,,,0,24,24,18,1
,,,,,,,,,,,,Images/IncongruentRight.jpeg,Incongruent Right,m,A,45,Female,1 MSc,N,,,,,2021-02-08_17h17.50.578,Tse_Altarriba_Simon1,2020.1.2,MacIntel,60,4669,,,m,1,0.58722,,,,,,,,0,25,25,35,1
,,,,,,,,,,,,Images/IncongruentRight.jpeg,Incongruent Right,m,A,45,Female,1 MSc,N,,,,,2021-02-08_17h17.50.578,Tse_Altarriba_Simon1,2020.1.2,MacIntel,60,4669,,,m,1,0.516675,,,,,,,,0,26,26,30,1
,,,,,,,,,,,,Images/CongruentRight.jpeg,Congruent Right,m,A,45,Female,1 MSc,N,,,,,2021-02-08_17h17.50.578,Tse_Altarriba_Simon1,2020.1.2,MacIntel,60,4669,,,m,1,0.49981,,,,,,,,0,27,27,13,1
,,,,,,,,,,,,Images/IncongruentLeft.jpeg,Incongruent Left,z,A,45,Female,1 MSc,N,,,,,2021-02-08_17h17.50.578,Tse_Altarriba_Simon1,2020.1.2,MacIntel,60,4669,,,z,1,0.67207,,,,,,,,0,28,28,24,1
,,,,,,,,,,,,Images/NeutralLeft.jpeg,Neutral Left,z,A,45,Female,1 MSc,N,,,,,2021-02-08_17h17.50.578,Tse_Altarriba_Simon1,2020.1.2,MacIntel,60,4669,,,z,1,0.55068,,,,,,,,0,29,29,45,1
,,,,,,,,,,,,Images/IncongruentLeft.jpeg,Incongruent Left,z,A,45,Female,1 MSc,N,,,,,2021-02-08_17h17.50.578,Tse_Altarriba_Simon1,2020.1.2,MacIntel,60,4669,,,z,1,0.616885,,,,,,,,0,30,30,23,1
,,,,,,,,,,,,Images/NeutralLeft.jpeg,Neutral Left,z,A,45,Female,1 MSc,N,,,,,2021-02-08_17h17.50.578,Tse_Altarriba_Simon1,2020.1.2,MacIntel,60,4669,,,z,1,0.562175,,,,,,,,0,31,31,48,1
,,,,,,,,,,,,Images/NeutralLeft.jpeg,Neutral Left,z,A,45,Female,1 MSc,N,,,,,2021-02-08_17h17.50.578,Tse_Altarriba_Simon1,2020.1.2,MacIntel,60,4669,,,z,1,0.47071,,,,,,,,0,32,32,47,1
,,,,,,,,,,,,Images/CongruentLeft.jpeg,Congruent Left,z,A,45,Female,1 MSc,N,,,,,2021-02-08_17h17.50.578,Tse_Altarriba_Simon1,2020.1.2,MacIntel,60,4669,,,z,1,0.500275,,,,,,,,0,33,33,9,1
,,,,,,,,,,,,Images/NeutralLeft.jpeg,Neutral Left,z,A,45,Female,1 MSc,N,,,,,2021-02-08_17h17.50.578,Tse_Altarriba_Simon1,2020.1.2,MacIntel,60,4669,,,z,1,0.51741,,,,,,,,0,34,34,44,1
,,,,,,,,,,,,Images/NeurtalRight.jpeg,Neutral Right,m,A,45,Female,1 MSc,N,,,,,2021-02-08_17h17.50.578,Tse_Altarriba_Simon1,2020.1.2,MacIntel,60,4669,,,m,1,0.49992,,,,,,,,0,35,35,59,1
,,,,,,,,,,,,Images/IncongruentRight.jpeg,Incongruent Right,m,A,45,Female,1 MSc,N,,,,,2021-02-08_17h17.50.578,Tse_Altarriba_Simon1,2020.1.2,MacIntel,60,4669,,,m,1,0.5342,,,,,,,,0,36,36,39,1
,,,,,,,,,,,,Images/NeutralLeft.jpeg,Neutral Left,z,A,45,Female,1 MSc,N,,,,,2021-02-08_17h17.50.578,Tse_Altarriba_Simon1,2020.1.2,MacIntel,60,4669,,,z,1,0.52009,,,,,,,,0,37,37,49,1
,,,,,,,,,,,,Images/IncongruentLeft.jpeg,Incongruent Left,z,A,45,Female,1 MSc,N,,,,,2021-02-08_17h17.50.578,Tse_Altarriba_Simon1,2020.1.2,MacIntel,60,4669,,,z,1,0.617525,,,,,,,,0,38,38,28,1
,,,,,,,,,,,,Images/IncongruentRight.jpeg,Incongruent Right,m,A,45,Female,1 MSc,N,,,,,2021-02-08_17h17.50.578,Tse_Altarriba_Simon1,2020.1.2,MacIntel,60,4669,,,m,1,0.51673,,,,,,,,0,39,39,36,1
,,,,,,,,,,,,Images/NeurtalRight.jpeg,Neutral Right,m,A,45,Female,1 MSc,N,,,,,2021-02-08_17h17.50.578,Tse_Altarriba_Simon1,2020.1.2,MacIntel,60,4669,,,m,1,0.504825,,,,,,,,0,40,40,58,1
,,,,,,,,,,,,Images/CongruentRight.jpeg,Congruent Right,m,A,45,Female,1 MSc,N,,,,,2021-02-08_17h17.50.578,Tse_Altarriba_Simon1,2020.1.2,MacIntel,60,4669,,,m,1,0.532605,,,,,,,,0,41,41,12,1
,,,,,,,,,,,,Images/IncongruentRight.jpeg,Incongruent Right,m,A,45,Female,1 MSc,N,,,,,2021-02-08_17h17.50.578,Tse_Altarriba_Simon1,2020.1.2,MacIntel,60,4669,,,m,1,0.575765,,,,,,,,0,42,42,31,1
,,,,,,,,,,,,Images/NeurtalRight.jpeg,Neutral Right,m,A,45,Female,1 MSc,N,,,,,2021-02-08_17h17.50.578,Tse_Altarriba_Simon1,2020.1.2,MacIntel,60,4669,,,m,1,0.51728,,,,,,,,0,43,43,56,1
,,,,,,,,,,,,Images/NeurtalRight.jpeg,Neutral Right,m,A,45,Female,1 MSc,N,,,,,2021-02-08_17h17.50.578,Tse_Altarriba_Simon1,2020.1.2,MacIntel,60,4669,,,m,1,0.533785,,,,,,,,0,44,44,54,1
,,,,,,,,,,,,Images/IncongruentRight.jpeg,Incongruent Right,m,A,45,Female,1 MSc,N,,,,,2021-02-08_17h17.50.578,Tse_Altarriba_Simon1,2020.1.2,MacIntel,60,4669,,,m,1,0.537615,,,,,,,,0,45,45,32,1
,,,,,,,,,,,,Images/CongruentRight.jpeg,Congruent Right,m,A,45,Female,1 MSc,N,,,,,2021-02-08_17h17.50.578,Tse_Altarriba_Simon1,2020.1.2,MacIntel,60,4669,,,m,1,0.52442,,,,,,,,0,46,46,11,1
,,,,,,,,,,,,Images/NeutralLeft.jpeg,Neutral Left,z,A,45,Female,1 MSc,N,,,,,2021-02-08_17h17.50.578,Tse_Altarriba_Simon1,2020.1.2,MacIntel,60,4669,,,z,1,0.52403,,,,,,,,0,47,47,46,1
,,,,,,,,,,,,Images/IncongruentLeft.jpeg,Incongruent Left,z,A,45,Female,1 MSc,N,,,,,2021-02-08_17h17.50.578,Tse_Altarriba_Simon1,2020.1.2,MacIntel,60,4669,,,z,1,0.615635,,,,,,,,0,48,48,27,1
,,,,,,,,,,,,Images/CongruentLeft.jpeg,Congruent Left,z,A,45,Female,1 MSc,N,,,,,2021-02-08_17h17.50.578,Tse_Altarriba_Simon1,2020.1.2,MacIntel,60,4669,,,z,1,0.50459,,,,,,,,0,49,49,4,1
,,,,,,,,,,,,Images/CongruentLeft.jpeg,Congruent Left,z,A,45,Female,1 MSc,N,,,,,2021-02-08_17h17.50.578,Tse_Altarriba_Simon1,2020.1.2,MacIntel,60,4669,,,z,1,0.4153,,,,,,,,0,50,50,0,1
,,,,,,,,,,,,Images/CongruentRight.jpeg,Congruent Right,m,A,45,Female,1 MSc,N,,,,,2021-02-08_17h17.50.578,Tse_Altarriba_Simon1,2020.1.2,MacIntel,60,4669,,,m,1,0.434255,,,,,,,,0,51,51,14,1
,,,,,,,,,,,,Images/IncongruentRight.jpeg,Incongruent Right,m,A,45,Female,1 MSc,N,,,,,2021-02-08_17h17.50.578,Tse_Altarriba_Simon1,2020.1.2,MacIntel,60,4669,,,m,1,0.476845,,,,,,,,0,52,52,34,1
,,,,,,,,,,,,Images/CongruentLeft.jpeg,Congruent Left,z,A,45,Female,1 MSc,N,,,,,2021-02-08_17h17.50.578,Tse_Altarriba_Simon1,2020.1.2,MacIntel,60,4669,,,z,1,0.45048,,,,,,,,0,53,53,7,1
,,,,,,,,,,,,Images/NeutralLeft.jpeg,Neutral Left,z,A,45,Female,1 MSc,N,,,,,2021-02-08_17h17.50.578,Tse_Altarriba_Simon1,2020.1.2,MacIntel,60,4669,,,z,1,0.54948,,,,,,,,0,54,54,43,1
,,,,,,,,,,,,Images/NeurtalRight.jpeg,Neutral Right,m,A,45,Female,1 MSc,N,,,,,2021-02-08_17h17.50.578,Tse_Altarriba_Simon1,2020.1.2,MacIntel,60,4669,,,m,1,0.42943,,,,,,,,0,55,55,50,1
,,,,,,,,,,,,Images/CongruentRight.jpeg,Congruent Right,m,A,45,Female,1 MSc,N,,,,,2021-02-08_17h17.50.578,Tse_Altarriba_Simon1,2020.1.2,MacIntel,60,4669,,,m,1,0.472225,,,,,,,,0,56,56,17,1
,,,,,,,,,,,,Images/IncongruentLeft.jpeg,Incongruent Left,z,A,45,Female,1 MSc,N,,,,,2021-02-08_17h17.50.578,Tse_Altarriba_Simon1,2020.1.2,MacIntel,60,4669,,,z,1,0.62432,,,,,,,,0,57,57,26,1
,,,,,,,,,,,,Images/CongruentRight.jpeg,Congruent Right,m,A,45,Female,1 MSc,N,,,,,2021-02-08_17h17.50.578,Tse_Altarriba_Simon1,2020.1.2,MacIntel,60,4669,,,m,1,0.48134,,,,,,,,0,58,58,19,1
,,,,,,,,,,,,Images/IncongruentLeft.jpeg,Incongruent Left,z,A,45,Female,1 MSc,N,,,,,2021-02-08_17h17.50.578,Tse_Altarriba_Simon1,2020.1.2,MacIntel,60,4669,,,z,1,0.615585,,,,,,,,0,59,59,22,1
