Space1.keys,Space1.rt,Space2.keys,Space2.rt,key_resp.keys,key_resp.corr,key_resp.rt,Practice_loop.thisRepN,Practice_loop.thisTrialN,Practice_loop.thisN,Practice_loop.thisIndex,Practice_loop.ran,Practice_loop.order,ImageFile,Condition,CorrAns,session,participant,date,expName,psychopyVersion,OS,frameRate,Space3.keys,Space3.rt,key_resp_2.keys,key_resp_2.corr,key_resp_2.rt,trials.thisRepN,trials.thisTrialN,trials.thisN,trials.thisIndex,trials.ran,trials.order
space,1.380999804,space,6.220999718,m,1,0.412999868,1,0,12,10,1,11,Images/NeurtalRight.jpeg,Neutral Right,m,001,555,2021-01-16_19h52.37.914,Tse_Altarriba_Simon,3.2.4,MacIntel,60,,,,,,,,,,,
,,,,m,1,0.37899971,1,0,12,11,1,11,Images/NeurtalRight.jpeg,Neutral Right,m,001,555,2021-01-16_19h52.37.914,Tse_Altarriba_Simon,3.2.4,MacIntel,60,,,,,,,,,,,
,,,,z,1,0.362999916,1,0,12,0,1,11,Images/CongruentLeft.jpeg,Congruent Left,z,001,555,2021-01-16_19h52.37.914,Tse_Altarriba_Simon,3.2.4,MacIntel,60,,,,,,,,,,,
,,,,z,0,0.332999945,1,0,12,7,1,11,Images/IncongruentRight.jpeg,Incongruent Right,m,001,555,2021-01-16_19h52.37.914,Tse_Altarriba_Simon,3.2.4,MacIntel,60,,,,,,,,,,,
,,,,z,1,0.527999878,1,0,12,8,1,11,Images/NeutralLeft.jpeg,Neutral Left,z,001,555,2021-01-16_19h52.37.914,Tse_Altarriba_Simon,3.2.4,MacIntel,60,,,,,,,,,,,
,,,,z,1,0.379999876,1,0,12,1,1,11,Images/CongruentLeft.jpeg,Congruent Left,z,001,555,2021-01-16_19h52.37.914,Tse_Altarriba_Simon,3.2.4,MacIntel,60,,,,,,,,,,,
,,,,z,1,0.347999811,1,0,12,9,1,11,Images/NeutralLeft.jpeg,Neutral Left,z,001,555,2021-01-16_19h52.37.914,Tse_Altarriba_Simon,3.2.4,MacIntel,60,,,,,,,,,,,
,,,,m,1,0.311999798,1,0,12,3,1,11,Images/CongruentRight.jpeg,Congruent Right,m,001,555,2021-01-16_19h52.37.914,Tse_Altarriba_Simon,3.2.4,MacIntel,60,,,,,,,,,,,
,,,,z,1,0.409999847,1,0,12,4,1,11,Images/IncongruentLeft.jpeg,Incongruent Left,z,001,555,2021-01-16_19h52.37.914,Tse_Altarriba_Simon,3.2.4,MacIntel,60,,,,,,,,,,,
,,,,m,1,0.431999922,1,0,12,2,1,11,Images/CongruentRight.jpeg,Congruent Right,m,001,555,2021-01-16_19h52.37.914,Tse_Altarriba_Simon,3.2.4,MacIntel,60,,,,,,,,,,,
,,,,z,1,0.378999949,1,0,12,5,1,11,Images/IncongruentLeft.jpeg,Incongruent Left,z,001,555,2021-01-16_19h52.37.914,Tse_Altarriba_Simon,3.2.4,MacIntel,60,,,,,,,,,,,
,,,,m,1,0.399999857,1,0,12,6,1,11,Images/IncongruentRight.jpeg,Incongruent Right,m,001,555,2021-01-16_19h52.37.914,Tse_Altarriba_Simon,3.2.4,MacIntel,60,,,,,,,,,,,
,,,,,,,,,,,,,Images/NeutralLeft.jpeg,Neutral Left,z,001,555,2021-01-16_19h52.37.914,Tse_Altarriba_Simon,3.2.4,MacIntel,60,space,4.4599998,z,1,0.448999882,1,0,60,44,1,59
,,,,,,,,,,,,,Images/CongruentLeft.jpeg,Congruent Left,z,001,555,2021-01-16_19h52.37.914,Tse_Altarriba_Simon,3.2.4,MacIntel,60,,,z,1,0.374999762,1,0,60,7,1,59
,,,,,,,,,,,,,Images/NeurtalRight.jpeg,Neutral Right,m,001,555,2021-01-16_19h52.37.914,Tse_Altarriba_Simon,3.2.4,MacIntel,60,,,m,1,0.312999964,1,0,60,52,1,59
,,,,,,,,,,,,,Images/IncongruentRight.jpeg,Incongruent Right,m,001,555,2021-01-16_19h52.37.914,Tse_Altarriba_Simon,3.2.4,MacIntel,60,,,z,0,0.316999912,1,0,60,32,1,59
,,,,,,,,,,,,,Images/NeurtalRight.jpeg,Neutral Right,m,001,555,2021-01-16_19h52.37.914,Tse_Altarriba_Simon,3.2.4,MacIntel,60,,,m,1,0.319999695,1,0,60,50,1,59
,,,,,,,,,,,,,Images/IncongruentLeft.jpeg,Incongruent Left,z,001,555,2021-01-16_19h52.37.914,Tse_Altarriba_Simon,3.2.4,MacIntel,60,,,z,1,0.39199996,1,0,60,24,1,59
,,,,,,,,,,,,,Images/CongruentRight.jpeg,Congruent Right,m,001,555,2021-01-16_19h52.37.914,Tse_Altarriba_Simon,3.2.4,MacIntel,60,,,m,1,0.348999739,1,0,60,17,1,59
,,,,,,,,,,,,,Images/IncongruentLeft.jpeg,Incongruent Left,z,001,555,2021-01-16_19h52.37.914,Tse_Altarriba_Simon,3.2.4,MacIntel,60,,,m,0,0.343999863,1,0,60,26,1,59
,,,,,,,,,,,,,Images/NeutralLeft.jpeg,Neutral Left,z,001,555,2021-01-16_19h52.37.914,Tse_Altarriba_Simon,3.2.4,MacIntel,60,,,z,1,0.398000002,1,0,60,43,1,59
,,,,,,,,,,,,,Images/NeurtalRight.jpeg,Neutral Right,m,001,555,2021-01-16_19h52.37.914,Tse_Altarriba_Simon,3.2.4,MacIntel,60,,,m,1,0.366999865,1,0,60,56,1,59
,,,,,,,,,,,,,Images/CongruentLeft.jpeg,Congruent Left,z,001,555,2021-01-16_19h52.37.914,Tse_Altarriba_Simon,3.2.4,MacIntel,60,,,z,1,0.307999849,1,0,60,3,1,59
,,,,,,,,,,,,,Images/NeurtalRight.jpeg,Neutral Right,m,001,555,2021-01-16_19h52.37.914,Tse_Altarriba_Simon,3.2.4,MacIntel,60,,,m,1,0.329999924,1,0,60,51,1,59
,,,,,,,,,,,,,Images/NeutralLeft.jpeg,Neutral Left,z,001,555,2021-01-16_19h52.37.914,Tse_Altarriba_Simon,3.2.4,MacIntel,60,,,z,1,0.422999859,1,0,60,46,1,59
,,,,,,,,,,,,,Images/CongruentLeft.jpeg,Congruent Left,z,001,555,2021-01-16_19h52.37.914,Tse_Altarriba_Simon,3.2.4,MacIntel,60,,,z,1,0.321999788,1,0,60,4,1,59
,,,,,,,,,,,,,Images/NeutralLeft.jpeg,Neutral Left,z,001,555,2021-01-16_19h52.37.914,Tse_Altarriba_Simon,3.2.4,MacIntel,60,,,z,1,0.34800005,1,0,60,41,1,59
,,,,,,,,,,,,,Images/CongruentRight.jpeg,Congruent Right,m,001,555,2021-01-16_19h52.37.914,Tse_Altarriba_Simon,3.2.4,MacIntel,60,,,m,1,0.383999825,1,0,60,12,1,59
,,,,,,,,,,,,,Images/IncongruentRight.jpeg,Incongruent Right,m,001,555,2021-01-16_19h52.37.914,Tse_Altarriba_Simon,3.2.4,MacIntel,60,,,z,0,0.295999765,1,0,60,38,1,59
,,,,,,,,,,,,,Images/NeutralLeft.jpeg,Neutral Left,z,001,555,2021-01-16_19h52.37.914,Tse_Altarriba_Simon,3.2.4,MacIntel,60,,,z,1,0.417000055,1,0,60,49,1,59
,,,,,,,,,,,,,Images/IncongruentLeft.jpeg,Incongruent Left,z,001,555,2021-01-16_19h52.37.914,Tse_Altarriba_Simon,3.2.4,MacIntel,60,,,z,1,0.360999823,1,0,60,23,1,59
,,,,,,,,,,,,,Images/IncongruentLeft.jpeg,Incongruent Left,z,001,555,2021-01-16_19h52.37.914,Tse_Altarriba_Simon,3.2.4,MacIntel,60,,,,0,,1,0,60,25,1,59
