Space1.keys,Space1.rt,Space2.keys,Space2.rt,key_resp.keys,key_resp.corr,key_resp.rt,Practice_loop.thisRepN,Practice_loop.thisTrialN,Practice_loop.thisN,Practice_loop.thisIndex,Practice_loop.ran,Practice_loop.order,ImageFile,Condition,CorrAns,session,participant,date,expName,psychopyVersion,OS,frameRate,Space3.keys,Space3.rt,key_resp_2.keys,key_resp_2.corr,key_resp_2.rt,trials.thisRepN,trials.thisTrialN,trials.thisN,trials.thisIndex,trials.ran,trials.order,Space4.keys,Space4.rt,trials_2.thisRepN,trials_2.thisTrialN,trials_2.thisN,trials_2.thisIndex,trials_2.ran,trials_2.order
space,2.977999926,space,15.62699986,z,1,0.751000166,1,0,12,1,1,11,Images/CongruentLeft.jpeg,Congruent Left,z,001,Chris,2020-10-07_10h45.40.593,Tse_Altarriba_Simon,3.2.4,MacIntel,60,,,,,,,,,,,,,,,,,,,
,,,,m,1,0.496000051,1,0,12,3,1,11,Images/CongruentRight.jpeg,Congruent Right,m,001,Chris,2020-10-07_10h45.40.593,Tse_Altarriba_Simon,3.2.4,MacIntel,60,,,,,,,,,,,,,,,,,,,
,,,,z,1,0.446000099,1,0,12,9,1,11,Images/NeutralLeft.jpeg,Neutral Left,z,001,Chris,2020-10-07_10h45.40.593,Tse_Altarriba_Simon,3.2.4,MacIntel,60,,,,,,,,,,,,,,,,,,,
,,,,z,1,0.451999903,1,0,12,4,1,11,Images/IncongruentLeft.jpeg,Incongruent Left,z,001,Chris,2020-10-07_10h45.40.593,Tse_Altarriba_Simon,3.2.4,MacIntel,60,,,,,,,,,,,,,,,,,,,
,,,,z,1,0.404999971,1,0,12,0,1,11,Images/CongruentLeft.jpeg,Congruent Left,z,001,Chris,2020-10-07_10h45.40.593,Tse_Altarriba_Simon,3.2.4,MacIntel,60,,,,,,,,,,,,,,,,,,,
,,,,z,1,0.395999908,1,0,12,5,1,11,Images/IncongruentLeft.jpeg,Incongruent Left,z,001,Chris,2020-10-07_10h45.40.593,Tse_Altarriba_Simon,3.2.4,MacIntel,60,,,,,,,,,,,,,,,,,,,
,,,,m,1,0.417000055,1,0,12,7,1,11,Images/IncongruentRight.jpeg,Incongruent Right,m,001,Chris,2020-10-07_10h45.40.593,Tse_Altarriba_Simon,3.2.4,MacIntel,60,,,,,,,,,,,,,,,,,,,
,,,,z,0,0.366999865,1,0,12,11,1,11,Images/NeurtalRight.jpeg,Neutral Right,m,001,Chris,2020-10-07_10h45.40.593,Tse_Altarriba_Simon,3.2.4,MacIntel,60,,,,,,,,,,,,,,,,,,,
,,,,z,0,0.596999884,1,0,12,10,1,11,Images/NeurtalRight.jpeg,Neutral Right,m,001,Chris,2020-10-07_10h45.40.593,Tse_Altarriba_Simon,3.2.4,MacIntel,60,,,,,,,,,,,,,,,,,,,
,,,,z,1,0.778000116,1,0,12,8,1,11,Images/NeutralLeft.jpeg,Neutral Left,z,001,Chris,2020-10-07_10h45.40.593,Tse_Altarriba_Simon,3.2.4,MacIntel,60,,,,,,,,,,,,,,,,,,,
,,,,m,1,0.480999947,1,0,12,2,1,11,Images/CongruentRight.jpeg,Congruent Right,m,001,Chris,2020-10-07_10h45.40.593,Tse_Altarriba_Simon,3.2.4,MacIntel,60,,,,,,,,,,,,,,,,,,,
,,,,m,1,0.496000051,1,0,12,6,1,11,Images/IncongruentRight.jpeg,Incongruent Right,m,001,Chris,2020-10-07_10h45.40.593,Tse_Altarriba_Simon,3.2.4,MacIntel,60,,,,,,,,,,,,,,,,,,,
,,,,,,,,,,,,,Images/IncongruentRight.jpeg,Incongruent Right,m,001,Chris,2020-10-07_10h45.40.593,Tse_Altarriba_Simon,3.2.4,MacIntel,60,space,8.988000154,m,1,0.480999947,1,0,60,37,1,59,,,,,,,,
,,,,,,,,,,,,,Images/IncongruentRight.jpeg,Incongruent Right,m,001,Chris,2020-10-07_10h45.40.593,Tse_Altarriba_Simon,3.2.4,MacIntel,60,,,m,1,0.386000156,1,0,60,32,1,59,,,,,,,,
,,,,,,,,,,,,,Images/CongruentRight.jpeg,Congruent Right,m,001,Chris,2020-10-07_10h45.40.593,Tse_Altarriba_Simon,3.2.4,MacIntel,60,,,m,1,0.434000015,1,0,60,12,1,59,,,,,,,,
,,,,,,,,,,,,,Images/IncongruentLeft.jpeg,Incongruent Left,z,001,Chris,2020-10-07_10h45.40.593,Tse_Altarriba_Simon,3.2.4,MacIntel,60,,,m,0,0.380000114,1,0,60,28,1,59,,,,,,,,
,,,,,,,,,,,,,Images/IncongruentRight.jpeg,Incongruent Right,m,001,Chris,2020-10-07_10h45.40.593,Tse_Altarriba_Simon,3.2.4,MacIntel,60,,,z,0,0.532000065,1,0,60,36,1,59,,,,,,,,
,,,,,,,,,,,,,Images/IncongruentLeft.jpeg,Incongruent Left,z,001,Chris,2020-10-07_10h45.40.593,Tse_Altarriba_Simon,3.2.4,MacIntel,60,,,z,1,0.868999958,1,0,60,20,1,59,,,,,,,,
,,,,,,,,,,,,,Images/CongruentLeft.jpeg,Congruent Left,z,001,Chris,2020-10-07_10h45.40.593,Tse_Altarriba_Simon,3.2.4,MacIntel,60,,,z,1,0.649000168,1,0,60,1,1,59,,,,,,,,
,,,,,,,,,,,,,Images/IncongruentLeft.jpeg,Incongruent Left,z,001,Chris,2020-10-07_10h45.40.593,Tse_Altarriba_Simon,3.2.4,MacIntel,60,,,z,1,0.44900012,1,0,60,23,1,59,,,,,,,,
,,,,,,,,,,,,,Images/CongruentLeft.jpeg,Congruent Left,z,001,Chris,2020-10-07_10h45.40.593,Tse_Altarriba_Simon,3.2.4,MacIntel,60,,,z,1,0.516000032,1,0,60,5,1,59,,,,,,,,
,,,,,,,,,,,,,Images/NeutralLeft.jpeg,Neutral Left,z,001,Chris,2020-10-07_10h45.40.593,Tse_Altarriba_Simon,3.2.4,MacIntel,60,,,z,1,0.580999851,1,0,60,40,1,59,,,,,,,,
,,,,,,,,,,,,,Images/NeutralLeft.jpeg,Neutral Left,z,001,Chris,2020-10-07_10h45.40.593,Tse_Altarriba_Simon,3.2.4,MacIntel,60,,,z,1,0.379999876,1,0,60,42,1,59,,,,,,,,
,,,,,,,,,,,,,Images/CongruentLeft.jpeg,Congruent Left,z,001,Chris,2020-10-07_10h45.40.593,Tse_Altarriba_Simon,3.2.4,MacIntel,60,,,z,1,0.482000113,1,0,60,7,1,59,,,,,,,,
,,,,,,,,,,,,,Images/CongruentRight.jpeg,Congruent Right,m,001,Chris,2020-10-07_10h45.40.593,Tse_Altarriba_Simon,3.2.4,MacIntel,60,,,m,1,0.480999947,1,0,60,11,1,59,,,,,,,,
,,,,,,,,,,,,,Images/CongruentRight.jpeg,Congruent Right,m,001,Chris,2020-10-07_10h45.40.593,Tse_Altarriba_Simon,3.2.4,MacIntel,60,,,m,1,0.447000027,1,0,60,19,1,59,,,,,,,,
,,,,,,,,,,,,,Images/IncongruentLeft.jpeg,Incongruent Left,z,001,Chris,2020-10-07_10h45.40.593,Tse_Altarriba_Simon,3.2.4,MacIntel,60,,,z,1,0.420000076,1,0,60,21,1,59,,,,,,,,
,,,,,,,,,,,,,Images/IncongruentRight.jpeg,Incongruent Right,m,001,Chris,2020-10-07_10h45.40.593,Tse_Altarriba_Simon,3.2.4,MacIntel,60,,,m,1,0.477999926,1,0,60,31,1,59,,,,,,,,
,,,,,,,,,,,,,Images/NeurtalRight.jpeg,Neutral Right,m,001,Chris,2020-10-07_10h45.40.593,Tse_Altarriba_Simon,3.2.4,MacIntel,60,,,m,1,0.428999901,1,0,60,57,1,59,,,,,,,,
,,,,,,,,,,,,,Images/NeutralLeft.jpeg,Neutral Left,z,001,Chris,2020-10-07_10h45.40.593,Tse_Altarriba_Simon,3.2.4,MacIntel,60,,,z,1,0.431999922,1,0,60,48,1,59,,,,,,,,
,,,,,,,,,,,,,Images/CongruentLeft.jpeg,Congruent Left,z,001,Chris,2020-10-07_10h45.40.593,Tse_Altarriba_Simon,3.2.4,MacIntel,60,,,z,1,0.732000113,1,0,60,8,1,59,,,,,,,,
,,,,,,,,,,,,,Images/CongruentLeft.jpeg,Congruent Left,z,001,Chris,2020-10-07_10h45.40.593,Tse_Altarriba_Simon,3.2.4,MacIntel,60,,,z,1,0.428999901,1,0,60,2,1,59,,,,,,,,
,,,,,,,,,,,,,Images/NeutralLeft.jpeg,Neutral Left,z,001,Chris,2020-10-07_10h45.40.593,Tse_Altarriba_Simon,3.2.4,MacIntel,60,,,z,1,0.546000004,1,0,60,46,1,59,,,,,,,,
,,,,,,,,,,,,,Images/CongruentLeft.jpeg,Congruent Left,z,001,Chris,2020-10-07_10h45.40.593,Tse_Altarriba_Simon,3.2.4,MacIntel,60,,,z,1,0.363999844,1,0,60,6,1,59,,,,,,,,
,,,,,,,,,,,,,Images/CongruentRight.jpeg,Congruent Right,m,001,Chris,2020-10-07_10h45.40.593,Tse_Altarriba_Simon,3.2.4,MacIntel,60,,,m,1,0.634000063,1,0,60,15,1,59,,,,,,,,
,,,,,,,,,,,,,Images/NeurtalRight.jpeg,Neutral Right,m,001,Chris,2020-10-07_10h45.40.593,Tse_Altarriba_Simon,3.2.4,MacIntel,60,,,m,1,0.430999994,1,0,60,56,1,59,,,,,,,,
,,,,,,,,,,,,,Images/IncongruentLeft.jpeg,Incongruent Left,z,001,Chris,2020-10-07_10h45.40.593,Tse_Altarriba_Simon,3.2.4,MacIntel,60,,,z,1,0.430999994,1,0,60,22,1,59,,,,,,,,
,,,,,,,,,,,,,Images/NeurtalRight.jpeg,Neutral Right,m,001,Chris,2020-10-07_10h45.40.593,Tse_Altarriba_Simon,3.2.4,MacIntel,60,,,m,1,0.530999899,1,0,60,54,1,59,,,,,,,,
,,,,,,,,,,,,,Images/NeurtalRight.jpeg,Neutral Right,m,001,Chris,2020-10-07_10h45.40.593,Tse_Altarriba_Simon,3.2.4,MacIntel,60,,,m,1,0.430999994,1,0,60,50,1,59,,,,,,,,
,,,,,,,,,,,,,Images/NeurtalRight.jpeg,Neutral Right,m,001,Chris,2020-10-07_10h45.40.593,Tse_Altarriba_Simon,3.2.4,MacIntel,60,,,m,1,0.381000042,1,0,60,51,1,59,,,,,,,,
,,,,,,,,,,,,,Images/NeutralLeft.jpeg,Neutral Left,z,001,Chris,2020-10-07_10h45.40.593,Tse_Altarriba_Simon,3.2.4,MacIntel,60,,,z,1,0.381000042,1,0,60,43,1,59,,,,,,,,
,,,,,,,,,,,,,Images/CongruentLeft.jpeg,Congruent Left,z,001,Chris,2020-10-07_10h45.40.593,Tse_Altarriba_Simon,3.2.4,MacIntel,60,,,z,1,0.390000105,1,0,60,9,1,59,,,,,,,,
,,,,,,,,,,,,,Images/NeurtalRight.jpeg,Neutral Right,m,001,Chris,2020-10-07_10h45.40.593,Tse_Altarriba_Simon,3.2.4,MacIntel,60,,,m,1,0.430999994,1,0,60,52,1,59,,,,,,,,
,,,,,,,,,,,,,Images/NeutralLeft.jpeg,Neutral Left,z,001,Chris,2020-10-07_10h45.40.593,Tse_Altarriba_Simon,3.2.4,MacIntel,60,,,z,1,0.433000088,1,0,60,44,1,59,,,,,,,,
,,,,,,,,,,,,,Images/NeurtalRight.jpeg,Neutral Right,m,001,Chris,2020-10-07_10h45.40.593,Tse_Altarriba_Simon,3.2.4,MacIntel,60,,,m,1,0.480999947,1,0,60,58,1,59,,,,,,,,
,,,,,,,,,,,,,Images/CongruentRight.jpeg,Congruent Right,m,001,Chris,2020-10-07_10h45.40.593,Tse_Altarriba_Simon,3.2.4,MacIntel,60,,,m,1,0.421000004,1,0,60,14,1,59,,,,,,,,
,,,,,,,,,,,,,Images/CongruentRight.jpeg,Congruent Right,m,001,Chris,2020-10-07_10h45.40.593,Tse_Altarriba_Simon,3.2.4,MacIntel,60,,,m,1,0.348999977,1,0,60,17,1,59,,,,,,,,
,,,,,,,,,,,,,Images/NeutralLeft.jpeg,Neutral Left,z,001,Chris,2020-10-07_10h45.40.593,Tse_Altarriba_Simon,3.2.4,MacIntel,60,,,z,1,0.430000067,1,0,60,49,1,59,,,,,,,,
,,,,,,,,,,,,,Images/IncongruentRight.jpeg,Incongruent Right,m,001,Chris,2020-10-07_10h45.40.593,Tse_Altarriba_Simon,3.2.4,MacIntel,60,,,m,1,0.470999956,1,0,60,38,1,59,,,,,,,,
,,,,,,,,,,,,,Images/NeurtalRight.jpeg,Neutral Right,m,001,Chris,2020-10-07_10h45.40.593,Tse_Altarriba_Simon,3.2.4,MacIntel,60,,,z,0,0.588999987,1,0,60,53,1,59,,,,,,,,
,,,,,,,,,,,,,Images/CongruentLeft.jpeg,Congruent Left,z,001,Chris,2020-10-07_10h45.40.593,Tse_Altarriba_Simon,3.2.4,MacIntel,60,,,z,1,0.589999914,1,0,60,3,1,59,,,,,,,,
,,,,,,,,,,,,,Images/IncongruentLeft.jpeg,Incongruent Left,z,001,Chris,2020-10-07_10h45.40.593,Tse_Altarriba_Simon,3.2.4,MacIntel,60,,,z,1,0.588999987,1,0,60,26,1,59,,,,,,,,
,,,,,,,,,,,,,Images/IncongruentRight.jpeg,Incongruent Right,m,001,Chris,2020-10-07_10h45.40.593,Tse_Altarriba_Simon,3.2.4,MacIntel,60,,,m,1,0.5,1,0,60,34,1,59,,,,,,,,
,,,,,,,,,,,,,Images/IncongruentLeft.jpeg,Incongruent Left,z,001,Chris,2020-10-07_10h45.40.593,Tse_Altarriba_Simon,3.2.4,MacIntel,60,,,z,1,0.421999931,1,0,60,29,1,59,,,,,,,,
,,,,,,,,,,,,,Images/CongruentLeft.jpeg,Congruent Left,z,001,Chris,2020-10-07_10h45.40.593,Tse_Altarriba_Simon,3.2.4,MacIntel,60,,,z,1,0.565000057,1,0,60,4,1,59,,,,,,,,
,,,,,,,,,,,,,Images/IncongruentRight.jpeg,Incongruent Right,m,001,Chris,2020-10-07_10h45.40.593,Tse_Altarriba_Simon,3.2.4,MacIntel,60,,,m,1,0.421000004,1,0,60,39,1,59,,,,,,,,
,,,,,,,,,,,,,Images/CongruentRight.jpeg,Congruent Right,m,001,Chris,2020-10-07_10h45.40.593,Tse_Altarriba_Simon,3.2.4,MacIntel,60,,,m,1,0.399000168,1,0,60,16,1,59,,,,,,,,
,,,,,,,,,,,,,Images/CongruentRight.jpeg,Congruent Right,m,001,Chris,2020-10-07_10h45.40.593,Tse_Altarriba_Simon,3.2.4,MacIntel,60,,,m,1,0.304000139,1,0,60,13,1,59,,,,,,,,
,,,,,,,,,,,,,Images/IncongruentLeft.jpeg,Incongruent Left,z,001,Chris,2020-10-07_10h45.40.593,Tse_Altarriba_Simon,3.2.4,MacIntel,60,,,z,1,0.390000105,1,0,60,24,1,59,,,,,,,,
,,,,,,,,,,,,,Images/NeutralLeft.jpeg,Neutral Left,z,001,Chris,2020-10-07_10h45.40.593,Tse_Altarriba_Simon,3.2.4,MacIntel,60,,,z,1,0.396999836,1,0,60,45,1,59,,,,,,,,
,,,,,,,,,,,,,Images/NeurtalRight.jpeg,Neutral Right,m,001,Chris,2020-10-07_10h45.40.593,Tse_Altarriba_Simon,3.2.4,MacIntel,60,,,m,1,0.380000114,1,0,60,55,1,59,,,,,,,,
,,,,,,,,,,,,,Images/CongruentRight.jpeg,Congruent Right,m,001,Chris,2020-10-07_10h45.40.593,Tse_Altarriba_Simon,3.2.4,MacIntel,60,,,m,1,0.421000004,1,0,60,10,1,59,,,,,,,,
,,,,,,,,,,,,,Images/IncongruentRight.jpeg,Incongruent Right,m,001,Chris,2020-10-07_10h45.40.593,Tse_Altarriba_Simon,3.2.4,MacIntel,60,,,m,1,0.401000023,1,0,60,30,1,59,,,,,,,,
,,,,,,,,,,,,,Images/NeutralLeft.jpeg,Neutral Left,z,001,Chris,2020-10-07_10h45.40.593,Tse_Altarriba_Simon,3.2.4,MacIntel,60,,,m,0,0.347000122,1,0,60,47,1,59,,,,,,,,
,,,,,,,,,,,,,Images/IncongruentLeft.jpeg,Incongruent Left,z,001,Chris,2020-10-07_10h45.40.593,Tse_Altarriba_Simon,3.2.4,MacIntel,60,,,z,1,0.569000006,1,0,60,25,1,59,,,,,,,,
,,,,,,,,,,,,,Images/CongruentRight.jpeg,Congruent Right,m,001,Chris,2020-10-07_10h45.40.593,Tse_Altarriba_Simon,3.2.4,MacIntel,60,,,m,1,0.421000004,1,0,60,18,1,59,,,,,,,,
,,,,,,,,,,,,,Images/NeutralLeft.jpeg,Neutral Left,z,001,Chris,2020-10-07_10h45.40.593,Tse_Altarriba_Simon,3.2.4,MacIntel,60,,,z,1,0.539999962,1,0,60,41,1,59,,,,,,,,
,,,,,,,,,,,,,Images/IncongruentRight.jpeg,Incongruent Right,m,001,Chris,2020-10-07_10h45.40.593,Tse_Altarriba_Simon,3.2.4,MacIntel,60,,,m,1,0.417000055,1,0,60,33,1,59,,,,,,,,
,,,,,,,,,,,,,Images/CongruentLeft.jpeg,Congruent Left,z,001,Chris,2020-10-07_10h45.40.593,Tse_Altarriba_Simon,3.2.4,MacIntel,60,,,z,1,0.513000011,1,0,60,0,1,59,,,,,,,,
,,,,,,,,,,,,,Images/IncongruentLeft.jpeg,Incongruent Left,z,001,Chris,2020-10-07_10h45.40.593,Tse_Altarriba_Simon,3.2.4,MacIntel,60,,,z,1,0.42200017,1,0,60,27,1,59,,,,,,,,
,,,,,,,,,,,,,Images/IncongruentRight.jpeg,Incongruent Right,m,001,Chris,2020-10-07_10h45.40.593,Tse_Altarriba_Simon,3.2.4,MacIntel,60,,,m,1,0.440000057,1,0,60,35,1,59,,,,,,,,
,,,,,,,,,,,,,Images/NeurtalRight.jpeg,Neutral Right,m,001,Chris,2020-10-07_10h45.40.593,Tse_Altarriba_Simon,3.2.4,MacIntel,60,,,m,1,0.464999914,1,0,60,59,1,59,,,,,,,,
,,,,,,,,,,,,,Images/NeurtalRight.jpeg,Neutral Right,m,001,Chris,2020-10-07_10h45.40.593,Tse_Altarriba_Simon,3.2.4,MacIntel,60,,,m,1,0.615999937,,,,,,,space,50.27200007,1,0,60,58,1,59
,,,,,,,,,,,,,Images/IncongruentRight.jpeg,Incongruent Right,m,001,Chris,2020-10-07_10h45.40.593,Tse_Altarriba_Simon,3.2.4,MacIntel,60,,,m,1,0.480999947,,,,,,,,,1,0,60,33,1,59
,,,,,,,,,,,,,Images/IncongruentRight.jpeg,Incongruent Right,m,001,Chris,2020-10-07_10h45.40.593,Tse_Altarriba_Simon,3.2.4,MacIntel,60,,,m,1,0.481999874,,,,,,,,,1,0,60,38,1,59
,,,,,,,,,,,,,Images/NeurtalRight.jpeg,Neutral Right,m,001,Chris,2020-10-07_10h45.40.593,Tse_Altarriba_Simon,3.2.4,MacIntel,60,,,m,1,0.434000015,,,,,,,,,1,0,60,51,1,59
,,,,,,,,,,,,,Images/IncongruentLeft.jpeg,Incongruent Left,z,001,Chris,2020-10-07_10h45.40.593,Tse_Altarriba_Simon,3.2.4,MacIntel,60,,,z,1,0.499000072,,,,,,,,,1,0,60,24,1,59
,,,,,,,,,,,,,Images/CongruentRight.jpeg,Congruent Right,m,001,Chris,2020-10-07_10h45.40.593,Tse_Altarriba_Simon,3.2.4,MacIntel,60,,,m,1,0.519999981,,,,,,,,,1,0,60,17,1,59
,,,,,,,,,,,,,Images/IncongruentRight.jpeg,Incongruent Right,m,001,Chris,2020-10-07_10h45.40.593,Tse_Altarriba_Simon,3.2.4,MacIntel,60,,,m,1,0.499000072,,,,,,,,,1,0,60,30,1,59
,,,,,,,,,,,,,Images/IncongruentLeft.jpeg,Incongruent Left,z,001,Chris,2020-10-07_10h45.40.593,Tse_Altarriba_Simon,3.2.4,MacIntel,60,,,z,1,0.41899991,,,,,,,,,1,0,60,27,1,59
,,,,,,,,,,,,,Images/IncongruentRight.jpeg,Incongruent Right,m,001,Chris,2020-10-07_10h45.40.593,Tse_Altarriba_Simon,3.2.4,MacIntel,60,,,m,1,0.434000015,,,,,,,,,1,0,60,36,1,59
,,,,,,,,,,,,,Images/CongruentRight.jpeg,Congruent Right,m,001,Chris,2020-10-07_10h45.40.593,Tse_Altarriba_Simon,3.2.4,MacIntel,60,,,m,1,0.483999968,,,,,,,,,1,0,60,10,1,59
,,,,,,,,,,,,,Images/NeutralLeft.jpeg,Neutral Left,z,001,Chris,2020-10-07_10h45.40.593,Tse_Altarriba_Simon,3.2.4,MacIntel,60,,,z,1,0.398000002,,,,,,,,,1,0,60,47,1,59
,,,,,,,,,,,,,Images/NeutralLeft.jpeg,Neutral Left,z,001,Chris,2020-10-07_10h45.40.593,Tse_Altarriba_Simon,3.2.4,MacIntel,60,,,z,1,0.520999908,,,,,,,,,1,0,60,48,1,59
,,,,,,,,,,,,,Images/IncongruentRight.jpeg,Incongruent Right,m,001,Chris,2020-10-07_10h45.40.593,Tse_Altarriba_Simon,3.2.4,MacIntel,60,,,m,1,0.436000109,,,,,,,,,1,0,60,35,1,59
,,,,,,,,,,,,,Images/CongruentLeft.jpeg,Congruent Left,z,001,Chris,2020-10-07_10h45.40.593,Tse_Altarriba_Simon,3.2.4,MacIntel,60,,,z,1,0.835999966,,,,,,,,,1,0,60,5,1,59
,,,,,,,,,,,,,Images/CongruentRight.jpeg,Congruent Right,m,001,Chris,2020-10-07_10h45.40.593,Tse_Altarriba_Simon,3.2.4,MacIntel,60,,,m,1,0.487000227,,,,,,,,,1,0,60,18,1,59
,,,,,,,,,,,,,Images/NeurtalRight.jpeg,Neutral Right,m,001,Chris,2020-10-07_10h45.40.593,Tse_Altarriba_Simon,3.2.4,MacIntel,60,,,m,1,0.386000156,,,,,,,,,1,0,60,54,1,59
,,,,,,,,,,,,,Images/CongruentLeft.jpeg,Congruent Left,z,001,Chris,2020-10-07_10h45.40.593,Tse_Altarriba_Simon,3.2.4,MacIntel,60,,,z,1,0.498999834,,,,,,,,,1,0,60,7,1,59
,,,,,,,,,,,,,Images/CongruentLeft.jpeg,Congruent Left,z,001,Chris,2020-10-07_10h45.40.593,Tse_Altarriba_Simon,3.2.4,MacIntel,60,,,z,1,0.420000076,,,,,,,,,1,0,60,0,1,59
,,,,,,,,,,,,,Images/CongruentLeft.jpeg,Congruent Left,z,001,Chris,2020-10-07_10h45.40.593,Tse_Altarriba_Simon,3.2.4,MacIntel,60,,,z,1,0.38499999,,,,,,,,,1,0,60,8,1,59
,,,,,,,,,,,,,Images/NeurtalRight.jpeg,Neutral Right,m,001,Chris,2020-10-07_10h45.40.593,Tse_Altarriba_Simon,3.2.4,MacIntel,60,,,m,1,0.338000059,,,,,,,,,1,0,60,57,1,59
,,,,,,,,,,,,,Images/IncongruentRight.jpeg,Incongruent Right,m,001,Chris,2020-10-07_10h45.40.593,Tse_Altarriba_Simon,3.2.4,MacIntel,60,,,m,1,0.487999916,,,,,,,,,1,0,60,37,1,59
,,,,,,,,,,,,,Images/IncongruentLeft.jpeg,Incongruent Left,z,001,Chris,2020-10-07_10h45.40.593,Tse_Altarriba_Simon,3.2.4,MacIntel,60,,,z,1,0.436999798,,,,,,,,,1,0,60,25,1,59
,,,,,,,,,,,,,Images/CongruentLeft.jpeg,Congruent Left,z,001,Chris,2020-10-07_10h45.40.593,Tse_Altarriba_Simon,3.2.4,MacIntel,60,,,z,1,0.447000027,,,,,,,,,1,0,60,2,1,59
,,,,,,,,,,,,,Images/CongruentLeft.jpeg,Congruent Left,z,001,Chris,2020-10-07_10h45.40.593,Tse_Altarriba_Simon,3.2.4,MacIntel,60,,,z,1,0.470000029,,,,,,,,,1,0,60,4,1,59
,,,,,,,,,,,,,Images/IncongruentRight.jpeg,Incongruent Right,m,001,Chris,2020-10-07_10h45.40.593,Tse_Altarriba_Simon,3.2.4,MacIntel,60,,,m,1,0.43900013,,,,,,,,,1,0,60,34,1,59
,,,,,,,,,,,,,Images/CongruentRight.jpeg,Congruent Right,m,001,Chris,2020-10-07_10h45.40.593,Tse_Altarriba_Simon,3.2.4,MacIntel,60,,,m,1,0.396999836,,,,,,,,,1,0,60,11,1,59
,,,,,,,,,,,,,Images/IncongruentRight.jpeg,Incongruent Right,m,001,Chris,2020-10-07_10h45.40.593,Tse_Altarriba_Simon,3.2.4,MacIntel,60,,,m,1,0.381000042,,,,,,,,,1,0,60,32,1,59
,,,,,,,,,,,,,Images/IncongruentRight.jpeg,Incongruent Right,m,001,Chris,2020-10-07_10h45.40.593,Tse_Altarriba_Simon,3.2.4,MacIntel,60,,,m,1,0.371000051,,,,,,,,,1,0,60,31,1,59
,,,,,,,,,,,,,Images/CongruentLeft.jpeg,Congruent Left,z,001,Chris,2020-10-07_10h45.40.593,Tse_Altarriba_Simon,3.2.4,MacIntel,60,,,z,1,0.437000036,,,,,,,,,1,0,60,3,1,59
,,,,,,,,,,,,,Images/NeurtalRight.jpeg,Neutral Right,m,001,Chris,2020-10-07_10h45.40.593,Tse_Altarriba_Simon,3.2.4,MacIntel,60,,,m,1,0.40199995,,,,,,,,,1,0,60,52,1,59
,,,,,,,,,,,,,Images/NeutralLeft.jpeg,Neutral Left,z,001,Chris,2020-10-07_10h45.40.593,Tse_Altarriba_Simon,3.2.4,MacIntel,60,,,z,1,0.421000004,,,,,,,,,1,0,60,41,1,59
,,,,,,,,,,,,,Images/CongruentLeft.jpeg,Congruent Left,z,001,Chris,2020-10-07_10h45.40.593,Tse_Altarriba_Simon,3.2.4,MacIntel,60,,,z,1,0.434000015,,,,,,,,,1,0,60,1,1,59
,,,,,,,,,,,,,Images/CongruentRight.jpeg,Congruent Right,m,001,Chris,2020-10-07_10h45.40.593,Tse_Altarriba_Simon,3.2.4,MacIntel,60,,,m,1,0.437000036,,,,,,,,,1,0,60,16,1,59
,,,,,,,,,,,,,Images/CongruentRight.jpeg,Congruent Right,m,001,Chris,2020-10-07_10h45.40.593,Tse_Altarriba_Simon,3.2.4,MacIntel,60,,,m,1,0.336000204,,,,,,,,,1,0,60,15,1,59
,,,,,,,,,,,,,Images/IncongruentLeft.jpeg,Incongruent Left,z,001,Chris,2020-10-07_10h45.40.593,Tse_Altarriba_Simon,3.2.4,MacIntel,60,,,z,1,0.382999897,,,,,,,,,1,0,60,29,1,59
,,,,,,,,,,,,,Images/IncongruentLeft.jpeg,Incongruent Left,z,001,Chris,2020-10-07_10h45.40.593,Tse_Altarriba_Simon,3.2.4,MacIntel,60,,,z,1,0.335999966,,,,,,,,,1,0,60,23,1,59
,,,,,,,,,,,,,Images/CongruentRight.jpeg,Congruent Right,m,001,Chris,2020-10-07_10h45.40.593,Tse_Altarriba_Simon,3.2.4,MacIntel,60,,,m,1,0.388000011,,,,,,,,,1,0,60,19,1,59
,,,,,,,,,,,,,Images/CongruentRight.jpeg,Congruent Right,m,001,Chris,2020-10-07_10h45.40.593,Tse_Altarriba_Simon,3.2.4,MacIntel,60,,,m,1,0.387000084,,,,,,,,,1,0,60,13,1,59
,,,,,,,,,,,,,Images/IncongruentLeft.jpeg,Incongruent Left,z,001,Chris,2020-10-07_10h45.40.593,Tse_Altarriba_Simon,3.2.4,MacIntel,60,,,z,1,0.437000036,,,,,,,,,1,0,60,21,1,59
,,,,,,,,,,,,,Images/CongruentRight.jpeg,Congruent Right,m,001,Chris,2020-10-07_10h45.40.593,Tse_Altarriba_Simon,3.2.4,MacIntel,60,,,m,1,0.401000023,,,,,,,,,1,0,60,12,1,59
,,,,,,,,,,,,,Images/NeurtalRight.jpeg,Neutral Right,m,001,Chris,2020-10-07_10h45.40.593,Tse_Altarriba_Simon,3.2.4,MacIntel,60,,,m,1,0.469000101,,,,,,,,,1,0,60,50,1,59
,,,,,,,,,,,,,Images/IncongruentLeft.jpeg,Incongruent Left,z,001,Chris,2020-10-07_10h45.40.593,Tse_Altarriba_Simon,3.2.4,MacIntel,60,,,z,1,0.349999905,,,,,,,,,1,0,60,26,1,59
,,,,,,,,,,,,,Images/NeurtalRight.jpeg,Neutral Right,m,001,Chris,2020-10-07_10h45.40.593,Tse_Altarriba_Simon,3.2.4,MacIntel,60,,,m,1,0.38499999,,,,,,,,,1,0,60,55,1,59
,,,,,,,,,,,,,Images/NeutralLeft.jpeg,Neutral Left,z,001,Chris,2020-10-07_10h45.40.593,Tse_Altarriba_Simon,3.2.4,MacIntel,60,,,z,1,0.370000124,,,,,,,,,1,0,60,40,1,59
,,,,,,,,,,,,,Images/IncongruentLeft.jpeg,Incongruent Left,z,001,Chris,2020-10-07_10h45.40.593,Tse_Altarriba_Simon,3.2.4,MacIntel,60,,,z,1,0.488000154,,,,,,,,,1,0,60,20,1,59
,,,,,,,,,,,,,Images/IncongruentLeft.jpeg,Incongruent Left,z,001,Chris,2020-10-07_10h45.40.593,Tse_Altarriba_Simon,3.2.4,MacIntel,60,,,z,1,0.585000038,,,,,,,,,1,0,60,22,1,59
,,,,,,,,,,,,,Images/CongruentLeft.jpeg,Congruent Left,z,001,Chris,2020-10-07_10h45.40.593,Tse_Altarriba_Simon,3.2.4,MacIntel,60,,,z,1,0.484999895,,,,,,,,,1,0,60,9,1,59
,,,,,,,,,,,,,Images/NeutralLeft.jpeg,Neutral Left,z,001,Chris,2020-10-07_10h45.40.593,Tse_Altarriba_Simon,3.2.4,MacIntel,60,,,z,1,0.398999929,,,,,,,,,1,0,60,43,1,59
,,,,,,,,,,,,,Images/NeurtalRight.jpeg,Neutral Right,m,001,Chris,2020-10-07_10h45.40.593,Tse_Altarriba_Simon,3.2.4,MacIntel,60,,,m,1,0.469000101,,,,,,,,,1,0,60,59,1,59
,,,,,,,,,,,,,Images/NeutralLeft.jpeg,Neutral Left,z,001,Chris,2020-10-07_10h45.40.593,Tse_Altarriba_Simon,3.2.4,MacIntel,60,,,z,1,0.450000048,,,,,,,,,1,0,60,44,1,59
,,,,,,,,,,,,,Images/NeutralLeft.jpeg,Neutral Left,z,001,Chris,2020-10-07_10h45.40.593,Tse_Altarriba_Simon,3.2.4,MacIntel,60,,,z,1,0.519999981,,,,,,,,,1,0,60,45,1,59
,,,,,,,,,,,,,Images/NeutralLeft.jpeg,Neutral Left,z,001,Chris,2020-10-07_10h45.40.593,Tse_Altarriba_Simon,3.2.4,MacIntel,60,,,z,1,0.447999954,,,,,,,,,1,0,60,42,1,59
,,,,,,,,,,,,,Images/NeutralLeft.jpeg,Neutral Left,z,001,Chris,2020-10-07_10h45.40.593,Tse_Altarriba_Simon,3.2.4,MacIntel,60,,,z,1,0.370000124,,,,,,,,,1,0,60,46,1,59
,,,,,,,,,,,,,Images/CongruentRight.jpeg,Congruent Right,m,001,Chris,2020-10-07_10h45.40.593,Tse_Altarriba_Simon,3.2.4,MacIntel,60,,,m,1,0.43599987,,,,,,,,,1,0,60,14,1,59
,,,,,,,,,,,,,Images/IncongruentRight.jpeg,Incongruent Right,m,001,Chris,2020-10-07_10h45.40.593,Tse_Altarriba_Simon,3.2.4,MacIntel,60,,,m,1,0.446000099,,,,,,,,,1,0,60,39,1,59
,,,,,,,,,,,,,Images/NeutralLeft.jpeg,Neutral Left,z,001,Chris,2020-10-07_10h45.40.593,Tse_Altarriba_Simon,3.2.4,MacIntel,60,,,z,1,0.420000076,,,,,,,,,1,0,60,49,1,59
,,,,,,,,,,,,,Images/CongruentLeft.jpeg,Congruent Left,z,001,Chris,2020-10-07_10h45.40.593,Tse_Altarriba_Simon,3.2.4,MacIntel,60,,,z,1,0.44900012,,,,,,,,,1,0,60,6,1,59
,,,,,,,,,,,,,Images/NeurtalRight.jpeg,Neutral Right,m,001,Chris,2020-10-07_10h45.40.593,Tse_Altarriba_Simon,3.2.4,MacIntel,60,,,m,1,0.471999884,,,,,,,,,1,0,60,53,1,59
,,,,,,,,,,,,,Images/NeurtalRight.jpeg,Neutral Right,m,001,Chris,2020-10-07_10h45.40.593,Tse_Altarriba_Simon,3.2.4,MacIntel,60,,,m,1,0.434999943,,,,,,,,,1,0,60,56,1,59
,,,,,,,,,,,,,Images/IncongruentLeft.jpeg,Incongruent Left,z,001,Chris,2020-10-07_10h45.40.593,Tse_Altarriba_Simon,3.2.4,MacIntel,60,,,z,1,0.397000074,,,,,,,,,1,0,60,28,1,59
