Space1.keys,Space1.rt,Space2.keys,Space2.rt,response.keys,response.corr,response.rt,Practice_loop.thisRepN,Practice_loop.thisTrialN,Practice_loop.thisN,Practice_loop.thisIndex,Practice_loop.ran,ImageFile,Condition,CorrAns,Your initials,What is your age?,What is your gender?,What year are you in?,Are you Dyslexic? (Y/N),Are you bi/multilingual? (Y/N),What is your first language?,"What is your second language? (if you are monollingual, leave blank)",What other languages do you speak?,date,expName,psychopyVersion,OS,frameRate,Space3.keys,Space3.rt,key_resp_2.keys,key_resp_2.corr,key_resp_2.rt,trials.thisRepN,trials.thisTrialN,trials.thisN,trials.thisIndex,trials.ran,Space4.keys,Space4.rt,trials_2.thisRepN,trials_2.thisTrialN,trials_2.thisN,trials_2.thisIndex,trials_2.ran
space,4.4494,space,5.4503,z,1,0.8248,0,0,0,0,1,Images/CongruentLeft.jpeg,Congruent Left,z,WCY,23,female,2020,N,Y,Cantonese,English,,2021-08-21_22h47.15.792,Tse_Altarriba_Simon1,2020.1.2,MacIntel,60,,,,,,,,,,,,,,,,,
,,,,m,1,0.6125,0,1,1,3,1,Images/CongruentRight.jpeg,Congruent Right,m,WCY,23,female,2020,N,Y,Cantonese,English,,2021-08-21_22h47.15.792,Tse_Altarriba_Simon1,2020.1.2,MacIntel,60,,,,,,,,,,,,,,,,,
,,,,z,1,0.9053,0,2,2,4,1,Images/IncongruentLeft.jpeg,Incongruent Left,z,WCY,23,female,2020,N,Y,Cantonese,English,,2021-08-21_22h47.15.792,Tse_Altarriba_Simon1,2020.1.2,MacIntel,60,,,,,,,,,,,,,,,,,
,,,,z,1,0.6971,0,3,3,9,1,Images/NeutralLeft.jpeg,Neutral Left,z,WCY,23,female,2020,N,Y,Cantonese,English,,2021-08-21_22h47.15.792,Tse_Altarriba_Simon1,2020.1.2,MacIntel,60,,,,,,,,,,,,,,,,,
,,,,m,1,0.8283,0,4,4,6,1,Images/IncongruentRight.jpeg,Incongruent Right,m,WCY,23,female,2020,N,Y,Cantonese,English,,2021-08-21_22h47.15.792,Tse_Altarriba_Simon1,2020.1.2,MacIntel,60,,,,,,,,,,,,,,,,,
,,,,m,1,0.4811,0,5,5,10,1,Images/NeurtalRight.jpeg,Neutral Right,m,WCY,23,female,2020,N,Y,Cantonese,English,,2021-08-21_22h47.15.792,Tse_Altarriba_Simon1,2020.1.2,MacIntel,60,,,,,,,,,,,,,,,,,
,,,,z,0,0.7327,0,6,6,7,1,Images/IncongruentRight.jpeg,Incongruent Right,m,WCY,23,female,2020,N,Y,Cantonese,English,,2021-08-21_22h47.15.792,Tse_Altarriba_Simon1,2020.1.2,MacIntel,60,,,,,,,,,,,,,,,,,
,,,,m,1,0.6823,0,7,7,11,1,Images/NeurtalRight.jpeg,Neutral Right,m,WCY,23,female,2020,N,Y,Cantonese,English,,2021-08-21_22h47.15.792,Tse_Altarriba_Simon1,2020.1.2,MacIntel,60,,,,,,,,,,,,,,,,,
,,,,z,1,0.6635,0,8,8,1,1,Images/CongruentLeft.jpeg,Congruent Left,z,WCY,23,female,2020,N,Y,Cantonese,English,,2021-08-21_22h47.15.792,Tse_Altarriba_Simon1,2020.1.2,MacIntel,60,,,,,,,,,,,,,,,,,
,,,,z,1,0.6321,0,9,9,8,1,Images/NeutralLeft.jpeg,Neutral Left,z,WCY,23,female,2020,N,Y,Cantonese,English,,2021-08-21_22h47.15.792,Tse_Altarriba_Simon1,2020.1.2,MacIntel,60,,,,,,,,,,,,,,,,,
,,,,z,1,0.679,0,10,10,5,1,Images/IncongruentLeft.jpeg,Incongruent Left,z,WCY,23,female,2020,N,Y,Cantonese,English,,2021-08-21_22h47.15.792,Tse_Altarriba_Simon1,2020.1.2,MacIntel,60,,,,,,,,,,,,,,,,,
,,,,m,1,0.6451,0,11,11,2,1,Images/CongruentRight.jpeg,Congruent Right,m,WCY,23,female,2020,N,Y,Cantonese,English,,2021-08-21_22h47.15.792,Tse_Altarriba_Simon1,2020.1.2,MacIntel,60,,,,,,,,,,,,,,,,,
,,,,,,,,,,,,Images/NeutralLeft.jpeg,Neutral Left,z,WCY,23,female,2020,N,Y,Cantonese,English,,2021-08-21_22h47.15.792,Tse_Altarriba_Simon1,2020.1.2,MacIntel,60,space,11.4098,z,1,0.8347,0,0,0,46,1,,,,,,,
,,,,,,,,,,,,Images/NeurtalRight.jpeg,Neutral Right,m,WCY,23,female,2020,N,Y,Cantonese,English,,2021-08-21_22h47.15.792,Tse_Altarriba_Simon1,2020.1.2,MacIntel,60,,,m,1,2.8008,0,1,1,52,1,,,,,,,
,,,,,,,,,,,,Images/CongruentRight.jpeg,Congruent Right,m,WCY,23,female,2020,N,Y,Cantonese,English,,2021-08-21_22h47.15.792,Tse_Altarriba_Simon1,2020.1.2,MacIntel,60,,,m,1,0.9803,0,2,2,19,1,,,,,,,
,,,,,,,,,,,,Images/CongruentLeft.jpeg,Congruent Left,z,WCY,23,female,2020,N,Y,Cantonese,English,,2021-08-21_22h47.15.792,Tse_Altarriba_Simon1,2020.1.2,MacIntel,60,,,z,1,0.5673,0,3,3,8,1,,,,,,,
,,,,,,,,,,,,Images/IncongruentRight.jpeg,Incongruent Right,m,WCY,23,female,2020,N,Y,Cantonese,English,,2021-08-21_22h47.15.792,Tse_Altarriba_Simon1,2020.1.2,MacIntel,60,,,m,1,1.1086,0,4,4,37,1,,,,,,,
,,,,,,,,,,,,Images/CongruentRight.jpeg,Congruent Right,m,WCY,23,female,2020,N,Y,Cantonese,English,,2021-08-21_22h47.15.792,Tse_Altarriba_Simon1,2020.1.2,MacIntel,60,,,m,1,0.5153,0,5,5,11,1,,,,,,,
,,,,,,,,,,,,Images/IncongruentLeft.jpeg,Incongruent Left,z,WCY,23,female,2020,N,Y,Cantonese,English,,2021-08-21_22h47.15.792,Tse_Altarriba_Simon1,2020.1.2,MacIntel,60,,,z,1,0.5193,0,6,6,20,1,,,,,,,
,,,,,,,,,,,,Images/IncongruentLeft.jpeg,Incongruent Left,z,WCY,23,female,2020,N,Y,Cantonese,English,,2021-08-21_22h47.15.792,Tse_Altarriba_Simon1,2020.1.2,MacIntel,60,,,z,1,0.7856,0,7,7,21,1,,,,,,,
,,,,,,,,,,,,Images/NeurtalRight.jpeg,Neutral Right,m,WCY,23,female,2020,N,Y,Cantonese,English,,2021-08-21_22h47.15.792,Tse_Altarriba_Simon1,2020.1.2,MacIntel,60,,,m,1,0.5479,0,8,8,57,1,,,,,,,
,,,,,,,,,,,,Images/CongruentLeft.jpeg,Congruent Left,z,WCY,23,female,2020,N,Y,Cantonese,English,,2021-08-21_22h47.15.792,Tse_Altarriba_Simon1,2020.1.2,MacIntel,60,,,z,1,0.6001,0,9,9,2,1,,,,,,,
,,,,,,,,,,,,Images/NeurtalRight.jpeg,Neutral Right,m,WCY,23,female,2020,N,Y,Cantonese,English,,2021-08-21_22h47.15.792,Tse_Altarriba_Simon1,2020.1.2,MacIntel,60,,,m,1,0.4512,0,10,10,56,1,,,,,,,
,,,,,,,,,,,,Images/CongruentLeft.jpeg,Congruent Left,z,WCY,23,female,2020,N,Y,Cantonese,English,,2021-08-21_22h47.15.792,Tse_Altarriba_Simon1,2020.1.2,MacIntel,60,,,z,1,0.4297,0,11,11,4,1,,,,,,,
,,,,,,,,,,,,Images/NeutralLeft.jpeg,Neutral Left,z,WCY,23,female,2020,N,Y,Cantonese,English,,2021-08-21_22h47.15.792,Tse_Altarriba_Simon1,2020.1.2,MacIntel,60,,,z,1,0.8448,0,12,12,47,1,,,,,,,
,,,,,,,,,,,,Images/CongruentLeft.jpeg,Congruent Left,z,WCY,23,female,2020,N,Y,Cantonese,English,,2021-08-21_22h47.15.792,Tse_Altarriba_Simon1,2020.1.2,MacIntel,60,,,z,1,0.3993,0,13,13,1,1,,,,,,,
,,,,,,,,,,,,Images/NeutralLeft.jpeg,Neutral Left,z,WCY,23,female,2020,N,Y,Cantonese,English,,2021-08-21_22h47.15.792,Tse_Altarriba_Simon1,2020.1.2,MacIntel,60,,,z,1,0.4552,0,14,14,49,1,,,,,,,
,,,,,,,,,,,,Images/IncongruentRight.jpeg,Incongruent Right,m,WCY,23,female,2020,N,Y,Cantonese,English,,2021-08-21_22h47.15.792,Tse_Altarriba_Simon1,2020.1.2,MacIntel,60,,,m,1,0.5883,0,15,15,31,1,,,,,,,
,,,,,,,,,,,,Images/IncongruentLeft.jpeg,Incongruent Left,z,WCY,23,female,2020,N,Y,Cantonese,English,,2021-08-21_22h47.15.792,Tse_Altarriba_Simon1,2020.1.2,MacIntel,60,,,z,1,0.4999,0,16,16,28,1,,,,,,,
,,,,,,,,,,,,Images/CongruentLeft.jpeg,Congruent Left,z,WCY,23,female,2020,N,Y,Cantonese,English,,2021-08-21_22h47.15.792,Tse_Altarriba_Simon1,2020.1.2,MacIntel,60,,,z,1,0.4458,0,17,17,9,1,,,,,,,
,,,,,,,,,,,,Images/CongruentLeft.jpeg,Congruent Left,z,WCY,23,female,2020,N,Y,Cantonese,English,,2021-08-21_22h47.15.792,Tse_Altarriba_Simon1,2020.1.2,MacIntel,60,,,z,1,0.4185,0,18,18,6,1,,,,,,,
,,,,,,,,,,,,Images/NeutralLeft.jpeg,Neutral Left,z,WCY,23,female,2020,N,Y,Cantonese,English,,2021-08-21_22h47.15.792,Tse_Altarriba_Simon1,2020.1.2,MacIntel,60,,,z,1,0.415,0,19,19,48,1,,,,,,,
,,,,,,,,,,,,Images/CongruentLeft.jpeg,Congruent Left,z,WCY,23,female,2020,N,Y,Cantonese,English,,2021-08-21_22h47.15.792,Tse_Altarriba_Simon1,2020.1.2,MacIntel,60,,,z,1,0.3976,0,20,20,3,1,,,,,,,
,,,,,,,,,,,,Images/IncongruentRight.jpeg,Incongruent Right,m,WCY,23,female,2020,N,Y,Cantonese,English,,2021-08-21_22h47.15.792,Tse_Altarriba_Simon1,2020.1.2,MacIntel,60,,,m,1,0.5999,0,21,21,38,1,,,,,,,
,,,,,,,,,,,,Images/NeurtalRight.jpeg,Neutral Right,m,WCY,23,female,2020,N,Y,Cantonese,English,,2021-08-21_22h47.15.792,Tse_Altarriba_Simon1,2020.1.2,MacIntel,60,,,m,1,0.4676,0,22,22,59,1,,,,,,,
,,,,,,,,,,,,Images/IncongruentRight.jpeg,Incongruent Right,m,WCY,23,female,2020,N,Y,Cantonese,English,,2021-08-21_22h47.15.792,Tse_Altarriba_Simon1,2020.1.2,MacIntel,60,,,m,1,0.5006,0,23,23,32,1,,,,,,,
,,,,,,,,,,,,Images/NeutralLeft.jpeg,Neutral Left,z,WCY,23,female,2020,N,Y,Cantonese,English,,2021-08-21_22h47.15.792,Tse_Altarriba_Simon1,2020.1.2,MacIntel,60,,,z,1,0.6352,0,24,24,45,1,,,,,,,
,,,,,,,,,,,,Images/NeutralLeft.jpeg,Neutral Left,z,WCY,23,female,2020,N,Y,Cantonese,English,,2021-08-21_22h47.15.792,Tse_Altarriba_Simon1,2020.1.2,MacIntel,60,,,z,1,0.4654,0,25,25,42,1,,,,,,,
,,,,,,,,,,,,Images/IncongruentLeft.jpeg,Incongruent Left,z,WCY,23,female,2020,N,Y,Cantonese,English,,2021-08-21_22h47.15.792,Tse_Altarriba_Simon1,2020.1.2,MacIntel,60,,,z,1,0.7485,0,26,26,27,1,,,,,,,
,,,,,,,,,,,,Images/IncongruentLeft.jpeg,Incongruent Left,z,WCY,23,female,2020,N,Y,Cantonese,English,,2021-08-21_22h47.15.792,Tse_Altarriba_Simon1,2020.1.2,MacIntel,60,,,z,1,0.4684,0,27,27,26,1,,,,,,,
,,,,,,,,,,,,Images/CongruentRight.jpeg,Congruent Right,m,WCY,23,female,2020,N,Y,Cantonese,English,,2021-08-21_22h47.15.792,Tse_Altarriba_Simon1,2020.1.2,MacIntel,60,,,m,1,0.515,0,28,28,13,1,,,,,,,
,,,,,,,,,,,,Images/IncongruentLeft.jpeg,Incongruent Left,z,WCY,23,female,2020,N,Y,Cantonese,English,,2021-08-21_22h47.15.792,Tse_Altarriba_Simon1,2020.1.2,MacIntel,60,,,z,1,0.5453,0,29,29,25,1,,,,,,,
,,,,,,,,,,,,Images/CongruentRight.jpeg,Congruent Right,m,WCY,23,female,2020,N,Y,Cantonese,English,,2021-08-21_22h47.15.792,Tse_Altarriba_Simon1,2020.1.2,MacIntel,60,,,m,1,0.5016,0,30,30,17,1,,,,,,,
,,,,,,,,,,,,Images/IncongruentRight.jpeg,Incongruent Right,m,WCY,23,female,2020,N,Y,Cantonese,English,,2021-08-21_22h47.15.792,Tse_Altarriba_Simon1,2020.1.2,MacIntel,60,,,m,1,0.5524,0,31,31,30,1,,,,,,,
,,,,,,,,,,,,Images/CongruentLeft.jpeg,Congruent Left,z,WCY,23,female,2020,N,Y,Cantonese,English,,2021-08-21_22h47.15.792,Tse_Altarriba_Simon1,2020.1.2,MacIntel,60,,,z,1,0.5978,0,32,32,5,1,,,,,,,
,,,,,,,,,,,,Images/NeurtalRight.jpeg,Neutral Right,m,WCY,23,female,2020,N,Y,Cantonese,English,,2021-08-21_22h47.15.792,Tse_Altarriba_Simon1,2020.1.2,MacIntel,60,,,m,1,0.7326,0,33,33,50,1,,,,,,,
,,,,,,,,,,,,Images/CongruentRight.jpeg,Congruent Right,m,WCY,23,female,2020,N,Y,Cantonese,English,,2021-08-21_22h47.15.792,Tse_Altarriba_Simon1,2020.1.2,MacIntel,60,,,m,1,0.5846,0,34,34,10,1,,,,,,,
,,,,,,,,,,,,Images/IncongruentRight.jpeg,Incongruent Right,m,WCY,23,female,2020,N,Y,Cantonese,English,,2021-08-21_22h47.15.792,Tse_Altarriba_Simon1,2020.1.2,MacIntel,60,,,m,1,0.9191,0,35,35,35,1,,,,,,,
,,,,,,,,,,,,Images/CongruentRight.jpeg,Congruent Right,m,WCY,23,female,2020,N,Y,Cantonese,English,,2021-08-21_22h47.15.792,Tse_Altarriba_Simon1,2020.1.2,MacIntel,60,,,m,1,0.6155,0,36,36,12,1,,,,,,,
,,,,,,,,,,,,Images/IncongruentLeft.jpeg,Incongruent Left,z,WCY,23,female,2020,N,Y,Cantonese,English,,2021-08-21_22h47.15.792,Tse_Altarriba_Simon1,2020.1.2,MacIntel,60,,,z,1,0.6664,0,37,37,29,1,,,,,,,
,,,,,,,,,,,,Images/IncongruentRight.jpeg,Incongruent Right,m,WCY,23,female,2020,N,Y,Cantonese,English,,2021-08-21_22h47.15.792,Tse_Altarriba_Simon1,2020.1.2,MacIntel,60,,,m,1,0.5802,0,38,38,33,1,,,,,,,
,,,,,,,,,,,,Images/CongruentRight.jpeg,Congruent Right,m,WCY,23,female,2020,N,Y,Cantonese,English,,2021-08-21_22h47.15.792,Tse_Altarriba_Simon1,2020.1.2,MacIntel,60,,,m,1,0.4133,0,39,39,14,1,,,,,,,
,,,,,,,,,,,,Images/CongruentLeft.jpeg,Congruent Left,z,WCY,23,female,2020,N,Y,Cantonese,English,,2021-08-21_22h47.15.792,Tse_Altarriba_Simon1,2020.1.2,MacIntel,60,,,z,1,0.4868,0,40,40,0,1,,,,,,,
,,,,,,,,,,,,Images/CongruentRight.jpeg,Congruent Right,m,WCY,23,female,2020,N,Y,Cantonese,English,,2021-08-21_22h47.15.792,Tse_Altarriba_Simon1,2020.1.2,MacIntel,60,,,m,1,0.3675,0,41,41,18,1,,,,,,,
,,,,,,,,,,,,Images/CongruentRight.jpeg,Congruent Right,m,WCY,23,female,2020,N,Y,Cantonese,English,,2021-08-21_22h47.15.792,Tse_Altarriba_Simon1,2020.1.2,MacIntel,60,,,m,1,0.3686,0,42,42,16,1,,,,,,,
,,,,,,,,,,,,Images/CongruentLeft.jpeg,Congruent Left,z,WCY,23,female,2020,N,Y,Cantonese,English,,2021-08-21_22h47.15.792,Tse_Altarriba_Simon1,2020.1.2,MacIntel,60,,,z,1,0.5338,0,43,43,7,1,,,,,,,
,,,,,,,,,,,,Images/IncongruentRight.jpeg,Incongruent Right,m,WCY,23,female,2020,N,Y,Cantonese,English,,2021-08-21_22h47.15.792,Tse_Altarriba_Simon1,2020.1.2,MacIntel,60,,,m,1,0.6357,0,44,44,39,1,,,,,,,
,,,,,,,,,,,,Images/NeutralLeft.jpeg,Neutral Left,z,WCY,23,female,2020,N,Y,Cantonese,English,,2021-08-21_22h47.15.792,Tse_Altarriba_Simon1,2020.1.2,MacIntel,60,,,m,0,0.4349,0,45,45,43,1,,,,,,,
,,,,,,,,,,,,Images/IncongruentLeft.jpeg,Incongruent Left,z,WCY,23,female,2020,N,Y,Cantonese,English,,2021-08-21_22h47.15.792,Tse_Altarriba_Simon1,2020.1.2,MacIntel,60,,,z,1,0.5531,0,46,46,22,1,,,,,,,
,,,,,,,,,,,,Images/NeutralLeft.jpeg,Neutral Left,z,WCY,23,female,2020,N,Y,Cantonese,English,,2021-08-21_22h47.15.792,Tse_Altarriba_Simon1,2020.1.2,MacIntel,60,,,z,1,0.5137,0,47,47,44,1,,,,,,,
,,,,,,,,,,,,Images/IncongruentRight.jpeg,Incongruent Right,m,WCY,23,female,2020,N,Y,Cantonese,English,,2021-08-21_22h47.15.792,Tse_Altarriba_Simon1,2020.1.2,MacIntel,60,,,m,1,0.7692,0,48,48,36,1,,,,,,,
,,,,,,,,,,,,Images/NeurtalRight.jpeg,Neutral Right,m,WCY,23,female,2020,N,Y,Cantonese,English,,2021-08-21_22h47.15.792,Tse_Altarriba_Simon1,2020.1.2,MacIntel,60,,,m,1,0.4933,0,49,49,55,1,,,,,,,
,,,,,,,,,,,,Images/CongruentRight.jpeg,Congruent Right,m,WCY,23,female,2020,N,Y,Cantonese,English,,2021-08-21_22h47.15.792,Tse_Altarriba_Simon1,2020.1.2,MacIntel,60,,,m,1,0.4666,0,50,50,15,1,,,,,,,
,,,,,,,,,,,,Images/NeurtalRight.jpeg,Neutral Right,m,WCY,23,female,2020,N,Y,Cantonese,English,,2021-08-21_22h47.15.792,Tse_Altarriba_Simon1,2020.1.2,MacIntel,60,,,m,1,0.4875,0,51,51,51,1,,,,,,,
,,,,,,,,,,,,Images/NeutralLeft.jpeg,Neutral Left,z,WCY,23,female,2020,N,Y,Cantonese,English,,2021-08-21_22h47.15.792,Tse_Altarriba_Simon1,2020.1.2,MacIntel,60,,,z,1,0.5659,0,52,52,40,1,,,,,,,
,,,,,,,,,,,,Images/IncongruentLeft.jpeg,Incongruent Left,z,WCY,23,female,2020,N,Y,Cantonese,English,,2021-08-21_22h47.15.792,Tse_Altarriba_Simon1,2020.1.2,MacIntel,60,,,m,0,0.5535,0,53,53,23,1,,,,,,,
,,,,,,,,,,,,Images/NeurtalRight.jpeg,Neutral Right,m,WCY,23,female,2020,N,Y,Cantonese,English,,2021-08-21_22h47.15.792,Tse_Altarriba_Simon1,2020.1.2,MacIntel,60,,,m,1,0.5027,0,54,54,58,1,,,,,,,
,,,,,,,,,,,,Images/NeurtalRight.jpeg,Neutral Right,m,WCY,23,female,2020,N,Y,Cantonese,English,,2021-08-21_22h47.15.792,Tse_Altarriba_Simon1,2020.1.2,MacIntel,60,,,m,1,0.4686,0,55,55,53,1,,,,,,,
,,,,,,,,,,,,Images/NeurtalRight.jpeg,Neutral Right,m,WCY,23,female,2020,N,Y,Cantonese,English,,2021-08-21_22h47.15.792,Tse_Altarriba_Simon1,2020.1.2,MacIntel,60,,,m,1,0.4663,0,56,56,54,1,,,,,,,
,,,,,,,,,,,,Images/IncongruentRight.jpeg,Incongruent Right,m,WCY,23,female,2020,N,Y,Cantonese,English,,2021-08-21_22h47.15.792,Tse_Altarriba_Simon1,2020.1.2,MacIntel,60,,,m,1,0.535,0,57,57,34,1,,,,,,,
,,,,,,,,,,,,Images/IncongruentLeft.jpeg,Incongruent Left,z,WCY,23,female,2020,N,Y,Cantonese,English,,2021-08-21_22h47.15.792,Tse_Altarriba_Simon1,2020.1.2,MacIntel,60,,,z,1,0.7012,0,58,58,24,1,,,,,,,
,,,,,,,,,,,,Images/NeutralLeft.jpeg,Neutral Left,z,WCY,23,female,2020,N,Y,Cantonese,English,,2021-08-21_22h47.15.792,Tse_Altarriba_Simon1,2020.1.2,MacIntel,60,,,z,1,0.5344,0,59,59,41,1,,,,,,,
,,,,,,,,,,,,Images/IncongruentRight.jpeg,Incongruent Right,m,WCY,23,female,2020,N,Y,Cantonese,English,,2021-08-21_22h47.15.792,Tse_Altarriba_Simon1,2020.1.2,MacIntel,60,,,m,1,0.7096,,,,,,space,4.675,0,0,0,39,1
,,,,,,,,,,,,Images/CongruentLeft.jpeg,Congruent Left,z,WCY,23,female,2020,N,Y,Cantonese,English,,2021-08-21_22h47.15.792,Tse_Altarriba_Simon1,2020.1.2,MacIntel,60,,,z,1,0.4729,,,,,,,,0,1,1,3,1
,,,,,,,,,,,,Images/NeurtalRight.jpeg,Neutral Right,m,WCY,23,female,2020,N,Y,Cantonese,English,,2021-08-21_22h47.15.792,Tse_Altarriba_Simon1,2020.1.2,MacIntel,60,,,m,1,0.4345,,,,,,,,0,2,2,56,1
,,,,,,,,,,,,Images/IncongruentLeft.jpeg,Incongruent Left,z,WCY,23,female,2020,N,Y,Cantonese,English,,2021-08-21_22h47.15.792,Tse_Altarriba_Simon1,2020.1.2,MacIntel,60,,,z,1,0.5721,,,,,,,,0,3,3,29,1
,,,,,,,,,,,,Images/CongruentRight.jpeg,Congruent Right,m,WCY,23,female,2020,N,Y,Cantonese,English,,2021-08-21_22h47.15.792,Tse_Altarriba_Simon1,2020.1.2,MacIntel,60,,,m,1,0.5164,,,,,,,,0,4,4,14,1
,,,,,,,,,,,,Images/NeurtalRight.jpeg,Neutral Right,m,WCY,23,female,2020,N,Y,Cantonese,English,,2021-08-21_22h47.15.792,Tse_Altarriba_Simon1,2020.1.2,MacIntel,60,,,m,1,0.6947,,,,,,,,0,5,5,55,1
,,,,,,,,,,,,Images/NeurtalRight.jpeg,Neutral Right,m,WCY,23,female,2020,N,Y,Cantonese,English,,2021-08-21_22h47.15.792,Tse_Altarriba_Simon1,2020.1.2,MacIntel,60,,,m,1,0.4274,,,,,,,,0,6,6,59,1
,,,,,,,,,,,,Images/NeurtalRight.jpeg,Neutral Right,m,WCY,23,female,2020,N,Y,Cantonese,English,,2021-08-21_22h47.15.792,Tse_Altarriba_Simon1,2020.1.2,MacIntel,60,,,m,1,0.3723,,,,,,,,0,7,7,50,1
,,,,,,,,,,,,Images/NeurtalRight.jpeg,Neutral Right,m,WCY,23,female,2020,N,Y,Cantonese,English,,2021-08-21_22h47.15.792,Tse_Altarriba_Simon1,2020.1.2,MacIntel,60,,,m,1,0.4178,,,,,,,,0,8,8,58,1
,,,,,,,,,,,,Images/CongruentRight.jpeg,Congruent Right,m,WCY,23,female,2020,N,Y,Cantonese,English,,2021-08-21_22h47.15.792,Tse_Altarriba_Simon1,2020.1.2,MacIntel,60,,,m,1,0.3774,,,,,,,,0,9,9,10,1
,,,,,,,,,,,,Images/CongruentLeft.jpeg,Congruent Left,z,WCY,23,female,2020,N,Y,Cantonese,English,,2021-08-21_22h47.15.792,Tse_Altarriba_Simon1,2020.1.2,MacIntel,60,,,z,1,0.3688,,,,,,,,0,10,10,2,1
,,,,,,,,,,,,Images/CongruentLeft.jpeg,Congruent Left,z,WCY,23,female,2020,N,Y,Cantonese,English,,2021-08-21_22h47.15.792,Tse_Altarriba_Simon1,2020.1.2,MacIntel,60,,,z,1,0.3655,,,,,,,,0,11,11,8,1
,,,,,,,,,,,,Images/NeutralLeft.jpeg,Neutral Left,z,WCY,23,female,2020,N,Y,Cantonese,English,,2021-08-21_22h47.15.792,Tse_Altarriba_Simon1,2020.1.2,MacIntel,60,,,z,1,0.4202,,,,,,,,0,12,12,42,1
,,,,,,,,,,,,Images/IncongruentRight.jpeg,Incongruent Right,m,WCY,23,female,2020,N,Y,Cantonese,English,,2021-08-21_22h47.15.792,Tse_Altarriba_Simon1,2020.1.2,MacIntel,60,,,m,1,0.5958,,,,,,,,0,13,13,32,1
,,,,,,,,,,,,Images/IncongruentRight.jpeg,Incongruent Right,m,WCY,23,female,2020,N,Y,Cantonese,English,,2021-08-21_22h47.15.792,Tse_Altarriba_Simon1,2020.1.2,MacIntel,60,,,m,1,0.4658,,,,,,,,0,14,14,34,1
,,,,,,,,,,,,Images/IncongruentRight.jpeg,Incongruent Right,m,WCY,23,female,2020,N,Y,Cantonese,English,,2021-08-21_22h47.15.792,Tse_Altarriba_Simon1,2020.1.2,MacIntel,60,,,m,1,0.3855,,,,,,,,0,15,15,31,1
,,,,,,,,,,,,Images/CongruentLeft.jpeg,Congruent Left,z,WCY,23,female,2020,N,Y,Cantonese,English,,2021-08-21_22h47.15.792,Tse_Altarriba_Simon1,2020.1.2,MacIntel,60,,,z,1,0.5104,,,,,,,,0,16,16,0,1
,,,,,,,,,,,,Images/NeutralLeft.jpeg,Neutral Left,z,WCY,23,female,2020,N,Y,Cantonese,English,,2021-08-21_22h47.15.792,Tse_Altarriba_Simon1,2020.1.2,MacIntel,60,,,m,0,0.4189,,,,,,,,0,17,17,46,1
,,,,,,,,,,,,Images/IncongruentLeft.jpeg,Incongruent Left,z,WCY,23,female,2020,N,Y,Cantonese,English,,2021-08-21_22h47.15.792,Tse_Altarriba_Simon1,2020.1.2,MacIntel,60,,,z,1,0.5005,,,,,,,,0,18,18,20,1
,,,,,,,,,,,,Images/CongruentRight.jpeg,Congruent Right,m,WCY,23,female,2020,N,Y,Cantonese,English,,2021-08-21_22h47.15.792,Tse_Altarriba_Simon1,2020.1.2,MacIntel,60,,,m,1,0.7861,,,,,,,,0,19,19,16,1
,,,,,,,,,,,,Images/IncongruentLeft.jpeg,Incongruent Left,z,WCY,23,female,2020,N,Y,Cantonese,English,,2021-08-21_22h47.15.792,Tse_Altarriba_Simon1,2020.1.2,MacIntel,60,,,z,1,0.5154,,,,,,,,0,20,20,26,1
,,,,,,,,,,,,Images/CongruentRight.jpeg,Congruent Right,m,WCY,23,female,2020,N,Y,Cantonese,English,,2021-08-21_22h47.15.792,Tse_Altarriba_Simon1,2020.1.2,MacIntel,60,,,m,1,0.4771,,,,,,,,0,21,21,13,1
,,,,,,,,,,,,Images/NeutralLeft.jpeg,Neutral Left,z,WCY,23,female,2020,N,Y,Cantonese,English,,2021-08-21_22h47.15.792,Tse_Altarriba_Simon1,2020.1.2,MacIntel,60,,,z,1,0.483,,,,,,,,0,22,22,45,1
,,,,,,,,,,,,Images/NeutralLeft.jpeg,Neutral Left,z,WCY,23,female,2020,N,Y,Cantonese,English,,2021-08-21_22h47.15.792,Tse_Altarriba_Simon1,2020.1.2,MacIntel,60,,,z,1,0.4497,,,,,,,,0,23,23,48,1
,,,,,,,,,,,,Images/CongruentRight.jpeg,Congruent Right,m,WCY,23,female,2020,N,Y,Cantonese,English,,2021-08-21_22h47.15.792,Tse_Altarriba_Simon1,2020.1.2,MacIntel,60,,,m,1,0.5686,,,,,,,,0,24,24,17,1
,,,,,,,,,,,,Images/CongruentRight.jpeg,Congruent Right,m,WCY,23,female,2020,N,Y,Cantonese,English,,2021-08-21_22h47.15.792,Tse_Altarriba_Simon1,2020.1.2,MacIntel,60,,,m,1,0.4117,,,,,,,,0,25,25,19,1
,,,,,,,,,,,,Images/IncongruentRight.jpeg,Incongruent Right,m,WCY,23,female,2020,N,Y,Cantonese,English,,2021-08-21_22h47.15.792,Tse_Altarriba_Simon1,2020.1.2,MacIntel,60,,,m,1,0.4999,,,,,,,,0,26,26,38,1
,,,,,,,,,,,,Images/IncongruentRight.jpeg,Incongruent Right,m,WCY,23,female,2020,N,Y,Cantonese,English,,2021-08-21_22h47.15.792,Tse_Altarriba_Simon1,2020.1.2,MacIntel,60,,,m,1,0.4599,,,,,,,,0,27,27,37,1
,,,,,,,,,,,,Images/NeutralLeft.jpeg,Neutral Left,z,WCY,23,female,2020,N,Y,Cantonese,English,,2021-08-21_22h47.15.792,Tse_Altarriba_Simon1,2020.1.2,MacIntel,60,,,z,1,0.5937,,,,,,,,0,28,28,44,1
,,,,,,,,,,,,Images/IncongruentRight.jpeg,Incongruent Right,m,WCY,23,female,2020,N,Y,Cantonese,English,,2021-08-21_22h47.15.792,Tse_Altarriba_Simon1,2020.1.2,MacIntel,60,,,m,1,0.4721,,,,,,,,0,29,29,33,1
,,,,,,,,,,,,Images/NeutralLeft.jpeg,Neutral Left,z,WCY,23,female,2020,N,Y,Cantonese,English,,2021-08-21_22h47.15.792,Tse_Altarriba_Simon1,2020.1.2,MacIntel,60,,,z,1,0.6773,,,,,,,,0,30,30,41,1
,,,,,,,,,,,,Images/CongruentLeft.jpeg,Congruent Left,z,WCY,23,female,2020,N,Y,Cantonese,English,,2021-08-21_22h47.15.792,Tse_Altarriba_Simon1,2020.1.2,MacIntel,60,,,z,1,0.5254,,,,,,,,0,31,31,5,1
,,,,,,,,,,,,Images/NeutralLeft.jpeg,Neutral Left,z,WCY,23,female,2020,N,Y,Cantonese,English,,2021-08-21_22h47.15.792,Tse_Altarriba_Simon1,2020.1.2,MacIntel,60,,,z,1,0.481,,,,,,,,0,32,32,49,1
,,,,,,,,,,,,Images/IncongruentRight.jpeg,Incongruent Right,m,WCY,23,female,2020,N,Y,Cantonese,English,,2021-08-21_22h47.15.792,Tse_Altarriba_Simon1,2020.1.2,MacIntel,60,,,m,1,0.5019,,,,,,,,0,33,33,30,1
,,,,,,,,,,,,Images/CongruentLeft.jpeg,Congruent Left,z,WCY,23,female,2020,N,Y,Cantonese,English,,2021-08-21_22h47.15.792,Tse_Altarriba_Simon1,2020.1.2,MacIntel,60,,,z,1,0.5403,,,,,,,,0,34,34,1,1
,,,,,,,,,,,,Images/IncongruentLeft.jpeg,Incongruent Left,z,WCY,23,female,2020,N,Y,Cantonese,English,,2021-08-21_22h47.15.792,Tse_Altarriba_Simon1,2020.1.2,MacIntel,60,,,z,1,0.5679,,,,,,,,0,35,35,22,1
,,,,,,,,,,,,Images/NeurtalRight.jpeg,Neutral Right,m,WCY,23,female,2020,N,Y,Cantonese,English,,2021-08-21_22h47.15.792,Tse_Altarriba_Simon1,2020.1.2,MacIntel,60,,,m,1,0.4979,,,,,,,,0,36,36,52,1
,,,,,,,,,,,,Images/IncongruentLeft.jpeg,Incongruent Left,z,WCY,23,female,2020,N,Y,Cantonese,English,,2021-08-21_22h47.15.792,Tse_Altarriba_Simon1,2020.1.2,MacIntel,60,,,z,1,0.5145,,,,,,,,0,37,37,25,1
,,,,,,,,,,,,Images/CongruentRight.jpeg,Congruent Right,m,WCY,23,female,2020,N,Y,Cantonese,English,,2021-08-21_22h47.15.792,Tse_Altarriba_Simon1,2020.1.2,MacIntel,60,,,m,1,0.4397,,,,,,,,0,38,38,11,1
,,,,,,,,,,,,Images/IncongruentLeft.jpeg,Incongruent Left,z,WCY,23,female,2020,N,Y,Cantonese,English,,2021-08-21_22h47.15.792,Tse_Altarriba_Simon1,2020.1.2,MacIntel,60,,,z,1,0.5778,,,,,,,,0,39,39,23,1
,,,,,,,,,,,,Images/IncongruentRight.jpeg,Incongruent Right,m,WCY,23,female,2020,N,Y,Cantonese,English,,2021-08-21_22h47.15.792,Tse_Altarriba_Simon1,2020.1.2,MacIntel,60,,,m,1,0.4456,,,,,,,,0,40,40,36,1
,,,,,,,,,,,,Images/NeurtalRight.jpeg,Neutral Right,m,WCY,23,female,2020,N,Y,Cantonese,English,,2021-08-21_22h47.15.792,Tse_Altarriba_Simon1,2020.1.2,MacIntel,60,,,m,1,0.407,,,,,,,,0,41,41,53,1
,,,,,,,,,,,,Images/NeutralLeft.jpeg,Neutral Left,z,WCY,23,female,2020,N,Y,Cantonese,English,,2021-08-21_22h47.15.792,Tse_Altarriba_Simon1,2020.1.2,MacIntel,60,,,z,1,0.5475,,,,,,,,0,42,42,47,1
,,,,,,,,,,,,Images/NeutralLeft.jpeg,Neutral Left,z,WCY,23,female,2020,N,Y,Cantonese,English,,2021-08-21_22h47.15.792,Tse_Altarriba_Simon1,2020.1.2,MacIntel,60,,,z,1,0.4976,,,,,,,,0,43,43,40,1
,,,,,,,,,,,,Images/IncongruentLeft.jpeg,Incongruent Left,z,WCY,23,female,2020,N,Y,Cantonese,English,,2021-08-21_22h47.15.792,Tse_Altarriba_Simon1,2020.1.2,MacIntel,60,,,z,1,0.5529,,,,,,,,0,44,44,24,1
,,,,,,,,,,,,Images/NeurtalRight.jpeg,Neutral Right,m,WCY,23,female,2020,N,Y,Cantonese,English,,2021-08-21_22h47.15.792,Tse_Altarriba_Simon1,2020.1.2,MacIntel,60,,,m,1,0.5136,,,,,,,,0,45,45,57,1
,,,,,,,,,,,,Images/CongruentRight.jpeg,Congruent Right,m,WCY,23,female,2020,N,Y,Cantonese,English,,2021-08-21_22h47.15.792,Tse_Altarriba_Simon1,2020.1.2,MacIntel,60,,,m,1,0.4643,,,,,,,,0,46,46,12,1
,,,,,,,,,,,,Images/CongruentRight.jpeg,Congruent Right,m,WCY,23,female,2020,N,Y,Cantonese,English,,2021-08-21_22h47.15.792,Tse_Altarriba_Simon1,2020.1.2,MacIntel,60,,,m,1,0.3951,,,,,,,,0,47,47,18,1
,,,,,,,,,,,,Images/NeutralLeft.jpeg,Neutral Left,z,WCY,23,female,2020,N,Y,Cantonese,English,,2021-08-21_22h47.15.792,Tse_Altarriba_Simon1,2020.1.2,MacIntel,60,,,z,1,2.9158,,,,,,,,0,48,48,43,1
,,,,,,,,,,,,Images/CongruentLeft.jpeg,Congruent Left,z,WCY,23,female,2020,N,Y,Cantonese,English,,2021-08-21_22h47.15.792,Tse_Altarriba_Simon1,2020.1.2,MacIntel,60,,,z,1,0.3929,,,,,,,,0,49,49,6,1
,,,,,,,,,,,,Images/IncongruentRight.jpeg,Incongruent Right,m,WCY,23,female,2020,N,Y,Cantonese,English,,2021-08-21_22h47.15.792,Tse_Altarriba_Simon1,2020.1.2,MacIntel,60,,,m,1,2.7148,,,,,,,,0,50,50,35,1
,,,,,,,,,,,,Images/IncongruentLeft.jpeg,Incongruent Left,z,WCY,23,female,2020,N,Y,Cantonese,English,,2021-08-21_22h47.15.792,Tse_Altarriba_Simon1,2020.1.2,MacIntel,60,,,z,1,0.5939,,,,,,,,0,51,51,27,1
,,,,,,,,,,,,Images/CongruentLeft.jpeg,Congruent Left,z,WCY,23,female,2020,N,Y,Cantonese,English,,2021-08-21_22h47.15.792,Tse_Altarriba_Simon1,2020.1.2,MacIntel,60,,,z,1,0.4628,,,,,,,,0,52,52,4,1
,,,,,,,,,,,,Images/CongruentLeft.jpeg,Congruent Left,z,WCY,23,female,2020,N,Y,Cantonese,English,,2021-08-21_22h47.15.792,Tse_Altarriba_Simon1,2020.1.2,MacIntel,60,,,z,1,0.3764,,,,,,,,0,53,53,9,1
,,,,,,,,,,,,Images/IncongruentLeft.jpeg,Incongruent Left,z,WCY,23,female,2020,N,Y,Cantonese,English,,2021-08-21_22h47.15.792,Tse_Altarriba_Simon1,2020.1.2,MacIntel,60,,,z,1,0.4297,,,,,,,,0,54,54,28,1
,,,,,,,,,,,,Images/IncongruentLeft.jpeg,Incongruent Left,z,WCY,23,female,2020,N,Y,Cantonese,English,,2021-08-21_22h47.15.792,Tse_Altarriba_Simon1,2020.1.2,MacIntel,60,,,z,1,0.4452,,,,,,,,0,55,55,21,1
,,,,,,,,,,,,Images/NeurtalRight.jpeg,Neutral Right,m,WCY,23,female,2020,N,Y,Cantonese,English,,2021-08-21_22h47.15.792,Tse_Altarriba_Simon1,2020.1.2,MacIntel,60,,,m,1,0.48,,,,,,,,0,56,56,51,1
,,,,,,,,,,,,Images/NeurtalRight.jpeg,Neutral Right,m,WCY,23,female,2020,N,Y,Cantonese,English,,2021-08-21_22h47.15.792,Tse_Altarriba_Simon1,2020.1.2,MacIntel,60,,,m,1,0.5035,,,,,,,,0,57,57,54,1
,,,,,,,,,,,,Images/CongruentLeft.jpeg,Congruent Left,z,WCY,23,female,2020,N,Y,Cantonese,English,,2021-08-21_22h47.15.792,Tse_Altarriba_Simon1,2020.1.2,MacIntel,60,,,z,1,0.4343,,,,,,,,0,58,58,7,1
,,,,,,,,,,,,Images/CongruentRight.jpeg,Congruent Right,m,WCY,23,female,2020,N,Y,Cantonese,English,,2021-08-21_22h47.15.792,Tse_Altarriba_Simon1,2020.1.2,MacIntel,60,,,m,1,0.7709,,,,,,,,0,59,59,15,1
