Space1.keys,Space1.rt,Space2.keys,Space2.rt,key_resp.keys,key_resp.corr,key_resp.rt,Practice_loop.thisRepN,Practice_loop.thisTrialN,Practice_loop.thisN,Practice_loop.thisIndex,Practice_loop.ran,Practice_loop.order,ImageFile,Condition,CorrAns,session,participant,date,expName,psychopyVersion,OS,frameRate
space,2.26699996,space,11.25699973,m,1,3.204999924,1,0,12,7,1,11,Images/IncongruentRight.jpeg,Incongruent Right,m,001,,2020-12-11_02h33.55.696,Tse_Altarriba_Simon,3.2.4,Win32,60
,,,,z,1,0.629999876,1,0,12,8,1,11,Images/NeutralLeft.jpeg,Neutral Left,z,001,,2020-12-11_02h33.55.696,Tse_Altarriba_Simon,3.2.4,Win32,60
,,,,m,1,0.503999949,1,0,12,6,1,11,Images/IncongruentRight.jpeg,Incongruent Right,m,001,,2020-12-11_02h33.55.696,Tse_Altarriba_Simon,3.2.4,Win32,60
,,,,z,1,0.509999752,1,0,12,5,1,11,Images/IncongruentLeft.jpeg,Incongruent Left,z,001,,2020-12-11_02h33.55.696,Tse_Altarriba_Simon,3.2.4,Win32,60
,,,,z,1,0.561999798,1,0,12,9,1,11,Images/NeutralLeft.jpeg,Neutral Left,z,001,,2020-12-11_02h33.55.696,Tse_Altarriba_Simon,3.2.4,Win32,60
,,,,m,1,0.510999918,1,0,12,10,1,11,Images/NeurtalRight.jpeg,Neutral Right,m,001,,2020-12-11_02h33.55.696,Tse_Altarriba_Simon,3.2.4,Win32,60
,,,,z,1,0.529999971,1,0,12,4,1,11,Images/IncongruentLeft.jpeg,Incongruent Left,z,001,,2020-12-11_02h33.55.696,Tse_Altarriba_Simon,3.2.4,Win32,60
,,,,m,1,0.503999949,1,0,12,2,1,11,Images/CongruentRight.jpeg,Congruent Right,m,001,,2020-12-11_02h33.55.696,Tse_Altarriba_Simon,3.2.4,Win32,60
,,,,z,1,0.421000004,1,0,12,1,1,11,Images/CongruentLeft.jpeg,Congruent Left,z,001,,2020-12-11_02h33.55.696,Tse_Altarriba_Simon,3.2.4,Win32,60
,,,,m,1,0.422999859,1,0,12,3,1,11,Images/CongruentRight.jpeg,Congruent Right,m,001,,2020-12-11_02h33.55.696,Tse_Altarriba_Simon,3.2.4,Win32,60
,,,,z,1,0.510999918,1,0,12,0,1,11,Images/CongruentLeft.jpeg,Congruent Left,z,001,,2020-12-11_02h33.55.696,Tse_Altarriba_Simon,3.2.4,Win32,60
,,,,m,1,0.412999868,1,0,12,11,1,11,Images/NeurtalRight.jpeg,Neutral Right,m,001,,2020-12-11_02h33.55.696,Tse_Altarriba_Simon,3.2.4,Win32,60
