Space1.keys,Space1.rt,Space2.keys,Space2.rt,response.keys,response.corr,response.rt,Practice_loop.thisRepN,Practice_loop.thisTrialN,Practice_loop.thisN,Practice_loop.thisIndex,Practice_loop.ran,ImageFile,Condition,CorrAns,Your initials,What is your age?,What is your gender?,What year are you in?,Are you Dyslexic? (Y/N),Are you bi/multilingual? (Y/N),What is your first language?,"What is your second language? (if you are monollingual, leave blank)",What other languages do you speak?,date,expName,psychopyVersion,OS,frameRate,Space3.keys,Space3.rt,key_resp_2.keys,key_resp_2.corr,key_resp_2.rt,trials.thisRepN,trials.thisTrialN,trials.thisN,trials.thisIndex,trials.ran
space,4.6714,space,14.6619,z,1,2.8473,0,0,0,8,1,Images/NeutralLeft.jpeg,Neutral Left,z,WCY,23,female,2020,N,Y,Cantonese,English,Mandarin,2021-08-05_00h25.43.072,Tse_Altarriba_Simon1,2020.1.2,MacIntel,60,,,,,,,,,,
,,,,z,1,1.6198,0,1,1,4,1,Images/IncongruentLeft.jpeg,Incongruent Left,z,WCY,23,female,2020,N,Y,Cantonese,English,Mandarin,2021-08-05_00h25.43.072,Tse_Altarriba_Simon1,2020.1.2,MacIntel,60,,,,,,,,,,
,,,,z,1,0.9595,0,2,2,5,1,Images/IncongruentLeft.jpeg,Incongruent Left,z,WCY,23,female,2020,N,Y,Cantonese,English,Mandarin,2021-08-05_00h25.43.072,Tse_Altarriba_Simon1,2020.1.2,MacIntel,60,,,,,,,,,,
,,,,m,1,2.1109,0,3,3,6,1,Images/IncongruentRight.jpeg,Incongruent Right,m,WCY,23,female,2020,N,Y,Cantonese,English,Mandarin,2021-08-05_00h25.43.072,Tse_Altarriba_Simon1,2020.1.2,MacIntel,60,,,,,,,,,,
,,,,z,1,1.6601,0,4,4,0,1,Images/CongruentLeft.jpeg,Congruent Left,z,WCY,23,female,2020,N,Y,Cantonese,English,Mandarin,2021-08-05_00h25.43.072,Tse_Altarriba_Simon1,2020.1.2,MacIntel,60,,,,,,,,,,
,,,,z,0,1.9776,0,5,5,2,1,Images/CongruentRight.jpeg,Congruent Right,m,WCY,23,female,2020,N,Y,Cantonese,English,Mandarin,2021-08-05_00h25.43.072,Tse_Altarriba_Simon1,2020.1.2,MacIntel,60,,,,,,,,,,
,,,,m,1,1.5677,0,6,6,3,1,Images/CongruentRight.jpeg,Congruent Right,m,WCY,23,female,2020,N,Y,Cantonese,English,Mandarin,2021-08-05_00h25.43.072,Tse_Altarriba_Simon1,2020.1.2,MacIntel,60,,,,,,,,,,
,,,,m,1,1.5291,0,7,7,11,1,Images/NeurtalRight.jpeg,Neutral Right,m,WCY,23,female,2020,N,Y,Cantonese,English,Mandarin,2021-08-05_00h25.43.072,Tse_Altarriba_Simon1,2020.1.2,MacIntel,60,,,,,,,,,,
,,,,m,1,0.7657,0,8,8,10,1,Images/NeurtalRight.jpeg,Neutral Right,m,WCY,23,female,2020,N,Y,Cantonese,English,Mandarin,2021-08-05_00h25.43.072,Tse_Altarriba_Simon1,2020.1.2,MacIntel,60,,,,,,,,,,
,,,,m,1,1.6275,0,9,9,7,1,Images/IncongruentRight.jpeg,Incongruent Right,m,WCY,23,female,2020,N,Y,Cantonese,English,Mandarin,2021-08-05_00h25.43.072,Tse_Altarriba_Simon1,2020.1.2,MacIntel,60,,,,,,,,,,
,,,,z,1,0.9606,0,10,10,1,1,Images/CongruentLeft.jpeg,Congruent Left,z,WCY,23,female,2020,N,Y,Cantonese,English,Mandarin,2021-08-05_00h25.43.072,Tse_Altarriba_Simon1,2020.1.2,MacIntel,60,,,,,,,,,,
,,,,z,1,0.8853,0,11,11,9,1,Images/NeutralLeft.jpeg,Neutral Left,z,WCY,23,female,2020,N,Y,Cantonese,English,Mandarin,2021-08-05_00h25.43.072,Tse_Altarriba_Simon1,2020.1.2,MacIntel,60,,,,,,,,,,
,,,,,,,,,,,,Images/CongruentLeft.jpeg,Congruent Left,z,WCY,23,female,2020,N,Y,Cantonese,English,Mandarin,2021-08-05_00h25.43.072,Tse_Altarriba_Simon1,2020.1.2,MacIntel,60,space,5.4977,m,0,2.3645,0,0,0,3,1
,,,,,,,,,,,,Images/CongruentRight.jpeg,Congruent Right,m,WCY,23,female,2020,N,Y,Cantonese,English,Mandarin,2021-08-05_00h25.43.072,Tse_Altarriba_Simon1,2020.1.2,MacIntel,60,,,z,0,1.0681,0,1,1,10,1
,,,,,,,,,,,,Images/IncongruentRight.jpeg,Incongruent Right,m,WCY,23,female,2020,N,Y,Cantonese,English,Mandarin,2021-08-05_00h25.43.072,Tse_Altarriba_Simon1,2020.1.2,MacIntel,60,,,,0,,0,2,2,33,1
