Space1.keys,Space1.rt,Space2.keys,Space2.rt,response.keys,response.corr,response.rt,Practice_loop.thisRepN,Practice_loop.thisTrialN,Practice_loop.thisN,Practice_loop.thisIndex,Practice_loop.ran,ImageFile,Condition,CorrAns,Your initials,What is your age?,What is your gender?,What year are you in?,Are you Dyslexic? (Y/N),Are you bi/multilingual? (Y/N),What is your first language?,"What is your second language? (if you are monollingual, leave blank)",What other languages do you speak?,date,expName,psychopyVersion,OS,frameRate,Space3.keys,Space3.rt,key_resp_2.keys,key_resp_2.corr,key_resp_2.rt,trials.thisRepN,trials.thisTrialN,trials.thisN,trials.thisIndex,trials.ran,Space4.keys,Space4.rt,trials_2.thisRepN,trials_2.thisTrialN,trials_2.thisN,trials_2.thisIndex,trials_2.ran
space,4.56792,space,3.436875,m,1,0.736075,0,0,0,11,1,Images/NeurtalRight.jpeg,Neutral Right,m,WongTingbiao,20,man,2021,N,Y,,,,2021-08-17_14h35.00.577,Tse_Altarriba_Simon1,2020.1.2,Win32,60,,,,,,,,,,,,,,,,,
,,,,z,1,0.47157,0,1,1,9,1,Images/NeutralLeft.jpeg,Neutral Left,z,WongTingbiao,20,man,2021,N,Y,,,,2021-08-17_14h35.00.577,Tse_Altarriba_Simon1,2020.1.2,Win32,60,,,,,,,,,,,,,,,,,
,,,,z,1,0.61787,0,2,2,4,1,Images/IncongruentLeft.jpeg,Incongruent Left,z,WongTingbiao,20,man,2021,N,Y,,,,2021-08-17_14h35.00.577,Tse_Altarriba_Simon1,2020.1.2,Win32,60,,,,,,,,,,,,,,,,,
,,,,z,1,0.62328,0,3,3,0,1,Images/CongruentLeft.jpeg,Congruent Left,z,WongTingbiao,20,man,2021,N,Y,,,,2021-08-17_14h35.00.577,Tse_Altarriba_Simon1,2020.1.2,Win32,60,,,,,,,,,,,,,,,,,
,,,,m,1,0.56497,0,4,4,7,1,Images/IncongruentRight.jpeg,Incongruent Right,m,WongTingbiao,20,man,2021,N,Y,,,,2021-08-17_14h35.00.577,Tse_Altarriba_Simon1,2020.1.2,Win32,60,,,,,,,,,,,,,,,,,
,,,,z,1,0.403875,0,5,5,8,1,Images/NeutralLeft.jpeg,Neutral Left,z,WongTingbiao,20,man,2021,N,Y,,,,2021-08-17_14h35.00.577,Tse_Altarriba_Simon1,2020.1.2,Win32,60,,,,,,,,,,,,,,,,,
,,,,m,1,0.515685,0,6,6,2,1,Images/CongruentRight.jpeg,Congruent Right,m,WongTingbiao,20,man,2021,N,Y,,,,2021-08-17_14h35.00.577,Tse_Altarriba_Simon1,2020.1.2,Win32,60,,,,,,,,,,,,,,,,,
,,,,z,1,0.5532,0,7,7,5,1,Images/IncongruentLeft.jpeg,Incongruent Left,z,WongTingbiao,20,man,2021,N,Y,,,,2021-08-17_14h35.00.577,Tse_Altarriba_Simon1,2020.1.2,Win32,60,,,,,,,,,,,,,,,,,
,,,,m,1,0.52099,0,8,8,3,1,Images/CongruentRight.jpeg,Congruent Right,m,WongTingbiao,20,man,2021,N,Y,,,,2021-08-17_14h35.00.577,Tse_Altarriba_Simon1,2020.1.2,Win32,60,,,,,,,,,,,,,,,,,
,,,,m,1,0.58568,0,9,9,6,1,Images/IncongruentRight.jpeg,Incongruent Right,m,WongTingbiao,20,man,2021,N,Y,,,,2021-08-17_14h35.00.577,Tse_Altarriba_Simon1,2020.1.2,Win32,60,,,,,,,,,,,,,,,,,
,,,,m,1,0.48707,0,10,10,10,1,Images/NeurtalRight.jpeg,Neutral Right,m,WongTingbiao,20,man,2021,N,Y,,,,2021-08-17_14h35.00.577,Tse_Altarriba_Simon1,2020.1.2,Win32,60,,,,,,,,,,,,,,,,,
,,,,z,1,0.482035,0,11,11,1,1,Images/CongruentLeft.jpeg,Congruent Left,z,WongTingbiao,20,man,2021,N,Y,,,,2021-08-17_14h35.00.577,Tse_Altarriba_Simon1,2020.1.2,Win32,60,,,,,,,,,,,,,,,,,
,,,,,,,,,,,,Images/IncongruentRight.jpeg,Incongruent Right,m,WongTingbiao,20,man,2021,N,Y,,,,2021-08-17_14h35.00.577,Tse_Altarriba_Simon1,2020.1.2,Win32,60,space,3.102245,m,1,0.524905,0,0,0,36,1,,,,,,,
,,,,,,,,,,,,Images/NeutralLeft.jpeg,Neutral Left,z,WongTingbiao,20,man,2021,N,Y,,,,2021-08-17_14h35.00.577,Tse_Altarriba_Simon1,2020.1.2,Win32,60,,,z,1,0.317505,0,1,1,43,1,,,,,,,
,,,,,,,,,,,,Images/IncongruentLeft.jpeg,Incongruent Left,z,WongTingbiao,20,man,2021,N,Y,,,,2021-08-17_14h35.00.577,Tse_Altarriba_Simon1,2020.1.2,Win32,60,,,z,1,0.415965,0,2,2,21,1,,,,,,,
,,,,,,,,,,,,Images/IncongruentRight.jpeg,Incongruent Right,m,WongTingbiao,20,man,2021,N,Y,,,,2021-08-17_14h35.00.577,Tse_Altarriba_Simon1,2020.1.2,Win32,60,,,m,1,0.38326,0,3,3,30,1,,,,,,,
,,,,,,,,,,,,Images/CongruentLeft.jpeg,Congruent Left,z,WongTingbiao,20,man,2021,N,Y,,,,2021-08-17_14h35.00.577,Tse_Altarriba_Simon1,2020.1.2,Win32,60,,,m,0,0.441275,0,4,4,4,1,,,,,,,
,,,,,,,,,,,,Images/CongruentRight.jpeg,Congruent Right,m,WongTingbiao,20,man,2021,N,Y,,,,2021-08-17_14h35.00.577,Tse_Altarriba_Simon1,2020.1.2,Win32,60,,,m,1,0.41605,0,5,5,11,1,,,,,,,
,,,,,,,,,,,,Images/CongruentLeft.jpeg,Congruent Left,z,WongTingbiao,20,man,2021,N,Y,,,,2021-08-17_14h35.00.577,Tse_Altarriba_Simon1,2020.1.2,Win32,60,,,z,1,0.44162,0,6,6,7,1,,,,,,,
,,,,,,,,,,,,Images/NeurtalRight.jpeg,Neutral Right,m,WongTingbiao,20,man,2021,N,Y,,,,2021-08-17_14h35.00.577,Tse_Altarriba_Simon1,2020.1.2,Win32,60,,,m,1,0.35836,0,7,7,52,1,,,,,,,
,,,,,,,,,,,,Images/NeutralLeft.jpeg,Neutral Left,z,WongTingbiao,20,man,2021,N,Y,,,,2021-08-17_14h35.00.577,Tse_Altarriba_Simon1,2020.1.2,Win32,60,,,z,1,0.33318,0,8,8,45,1,,,,,,,
,,,,,,,,,,,,Images/IncongruentLeft.jpeg,Incongruent Left,z,WongTingbiao,20,man,2021,N,Y,,,,2021-08-17_14h35.00.577,Tse_Altarriba_Simon1,2020.1.2,Win32,60,,,z,1,0.35771,0,9,9,26,1,,,,,,,
,,,,,,,,,,,,Images/NeutralLeft.jpeg,Neutral Left,z,WongTingbiao,20,man,2021,N,Y,,,,2021-08-17_14h35.00.577,Tse_Altarriba_Simon1,2020.1.2,Win32,60,,,z,1,0.355635,0,10,10,48,1,,,,,,,
,,,,,,,,,,,,Images/IncongruentLeft.jpeg,Incongruent Left,z,WongTingbiao,20,man,2021,N,Y,,,,2021-08-17_14h35.00.577,Tse_Altarriba_Simon1,2020.1.2,Win32,60,,,z,1,0.39978,0,11,11,28,1,,,,,,,
,,,,,,,,,,,,Images/NeutralLeft.jpeg,Neutral Left,z,WongTingbiao,20,man,2021,N,Y,,,,2021-08-17_14h35.00.577,Tse_Altarriba_Simon1,2020.1.2,Win32,60,,,z,1,0.320405,0,12,12,42,1,,,,,,,
,,,,,,,,,,,,Images/NeurtalRight.jpeg,Neutral Right,m,WongTingbiao,20,man,2021,N,Y,,,,2021-08-17_14h35.00.577,Tse_Altarriba_Simon1,2020.1.2,Win32,60,,,m,1,0.402025,0,13,13,56,1,,,,,,,
,,,,,,,,,,,,Images/CongruentLeft.jpeg,Congruent Left,z,WongTingbiao,20,man,2021,N,Y,,,,2021-08-17_14h35.00.577,Tse_Altarriba_Simon1,2020.1.2,Win32,60,,,z,1,0.39933,0,14,14,5,1,,,,,,,
,,,,,,,,,,,,Images/CongruentLeft.jpeg,Congruent Left,z,WongTingbiao,20,man,2021,N,Y,,,,2021-08-17_14h35.00.577,Tse_Altarriba_Simon1,2020.1.2,Win32,60,,,z,1,0.30707,0,15,15,2,1,,,,,,,
,,,,,,,,,,,,Images/CongruentRight.jpeg,Congruent Right,m,WongTingbiao,20,man,2021,N,Y,,,,2021-08-17_14h35.00.577,Tse_Altarriba_Simon1,2020.1.2,Win32,60,,,m,1,0.332715,0,16,16,16,1,,,,,,,
,,,,,,,,,,,,Images/IncongruentRight.jpeg,Incongruent Right,m,WongTingbiao,20,man,2021,N,Y,,,,2021-08-17_14h35.00.577,Tse_Altarriba_Simon1,2020.1.2,Win32,60,,,m,1,0.40322,0,17,17,34,1,,,,,,,
,,,,,,,,,,,,Images/CongruentLeft.jpeg,Congruent Left,z,WongTingbiao,20,man,2021,N,Y,,,,2021-08-17_14h35.00.577,Tse_Altarriba_Simon1,2020.1.2,Win32,60,,,z,1,0.322865,0,18,18,9,1,,,,,,,
,,,,,,,,,,,,Images/CongruentRight.jpeg,Congruent Right,m,WongTingbiao,20,man,2021,N,Y,,,,2021-08-17_14h35.00.577,Tse_Altarriba_Simon1,2020.1.2,Win32,60,,,m,1,0.37885,0,19,19,14,1,,,,,,,
,,,,,,,,,,,,Images/NeurtalRight.jpeg,Neutral Right,m,WongTingbiao,20,man,2021,N,Y,,,,2021-08-17_14h35.00.577,Tse_Altarriba_Simon1,2020.1.2,Win32,60,,,m,1,0.392885,0,20,20,59,1,,,,,,,
,,,,,,,,,,,,Images/CongruentRight.jpeg,Congruent Right,m,WongTingbiao,20,man,2021,N,Y,,,,2021-08-17_14h35.00.577,Tse_Altarriba_Simon1,2020.1.2,Win32,60,,,m,1,0.39037,0,21,21,10,1,,,,,,,
,,,,,,,,,,,,Images/NeurtalRight.jpeg,Neutral Right,m,WongTingbiao,20,man,2021,N,Y,,,,2021-08-17_14h35.00.577,Tse_Altarriba_Simon1,2020.1.2,Win32,60,,,m,1,0.356625,0,22,22,57,1,,,,,,,
,,,,,,,,,,,,Images/IncongruentLeft.jpeg,Incongruent Left,z,WongTingbiao,20,man,2021,N,Y,,,,2021-08-17_14h35.00.577,Tse_Altarriba_Simon1,2020.1.2,Win32,60,,,z,1,0.383405,0,23,23,22,1,,,,,,,
,,,,,,,,,,,,Images/CongruentLeft.jpeg,Congruent Left,z,WongTingbiao,20,man,2021,N,Y,,,,2021-08-17_14h35.00.577,Tse_Altarriba_Simon1,2020.1.2,Win32,60,,,z,1,0.333475,0,24,24,8,1,,,,,,,
,,,,,,,,,,,,Images/IncongruentLeft.jpeg,Incongruent Left,z,WongTingbiao,20,man,2021,N,Y,,,,2021-08-17_14h35.00.577,Tse_Altarriba_Simon1,2020.1.2,Win32,60,,,z,1,0.417795,0,25,25,29,1,,,,,,,
,,,,,,,,,,,,Images/IncongruentLeft.jpeg,Incongruent Left,z,WongTingbiao,20,man,2021,N,Y,,,,2021-08-17_14h35.00.577,Tse_Altarriba_Simon1,2020.1.2,Win32,60,,,z,1,0.399875,0,26,26,23,1,,,,,,,
,,,,,,,,,,,,Images/NeutralLeft.jpeg,Neutral Left,z,WongTingbiao,20,man,2021,N,Y,,,,2021-08-17_14h35.00.577,Tse_Altarriba_Simon1,2020.1.2,Win32,60,,,z,1,0.331925,0,27,27,40,1,,,,,,,
,,,,,,,,,,,,Images/NeutralLeft.jpeg,Neutral Left,z,WongTingbiao,20,man,2021,N,Y,,,,2021-08-17_14h35.00.577,Tse_Altarriba_Simon1,2020.1.2,Win32,60,,,z,1,0.30911,0,28,28,49,1,,,,,,,
,,,,,,,,,,,,Images/IncongruentLeft.jpeg,Incongruent Left,z,WongTingbiao,20,man,2021,N,Y,,,,2021-08-17_14h35.00.577,Tse_Altarriba_Simon1,2020.1.2,Win32,60,,,z,1,0.341845,0,29,29,20,1,,,,,,,
,,,,,,,,,,,,Images/NeurtalRight.jpeg,Neutral Right,m,WongTingbiao,20,man,2021,N,Y,,,,2021-08-17_14h35.00.577,Tse_Altarriba_Simon1,2020.1.2,Win32,60,,,m,1,0.39983,0,30,30,58,1,,,,,,,
,,,,,,,,,,,,Images/IncongruentLeft.jpeg,Incongruent Left,z,WongTingbiao,20,man,2021,N,Y,,,,2021-08-17_14h35.00.577,Tse_Altarriba_Simon1,2020.1.2,Win32,60,,,z,1,0.282715,0,31,31,27,1,,,,,,,
,,,,,,,,,,,,Images/IncongruentRight.jpeg,Incongruent Right,m,WongTingbiao,20,man,2021,N,Y,,,,2021-08-17_14h35.00.577,Tse_Altarriba_Simon1,2020.1.2,Win32,60,,,m,1,0.373325,0,32,32,38,1,,,,,,,
,,,,,,,,,,,,Images/IncongruentRight.jpeg,Incongruent Right,m,WongTingbiao,20,man,2021,N,Y,,,,2021-08-17_14h35.00.577,Tse_Altarriba_Simon1,2020.1.2,Win32,60,,,m,1,0.387695,0,33,33,35,1,,,,,,,
,,,,,,,,,,,,Images/CongruentRight.jpeg,Congruent Right,m,WongTingbiao,20,man,2021,N,Y,,,,2021-08-17_14h35.00.577,Tse_Altarriba_Simon1,2020.1.2,Win32,60,,,m,1,0.35273,0,34,34,17,1,,,,,,,
,,,,,,,,,,,,Images/IncongruentRight.jpeg,Incongruent Right,m,WongTingbiao,20,man,2021,N,Y,,,,2021-08-17_14h35.00.577,Tse_Altarriba_Simon1,2020.1.2,Win32,60,,,m,1,0.400535,0,35,35,31,1,,,,,,,
,,,,,,,,,,,,Images/CongruentRight.jpeg,Congruent Right,m,WongTingbiao,20,man,2021,N,Y,,,,2021-08-17_14h35.00.577,Tse_Altarriba_Simon1,2020.1.2,Win32,60,,,m,1,0.43787,0,36,36,12,1,,,,,,,
,,,,,,,,,,,,Images/CongruentLeft.jpeg,Congruent Left,z,WongTingbiao,20,man,2021,N,Y,,,,2021-08-17_14h35.00.577,Tse_Altarriba_Simon1,2020.1.2,Win32,60,,,z,1,0.31612,0,37,37,3,1,,,,,,,
,,,,,,,,,,,,Images/NeurtalRight.jpeg,Neutral Right,m,WongTingbiao,20,man,2021,N,Y,,,,2021-08-17_14h35.00.577,Tse_Altarriba_Simon1,2020.1.2,Win32,60,,,m,1,0.386855,0,38,38,55,1,,,,,,,
,,,,,,,,,,,,Images/CongruentLeft.jpeg,Congruent Left,z,WongTingbiao,20,man,2021,N,Y,,,,2021-08-17_14h35.00.577,Tse_Altarriba_Simon1,2020.1.2,Win32,60,,,z,1,0.35239,0,39,39,0,1,,,,,,,
,,,,,,,,,,,,Images/NeutralLeft.jpeg,Neutral Left,z,WongTingbiao,20,man,2021,N,Y,,,,2021-08-17_14h35.00.577,Tse_Altarriba_Simon1,2020.1.2,Win32,60,,,z,1,0.358515,0,40,40,47,1,,,,,,,
,,,,,,,,,,,,Images/NeutralLeft.jpeg,Neutral Left,z,WongTingbiao,20,man,2021,N,Y,,,,2021-08-17_14h35.00.577,Tse_Altarriba_Simon1,2020.1.2,Win32,60,,,z,1,0.34359,0,41,41,41,1,,,,,,,
,,,,,,,,,,,,Images/NeurtalRight.jpeg,Neutral Right,m,WongTingbiao,20,man,2021,N,Y,,,,2021-08-17_14h35.00.577,Tse_Altarriba_Simon1,2020.1.2,Win32,60,,,z,0,0.28264,0,42,42,50,1,,,,,,,
,,,,,,,,,,,,Images/CongruentRight.jpeg,Congruent Right,m,WongTingbiao,20,man,2021,N,Y,,,,2021-08-17_14h35.00.577,Tse_Altarriba_Simon1,2020.1.2,Win32,60,,,m,1,0.35313,0,43,43,15,1,,,,,,,
,,,,,,,,,,,,Images/NeurtalRight.jpeg,Neutral Right,m,WongTingbiao,20,man,2021,N,Y,,,,2021-08-17_14h35.00.577,Tse_Altarriba_Simon1,2020.1.2,Win32,60,,,m,1,0.3189,0,44,44,53,1,,,,,,,
,,,,,,,,,,,,Images/CongruentLeft.jpeg,Congruent Left,z,WongTingbiao,20,man,2021,N,Y,,,,2021-08-17_14h35.00.577,Tse_Altarriba_Simon1,2020.1.2,Win32,60,,,z,1,0.35128,0,45,45,1,1,,,,,,,
,,,,,,,,,,,,Images/IncongruentLeft.jpeg,Incongruent Left,z,WongTingbiao,20,man,2021,N,Y,,,,2021-08-17_14h35.00.577,Tse_Altarriba_Simon1,2020.1.2,Win32,60,,,m,0,0.36053,0,46,46,25,1,,,,,,,
,,,,,,,,,,,,Images/CongruentLeft.jpeg,Congruent Left,z,WongTingbiao,20,man,2021,N,Y,,,,2021-08-17_14h35.00.577,Tse_Altarriba_Simon1,2020.1.2,Win32,60,,,z,1,0.351975,0,47,47,6,1,,,,,,,
,,,,,,,,,,,,Images/IncongruentRight.jpeg,Incongruent Right,m,WongTingbiao,20,man,2021,N,Y,,,,2021-08-17_14h35.00.577,Tse_Altarriba_Simon1,2020.1.2,Win32,60,,,m,1,0.407055,0,48,48,39,1,,,,,,,
,,,,,,,,,,,,Images/NeutralLeft.jpeg,Neutral Left,z,WongTingbiao,20,man,2021,N,Y,,,,2021-08-17_14h35.00.577,Tse_Altarriba_Simon1,2020.1.2,Win32,60,,,z,1,0.3823,0,49,49,46,1,,,,,,,
,,,,,,,,,,,,Images/IncongruentRight.jpeg,Incongruent Right,m,WongTingbiao,20,man,2021,N,Y,,,,2021-08-17_14h35.00.577,Tse_Altarriba_Simon1,2020.1.2,Win32,60,,,m,1,0.37671,0,50,50,33,1,,,,,,,
,,,,,,,,,,,,Images/NeurtalRight.jpeg,Neutral Right,m,WongTingbiao,20,man,2021,N,Y,,,,2021-08-17_14h35.00.577,Tse_Altarriba_Simon1,2020.1.2,Win32,60,,,m,1,0.352865,0,51,51,54,1,,,,,,,
,,,,,,,,,,,,Images/CongruentRight.jpeg,Congruent Right,m,WongTingbiao,20,man,2021,N,Y,,,,2021-08-17_14h35.00.577,Tse_Altarriba_Simon1,2020.1.2,Win32,60,,,m,1,0.391345,0,52,52,19,1,,,,,,,
,,,,,,,,,,,,Images/NeutralLeft.jpeg,Neutral Left,z,WongTingbiao,20,man,2021,N,Y,,,,2021-08-17_14h35.00.577,Tse_Altarriba_Simon1,2020.1.2,Win32,60,,,z,1,0.366505,0,53,53,44,1,,,,,,,
,,,,,,,,,,,,Images/IncongruentLeft.jpeg,Incongruent Left,z,WongTingbiao,20,man,2021,N,Y,,,,2021-08-17_14h35.00.577,Tse_Altarriba_Simon1,2020.1.2,Win32,60,,,z,1,0.38212,0,54,54,24,1,,,,,,,
,,,,,,,,,,,,Images/CongruentRight.jpeg,Congruent Right,m,WongTingbiao,20,man,2021,N,Y,,,,2021-08-17_14h35.00.577,Tse_Altarriba_Simon1,2020.1.2,Win32,60,,,m,1,0.433915,0,55,55,18,1,,,,,,,
,,,,,,,,,,,,Images/IncongruentRight.jpeg,Incongruent Right,m,WongTingbiao,20,man,2021,N,Y,,,,2021-08-17_14h35.00.577,Tse_Altarriba_Simon1,2020.1.2,Win32,60,,,m,1,0.3836,0,56,56,37,1,,,,,,,
,,,,,,,,,,,,Images/NeurtalRight.jpeg,Neutral Right,m,WongTingbiao,20,man,2021,N,Y,,,,2021-08-17_14h35.00.577,Tse_Altarriba_Simon1,2020.1.2,Win32,60,,,m,1,0.34921,0,57,57,51,1,,,,,,,
,,,,,,,,,,,,Images/CongruentRight.jpeg,Congruent Right,m,WongTingbiao,20,man,2021,N,Y,,,,2021-08-17_14h35.00.577,Tse_Altarriba_Simon1,2020.1.2,Win32,60,,,m,1,0.371825,0,58,58,13,1,,,,,,,
,,,,,,,,,,,,Images/IncongruentRight.jpeg,Incongruent Right,m,WongTingbiao,20,man,2021,N,Y,,,,2021-08-17_14h35.00.577,Tse_Altarriba_Simon1,2020.1.2,Win32,60,,,m,1,0.37894,0,59,59,32,1,,,,,,,
,,,,,,,,,,,,Images/IncongruentRight.jpeg,Incongruent Right,m,WongTingbiao,20,man,2021,N,Y,,,,2021-08-17_14h35.00.577,Tse_Altarriba_Simon1,2020.1.2,Win32,60,,,m,1,0.417385,,,,,,space,4.574765,0,0,0,39,1
,,,,,,,,,,,,Images/NeutralLeft.jpeg,Neutral Left,z,WongTingbiao,20,man,2021,N,Y,,,,2021-08-17_14h35.00.577,Tse_Altarriba_Simon1,2020.1.2,Win32,60,,,z,1,0.35843,,,,,,,,0,1,1,49,1
,,,,,,,,,,,,Images/IncongruentRight.jpeg,Incongruent Right,m,WongTingbiao,20,man,2021,N,Y,,,,2021-08-17_14h35.00.577,Tse_Altarriba_Simon1,2020.1.2,Win32,60,,,m,1,0.41666,,,,,,,,0,2,2,32,1
,,,,,,,,,,,,Images/IncongruentRight.jpeg,Incongruent Right,m,WongTingbiao,20,man,2021,N,Y,,,,2021-08-17_14h35.00.577,Tse_Altarriba_Simon1,2020.1.2,Win32,60,,,m,1,0.34512,,,,,,,,0,3,3,33,1
,,,,,,,,,,,,Images/NeurtalRight.jpeg,Neutral Right,m,WongTingbiao,20,man,2021,N,Y,,,,2021-08-17_14h35.00.577,Tse_Altarriba_Simon1,2020.1.2,Win32,60,,,m,1,0.369575,,,,,,,,0,4,4,54,1
,,,,,,,,,,,,Images/CongruentRight.jpeg,Congruent Right,m,WongTingbiao,20,man,2021,N,Y,,,,2021-08-17_14h35.00.577,Tse_Altarriba_Simon1,2020.1.2,Win32,60,,,m,1,0.366715,,,,,,,,0,5,5,19,1
,,,,,,,,,,,,Images/CongruentLeft.jpeg,Congruent Left,z,WongTingbiao,20,man,2021,N,Y,,,,2021-08-17_14h35.00.577,Tse_Altarriba_Simon1,2020.1.2,Win32,60,,,z,1,0.43759,,,,,,,,0,6,6,4,1
,,,,,,,,,,,,Images/IncongruentRight.jpeg,Incongruent Right,m,WongTingbiao,20,man,2021,N,Y,,,,2021-08-17_14h35.00.577,Tse_Altarriba_Simon1,2020.1.2,Win32,60,,,m,1,0.39168,,,,,,,,0,7,7,34,1
,,,,,,,,,,,,Images/IncongruentLeft.jpeg,Incongruent Left,z,WongTingbiao,20,man,2021,N,Y,,,,2021-08-17_14h35.00.577,Tse_Altarriba_Simon1,2020.1.2,Win32,60,,,z,1,0.431825,,,,,,,,0,8,8,23,1
,,,,,,,,,,,,Images/NeutralLeft.jpeg,Neutral Left,z,WongTingbiao,20,man,2021,N,Y,,,,2021-08-17_14h35.00.577,Tse_Altarriba_Simon1,2020.1.2,Win32,60,,,z,1,0.3992,,,,,,,,0,9,9,42,1
,,,,,,,,,,,,Images/CongruentLeft.jpeg,Congruent Left,z,WongTingbiao,20,man,2021,N,Y,,,,2021-08-17_14h35.00.577,Tse_Altarriba_Simon1,2020.1.2,Win32,60,,,z,1,0.35897,,,,,,,,0,10,10,1,1
,,,,,,,,,,,,Images/CongruentRight.jpeg,Congruent Right,m,WongTingbiao,20,man,2021,N,Y,,,,2021-08-17_14h35.00.577,Tse_Altarriba_Simon1,2020.1.2,Win32,60,,,m,1,0.40027,,,,,,,,0,11,11,16,1
,,,,,,,,,,,,Images/CongruentRight.jpeg,Congruent Right,m,WongTingbiao,20,man,2021,N,Y,,,,2021-08-17_14h35.00.577,Tse_Altarriba_Simon1,2020.1.2,Win32,60,,,m,1,0.40581,,,,,,,,0,12,12,11,1
,,,,,,,,,,,,Images/NeurtalRight.jpeg,Neutral Right,m,WongTingbiao,20,man,2021,N,Y,,,,2021-08-17_14h35.00.577,Tse_Altarriba_Simon1,2020.1.2,Win32,60,,,m,1,0.35526,,,,,,,,0,13,13,56,1
,,,,,,,,,,,,Images/NeutralLeft.jpeg,Neutral Left,z,WongTingbiao,20,man,2021,N,Y,,,,2021-08-17_14h35.00.577,Tse_Altarriba_Simon1,2020.1.2,Win32,60,,,z,1,0.350845,,,,,,,,0,14,14,45,1
,,,,,,,,,,,,Images/IncongruentLeft.jpeg,Incongruent Left,z,WongTingbiao,20,man,2021,N,Y,,,,2021-08-17_14h35.00.577,Tse_Altarriba_Simon1,2020.1.2,Win32,60,,,z,1,0.481955,,,,,,,,0,15,15,29,1
,,,,,,,,,,,,Images/IncongruentRight.jpeg,Incongruent Right,m,WongTingbiao,20,man,2021,N,Y,,,,2021-08-17_14h35.00.577,Tse_Altarriba_Simon1,2020.1.2,Win32,60,,,m,1,0.396265,,,,,,,,0,16,16,38,1
,,,,,,,,,,,,Images/IncongruentRight.jpeg,Incongruent Right,m,WongTingbiao,20,man,2021,N,Y,,,,2021-08-17_14h35.00.577,Tse_Altarriba_Simon1,2020.1.2,Win32,60,,,m,1,0.48259,,,,,,,,0,17,17,35,1
,,,,,,,,,,,,Images/CongruentLeft.jpeg,Congruent Left,z,WongTingbiao,20,man,2021,N,Y,,,,2021-08-17_14h35.00.577,Tse_Altarriba_Simon1,2020.1.2,Win32,60,,,z,1,0.419755,,,,,,,,0,18,18,7,1
,,,,,,,,,,,,Images/IncongruentLeft.jpeg,Incongruent Left,z,WongTingbiao,20,man,2021,N,Y,,,,2021-08-17_14h35.00.577,Tse_Altarriba_Simon1,2020.1.2,Win32,60,,,m,0,0.34187,,,,,,,,0,19,19,26,1
,,,,,,,,,,,,Images/IncongruentLeft.jpeg,Incongruent Left,z,WongTingbiao,20,man,2021,N,Y,,,,2021-08-17_14h35.00.577,Tse_Altarriba_Simon1,2020.1.2,Win32,60,,,m,0,0.359905,,,,,,,,0,20,20,28,1
,,,,,,,,,,,,Images/NeurtalRight.jpeg,Neutral Right,m,WongTingbiao,20,man,2021,N,Y,,,,2021-08-17_14h35.00.577,Tse_Altarriba_Simon1,2020.1.2,Win32,60,,,m,1,0.50117,,,,,,,,0,21,21,50,1
,,,,,,,,,,,,Images/IncongruentLeft.jpeg,Incongruent Left,z,WongTingbiao,20,man,2021,N,Y,,,,2021-08-17_14h35.00.577,Tse_Altarriba_Simon1,2020.1.2,Win32,60,,,z,1,0.39142,,,,,,,,0,22,22,25,1
,,,,,,,,,,,,Images/IncongruentRight.jpeg,Incongruent Right,m,WongTingbiao,20,man,2021,N,Y,,,,2021-08-17_14h35.00.577,Tse_Altarriba_Simon1,2020.1.2,Win32,60,,,m,1,0.37404,,,,,,,,0,23,23,30,1
,,,,,,,,,,,,Images/IncongruentLeft.jpeg,Incongruent Left,z,WongTingbiao,20,man,2021,N,Y,,,,2021-08-17_14h35.00.577,Tse_Altarriba_Simon1,2020.1.2,Win32,60,,,z,1,0.371375,,,,,,,,0,24,24,20,1
,,,,,,,,,,,,Images/CongruentRight.jpeg,Congruent Right,m,WongTingbiao,20,man,2021,N,Y,,,,2021-08-17_14h35.00.577,Tse_Altarriba_Simon1,2020.1.2,Win32,60,,,m,1,0.565455,,,,,,,,0,25,25,10,1
,,,,,,,,,,,,Images/NeutralLeft.jpeg,Neutral Left,z,WongTingbiao,20,man,2021,N,Y,,,,2021-08-17_14h35.00.577,Tse_Altarriba_Simon1,2020.1.2,Win32,60,,,z,1,0.426925,,,,,,,,0,26,26,40,1
,,,,,,,,,,,,Images/CongruentRight.jpeg,Congruent Right,m,WongTingbiao,20,man,2021,N,Y,,,,2021-08-17_14h35.00.577,Tse_Altarriba_Simon1,2020.1.2,Win32,60,,,m,1,0.33356,,,,,,,,0,27,27,12,1
,,,,,,,,,,,,Images/CongruentLeft.jpeg,Congruent Left,z,WongTingbiao,20,man,2021,N,Y,,,,2021-08-17_14h35.00.577,Tse_Altarriba_Simon1,2020.1.2,Win32,60,,,z,1,0.43082,,,,,,,,0,28,28,6,1
,,,,,,,,,,,,Images/CongruentLeft.jpeg,Congruent Left,z,WongTingbiao,20,man,2021,N,Y,,,,2021-08-17_14h35.00.577,Tse_Altarriba_Simon1,2020.1.2,Win32,60,,,z,1,0.44198,,,,,,,,0,29,29,8,1
,,,,,,,,,,,,Images/IncongruentRight.jpeg,Incongruent Right,m,WongTingbiao,20,man,2021,N,Y,,,,2021-08-17_14h35.00.577,Tse_Altarriba_Simon1,2020.1.2,Win32,60,,,m,1,0.56639,,,,,,,,0,30,30,37,1
,,,,,,,,,,,,Images/CongruentLeft.jpeg,Congruent Left,z,WongTingbiao,20,man,2021,N,Y,,,,2021-08-17_14h35.00.577,Tse_Altarriba_Simon1,2020.1.2,Win32,60,,,z,1,0.485685,,,,,,,,0,31,31,3,1
,,,,,,,,,,,,Images/IncongruentRight.jpeg,Incongruent Right,m,WongTingbiao,20,man,2021,N,Y,,,,2021-08-17_14h35.00.577,Tse_Altarriba_Simon1,2020.1.2,Win32,60,,,m,1,0.51073,,,,,,,,0,32,32,36,1
,,,,,,,,,,,,Images/IncongruentLeft.jpeg,Incongruent Left,z,WongTingbiao,20,man,2021,N,Y,,,,2021-08-17_14h35.00.577,Tse_Altarriba_Simon1,2020.1.2,Win32,60,,,z,1,0.4491,,,,,,,,0,33,33,24,1
,,,,,,,,,,,,Images/IncongruentRight.jpeg,Incongruent Right,m,WongTingbiao,20,man,2021,N,Y,,,,2021-08-17_14h35.00.577,Tse_Altarriba_Simon1,2020.1.2,Win32,60,,,m,1,0.39558,,,,,,,,0,34,34,31,1
,,,,,,,,,,,,Images/NeutralLeft.jpeg,Neutral Left,z,WongTingbiao,20,man,2021,N,Y,,,,2021-08-17_14h35.00.577,Tse_Altarriba_Simon1,2020.1.2,Win32,60,,,z,1,0.40933,,,,,,,,0,35,35,44,1
,,,,,,,,,,,,Images/IncongruentLeft.jpeg,Incongruent Left,z,WongTingbiao,20,man,2021,N,Y,,,,2021-08-17_14h35.00.577,Tse_Altarriba_Simon1,2020.1.2,Win32,60,,,z,1,0.49445,,,,,,,,0,36,36,21,1
,,,,,,,,,,,,Images/NeutralLeft.jpeg,Neutral Left,z,WongTingbiao,20,man,2021,N,Y,,,,2021-08-17_14h35.00.577,Tse_Altarriba_Simon1,2020.1.2,Win32,60,,,z,1,0.376925,,,,,,,,0,37,37,46,1
,,,,,,,,,,,,Images/NeutralLeft.jpeg,Neutral Left,z,WongTingbiao,20,man,2021,N,Y,,,,2021-08-17_14h35.00.577,Tse_Altarriba_Simon1,2020.1.2,Win32,60,,,z,1,0.407055,,,,,,,,0,38,38,47,1
,,,,,,,,,,,,Images/NeurtalRight.jpeg,Neutral Right,m,WongTingbiao,20,man,2021,N,Y,,,,2021-08-17_14h35.00.577,Tse_Altarriba_Simon1,2020.1.2,Win32,60,,,m,1,0.416025,,,,,,,,0,39,39,52,1
,,,,,,,,,,,,Images/CongruentLeft.jpeg,Congruent Left,z,WongTingbiao,20,man,2021,N,Y,,,,2021-08-17_14h35.00.577,Tse_Altarriba_Simon1,2020.1.2,Win32,60,,,z,1,0.336665,,,,,,,,0,40,40,0,1
,,,,,,,,,,,,Images/CongruentRight.jpeg,Congruent Right,m,WongTingbiao,20,man,2021,N,Y,,,,2021-08-17_14h35.00.577,Tse_Altarriba_Simon1,2020.1.2,Win32,60,,,m,1,0.49912,,,,,,,,0,41,41,17,1
,,,,,,,,,,,,Images/CongruentRight.jpeg,Congruent Right,m,WongTingbiao,20,man,2021,N,Y,,,,2021-08-17_14h35.00.577,Tse_Altarriba_Simon1,2020.1.2,Win32,60,,,m,1,0.4174,,,,,,,,0,42,42,15,1
,,,,,,,,,,,,Images/NeutralLeft.jpeg,Neutral Left,z,WongTingbiao,20,man,2021,N,Y,,,,2021-08-17_14h35.00.577,Tse_Altarriba_Simon1,2020.1.2,Win32,60,,,z,1,0.399795,,,,,,,,0,43,43,43,1
,,,,,,,,,,,,Images/IncongruentLeft.jpeg,Incongruent Left,z,WongTingbiao,20,man,2021,N,Y,,,,2021-08-17_14h35.00.577,Tse_Altarriba_Simon1,2020.1.2,Win32,60,,,z,1,0.42784,,,,,,,,0,44,44,27,1
,,,,,,,,,,,,Images/CongruentLeft.jpeg,Congruent Left,z,WongTingbiao,20,man,2021,N,Y,,,,2021-08-17_14h35.00.577,Tse_Altarriba_Simon1,2020.1.2,Win32,60,,,z,1,0.42273,,,,,,,,0,45,45,2,1
,,,,,,,,,,,,Images/IncongruentLeft.jpeg,Incongruent Left,z,WongTingbiao,20,man,2021,N,Y,,,,2021-08-17_14h35.00.577,Tse_Altarriba_Simon1,2020.1.2,Win32,60,,,z,1,0.38246,,,,,,,,0,46,46,22,1
,,,,,,,,,,,,Images/NeutralLeft.jpeg,Neutral Left,z,WongTingbiao,20,man,2021,N,Y,,,,2021-08-17_14h35.00.577,Tse_Altarriba_Simon1,2020.1.2,Win32,60,,,z,1,0.366265,,,,,,,,0,47,47,41,1
,,,,,,,,,,,,Images/CongruentRight.jpeg,Congruent Right,m,WongTingbiao,20,man,2021,N,Y,,,,2021-08-17_14h35.00.577,Tse_Altarriba_Simon1,2020.1.2,Win32,60,,,m,1,0.520765,,,,,,,,0,48,48,18,1
,,,,,,,,,,,,Images/NeurtalRight.jpeg,Neutral Right,m,WongTingbiao,20,man,2021,N,Y,,,,2021-08-17_14h35.00.577,Tse_Altarriba_Simon1,2020.1.2,Win32,60,,,m,1,0.40235,,,,,,,,0,49,49,59,1
,,,,,,,,,,,,Images/CongruentLeft.jpeg,Congruent Left,z,WongTingbiao,20,man,2021,N,Y,,,,2021-08-17_14h35.00.577,Tse_Altarriba_Simon1,2020.1.2,Win32,60,,,z,1,0.38217,,,,,,,,0,50,50,5,1
,,,,,,,,,,,,Images/NeurtalRight.jpeg,Neutral Right,m,WongTingbiao,20,man,2021,N,Y,,,,2021-08-17_14h35.00.577,Tse_Altarriba_Simon1,2020.1.2,Win32,60,,,m,1,0.476865,,,,,,,,0,51,51,58,1
,,,,,,,,,,,,Images/NeurtalRight.jpeg,Neutral Right,m,WongTingbiao,20,man,2021,N,Y,,,,2021-08-17_14h35.00.577,Tse_Altarriba_Simon1,2020.1.2,Win32,60,,,m,1,0.36643,,,,,,,,0,52,52,55,1
,,,,,,,,,,,,Images/NeurtalRight.jpeg,Neutral Right,m,WongTingbiao,20,man,2021,N,Y,,,,2021-08-17_14h35.00.577,Tse_Altarriba_Simon1,2020.1.2,Win32,60,,,m,1,0.383505,,,,,,,,0,53,53,53,1
,,,,,,,,,,,,Images/CongruentLeft.jpeg,Congruent Left,z,WongTingbiao,20,man,2021,N,Y,,,,2021-08-17_14h35.00.577,Tse_Altarriba_Simon1,2020.1.2,Win32,60,,,z,1,0.3805,,,,,,,,0,54,54,9,1
,,,,,,,,,,,,Images/NeutralLeft.jpeg,Neutral Left,z,WongTingbiao,20,man,2021,N,Y,,,,2021-08-17_14h35.00.577,Tse_Altarriba_Simon1,2020.1.2,Win32,60,,,z,1,0.418585,,,,,,,,0,55,55,48,1
,,,,,,,,,,,,Images/CongruentRight.jpeg,Congruent Right,m,WongTingbiao,20,man,2021,N,Y,,,,2021-08-17_14h35.00.577,Tse_Altarriba_Simon1,2020.1.2,Win32,60,,,m,1,0.495325,,,,,,,,0,56,56,13,1
,,,,,,,,,,,,Images/NeurtalRight.jpeg,Neutral Right,m,WongTingbiao,20,man,2021,N,Y,,,,2021-08-17_14h35.00.577,Tse_Altarriba_Simon1,2020.1.2,Win32,60,,,m,1,0.45017,,,,,,,,0,57,57,51,1
,,,,,,,,,,,,Images/NeurtalRight.jpeg,Neutral Right,m,WongTingbiao,20,man,2021,N,Y,,,,2021-08-17_14h35.00.577,Tse_Altarriba_Simon1,2020.1.2,Win32,60,,,m,1,0.41519,,,,,,,,0,58,58,57,1
,,,,,,,,,,,,Images/CongruentRight.jpeg,Congruent Right,m,WongTingbiao,20,man,2021,N,Y,,,,2021-08-17_14h35.00.577,Tse_Altarriba_Simon1,2020.1.2,Win32,60,,,m,1,0.361685,,,,,,,,0,59,59,14,1
