Space1.keys,Space1.rt,Space2.keys,Space2.rt,response.keys,response.corr,response.rt,Practice_loop.thisRepN,Practice_loop.thisTrialN,Practice_loop.thisN,Practice_loop.thisIndex,Practice_loop.ran,ImageFile,Condition,CorrAns,Your initials,What is your age?,What is your gender?,What year are you in?,Are you Dyslexic? (Y/N),Are you bi/multilingual? (Y/N),What is your first language?,"What is your second language? (if you are monollingual, leave blank)",What other languages do you speak?,date,expName,psychopyVersion,OS,frameRate,Space3.keys,Space3.rt,key_resp_2.keys,key_resp_2.corr,key_resp_2.rt,trials.thisRepN,trials.thisTrialN,trials.thisN,trials.thisIndex,trials.ran,Space4.keys,Space4.rt,trials_2.thisRepN,trials_2.thisTrialN,trials_2.thisN,trials_2.thisIndex,trials_2.ran
space,2.673495,space,19.801935,m,1,0.61798,0,0,0,7,1,Images/IncongruentRight.jpeg,Incongruent Right,m,ocs,27,female,master student,n,y,turkish,english,,2021-04-17_02h00.30.171,Tse_Altarriba_Simon1,2020.1.2,Win32,60,,,,,,,,,,,,,,,,,
,,,,z,1,0.50146,0,1,1,8,1,Images/NeutralLeft.jpeg,Neutral Left,z,ocs,27,female,master student,n,y,turkish,english,,2021-04-17_02h00.30.171,Tse_Altarriba_Simon1,2020.1.2,Win32,60,,,,,,,,,,,,,,,,,
,,,,z,1,0.551225,0,2,2,9,1,Images/NeutralLeft.jpeg,Neutral Left,z,ocs,27,female,master student,n,y,turkish,english,,2021-04-17_02h00.30.171,Tse_Altarriba_Simon1,2020.1.2,Win32,60,,,,,,,,,,,,,,,,,
,,,,m,0,0.31793,0,3,3,4,1,Images/IncongruentLeft.jpeg,Incongruent Left,z,ocs,27,female,master student,n,y,turkish,english,,2021-04-17_02h00.30.171,Tse_Altarriba_Simon1,2020.1.2,Win32,60,,,,,,,,,,,,,,,,,
,,,,m,1,0.501355,0,4,4,2,1,Images/CongruentRight.jpeg,Congruent Right,m,ocs,27,female,master student,n,y,turkish,english,,2021-04-17_02h00.30.171,Tse_Altarriba_Simon1,2020.1.2,Win32,60,,,,,,,,,,,,,,,,,
,,,,z,0,0.718185,0,5,5,6,1,Images/IncongruentRight.jpeg,Incongruent Right,m,ocs,27,female,master student,n,y,turkish,english,,2021-04-17_02h00.30.171,Tse_Altarriba_Simon1,2020.1.2,Win32,60,,,,,,,,,,,,,,,,,
,,,,m,0,0.4513,0,6,6,5,1,Images/IncongruentLeft.jpeg,Incongruent Left,z,ocs,27,female,master student,n,y,turkish,english,,2021-04-17_02h00.30.171,Tse_Altarriba_Simon1,2020.1.2,Win32,60,,,,,,,,,,,,,,,,,
,,,,z,1,0.801685,0,7,7,1,1,Images/CongruentLeft.jpeg,Congruent Left,z,ocs,27,female,master student,n,y,turkish,english,,2021-04-17_02h00.30.171,Tse_Altarriba_Simon1,2020.1.2,Win32,60,,,,,,,,,,,,,,,,,
,,,,m,1,0.7015,0,8,8,11,1,Images/NeurtalRight.jpeg,Neutral Right,m,ocs,27,female,master student,n,y,turkish,english,,2021-04-17_02h00.30.171,Tse_Altarriba_Simon1,2020.1.2,Win32,60,,,,,,,,,,,,,,,,,
,,,,m,1,0.568125,0,9,9,10,1,Images/NeurtalRight.jpeg,Neutral Right,m,ocs,27,female,master student,n,y,turkish,english,,2021-04-17_02h00.30.171,Tse_Altarriba_Simon1,2020.1.2,Win32,60,,,,,,,,,,,,,,,,,
,,,,m,1,0.618475,0,10,10,3,1,Images/CongruentRight.jpeg,Congruent Right,m,ocs,27,female,master student,n,y,turkish,english,,2021-04-17_02h00.30.171,Tse_Altarriba_Simon1,2020.1.2,Win32,60,,,,,,,,,,,,,,,,,
,,,,z,1,0.43465,0,11,11,0,1,Images/CongruentLeft.jpeg,Congruent Left,z,ocs,27,female,master student,n,y,turkish,english,,2021-04-17_02h00.30.171,Tse_Altarriba_Simon1,2020.1.2,Win32,60,,,,,,,,,,,,,,,,,
,,,,,,,,,,,,Images/IncongruentRight.jpeg,Incongruent Right,m,ocs,27,female,master student,n,y,turkish,english,,2021-04-17_02h00.30.171,Tse_Altarriba_Simon1,2020.1.2,Win32,60,space,8.89765,m,1,0.419875,0,0,0,33,1,,,,,,,
,,,,,,,,,,,,Images/CongruentLeft.jpeg,Congruent Left,z,ocs,27,female,master student,n,y,turkish,english,,2021-04-17_02h00.30.171,Tse_Altarriba_Simon1,2020.1.2,Win32,60,,,z,1,0.58526,0,1,1,5,1,,,,,,,
,,,,,,,,,,,,Images/CongruentLeft.jpeg,Congruent Left,z,ocs,27,female,master student,n,y,turkish,english,,2021-04-17_02h00.30.171,Tse_Altarriba_Simon1,2020.1.2,Win32,60,,,z,1,0.485925,0,2,2,3,1,,,,,,,
,,,,,,,,,,,,Images/IncongruentLeft.jpeg,Incongruent Left,z,ocs,27,female,master student,n,y,turkish,english,,2021-04-17_02h00.30.171,Tse_Altarriba_Simon1,2020.1.2,Win32,60,,,z,1,0.5014,0,3,3,20,1,,,,,,,
,,,,,,,,,,,,Images/NeutralLeft.jpeg,Neutral Left,z,ocs,27,female,master student,n,y,turkish,english,,2021-04-17_02h00.30.171,Tse_Altarriba_Simon1,2020.1.2,Win32,60,,,z,1,0.40134,0,4,4,49,1,,,,,,,
,,,,,,,,,,,,Images/NeutralLeft.jpeg,Neutral Left,z,ocs,27,female,master student,n,y,turkish,english,,2021-04-17_02h00.30.171,Tse_Altarriba_Simon1,2020.1.2,Win32,60,,,z,1,0.368975,0,5,5,42,1,,,,,,,
,,,,,,,,,,,,Images/IncongruentLeft.jpeg,Incongruent Left,z,ocs,27,female,master student,n,y,turkish,english,,2021-04-17_02h00.30.171,Tse_Altarriba_Simon1,2020.1.2,Win32,60,,,z,1,0.48469,0,6,6,24,1,,,,,,,
,,,,,,,,,,,,Images/CongruentLeft.jpeg,Congruent Left,z,ocs,27,female,master student,n,y,turkish,english,,2021-04-17_02h00.30.171,Tse_Altarriba_Simon1,2020.1.2,Win32,60,,,z,1,0.36478,0,7,7,0,1,,,,,,,
,,,,,,,,,,,,Images/CongruentLeft.jpeg,Congruent Left,z,ocs,27,female,master student,n,y,turkish,english,,2021-04-17_02h00.30.171,Tse_Altarriba_Simon1,2020.1.2,Win32,60,,,z,1,0.36796,0,8,8,2,1,,,,,,,
,,,,,,,,,,,,Images/IncongruentLeft.jpeg,Incongruent Left,z,ocs,27,female,master student,n,y,turkish,english,,2021-04-17_02h00.30.171,Tse_Altarriba_Simon1,2020.1.2,Win32,60,,,z,1,0.484925,0,9,9,28,1,,,,,,,
,,,,,,,,,,,,Images/NeutralLeft.jpeg,Neutral Left,z,ocs,27,female,master student,n,y,turkish,english,,2021-04-17_02h00.30.171,Tse_Altarriba_Simon1,2020.1.2,Win32,60,,,z,1,0.43478,0,10,10,43,1,,,,,,,
,,,,,,,,,,,,Images/NeurtalRight.jpeg,Neutral Right,m,ocs,27,female,master student,n,y,turkish,english,,2021-04-17_02h00.30.171,Tse_Altarriba_Simon1,2020.1.2,Win32,60,,,z,0,0.317775,0,11,11,53,1,,,,,,,
,,,,,,,,,,,,Images/IncongruentRight.jpeg,Incongruent Right,m,ocs,27,female,master student,n,y,turkish,english,,2021-04-17_02h00.30.171,Tse_Altarriba_Simon1,2020.1.2,Win32,60,,,m,1,0.518015,0,12,12,31,1,,,,,,,
,,,,,,,,,,,,Images/IncongruentRight.jpeg,Incongruent Right,m,ocs,27,female,master student,n,y,turkish,english,,2021-04-17_02h00.30.171,Tse_Altarriba_Simon1,2020.1.2,Win32,60,,,m,1,0.38453,0,13,13,32,1,,,,,,,
,,,,,,,,,,,,Images/CongruentRight.jpeg,Congruent Right,m,ocs,27,female,master student,n,y,turkish,english,,2021-04-17_02h00.30.171,Tse_Altarriba_Simon1,2020.1.2,Win32,60,,,m,1,0.467955,0,14,14,14,1,,,,,,,
,,,,,,,,,,,,Images/CongruentLeft.jpeg,Congruent Left,z,ocs,27,female,master student,n,y,turkish,english,,2021-04-17_02h00.30.171,Tse_Altarriba_Simon1,2020.1.2,Win32,60,,,z,1,0.45137,0,15,15,8,1,,,,,,,
,,,,,,,,,,,,Images/CongruentLeft.jpeg,Congruent Left,z,ocs,27,female,master student,n,y,turkish,english,,2021-04-17_02h00.30.171,Tse_Altarriba_Simon1,2020.1.2,Win32,60,,,z,1,0.46807,0,16,16,1,1,,,,,,,
,,,,,,,,,,,,Images/IncongruentRight.jpeg,Incongruent Right,m,ocs,27,female,master student,n,y,turkish,english,,2021-04-17_02h00.30.171,Tse_Altarriba_Simon1,2020.1.2,Win32,60,,,m,1,0.56808,0,17,17,37,1,,,,,,,
,,,,,,,,,,,,Images/IncongruentRight.jpeg,Incongruent Right,m,ocs,27,female,master student,n,y,turkish,english,,2021-04-17_02h00.30.171,Tse_Altarriba_Simon1,2020.1.2,Win32,60,,,m,1,0.651455,0,18,18,38,1,,,,,,,
,,,,,,,,,,,,Images/NeurtalRight.jpeg,Neutral Right,m,ocs,27,female,master student,n,y,turkish,english,,2021-04-17_02h00.30.171,Tse_Altarriba_Simon1,2020.1.2,Win32,60,,,m,1,0.534635,0,19,19,50,1,,,,,,,
,,,,,,,,,,,,Images/NeurtalRight.jpeg,Neutral Right,m,ocs,27,female,master student,n,y,turkish,english,,2021-04-17_02h00.30.171,Tse_Altarriba_Simon1,2020.1.2,Win32,60,,,m,1,0.5346,0,20,20,57,1,,,,,,,
,,,,,,,,,,,,Images/NeutralLeft.jpeg,Neutral Left,z,ocs,27,female,master student,n,y,turkish,english,,2021-04-17_02h00.30.171,Tse_Altarriba_Simon1,2020.1.2,Win32,60,,,z,1,0.57064,0,21,21,44,1,,,,,,,
,,,,,,,,,,,,Images/IncongruentLeft.jpeg,Incongruent Left,z,ocs,27,female,master student,n,y,turkish,english,,2021-04-17_02h00.30.171,Tse_Altarriba_Simon1,2020.1.2,Win32,60,,,z,1,0.618965,0,22,22,27,1,,,,,,,
,,,,,,,,,,,,Images/IncongruentLeft.jpeg,Incongruent Left,z,ocs,27,female,master student,n,y,turkish,english,,2021-04-17_02h00.30.171,Tse_Altarriba_Simon1,2020.1.2,Win32,60,,,z,1,0.467925,0,23,23,23,1,,,,,,,
,,,,,,,,,,,,Images/CongruentRight.jpeg,Congruent Right,m,ocs,27,female,master student,n,y,turkish,english,,2021-04-17_02h00.30.171,Tse_Altarriba_Simon1,2020.1.2,Win32,60,,,m,1,0.701545,0,24,24,11,1,,,,,,,
,,,,,,,,,,,,Images/NeutralLeft.jpeg,Neutral Left,z,ocs,27,female,master student,n,y,turkish,english,,2021-04-17_02h00.30.171,Tse_Altarriba_Simon1,2020.1.2,Win32,60,,,z,1,0.41791,0,25,25,47,1,,,,,,,
,,,,,,,,,,,,Images/IncongruentLeft.jpeg,Incongruent Left,z,ocs,27,female,master student,n,y,turkish,english,,2021-04-17_02h00.30.171,Tse_Altarriba_Simon1,2020.1.2,Win32,60,,,z,1,0.53466,0,26,26,22,1,,,,,,,
,,,,,,,,,,,,Images/NeutralLeft.jpeg,Neutral Left,z,ocs,27,female,master student,n,y,turkish,english,,2021-04-17_02h00.30.171,Tse_Altarriba_Simon1,2020.1.2,Win32,60,,,z,1,0.401155,0,27,27,48,1,,,,,,,
,,,,,,,,,,,,Images/IncongruentRight.jpeg,Incongruent Right,m,ocs,27,female,master student,n,y,turkish,english,,2021-04-17_02h00.30.171,Tse_Altarriba_Simon1,2020.1.2,Win32,60,,,m,1,0.635225,0,28,28,39,1,,,,,,,
,,,,,,,,,,,,Images/CongruentLeft.jpeg,Congruent Left,z,ocs,27,female,master student,n,y,turkish,english,,2021-04-17_02h00.30.171,Tse_Altarriba_Simon1,2020.1.2,Win32,60,,,z,1,0.55144,0,29,29,7,1,,,,,,,
,,,,,,,,,,,,Images/IncongruentLeft.jpeg,Incongruent Left,z,ocs,27,female,master student,n,y,turkish,english,,2021-04-17_02h00.30.171,Tse_Altarriba_Simon1,2020.1.2,Win32,60,,,z,1,0.470095,0,30,30,26,1,,,,,,,
,,,,,,,,,,,,Images/NeurtalRight.jpeg,Neutral Right,m,ocs,27,female,master student,n,y,turkish,english,,2021-04-17_02h00.30.171,Tse_Altarriba_Simon1,2020.1.2,Win32,60,,,m,1,0.518005,0,31,31,56,1,,,,,,,
,,,,,,,,,,,,Images/CongruentRight.jpeg,Congruent Right,m,ocs,27,female,master student,n,y,turkish,english,,2021-04-17_02h00.30.171,Tse_Altarriba_Simon1,2020.1.2,Win32,60,,,m,1,0.501345,0,32,32,17,1,,,,,,,
,,,,,,,,,,,,Images/CongruentLeft.jpeg,Congruent Left,z,ocs,27,female,master student,n,y,turkish,english,,2021-04-17_02h00.30.171,Tse_Altarriba_Simon1,2020.1.2,Win32,60,,,z,1,0.48462,0,33,33,4,1,,,,,,,
,,,,,,,,,,,,Images/NeurtalRight.jpeg,Neutral Right,m,ocs,27,female,master student,n,y,turkish,english,,2021-04-17_02h00.30.171,Tse_Altarriba_Simon1,2020.1.2,Win32,60,,,m,1,0.46801,0,34,34,58,1,,,,,,,
,,,,,,,,,,,,Images/IncongruentRight.jpeg,Incongruent Right,m,ocs,27,female,master student,n,y,turkish,english,,2021-04-17_02h00.30.171,Tse_Altarriba_Simon1,2020.1.2,Win32,60,,,m,1,0.551475,0,35,35,30,1,,,,,,,
,,,,,,,,,,,,Images/NeutralLeft.jpeg,Neutral Left,z,ocs,27,female,master student,n,y,turkish,english,,2021-04-17_02h00.30.171,Tse_Altarriba_Simon1,2020.1.2,Win32,60,,,z,1,0.55138,0,36,36,46,1,,,,,,,
,,,,,,,,,,,,Images/CongruentRight.jpeg,Congruent Right,m,ocs,27,female,master student,n,y,turkish,english,,2021-04-17_02h00.30.171,Tse_Altarriba_Simon1,2020.1.2,Win32,60,,,m,1,0.53483,0,37,37,16,1,,,,,,,
,,,,,,,,,,,,Images/NeutralLeft.jpeg,Neutral Left,z,ocs,27,female,master student,n,y,turkish,english,,2021-04-17_02h00.30.171,Tse_Altarriba_Simon1,2020.1.2,Win32,60,,,z,1,0.40132,0,38,38,45,1,,,,,,,
,,,,,,,,,,,,Images/CongruentRight.jpeg,Congruent Right,m,ocs,27,female,master student,n,y,turkish,english,,2021-04-17_02h00.30.171,Tse_Altarriba_Simon1,2020.1.2,Win32,60,,,m,1,0.55147,0,39,39,13,1,,,,,,,
,,,,,,,,,,,,Images/CongruentRight.jpeg,Congruent Right,m,ocs,27,female,master student,n,y,turkish,english,,2021-04-17_02h00.30.171,Tse_Altarriba_Simon1,2020.1.2,Win32,60,,,m,1,0.53469,0,40,40,12,1,,,,,,,
,,,,,,,,,,,,Images/NeutralLeft.jpeg,Neutral Left,z,ocs,27,female,master student,n,y,turkish,english,,2021-04-17_02h00.30.171,Tse_Altarriba_Simon1,2020.1.2,Win32,60,,,z,1,0.518245,0,41,41,40,1,,,,,,,
,,,,,,,,,,,,Images/CongruentRight.jpeg,Congruent Right,m,ocs,27,female,master student,n,y,turkish,english,,2021-04-17_02h00.30.171,Tse_Altarriba_Simon1,2020.1.2,Win32,60,,,m,1,0.501425,0,42,42,18,1,,,,,,,
,,,,,,,,,,,,Images/IncongruentRight.jpeg,Incongruent Right,m,ocs,27,female,master student,n,y,turkish,english,,2021-04-17_02h00.30.171,Tse_Altarriba_Simon1,2020.1.2,Win32,60,,,m,1,0.486235,0,43,43,34,1,,,,,,,
,,,,,,,,,,,,Images/NeurtalRight.jpeg,Neutral Right,m,ocs,27,female,master student,n,y,turkish,english,,2021-04-17_02h00.30.171,Tse_Altarriba_Simon1,2020.1.2,Win32,60,,,m,1,0.41936,0,44,44,51,1,,,,,,,
,,,,,,,,,,,,Images/CongruentRight.jpeg,Congruent Right,m,ocs,27,female,master student,n,y,turkish,english,,2021-04-17_02h00.30.171,Tse_Altarriba_Simon1,2020.1.2,Win32,60,,,m,1,0.435555,0,45,45,19,1,,,,,,,
,,,,,,,,,,,,Images/NeurtalRight.jpeg,Neutral Right,m,ocs,27,female,master student,n,y,turkish,english,,2021-04-17_02h00.30.171,Tse_Altarriba_Simon1,2020.1.2,Win32,60,,,m,1,0.513945,0,46,46,59,1,,,,,,,
,,,,,,,,,,,,Images/IncongruentRight.jpeg,Incongruent Right,m,ocs,27,female,master student,n,y,turkish,english,,2021-04-17_02h00.30.171,Tse_Altarriba_Simon1,2020.1.2,Win32,60,,,m,1,0.45337,0,47,47,35,1,,,,,,,
,,,,,,,,,,,,Images/NeurtalRight.jpeg,Neutral Right,m,ocs,27,female,master student,n,y,turkish,english,,2021-04-17_02h00.30.171,Tse_Altarriba_Simon1,2020.1.2,Win32,60,,,m,1,0.41799,0,48,48,52,1,,,,,,,
,,,,,,,,,,,,Images/NeurtalRight.jpeg,Neutral Right,m,ocs,27,female,master student,n,y,turkish,english,,2021-04-17_02h00.30.171,Tse_Altarriba_Simon1,2020.1.2,Win32,60,,,m,1,0.384465,0,49,49,54,1,,,,,,,
,,,,,,,,,,,,Images/IncongruentRight.jpeg,Incongruent Right,m,ocs,27,female,master student,n,y,turkish,english,,2021-04-17_02h00.30.171,Tse_Altarriba_Simon1,2020.1.2,Win32,60,,,m,1,0.50152,0,50,50,36,1,,,,,,,
,,,,,,,,,,,,Images/IncongruentLeft.jpeg,Incongruent Left,z,ocs,27,female,master student,n,y,turkish,english,,2021-04-17_02h00.30.171,Tse_Altarriba_Simon1,2020.1.2,Win32,60,,,z,1,0.668115,0,51,51,21,1,,,,,,,
,,,,,,,,,,,,Images/IncongruentLeft.jpeg,Incongruent Left,z,ocs,27,female,master student,n,y,turkish,english,,2021-04-17_02h00.30.171,Tse_Altarriba_Simon1,2020.1.2,Win32,60,,,z,1,0.48466,0,52,52,29,1,,,,,,,
,,,,,,,,,,,,Images/IncongruentLeft.jpeg,Incongruent Left,z,ocs,27,female,master student,n,y,turkish,english,,2021-04-17_02h00.30.171,Tse_Altarriba_Simon1,2020.1.2,Win32,60,,,z,1,0.46801,0,53,53,25,1,,,,,,,
,,,,,,,,,,,,Images/NeurtalRight.jpeg,Neutral Right,m,ocs,27,female,master student,n,y,turkish,english,,2021-04-17_02h00.30.171,Tse_Altarriba_Simon1,2020.1.2,Win32,60,,,m,1,0.40218,0,54,54,55,1,,,,,,,
,,,,,,,,,,,,Images/CongruentRight.jpeg,Congruent Right,m,ocs,27,female,master student,n,y,turkish,english,,2021-04-17_02h00.30.171,Tse_Altarriba_Simon1,2020.1.2,Win32,60,,,m,1,0.50238,0,55,55,10,1,,,,,,,
,,,,,,,,,,,,Images/CongruentLeft.jpeg,Congruent Left,z,ocs,27,female,master student,n,y,turkish,english,,2021-04-17_02h00.30.171,Tse_Altarriba_Simon1,2020.1.2,Win32,60,,,z,1,0.41794,0,56,56,6,1,,,,,,,
,,,,,,,,,,,,Images/NeutralLeft.jpeg,Neutral Left,z,ocs,27,female,master student,n,y,turkish,english,,2021-04-17_02h00.30.171,Tse_Altarriba_Simon1,2020.1.2,Win32,60,,,z,1,0.46818,0,57,57,41,1,,,,,,,
,,,,,,,,,,,,Images/CongruentRight.jpeg,Congruent Right,m,ocs,27,female,master student,n,y,turkish,english,,2021-04-17_02h00.30.171,Tse_Altarriba_Simon1,2020.1.2,Win32,60,,,m,1,0.451415,0,58,58,15,1,,,,,,,
,,,,,,,,,,,,Images/CongruentLeft.jpeg,Congruent Left,z,ocs,27,female,master student,n,y,turkish,english,,2021-04-17_02h00.30.171,Tse_Altarriba_Simon1,2020.1.2,Win32,60,,,z,1,0.41788,0,59,59,9,1,,,,,,,
,,,,,,,,,,,,Images/IncongruentLeft.jpeg,Incongruent Left,z,ocs,27,female,master student,n,y,turkish,english,,2021-04-17_02h00.30.171,Tse_Altarriba_Simon1,2020.1.2,Win32,60,,,z,1,0.50138,,,,,,space,15.69223,0,0,0,25,1
,,,,,,,,,,,,Images/NeutralLeft.jpeg,Neutral Left,z,ocs,27,female,master student,n,y,turkish,english,,2021-04-17_02h00.30.171,Tse_Altarriba_Simon1,2020.1.2,Win32,60,,,z,1,0.31856,,,,,,,,0,1,1,45,1
,,,,,,,,,,,,Images/NeutralLeft.jpeg,Neutral Left,z,ocs,27,female,master student,n,y,turkish,english,,2021-04-17_02h00.30.171,Tse_Altarriba_Simon1,2020.1.2,Win32,60,,,z,1,0.50135,,,,,,,,0,2,2,43,1
,,,,,,,,,,,,Images/NeutralLeft.jpeg,Neutral Left,z,ocs,27,female,master student,n,y,turkish,english,,2021-04-17_02h00.30.171,Tse_Altarriba_Simon1,2020.1.2,Win32,60,,,z,1,0.36782,,,,,,,,0,3,3,41,1
,,,,,,,,,,,,Images/CongruentLeft.jpeg,Congruent Left,z,ocs,27,female,master student,n,y,turkish,english,,2021-04-17_02h00.30.171,Tse_Altarriba_Simon1,2020.1.2,Win32,60,,,z,1,0.468065,,,,,,,,0,4,4,8,1
,,,,,,,,,,,,Images/CongruentRight.jpeg,Congruent Right,m,ocs,27,female,master student,n,y,turkish,english,,2021-04-17_02h00.30.171,Tse_Altarriba_Simon1,2020.1.2,Win32,60,,,m,1,0.38465,,,,,,,,0,5,5,17,1
,,,,,,,,,,,,Images/NeurtalRight.jpeg,Neutral Right,m,ocs,27,female,master student,n,y,turkish,english,,2021-04-17_02h00.30.171,Tse_Altarriba_Simon1,2020.1.2,Win32,60,,,z,0,0.43471,,,,,,,,0,6,6,53,1
,,,,,,,,,,,,Images/NeurtalRight.jpeg,Neutral Right,m,ocs,27,female,master student,n,y,turkish,english,,2021-04-17_02h00.30.171,Tse_Altarriba_Simon1,2020.1.2,Win32,60,,,,0,,,,,,,,,0,7,7,52,1
,,,,,,,,,,,,Images/CongruentLeft.jpeg,Congruent Left,z,ocs,27,female,master student,n,y,turkish,english,,2021-04-17_02h00.30.171,Tse_Altarriba_Simon1,2020.1.2,Win32,60,,,,0,,,,,,,,,0,8,8,5,1
,,,,,,,,,,,,Images/NeurtalRight.jpeg,Neutral Right,m,ocs,27,female,master student,n,y,turkish,english,,2021-04-17_02h00.30.171,Tse_Altarriba_Simon1,2020.1.2,Win32,60,,,,0,,,,,,,,,0,9,9,50,1
,,,,,,,,,,,,Images/IncongruentLeft.jpeg,Incongruent Left,z,ocs,27,female,master student,n,y,turkish,english,,2021-04-17_02h00.30.171,Tse_Altarriba_Simon1,2020.1.2,Win32,60,,,,0,,,,,,,,,0,10,10,21,1
,,,,,,,,,,,,Images/CongruentRight.jpeg,Congruent Right,m,ocs,27,female,master student,n,y,turkish,english,,2021-04-17_02h00.30.171,Tse_Altarriba_Simon1,2020.1.2,Win32,60,,,,0,,,,,,,,,0,11,11,12,1
