Space1.keys,Space1.rt,Space2.keys,Space2.rt,response.keys,response.corr,response.rt,Practice_loop.thisRepN,Practice_loop.thisTrialN,Practice_loop.thisN,Practice_loop.thisIndex,Practice_loop.ran,ImageFile,Condition,CorrAns,Your initials,What is your age?,What is your gender?,What year are you in?,Are you Dyslexic? (Y/N),Are you bi/multilingual? (Y/N),What is your first language?,"What is your second language? (if you are monollingual, leave blank)",What other languages do you speak?,date,expName,psychopyVersion,OS,frameRate
space,2.732,space,11.009,m,1,0.959,0,0,0,6,1,Images/IncongruentRight.jpeg,Incongruent Right,m,qw1,22,w,12,,,,,,2021-04-01_15h01.00.949,Tse_Altarriba_Simon1,2020.1.2,MacIntel,60
,,,,z,0,1.584,0,1,1,3,1,Images/CongruentRight.jpeg,Congruent Right,m,qw1,22,w,12,,,,,,2021-04-01_15h01.00.949,Tse_Altarriba_Simon1,2020.1.2,MacIntel,60
,,,,z,1,0.784,0,2,2,4,1,Images/IncongruentLeft.jpeg,Incongruent Left,z,qw1,22,w,12,,,,,,2021-04-01_15h01.00.949,Tse_Altarriba_Simon1,2020.1.2,MacIntel,60
,,,,m,0,0.682,0,3,3,9,1,Images/NeutralLeft.jpeg,Neutral Left,z,qw1,22,w,12,,,,,,2021-04-01_15h01.00.949,Tse_Altarriba_Simon1,2020.1.2,MacIntel,60
,,,,,0,,0,4,4,10,1,Images/NeurtalRight.jpeg,Neutral Right,m,qw1,22,w,12,,,,,,2021-04-01_15h01.00.949,Tse_Altarriba_Simon1,2020.1.2,MacIntel,60
