Space1.keys,Space1.rt,Space2.keys,Space2.rt,response.keys,response.corr,response.rt,Practice_loop.thisRepN,Practice_loop.thisTrialN,Practice_loop.thisN,Practice_loop.thisIndex,Practice_loop.ran,ImageFile,Condition,CorrAns,Your initials,What is your age?,What is your gender?,What year are you in?,Are you Dyslexic? (Y/N),Are you bi/multilingual? (Y/N),What is your first language?,"What is your second language? (if you are monollingual, leave blank)",What other languages do you speak?,date,expName,psychopyVersion,OS,frameRate,Space3.keys,Space3.rt,key_resp_2.keys,key_resp_2.corr,key_resp_2.rt,trials.thisRepN,trials.thisTrialN,trials.thisN,trials.thisIndex,trials.ran,Space4.keys,Space4.rt,trials_2.thisRepN,trials_2.thisTrialN,trials_2.thisN,trials_2.thisIndex,trials_2.ran
space,1.3276,space,1.5992,m,1,0.6469,0,0,0,10,1,Images/NeurtalRight.jpeg,Neutral Right,m,Kohsin,24,male,2021,N,Y,Chinese,English,None,2021-08-18_01h48.34.075,Tse_Altarriba_Simon1,2020.1.2,Win32,60,,,,,,,,,,,,,,,,,
,,,,z,1,0.4656,0,1,1,8,1,Images/NeutralLeft.jpeg,Neutral Left,z,Kohsin,24,male,2021,N,Y,Chinese,English,None,2021-08-18_01h48.34.075,Tse_Altarriba_Simon1,2020.1.2,Win32,60,,,,,,,,,,,,,,,,,
,,,,m,1,0.6393,0,2,2,7,1,Images/IncongruentRight.jpeg,Incongruent Right,m,Kohsin,24,male,2021,N,Y,Chinese,English,None,2021-08-18_01h48.34.075,Tse_Altarriba_Simon1,2020.1.2,Win32,60,,,,,,,,,,,,,,,,,
,,,,m,1,0.533,0,3,3,6,1,Images/IncongruentRight.jpeg,Incongruent Right,m,Kohsin,24,male,2021,N,Y,Chinese,English,None,2021-08-18_01h48.34.075,Tse_Altarriba_Simon1,2020.1.2,Win32,60,,,,,,,,,,,,,,,,,
,,,,m,1,0.4887,0,4,4,2,1,Images/CongruentRight.jpeg,Congruent Right,m,Kohsin,24,male,2021,N,Y,Chinese,English,None,2021-08-18_01h48.34.075,Tse_Altarriba_Simon1,2020.1.2,Win32,60,,,,,,,,,,,,,,,,,
,,,,m,1,0.3716,0,5,5,3,1,Images/CongruentRight.jpeg,Congruent Right,m,Kohsin,24,male,2021,N,Y,Chinese,English,None,2021-08-18_01h48.34.075,Tse_Altarriba_Simon1,2020.1.2,Win32,60,,,,,,,,,,,,,,,,,
,,,,z,1,0.5111,0,6,6,5,1,Images/IncongruentLeft.jpeg,Incongruent Left,z,Kohsin,24,male,2021,N,Y,Chinese,English,None,2021-08-18_01h48.34.075,Tse_Altarriba_Simon1,2020.1.2,Win32,60,,,,,,,,,,,,,,,,,
,,,,z,1,0.4779,0,7,7,4,1,Images/IncongruentLeft.jpeg,Incongruent Left,z,Kohsin,24,male,2021,N,Y,Chinese,English,None,2021-08-18_01h48.34.075,Tse_Altarriba_Simon1,2020.1.2,Win32,60,,,,,,,,,,,,,,,,,
,,,,m,1,0.4862,0,8,8,11,1,Images/NeurtalRight.jpeg,Neutral Right,m,Kohsin,24,male,2021,N,Y,Chinese,English,None,2021-08-18_01h48.34.075,Tse_Altarriba_Simon1,2020.1.2,Win32,60,,,,,,,,,,,,,,,,,
,,,,z,1,0.4528,0,9,9,9,1,Images/NeutralLeft.jpeg,Neutral Left,z,Kohsin,24,male,2021,N,Y,Chinese,English,None,2021-08-18_01h48.34.075,Tse_Altarriba_Simon1,2020.1.2,Win32,60,,,,,,,,,,,,,,,,,
,,,,z,1,0.408,0,10,10,0,1,Images/CongruentLeft.jpeg,Congruent Left,z,Kohsin,24,male,2021,N,Y,Chinese,English,None,2021-08-18_01h48.34.075,Tse_Altarriba_Simon1,2020.1.2,Win32,60,,,,,,,,,,,,,,,,,
,,,,z,1,0.3936,0,11,11,1,1,Images/CongruentLeft.jpeg,Congruent Left,z,Kohsin,24,male,2021,N,Y,Chinese,English,None,2021-08-18_01h48.34.075,Tse_Altarriba_Simon1,2020.1.2,Win32,60,,,,,,,,,,,,,,,,,
,,,,,,,,,,,,Images/CongruentRight.jpeg,Congruent Right,m,Kohsin,24,male,2021,N,Y,Chinese,English,None,2021-08-18_01h48.34.075,Tse_Altarriba_Simon1,2020.1.2,Win32,60,space,8.6168,m,1,0.4046,0,0,0,11,1,,,,,,,
,,,,,,,,,,,,Images/IncongruentLeft.jpeg,Incongruent Left,z,Kohsin,24,male,2021,N,Y,Chinese,English,None,2021-08-18_01h48.34.075,Tse_Altarriba_Simon1,2020.1.2,Win32,60,,,z,1,0.5154,0,1,1,28,1,,,,,,,
,,,,,,,,,,,,Images/CongruentRight.jpeg,Congruent Right,m,Kohsin,24,male,2021,N,Y,Chinese,English,None,2021-08-18_01h48.34.075,Tse_Altarriba_Simon1,2020.1.2,Win32,60,,,m,1,0.4937,0,2,2,15,1,,,,,,,
,,,,,,,,,,,,Images/CongruentLeft.jpeg,Congruent Left,z,Kohsin,24,male,2021,N,Y,Chinese,English,None,2021-08-18_01h48.34.075,Tse_Altarriba_Simon1,2020.1.2,Win32,60,,,z,1,0.387,0,3,3,9,1,,,,,,,
,,,,,,,,,,,,Images/NeurtalRight.jpeg,Neutral Right,m,Kohsin,24,male,2021,N,Y,Chinese,English,None,2021-08-18_01h48.34.075,Tse_Altarriba_Simon1,2020.1.2,Win32,60,,,m,1,0.4574,0,4,4,58,1,,,,,,,
,,,,,,,,,,,,Images/IncongruentRight.jpeg,Incongruent Right,m,Kohsin,24,male,2021,N,Y,Chinese,English,None,2021-08-18_01h48.34.075,Tse_Altarriba_Simon1,2020.1.2,Win32,60,,,m,1,0.4397,0,5,5,37,1,,,,,,,
,,,,,,,,,,,,Images/NeurtalRight.jpeg,Neutral Right,m,Kohsin,24,male,2021,N,Y,Chinese,English,None,2021-08-18_01h48.34.075,Tse_Altarriba_Simon1,2020.1.2,Win32,60,,,m,1,0.3911,0,6,6,55,1,,,,,,,
,,,,,,,,,,,,Images/CongruentLeft.jpeg,Congruent Left,z,Kohsin,24,male,2021,N,Y,Chinese,English,None,2021-08-18_01h48.34.075,Tse_Altarriba_Simon1,2020.1.2,Win32,60,,,z,1,0.3476,0,7,7,7,1,,,,,,,
,,,,,,,,,,,,Images/IncongruentLeft.jpeg,Incongruent Left,z,Kohsin,24,male,2021,N,Y,Chinese,English,None,2021-08-18_01h48.34.075,Tse_Altarriba_Simon1,2020.1.2,Win32,60,,,z,1,0.4101,0,8,8,25,1,,,,,,,
,,,,,,,,,,,,Images/IncongruentLeft.jpeg,Incongruent Left,z,Kohsin,24,male,2021,N,Y,Chinese,English,None,2021-08-18_01h48.34.075,Tse_Altarriba_Simon1,2020.1.2,Win32,60,,,z,1,0.3938,0,9,9,21,1,,,,,,,
,,,,,,,,,,,,Images/IncongruentRight.jpeg,Incongruent Right,m,Kohsin,24,male,2021,N,Y,Chinese,English,None,2021-08-18_01h48.34.075,Tse_Altarriba_Simon1,2020.1.2,Win32,60,,,m,1,0.4656,0,10,10,31,1,,,,,,,
,,,,,,,,,,,,Images/CongruentLeft.jpeg,Congruent Left,z,Kohsin,24,male,2021,N,Y,Chinese,English,None,2021-08-18_01h48.34.075,Tse_Altarriba_Simon1,2020.1.2,Win32,60,,,z,1,0.3558,0,11,11,3,1,,,,,,,
,,,,,,,,,,,,Images/CongruentRight.jpeg,Congruent Right,m,Kohsin,24,male,2021,N,Y,Chinese,English,None,2021-08-18_01h48.34.075,Tse_Altarriba_Simon1,2020.1.2,Win32,60,,,m,1,0.4092,0,12,12,10,1,,,,,,,
,,,,,,,,,,,,Images/CongruentRight.jpeg,Congruent Right,m,Kohsin,24,male,2021,N,Y,Chinese,English,None,2021-08-18_01h48.34.075,Tse_Altarriba_Simon1,2020.1.2,Win32,60,,,m,1,0.3732,0,13,13,12,1,,,,,,,
,,,,,,,,,,,,Images/NeutralLeft.jpeg,Neutral Left,z,Kohsin,24,male,2021,N,Y,Chinese,English,None,2021-08-18_01h48.34.075,Tse_Altarriba_Simon1,2020.1.2,Win32,60,,,z,1,0.3669,0,14,14,43,1,,,,,,,
,,,,,,,,,,,,Images/NeutralLeft.jpeg,Neutral Left,z,Kohsin,24,male,2021,N,Y,Chinese,English,None,2021-08-18_01h48.34.075,Tse_Altarriba_Simon1,2020.1.2,Win32,60,,,z,1,0.3918,0,15,15,48,1,,,,,,,
,,,,,,,,,,,,Images/CongruentLeft.jpeg,Congruent Left,z,Kohsin,24,male,2021,N,Y,Chinese,English,None,2021-08-18_01h48.34.075,Tse_Altarriba_Simon1,2020.1.2,Win32,60,,,z,1,0.3406,0,16,16,2,1,,,,,,,
,,,,,,,,,,,,Images/IncongruentLeft.jpeg,Incongruent Left,z,Kohsin,24,male,2021,N,Y,Chinese,English,None,2021-08-18_01h48.34.075,Tse_Altarriba_Simon1,2020.1.2,Win32,60,,,z,1,0.4446,0,17,17,29,1,,,,,,,
,,,,,,,,,,,,Images/CongruentLeft.jpeg,Congruent Left,z,Kohsin,24,male,2021,N,Y,Chinese,English,None,2021-08-18_01h48.34.075,Tse_Altarriba_Simon1,2020.1.2,Win32,60,,,z,1,0.3615,0,18,18,6,1,,,,,,,
,,,,,,,,,,,,Images/IncongruentLeft.jpeg,Incongruent Left,z,Kohsin,24,male,2021,N,Y,Chinese,English,None,2021-08-18_01h48.34.075,Tse_Altarriba_Simon1,2020.1.2,Win32,60,,,z,1,0.3824,0,19,19,22,1,,,,,,,
,,,,,,,,,,,,Images/NeurtalRight.jpeg,Neutral Right,m,Kohsin,24,male,2021,N,Y,Chinese,English,None,2021-08-18_01h48.34.075,Tse_Altarriba_Simon1,2020.1.2,Win32,60,,,z,0,0.3637,0,20,20,50,1,,,,,,,
,,,,,,,,,,,,Images/IncongruentRight.jpeg,Incongruent Right,m,Kohsin,24,male,2021,N,Y,Chinese,English,None,2021-08-18_01h48.34.075,Tse_Altarriba_Simon1,2020.1.2,Win32,60,,,m,1,0.4256,0,21,21,30,1,,,,,,,
,,,,,,,,,,,,Images/NeurtalRight.jpeg,Neutral Right,m,Kohsin,24,male,2021,N,Y,Chinese,English,None,2021-08-18_01h48.34.075,Tse_Altarriba_Simon1,2020.1.2,Win32,60,,,m,1,0.4092,0,22,22,53,1,,,,,,,
,,,,,,,,,,,,Images/NeutralLeft.jpeg,Neutral Left,z,Kohsin,24,male,2021,N,Y,Chinese,English,None,2021-08-18_01h48.34.075,Tse_Altarriba_Simon1,2020.1.2,Win32,60,,,z,1,0.3881,0,23,23,40,1,,,,,,,
,,,,,,,,,,,,Images/IncongruentRight.jpeg,Incongruent Right,m,Kohsin,24,male,2021,N,Y,Chinese,English,None,2021-08-18_01h48.34.075,Tse_Altarriba_Simon1,2020.1.2,Win32,60,,,m,1,0.4423,0,24,24,33,1,,,,,,,
,,,,,,,,,,,,Images/CongruentLeft.jpeg,Congruent Left,z,Kohsin,24,male,2021,N,Y,Chinese,English,None,2021-08-18_01h48.34.075,Tse_Altarriba_Simon1,2020.1.2,Win32,60,,,z,1,0.3444,0,25,25,8,1,,,,,,,
,,,,,,,,,,,,Images/NeutralLeft.jpeg,Neutral Left,z,Kohsin,24,male,2021,N,Y,Chinese,English,None,2021-08-18_01h48.34.075,Tse_Altarriba_Simon1,2020.1.2,Win32,60,,,z,1,0.4103,0,26,26,47,1,,,,,,,
,,,,,,,,,,,,Images/CongruentRight.jpeg,Congruent Right,m,Kohsin,24,male,2021,N,Y,Chinese,English,None,2021-08-18_01h48.34.075,Tse_Altarriba_Simon1,2020.1.2,Win32,60,,,m,1,0.3609,0,27,27,14,1,,,,,,,
,,,,,,,,,,,,Images/IncongruentRight.jpeg,Incongruent Right,m,Kohsin,24,male,2021,N,Y,Chinese,English,None,2021-08-18_01h48.34.075,Tse_Altarriba_Simon1,2020.1.2,Win32,60,,,m,1,0.4159,0,28,28,35,1,,,,,,,
,,,,,,,,,,,,Images/IncongruentRight.jpeg,Incongruent Right,m,Kohsin,24,male,2021,N,Y,Chinese,English,None,2021-08-18_01h48.34.075,Tse_Altarriba_Simon1,2020.1.2,Win32,60,,,m,1,0.3547,0,29,29,38,1,,,,,,,
,,,,,,,,,,,,Images/NeutralLeft.jpeg,Neutral Left,z,Kohsin,24,male,2021,N,Y,Chinese,English,None,2021-08-18_01h48.34.075,Tse_Altarriba_Simon1,2020.1.2,Win32,60,,,z,1,0.4172,0,30,30,41,1,,,,,,,
,,,,,,,,,,,,Images/NeurtalRight.jpeg,Neutral Right,m,Kohsin,24,male,2021,N,Y,Chinese,English,None,2021-08-18_01h48.34.075,Tse_Altarriba_Simon1,2020.1.2,Win32,60,,,m,1,0.3542,0,31,31,52,1,,,,,,,
,,,,,,,,,,,,Images/NeutralLeft.jpeg,Neutral Left,z,Kohsin,24,male,2021,N,Y,Chinese,English,None,2021-08-18_01h48.34.075,Tse_Altarriba_Simon1,2020.1.2,Win32,60,,,z,1,0.3682,0,32,32,44,1,,,,,,,
,,,,,,,,,,,,Images/NeutralLeft.jpeg,Neutral Left,z,Kohsin,24,male,2021,N,Y,Chinese,English,None,2021-08-18_01h48.34.075,Tse_Altarriba_Simon1,2020.1.2,Win32,60,,,z,1,0.3908,0,33,33,49,1,,,,,,,
,,,,,,,,,,,,Images/CongruentRight.jpeg,Congruent Right,m,Kohsin,24,male,2021,N,Y,Chinese,English,None,2021-08-18_01h48.34.075,Tse_Altarriba_Simon1,2020.1.2,Win32,60,,,m,1,0.3451,0,34,34,19,1,,,,,,,
,,,,,,,,,,,,Images/CongruentRight.jpeg,Congruent Right,m,Kohsin,24,male,2021,N,Y,Chinese,English,None,2021-08-18_01h48.34.075,Tse_Altarriba_Simon1,2020.1.2,Win32,60,,,m,1,0.3317,0,35,35,17,1,,,,,,,
,,,,,,,,,,,,Images/NeutralLeft.jpeg,Neutral Left,z,Kohsin,24,male,2021,N,Y,Chinese,English,None,2021-08-18_01h48.34.075,Tse_Altarriba_Simon1,2020.1.2,Win32,60,,,z,1,0.4569,0,36,36,42,1,,,,,,,
,,,,,,,,,,,,Images/IncongruentLeft.jpeg,Incongruent Left,z,Kohsin,24,male,2021,N,Y,Chinese,English,None,2021-08-18_01h48.34.075,Tse_Altarriba_Simon1,2020.1.2,Win32,60,,,z,1,0.4045,0,37,37,23,1,,,,,,,
,,,,,,,,,,,,Images/IncongruentLeft.jpeg,Incongruent Left,z,Kohsin,24,male,2021,N,Y,Chinese,English,None,2021-08-18_01h48.34.075,Tse_Altarriba_Simon1,2020.1.2,Win32,60,,,z,1,0.3581,0,38,38,24,1,,,,,,,
,,,,,,,,,,,,Images/NeutralLeft.jpeg,Neutral Left,z,Kohsin,24,male,2021,N,Y,Chinese,English,None,2021-08-18_01h48.34.075,Tse_Altarriba_Simon1,2020.1.2,Win32,60,,,z,1,0.3835,0,39,39,45,1,,,,,,,
,,,,,,,,,,,,Images/IncongruentLeft.jpeg,Incongruent Left,z,Kohsin,24,male,2021,N,Y,Chinese,English,None,2021-08-18_01h48.34.075,Tse_Altarriba_Simon1,2020.1.2,Win32,60,,,z,1,0.3545,0,40,40,20,1,,,,,,,
,,,,,,,,,,,,Images/NeurtalRight.jpeg,Neutral Right,m,Kohsin,24,male,2021,N,Y,Chinese,English,None,2021-08-18_01h48.34.075,Tse_Altarriba_Simon1,2020.1.2,Win32,60,,,m,1,0.3546,0,41,41,51,1,,,,,,,
,,,,,,,,,,,,Images/IncongruentLeft.jpeg,Incongruent Left,z,Kohsin,24,male,2021,N,Y,Chinese,English,None,2021-08-18_01h48.34.075,Tse_Altarriba_Simon1,2020.1.2,Win32,60,,,z,1,0.3199,0,42,42,27,1,,,,,,,
,,,,,,,,,,,,Images/NeurtalRight.jpeg,Neutral Right,m,Kohsin,24,male,2021,N,Y,Chinese,English,None,2021-08-18_01h48.34.075,Tse_Altarriba_Simon1,2020.1.2,Win32,60,,,m,1,0.3975,0,43,43,54,1,,,,,,,
,,,,,,,,,,,,Images/IncongruentRight.jpeg,Incongruent Right,m,Kohsin,24,male,2021,N,Y,Chinese,English,None,2021-08-18_01h48.34.075,Tse_Altarriba_Simon1,2020.1.2,Win32,60,,,z,0,0.3111,0,44,44,32,1,,,,,,,
,,,,,,,,,,,,Images/CongruentLeft.jpeg,Congruent Left,z,Kohsin,24,male,2021,N,Y,Chinese,English,None,2021-08-18_01h48.34.075,Tse_Altarriba_Simon1,2020.1.2,Win32,60,,,z,1,0.4341,0,45,45,5,1,,,,,,,
,,,,,,,,,,,,Images/CongruentLeft.jpeg,Congruent Left,z,Kohsin,24,male,2021,N,Y,Chinese,English,None,2021-08-18_01h48.34.075,Tse_Altarriba_Simon1,2020.1.2,Win32,60,,,z,1,0.3324,0,46,46,1,1,,,,,,,
,,,,,,,,,,,,Images/NeutralLeft.jpeg,Neutral Left,z,Kohsin,24,male,2021,N,Y,Chinese,English,None,2021-08-18_01h48.34.075,Tse_Altarriba_Simon1,2020.1.2,Win32,60,,,z,1,0.3978,0,47,47,46,1,,,,,,,
,,,,,,,,,,,,Images/IncongruentRight.jpeg,Incongruent Right,m,Kohsin,24,male,2021,N,Y,Chinese,English,None,2021-08-18_01h48.34.075,Tse_Altarriba_Simon1,2020.1.2,Win32,60,,,m,1,0.4346,0,48,48,39,1,,,,,,,
,,,,,,,,,,,,Images/NeurtalRight.jpeg,Neutral Right,m,Kohsin,24,male,2021,N,Y,Chinese,English,None,2021-08-18_01h48.34.075,Tse_Altarriba_Simon1,2020.1.2,Win32,60,,,m,1,0.3684,0,49,49,59,1,,,,,,,
,,,,,,,,,,,,Images/CongruentRight.jpeg,Congruent Right,m,Kohsin,24,male,2021,N,Y,Chinese,English,None,2021-08-18_01h48.34.075,Tse_Altarriba_Simon1,2020.1.2,Win32,60,,,m,1,0.3591,0,50,50,13,1,,,,,,,
,,,,,,,,,,,,Images/CongruentLeft.jpeg,Congruent Left,z,Kohsin,24,male,2021,N,Y,Chinese,English,None,2021-08-18_01h48.34.075,Tse_Altarriba_Simon1,2020.1.2,Win32,60,,,z,1,0.3547,0,51,51,4,1,,,,,,,
,,,,,,,,,,,,Images/IncongruentLeft.jpeg,Incongruent Left,z,Kohsin,24,male,2021,N,Y,Chinese,English,None,2021-08-18_01h48.34.075,Tse_Altarriba_Simon1,2020.1.2,Win32,60,,,z,1,0.4364,0,52,52,26,1,,,,,,,
,,,,,,,,,,,,Images/NeurtalRight.jpeg,Neutral Right,m,Kohsin,24,male,2021,N,Y,Chinese,English,None,2021-08-18_01h48.34.075,Tse_Altarriba_Simon1,2020.1.2,Win32,60,,,m,1,0.3986,0,53,53,57,1,,,,,,,
,,,,,,,,,,,,Images/IncongruentRight.jpeg,Incongruent Right,m,Kohsin,24,male,2021,N,Y,Chinese,English,None,2021-08-18_01h48.34.075,Tse_Altarriba_Simon1,2020.1.2,Win32,60,,,m,1,0.4787,0,54,54,36,1,,,,,,,
,,,,,,,,,,,,Images/IncongruentRight.jpeg,Incongruent Right,m,Kohsin,24,male,2021,N,Y,Chinese,English,None,2021-08-18_01h48.34.075,Tse_Altarriba_Simon1,2020.1.2,Win32,60,,,m,1,0.377,0,55,55,34,1,,,,,,,
,,,,,,,,,,,,Images/CongruentLeft.jpeg,Congruent Left,z,Kohsin,24,male,2021,N,Y,Chinese,English,None,2021-08-18_01h48.34.075,Tse_Altarriba_Simon1,2020.1.2,Win32,60,,,m,0,0.4374,0,56,56,0,1,,,,,,,
,,,,,,,,,,,,Images/NeurtalRight.jpeg,Neutral Right,m,Kohsin,24,male,2021,N,Y,Chinese,English,None,2021-08-18_01h48.34.075,Tse_Altarriba_Simon1,2020.1.2,Win32,60,,,m,1,0.3985,0,57,57,56,1,,,,,,,
,,,,,,,,,,,,Images/CongruentRight.jpeg,Congruent Right,m,Kohsin,24,male,2021,N,Y,Chinese,English,None,2021-08-18_01h48.34.075,Tse_Altarriba_Simon1,2020.1.2,Win32,60,,,m,1,0.4067,0,58,58,18,1,,,,,,,
,,,,,,,,,,,,Images/CongruentRight.jpeg,Congruent Right,m,Kohsin,24,male,2021,N,Y,Chinese,English,None,2021-08-18_01h48.34.075,Tse_Altarriba_Simon1,2020.1.2,Win32,60,,,m,1,0.3478,0,59,59,16,1,,,,,,,
,,,,,,,,,,,,Images/NeutralLeft.jpeg,Neutral Left,z,Kohsin,24,male,2021,N,Y,Chinese,English,None,2021-08-18_01h48.34.075,Tse_Altarriba_Simon1,2020.1.2,Win32,60,,,z,1,0.3917,,,,,,space,13.7832,0,0,0,42,1
,,,,,,,,,,,,Images/NeutralLeft.jpeg,Neutral Left,z,Kohsin,24,male,2021,N,Y,Chinese,English,None,2021-08-18_01h48.34.075,Tse_Altarriba_Simon1,2020.1.2,Win32,60,,,z,1,0.3992,,,,,,,,0,1,1,46,1
,,,,,,,,,,,,Images/IncongruentRight.jpeg,Incongruent Right,m,Kohsin,24,male,2021,N,Y,Chinese,English,None,2021-08-18_01h48.34.075,Tse_Altarriba_Simon1,2020.1.2,Win32,60,,,m,1,0.3661,,,,,,,,0,2,2,36,1
,,,,,,,,,,,,Images/IncongruentRight.jpeg,Incongruent Right,m,Kohsin,24,male,2021,N,Y,Chinese,English,None,2021-08-18_01h48.34.075,Tse_Altarriba_Simon1,2020.1.2,Win32,60,,,m,1,0.3821,,,,,,,,0,3,3,33,1
,,,,,,,,,,,,Images/NeutralLeft.jpeg,Neutral Left,z,Kohsin,24,male,2021,N,Y,Chinese,English,None,2021-08-18_01h48.34.075,Tse_Altarriba_Simon1,2020.1.2,Win32,60,,,z,1,0.3476,,,,,,,,0,4,4,49,1
,,,,,,,,,,,,Images/CongruentLeft.jpeg,Congruent Left,z,Kohsin,24,male,2021,N,Y,Chinese,English,None,2021-08-18_01h48.34.075,Tse_Altarriba_Simon1,2020.1.2,Win32,60,,,z,1,0.3269,,,,,,,,0,5,5,8,1
,,,,,,,,,,,,Images/IncongruentLeft.jpeg,Incongruent Left,z,Kohsin,24,male,2021,N,Y,Chinese,English,None,2021-08-18_01h48.34.075,Tse_Altarriba_Simon1,2020.1.2,Win32,60,,,m,0,0.2995,,,,,,,,0,6,6,22,1
,,,,,,,,,,,,Images/CongruentLeft.jpeg,Congruent Left,z,Kohsin,24,male,2021,N,Y,Chinese,English,None,2021-08-18_01h48.34.075,Tse_Altarriba_Simon1,2020.1.2,Win32,60,,,z,1,0.3233,,,,,,,,0,7,7,7,1
,,,,,,,,,,,,Images/CongruentRight.jpeg,Congruent Right,m,Kohsin,24,male,2021,N,Y,Chinese,English,None,2021-08-18_01h48.34.075,Tse_Altarriba_Simon1,2020.1.2,Win32,60,,,m,1,0.3386,,,,,,,,0,8,8,15,1
,,,,,,,,,,,,Images/NeurtalRight.jpeg,Neutral Right,m,Kohsin,24,male,2021,N,Y,Chinese,English,None,2021-08-18_01h48.34.075,Tse_Altarriba_Simon1,2020.1.2,Win32,60,,,m,1,0.4143,,,,,,,,0,9,9,58,1
,,,,,,,,,,,,Images/NeurtalRight.jpeg,Neutral Right,m,Kohsin,24,male,2021,N,Y,Chinese,English,None,2021-08-18_01h48.34.075,Tse_Altarriba_Simon1,2020.1.2,Win32,60,,,m,1,0.3713,,,,,,,,0,10,10,56,1
,,,,,,,,,,,,Images/CongruentLeft.jpeg,Congruent Left,z,Kohsin,24,male,2021,N,Y,Chinese,English,None,2021-08-18_01h48.34.075,Tse_Altarriba_Simon1,2020.1.2,Win32,60,,,z,1,0.3753,,,,,,,,0,11,11,4,1
,,,,,,,,,,,,Images/IncongruentLeft.jpeg,Incongruent Left,z,Kohsin,24,male,2021,N,Y,Chinese,English,None,2021-08-18_01h48.34.075,Tse_Altarriba_Simon1,2020.1.2,Win32,60,,,z,1,0.4089,,,,,,,,0,12,12,25,1
,,,,,,,,,,,,Images/NeurtalRight.jpeg,Neutral Right,m,Kohsin,24,male,2021,N,Y,Chinese,English,None,2021-08-18_01h48.34.075,Tse_Altarriba_Simon1,2020.1.2,Win32,60,,,m,1,0.3651,,,,,,,,0,13,13,51,1
,,,,,,,,,,,,Images/IncongruentRight.jpeg,Incongruent Right,m,Kohsin,24,male,2021,N,Y,Chinese,English,None,2021-08-18_01h48.34.075,Tse_Altarriba_Simon1,2020.1.2,Win32,60,,,m,1,0.6018,,,,,,,,0,14,14,30,1
,,,,,,,,,,,,Images/CongruentLeft.jpeg,Congruent Left,z,Kohsin,24,male,2021,N,Y,Chinese,English,None,2021-08-18_01h48.34.075,Tse_Altarriba_Simon1,2020.1.2,Win32,60,,,z,1,0.3066,,,,,,,,0,15,15,2,1
,,,,,,,,,,,,Images/NeutralLeft.jpeg,Neutral Left,z,Kohsin,24,male,2021,N,Y,Chinese,English,None,2021-08-18_01h48.34.075,Tse_Altarriba_Simon1,2020.1.2,Win32,60,,,z,1,0.3586,,,,,,,,0,16,16,44,1
,,,,,,,,,,,,Images/IncongruentRight.jpeg,Incongruent Right,m,Kohsin,24,male,2021,N,Y,Chinese,English,None,2021-08-18_01h48.34.075,Tse_Altarriba_Simon1,2020.1.2,Win32,60,,,m,1,0.4274,,,,,,,,0,17,17,37,1
,,,,,,,,,,,,Images/IncongruentRight.jpeg,Incongruent Right,m,Kohsin,24,male,2021,N,Y,Chinese,English,None,2021-08-18_01h48.34.075,Tse_Altarriba_Simon1,2020.1.2,Win32,60,,,m,1,0.4469,,,,,,,,0,18,18,31,1
,,,,,,,,,,,,Images/CongruentLeft.jpeg,Congruent Left,z,Kohsin,24,male,2021,N,Y,Chinese,English,None,2021-08-18_01h48.34.075,Tse_Altarriba_Simon1,2020.1.2,Win32,60,,,z,1,0.3175,,,,,,,,0,19,19,0,1
,,,,,,,,,,,,Images/CongruentRight.jpeg,Congruent Right,m,Kohsin,24,male,2021,N,Y,Chinese,English,None,2021-08-18_01h48.34.075,Tse_Altarriba_Simon1,2020.1.2,Win32,60,,,m,1,0.417,,,,,,,,0,20,20,18,1
,,,,,,,,,,,,Images/CongruentRight.jpeg,Congruent Right,m,Kohsin,24,male,2021,N,Y,Chinese,English,None,2021-08-18_01h48.34.075,Tse_Altarriba_Simon1,2020.1.2,Win32,60,,,m,1,0.4076,,,,,,,,0,21,21,10,1
,,,,,,,,,,,,Images/CongruentRight.jpeg,Congruent Right,m,Kohsin,24,male,2021,N,Y,Chinese,English,None,2021-08-18_01h48.34.075,Tse_Altarriba_Simon1,2020.1.2,Win32,60,,,m,1,0.3338,,,,,,,,0,22,22,14,1
,,,,,,,,,,,,Images/IncongruentRight.jpeg,Incongruent Right,m,Kohsin,24,male,2021,N,Y,Chinese,English,None,2021-08-18_01h48.34.075,Tse_Altarriba_Simon1,2020.1.2,Win32,60,,,m,1,0.5841,,,,,,,,0,23,23,35,1
,,,,,,,,,,,,Images/IncongruentLeft.jpeg,Incongruent Left,z,Kohsin,24,male,2021,N,Y,Chinese,English,None,2021-08-18_01h48.34.075,Tse_Altarriba_Simon1,2020.1.2,Win32,60,,,z,1,0.4068,,,,,,,,0,24,24,26,1
,,,,,,,,,,,,Images/CongruentRight.jpeg,Congruent Right,m,Kohsin,24,male,2021,N,Y,Chinese,English,None,2021-08-18_01h48.34.075,Tse_Altarriba_Simon1,2020.1.2,Win32,60,,,m,1,0.3643,,,,,,,,0,25,25,16,1
,,,,,,,,,,,,Images/IncongruentLeft.jpeg,Incongruent Left,z,Kohsin,24,male,2021,N,Y,Chinese,English,None,2021-08-18_01h48.34.075,Tse_Altarriba_Simon1,2020.1.2,Win32,60,,,z,1,0.3986,,,,,,,,0,26,26,28,1
,,,,,,,,,,,,Images/IncongruentLeft.jpeg,Incongruent Left,z,Kohsin,24,male,2021,N,Y,Chinese,English,None,2021-08-18_01h48.34.075,Tse_Altarriba_Simon1,2020.1.2,Win32,60,,,z,1,0.4448,,,,,,,,0,27,27,23,1
,,,,,,,,,,,,Images/CongruentRight.jpeg,Congruent Right,m,Kohsin,24,male,2021,N,Y,Chinese,English,None,2021-08-18_01h48.34.075,Tse_Altarriba_Simon1,2020.1.2,Win32,60,,,m,1,0.3406,,,,,,,,0,28,28,11,1
,,,,,,,,,,,,Images/IncongruentRight.jpeg,Incongruent Right,m,Kohsin,24,male,2021,N,Y,Chinese,English,None,2021-08-18_01h48.34.075,Tse_Altarriba_Simon1,2020.1.2,Win32,60,,,m,1,0.4578,,,,,,,,0,29,29,32,1
,,,,,,,,,,,,Images/CongruentLeft.jpeg,Congruent Left,z,Kohsin,24,male,2021,N,Y,Chinese,English,None,2021-08-18_01h48.34.075,Tse_Altarriba_Simon1,2020.1.2,Win32,60,,,z,1,0.4308,,,,,,,,0,30,30,9,1
,,,,,,,,,,,,Images/NeutralLeft.jpeg,Neutral Left,z,Kohsin,24,male,2021,N,Y,Chinese,English,None,2021-08-18_01h48.34.075,Tse_Altarriba_Simon1,2020.1.2,Win32,60,,,z,1,0.4124,,,,,,,,0,31,31,43,1
,,,,,,,,,,,,Images/NeurtalRight.jpeg,Neutral Right,m,Kohsin,24,male,2021,N,Y,Chinese,English,None,2021-08-18_01h48.34.075,Tse_Altarriba_Simon1,2020.1.2,Win32,60,,,m,1,0.3777,,,,,,,,0,32,32,57,1
,,,,,,,,,,,,Images/CongruentRight.jpeg,Congruent Right,m,Kohsin,24,male,2021,N,Y,Chinese,English,None,2021-08-18_01h48.34.075,Tse_Altarriba_Simon1,2020.1.2,Win32,60,,,m,1,0.3703,,,,,,,,0,33,33,19,1
,,,,,,,,,,,,Images/NeurtalRight.jpeg,Neutral Right,m,Kohsin,24,male,2021,N,Y,Chinese,English,None,2021-08-18_01h48.34.075,Tse_Altarriba_Simon1,2020.1.2,Win32,60,,,m,1,0.4255,,,,,,,,0,34,34,55,1
,,,,,,,,,,,,Images/CongruentLeft.jpeg,Congruent Left,z,Kohsin,24,male,2021,N,Y,Chinese,English,None,2021-08-18_01h48.34.075,Tse_Altarriba_Simon1,2020.1.2,Win32,60,,,z,1,0.3478,,,,,,,,0,35,35,5,1
,,,,,,,,,,,,Images/NeutralLeft.jpeg,Neutral Left,z,Kohsin,24,male,2021,N,Y,Chinese,English,None,2021-08-18_01h48.34.075,Tse_Altarriba_Simon1,2020.1.2,Win32,60,,,z,1,0.384,,,,,,,,0,36,36,45,1
,,,,,,,,,,,,Images/CongruentLeft.jpeg,Congruent Left,z,Kohsin,24,male,2021,N,Y,Chinese,English,None,2021-08-18_01h48.34.075,Tse_Altarriba_Simon1,2020.1.2,Win32,60,,,z,1,0.3614,,,,,,,,0,37,37,6,1
,,,,,,,,,,,,Images/NeutralLeft.jpeg,Neutral Left,z,Kohsin,24,male,2021,N,Y,Chinese,English,None,2021-08-18_01h48.34.075,Tse_Altarriba_Simon1,2020.1.2,Win32,60,,,z,1,0.3687,,,,,,,,0,38,38,47,1
,,,,,,,,,,,,Images/NeurtalRight.jpeg,Neutral Right,m,Kohsin,24,male,2021,N,Y,Chinese,English,None,2021-08-18_01h48.34.075,Tse_Altarriba_Simon1,2020.1.2,Win32,60,,,m,1,0.4134,,,,,,,,0,39,39,59,1
,,,,,,,,,,,,Images/NeutralLeft.jpeg,Neutral Left,z,Kohsin,24,male,2021,N,Y,Chinese,English,None,2021-08-18_01h48.34.075,Tse_Altarriba_Simon1,2020.1.2,Win32,60,,,z,1,0.395,,,,,,,,0,40,40,40,1
,,,,,,,,,,,,Images/NeurtalRight.jpeg,Neutral Right,m,Kohsin,24,male,2021,N,Y,Chinese,English,None,2021-08-18_01h48.34.075,Tse_Altarriba_Simon1,2020.1.2,Win32,60,,,m,1,0.3674,,,,,,,,0,41,41,53,1
,,,,,,,,,,,,Images/IncongruentRight.jpeg,Incongruent Right,m,Kohsin,24,male,2021,N,Y,Chinese,English,None,2021-08-18_01h48.34.075,Tse_Altarriba_Simon1,2020.1.2,Win32,60,,,z,0,0.3408,,,,,,,,0,42,42,34,1
,,,,,,,,,,,,Images/IncongruentLeft.jpeg,Incongruent Left,z,Kohsin,24,male,2021,N,Y,Chinese,English,None,2021-08-18_01h48.34.075,Tse_Altarriba_Simon1,2020.1.2,Win32,60,,,z,1,0.405,,,,,,,,0,43,43,27,1
,,,,,,,,,,,,Images/CongruentRight.jpeg,Congruent Right,m,Kohsin,24,male,2021,N,Y,Chinese,English,None,2021-08-18_01h48.34.075,Tse_Altarriba_Simon1,2020.1.2,Win32,60,,,m,1,0.3912,,,,,,,,0,44,44,17,1
,,,,,,,,,,,,Images/CongruentRight.jpeg,Congruent Right,m,Kohsin,24,male,2021,N,Y,Chinese,English,None,2021-08-18_01h48.34.075,Tse_Altarriba_Simon1,2020.1.2,Win32,60,,,m,1,0.4215,,,,,,,,0,45,45,13,1
,,,,,,,,,,,,Images/NeurtalRight.jpeg,Neutral Right,m,Kohsin,24,male,2021,N,Y,Chinese,English,None,2021-08-18_01h48.34.075,Tse_Altarriba_Simon1,2020.1.2,Win32,60,,,m,1,0.49,,,,,,,,0,46,46,52,1
,,,,,,,,,,,,Images/IncongruentLeft.jpeg,Incongruent Left,z,Kohsin,24,male,2021,N,Y,Chinese,English,None,2021-08-18_01h48.34.075,Tse_Altarriba_Simon1,2020.1.2,Win32,60,,,z,1,0.559,,,,,,,,0,47,47,24,1
,,,,,,,,,,,,Images/NeurtalRight.jpeg,Neutral Right,m,Kohsin,24,male,2021,N,Y,Chinese,English,None,2021-08-18_01h48.34.075,Tse_Altarriba_Simon1,2020.1.2,Win32,60,,,m,1,0.3661,,,,,,,,0,48,48,54,1
,,,,,,,,,,,,Images/IncongruentLeft.jpeg,Incongruent Left,z,Kohsin,24,male,2021,N,Y,Chinese,English,None,2021-08-18_01h48.34.075,Tse_Altarriba_Simon1,2020.1.2,Win32,60,,,z,1,0.3756,,,,,,,,0,49,49,20,1
,,,,,,,,,,,,Images/IncongruentRight.jpeg,Incongruent Right,m,Kohsin,24,male,2021,N,Y,Chinese,English,None,2021-08-18_01h48.34.075,Tse_Altarriba_Simon1,2020.1.2,Win32,60,,,m,1,0.3659,,,,,,,,0,50,50,38,1
,,,,,,,,,,,,Images/NeutralLeft.jpeg,Neutral Left,z,Kohsin,24,male,2021,N,Y,Chinese,English,None,2021-08-18_01h48.34.075,Tse_Altarriba_Simon1,2020.1.2,Win32,60,,,z,1,0.3752,,,,,,,,0,51,51,48,1
,,,,,,,,,,,,Images/CongruentRight.jpeg,Congruent Right,m,Kohsin,24,male,2021,N,Y,Chinese,English,None,2021-08-18_01h48.34.075,Tse_Altarriba_Simon1,2020.1.2,Win32,60,,,m,1,0.3668,,,,,,,,0,52,52,12,1
,,,,,,,,,,,,Images/NeurtalRight.jpeg,Neutral Right,m,Kohsin,24,male,2021,N,Y,Chinese,English,None,2021-08-18_01h48.34.075,Tse_Altarriba_Simon1,2020.1.2,Win32,60,,,m,1,0.3474,,,,,,,,0,53,53,50,1
,,,,,,,,,,,,Images/CongruentLeft.jpeg,Congruent Left,z,Kohsin,24,male,2021,N,Y,Chinese,English,None,2021-08-18_01h48.34.075,Tse_Altarriba_Simon1,2020.1.2,Win32,60,,,z,1,0.3308,,,,,,,,0,54,54,1,1
,,,,,,,,,,,,Images/NeutralLeft.jpeg,Neutral Left,z,Kohsin,24,male,2021,N,Y,Chinese,English,None,2021-08-18_01h48.34.075,Tse_Altarriba_Simon1,2020.1.2,Win32,60,,,z,1,0.393,,,,,,,,0,55,55,41,1
,,,,,,,,,,,,Images/IncongruentLeft.jpeg,Incongruent Left,z,Kohsin,24,male,2021,N,Y,Chinese,English,None,2021-08-18_01h48.34.075,Tse_Altarriba_Simon1,2020.1.2,Win32,60,,,z,1,0.763,,,,,,,,0,56,56,29,1
,,,,,,,,,,,,Images/IncongruentRight.jpeg,Incongruent Right,m,Kohsin,24,male,2021,N,Y,Chinese,English,None,2021-08-18_01h48.34.075,Tse_Altarriba_Simon1,2020.1.2,Win32,60,,,m,1,0.3717,,,,,,,,0,57,57,39,1
,,,,,,,,,,,,Images/IncongruentLeft.jpeg,Incongruent Left,z,Kohsin,24,male,2021,N,Y,Chinese,English,None,2021-08-18_01h48.34.075,Tse_Altarriba_Simon1,2020.1.2,Win32,60,,,z,1,0.3475,,,,,,,,0,58,58,21,1
,,,,,,,,,,,,Images/CongruentLeft.jpeg,Congruent Left,z,Kohsin,24,male,2021,N,Y,Chinese,English,None,2021-08-18_01h48.34.075,Tse_Altarriba_Simon1,2020.1.2,Win32,60,,,z,1,0.3825,,,,,,,,0,59,59,3,1
