Space1.keys,Space1.rt,Space2.keys,Space2.rt,response.keys,response.corr,response.rt,Practice_loop.thisRepN,Practice_loop.thisTrialN,Practice_loop.thisN,Practice_loop.thisIndex,Practice_loop.ran,ImageFile,Condition,CorrAns,Your initials,What is your age?,What is your gender?,What year are you in?,Are you Dyslexic? (Y/N),Are you bi/multilingual? (Y/N),What is your first language?,"What is your second language? (if you are monollingual, leave blank)",What other languages do you speak?,date,expName,psychopyVersion,OS,frameRate
space,1.317,space,4.867,m,1,0.186,0,0,0,2,1,Images/CongruentRight.jpeg,Congruent Right,m,,,,,,,,,,2021-06-16_15h31.05.580,Tse_Altarriba_Simon1,2020.1.2,Win32,60
,,,,z,1,0.3204,0,1,1,1,1,Images/CongruentLeft.jpeg,Congruent Left,z,,,,,,,,,,2021-06-16_15h31.05.580,Tse_Altarriba_Simon1,2020.1.2,Win32,60
,,,,z,1,0.4324,0,2,2,0,1,Images/CongruentLeft.jpeg,Congruent Left,z,,,,,,,,,,2021-06-16_15h31.05.580,Tse_Altarriba_Simon1,2020.1.2,Win32,60
,,,,m,1,0.6205,0,3,3,11,1,Images/NeurtalRight.jpeg,Neutral Right,m,,,,,,,,,,2021-06-16_15h31.05.580,Tse_Altarriba_Simon1,2020.1.2,Win32,60
,,,,,0,,0,4,4,7,1,Images/IncongruentRight.jpeg,Incongruent Right,m,,,,,,,,,,2021-06-16_15h31.05.580,Tse_Altarriba_Simon1,2020.1.2,Win32,60
