Space1.keys,Space1.rt,Space2.keys,Space2.rt,key_resp.keys,key_resp.corr,key_resp.rt,Practice_loop.thisRepN,Practice_loop.thisTrialN,Practice_loop.thisN,Practice_loop.thisIndex,Practice_loop.ran,Practice_loop.order,ImageFile,Condition,CorrAns,session,participant,date,expName,psychopyVersion,OS,frameRate,Space3.keys,Space3.rt,key_resp_2.keys,key_resp_2.corr,key_resp_2.rt,trials.thisRepN,trials.thisTrialN,trials.thisN,trials.thisIndex,trials.ran,trials.order,Space4.keys,Space4.rt,trials_2.thisRepN,trials_2.thisTrialN,trials_2.thisN,trials_2.thisIndex,trials_2.ran,trials_2.order
space,1.052000046,space,0.929999828,m,1,1.526000023,1,0,12,2,1,11,Images/CongruentRight.jpeg,Congruent Right,m,001,,2020-05-04_09h39.28.086,Tse_Altarriba_Simon,3.2.4,MacIntel,60,,,,,,,,,,,,,,,,,,,
,,,,z,1,1.049999952,1,0,12,5,1,11,Images/IncongruentLeft.jpeg,Incongruent Left,z,001,,2020-05-04_09h39.28.086,Tse_Altarriba_Simon,3.2.4,MacIntel,60,,,,,,,,,,,,,,,,,,,
,,,,m,0,0.409999847,1,0,12,4,1,11,Images/IncongruentLeft.jpeg,Incongruent Left,z,001,,2020-05-04_09h39.28.086,Tse_Altarriba_Simon,3.2.4,MacIntel,60,,,,,,,,,,,,,,,,,,,
,,,,z,0,0.352999926,1,0,12,11,1,11,Images/NeurtalRight.jpeg,Neutral Right,m,001,,2020-05-04_09h39.28.086,Tse_Altarriba_Simon,3.2.4,MacIntel,60,,,,,,,,,,,,,,,,,,,
,,,,m,0,0.306999922,1,0,12,1,1,11,Images/CongruentLeft.jpeg,Congruent Left,z,001,,2020-05-04_09h39.28.086,Tse_Altarriba_Simon,3.2.4,MacIntel,60,,,,,,,,,,,,,,,,,,,
,,,,m,0,0.358999968,1,0,12,9,1,11,Images/NeutralLeft.jpeg,Neutral Left,z,001,,2020-05-04_09h39.28.086,Tse_Altarriba_Simon,3.2.4,MacIntel,60,,,,,,,,,,,,,,,,,,,
,,,,z,1,0.361999989,1,0,12,8,1,11,Images/NeutralLeft.jpeg,Neutral Left,z,001,,2020-05-04_09h39.28.086,Tse_Altarriba_Simon,3.2.4,MacIntel,60,,,,,,,,,,,,,,,,,,,
,,,,m,1,0.377999783,1,0,12,10,1,11,Images/NeurtalRight.jpeg,Neutral Right,m,001,,2020-05-04_09h39.28.086,Tse_Altarriba_Simon,3.2.4,MacIntel,60,,,,,,,,,,,,,,,,,,,
,,,,z,0,0.370000124,1,0,12,6,1,11,Images/IncongruentRight.jpeg,Incongruent Right,m,001,,2020-05-04_09h39.28.086,Tse_Altarriba_Simon,3.2.4,MacIntel,60,,,,,,,,,,,,,,,,,,,
,,,,z,0,0.354999781,1,0,12,7,1,11,Images/IncongruentRight.jpeg,Incongruent Right,m,001,,2020-05-04_09h39.28.086,Tse_Altarriba_Simon,3.2.4,MacIntel,60,,,,,,,,,,,,,,,,,,,
,,,,z,1,0.361000061,1,0,12,0,1,11,Images/CongruentLeft.jpeg,Congruent Left,z,001,,2020-05-04_09h39.28.086,Tse_Altarriba_Simon,3.2.4,MacIntel,60,,,,,,,,,,,,,,,,,,,
,,,,m,1,0.372999907,1,0,12,3,1,11,Images/CongruentRight.jpeg,Congruent Right,m,001,,2020-05-04_09h39.28.086,Tse_Altarriba_Simon,3.2.4,MacIntel,60,,,,,,,,,,,,,,,,,,,
,,,,,,,,,,,,,Images/IncongruentLeft.jpeg,Incongruent Left,z,001,,2020-05-04_09h39.28.086,Tse_Altarriba_Simon,3.2.4,MacIntel,60,space,1.980999947,m,0,0.385999918,1,0,60,23,1,59,,,,,,,,
,,,,,,,,,,,,,Images/IncongruentRight.jpeg,Incongruent Right,m,001,,2020-05-04_09h39.28.086,Tse_Altarriba_Simon,3.2.4,MacIntel,60,,,z,0,0.296999931,1,0,60,36,1,59,,,,,,,,
,,,,,,,,,,,,,Images/NeurtalRight.jpeg,Neutral Right,m,001,,2020-05-04_09h39.28.086,Tse_Altarriba_Simon,3.2.4,MacIntel,60,,,m,1,0.299000025,1,0,60,52,1,59,,,,,,,,
,,,,,,,,,,,,,Images/CongruentRight.jpeg,Congruent Right,m,001,,2020-05-04_09h39.28.086,Tse_Altarriba_Simon,3.2.4,MacIntel,60,,,m,1,0.343999863,1,0,60,10,1,59,,,,,,,,
,,,,,,,,,,,,,Images/IncongruentLeft.jpeg,Incongruent Left,z,001,,2020-05-04_09h39.28.086,Tse_Altarriba_Simon,3.2.4,MacIntel,60,,,z,1,0.520999908,1,0,60,29,1,59,,,,,,,,
,,,,,,,,,,,,,Images/IncongruentRight.jpeg,Incongruent Right,m,001,,2020-05-04_09h39.28.086,Tse_Altarriba_Simon,3.2.4,MacIntel,60,,,z,0,0.480999947,1,0,60,33,1,59,,,,,,,,
,,,,,,,,,,,,,Images/NeurtalRight.jpeg,Neutral Right,m,001,,2020-05-04_09h39.28.086,Tse_Altarriba_Simon,3.2.4,MacIntel,60,,,m,1,0.470000029,1,0,60,59,1,59,,,,,,,,
,,,,,,,,,,,,,Images/CongruentRight.jpeg,Congruent Right,m,001,,2020-05-04_09h39.28.086,Tse_Altarriba_Simon,3.2.4,MacIntel,60,,,m,1,0.387000084,1,0,60,18,1,59,,,,,,,,
,,,,,,,,,,,,,Images/CongruentRight.jpeg,Congruent Right,m,001,,2020-05-04_09h39.28.086,Tse_Altarriba_Simon,3.2.4,MacIntel,60,,,m,1,0.363999844,1,0,60,19,1,59,,,,,,,,
,,,,,,,,,,,,,Images/NeutralLeft.jpeg,Neutral Left,z,001,,2020-05-04_09h39.28.086,Tse_Altarriba_Simon,3.2.4,MacIntel,60,,,z,1,0.54399991,1,0,60,48,1,59,,,,,,,,
,,,,,,,,,,,,,Images/NeurtalRight.jpeg,Neutral Right,m,001,,2020-05-04_09h39.28.086,Tse_Altarriba_Simon,3.2.4,MacIntel,60,,,m,1,0.554999828,1,0,60,58,1,59,,,,,,,,
,,,,,,,,,,,,,Images/CongruentLeft.jpeg,Congruent Left,z,001,,2020-05-04_09h39.28.086,Tse_Altarriba_Simon,3.2.4,MacIntel,60,,,z,1,0.388000011,1,0,60,4,1,59,,,,,,,,
,,,,,,,,,,,,,Images/NeutralLeft.jpeg,Neutral Left,z,001,,2020-05-04_09h39.28.086,Tse_Altarriba_Simon,3.2.4,MacIntel,60,,,z,1,0.45600009,1,0,60,43,1,59,,,,,,,,
,,,,,,,,,,,,,Images/NeutralLeft.jpeg,Neutral Left,z,001,,2020-05-04_09h39.28.086,Tse_Altarriba_Simon,3.2.4,MacIntel,60,,,m,0,0.354000092,1,0,60,47,1,59,,,,,,,,
,,,,,,,,,,,,,Images/IncongruentRight.jpeg,Incongruent Right,m,001,,2020-05-04_09h39.28.086,Tse_Altarriba_Simon,3.2.4,MacIntel,60,,,z,0,0.440999985,1,0,60,37,1,59,,,,,,,,
,,,,,,,,,,,,,Images/IncongruentRight.jpeg,Incongruent Right,m,001,,2020-05-04_09h39.28.086,Tse_Altarriba_Simon,3.2.4,MacIntel,60,,,z,0,0.360999823,1,0,60,35,1,59,,,,,,,,
,,,,,,,,,,,,,Images/CongruentLeft.jpeg,Congruent Left,z,001,,2020-05-04_09h39.28.086,Tse_Altarriba_Simon,3.2.4,MacIntel,60,,,z,1,0.361000061,1,0,60,6,1,59,,,,,,,,
,,,,,,,,,,,,,Images/IncongruentLeft.jpeg,Incongruent Left,z,001,,2020-05-04_09h39.28.086,Tse_Altarriba_Simon,3.2.4,MacIntel,60,,,m,0,0.34499979,1,0,60,26,1,59,,,,,,,,
,,,,,,,,,,,,,Images/CongruentLeft.jpeg,Congruent Left,z,001,,2020-05-04_09h39.28.086,Tse_Altarriba_Simon,3.2.4,MacIntel,60,,,z,1,0.303999901,1,0,60,5,1,59,,,,,,,,
,,,,,,,,,,,,,Images/NeutralLeft.jpeg,Neutral Left,z,001,,2020-05-04_09h39.28.086,Tse_Altarriba_Simon,3.2.4,MacIntel,60,,,z,1,0.447999954,1,0,60,44,1,59,,,,,,,,
,,,,,,,,,,,,,Images/NeutralLeft.jpeg,Neutral Left,z,001,,2020-05-04_09h39.28.086,Tse_Altarriba_Simon,3.2.4,MacIntel,60,,,z,1,0.34100008,1,0,60,41,1,59,,,,,,,,
,,,,,,,,,,,,,Images/IncongruentLeft.jpeg,Incongruent Left,z,001,,2020-05-04_09h39.28.086,Tse_Altarriba_Simon,3.2.4,MacIntel,60,,,m,0,0.329999924,1,0,60,21,1,59,,,,,,,,
,,,,,,,,,,,,,Images/CongruentRight.jpeg,Congruent Right,m,001,,2020-05-04_09h39.28.086,Tse_Altarriba_Simon,3.2.4,MacIntel,60,,,m,1,0.346999884,1,0,60,16,1,59,,,,,,,,
,,,,,,,,,,,,,Images/IncongruentRight.jpeg,Incongruent Right,m,001,,2020-05-04_09h39.28.086,Tse_Altarriba_Simon,3.2.4,MacIntel,60,,,z,0,0.326999903,1,0,60,39,1,59,,,,,,,,
,,,,,,,,,,,,,Images/NeutralLeft.jpeg,Neutral Left,z,001,,2020-05-04_09h39.28.086,Tse_Altarriba_Simon,3.2.4,MacIntel,60,,,z,1,0.592999935,1,0,60,42,1,59,,,,,,,,
,,,,,,,,,,,,,Images/IncongruentRight.jpeg,Incongruent Right,m,001,,2020-05-04_09h39.28.086,Tse_Altarriba_Simon,3.2.4,MacIntel,60,,,z,0,0.348999977,1,0,60,34,1,59,,,,,,,,
,,,,,,,,,,,,,Images/NeutralLeft.jpeg,Neutral Left,z,001,,2020-05-04_09h39.28.086,Tse_Altarriba_Simon,3.2.4,MacIntel,60,,,m,0,0.264999866,1,0,60,40,1,59,,,,,,,,
,,,,,,,,,,,,,Images/CongruentRight.jpeg,Congruent Right,m,001,,2020-05-04_09h39.28.086,Tse_Altarriba_Simon,3.2.4,MacIntel,60,,,m,1,0.238999844,1,0,60,17,1,59,,,,,,,,
,,,,,,,,,,,,,Images/CongruentLeft.jpeg,Congruent Left,z,001,,2020-05-04_09h39.28.086,Tse_Altarriba_Simon,3.2.4,MacIntel,60,,,z,1,0.299000025,1,0,60,1,1,59,,,,,,,,
,,,,,,,,,,,,,Images/IncongruentRight.jpeg,Incongruent Right,m,001,,2020-05-04_09h39.28.086,Tse_Altarriba_Simon,3.2.4,MacIntel,60,,,z,0,0.31099987,1,0,60,38,1,59,,,,,,,,
,,,,,,,,,,,,,Images/NeurtalRight.jpeg,Neutral Right,m,001,,2020-05-04_09h39.28.086,Tse_Altarriba_Simon,3.2.4,MacIntel,60,,,m,1,0.363999844,1,0,60,51,1,59,,,,,,,,
,,,,,,,,,,,,,Images/NeurtalRight.jpeg,Neutral Right,m,001,,2020-05-04_09h39.28.086,Tse_Altarriba_Simon,3.2.4,MacIntel,60,,,z,0,0.431999922,1,0,60,50,1,59,,,,,,,,
,,,,,,,,,,,,,Images/CongruentRight.jpeg,Congruent Right,m,001,,2020-05-04_09h39.28.086,Tse_Altarriba_Simon,3.2.4,MacIntel,60,,,m,1,0.282999754,1,0,60,15,1,59,,,,,,,,
,,,,,,,,,,,,,Images/NeurtalRight.jpeg,Neutral Right,m,001,,2020-05-04_09h39.28.086,Tse_Altarriba_Simon,3.2.4,MacIntel,60,,,m,1,0.290999889,1,0,60,55,1,59,,,,,,,,
,,,,,,,,,,,,,Images/NeurtalRight.jpeg,Neutral Right,m,001,,2020-05-04_09h39.28.086,Tse_Altarriba_Simon,3.2.4,MacIntel,60,,,m,1,0.323999882,1,0,60,57,1,59,,,,,,,,
,,,,,,,,,,,,,Images/NeurtalRight.jpeg,Neutral Right,m,001,,2020-05-04_09h39.28.086,Tse_Altarriba_Simon,3.2.4,MacIntel,60,,,m,1,0.489999771,1,0,60,56,1,59,,,,,,,,
,,,,,,,,,,,,,Images/IncongruentLeft.jpeg,Incongruent Left,z,001,,2020-05-04_09h39.28.086,Tse_Altarriba_Simon,3.2.4,MacIntel,60,,,z,1,0.430999756,1,0,60,24,1,59,,,,,,,,
,,,,,,,,,,,,,Images/CongruentLeft.jpeg,Congruent Left,z,001,,2020-05-04_09h39.28.086,Tse_Altarriba_Simon,3.2.4,MacIntel,60,,,z,1,0.43900013,1,0,60,7,1,59,,,,,,,,
,,,,,,,,,,,,,Images/IncongruentRight.jpeg,Incongruent Right,m,001,,2020-05-04_09h39.28.086,Tse_Altarriba_Simon,3.2.4,MacIntel,60,,,m,1,0.513000011,1,0,60,30,1,59,,,,,,,,
,,,,,,,,,,,,,Images/CongruentLeft.jpeg,Congruent Left,z,001,,2020-05-04_09h39.28.086,Tse_Altarriba_Simon,3.2.4,MacIntel,60,,,z,1,0.46600008,1,0,60,8,1,59,,,,,,,,
,,,,,,,,,,,,,Images/NeurtalRight.jpeg,Neutral Right,m,001,,2020-05-04_09h39.28.086,Tse_Altarriba_Simon,3.2.4,MacIntel,60,,,m,1,0.401000023,1,0,60,53,1,59,,,,,,,,
,,,,,,,,,,,,,Images/CongruentLeft.jpeg,Congruent Left,z,001,,2020-05-04_09h39.28.086,Tse_Altarriba_Simon,3.2.4,MacIntel,60,,,z,1,0.350999832,1,0,60,2,1,59,,,,,,,,
,,,,,,,,,,,,,Images/IncongruentRight.jpeg,Incongruent Right,m,001,,2020-05-04_09h39.28.086,Tse_Altarriba_Simon,3.2.4,MacIntel,60,,,z,0,0.383999825,1,0,60,32,1,59,,,,,,,,
,,,,,,,,,,,,,Images/NeutralLeft.jpeg,Neutral Left,z,001,,2020-05-04_09h39.28.086,Tse_Altarriba_Simon,3.2.4,MacIntel,60,,,m,0,0.578999996,1,0,60,49,1,59,,,,,,,,
,,,,,,,,,,,,,Images/CongruentRight.jpeg,Congruent Right,m,001,,2020-05-04_09h39.28.086,Tse_Altarriba_Simon,3.2.4,MacIntel,60,,,m,1,0.298000097,1,0,60,11,1,59,,,,,,,,
,,,,,,,,,,,,,Images/CongruentRight.jpeg,Congruent Right,m,001,,2020-05-04_09h39.28.086,Tse_Altarriba_Simon,3.2.4,MacIntel,60,,,m,1,0.305999994,1,0,60,14,1,59,,,,,,,,
,,,,,,,,,,,,,Images/CongruentLeft.jpeg,Congruent Left,z,001,,2020-05-04_09h39.28.086,Tse_Altarriba_Simon,3.2.4,MacIntel,60,,,z,1,0.353999853,1,0,60,9,1,59,,,,,,,,
,,,,,,,,,,,,,Images/IncongruentLeft.jpeg,Incongruent Left,z,001,,2020-05-04_09h39.28.086,Tse_Altarriba_Simon,3.2.4,MacIntel,60,,,m,0,0.337999821,1,0,60,27,1,59,,,,,,,,
,,,,,,,,,,,,,Images/CongruentRight.jpeg,Congruent Right,m,001,,2020-05-04_09h39.28.086,Tse_Altarriba_Simon,3.2.4,MacIntel,60,,,m,1,0.3349998,1,0,60,13,1,59,,,,,,,,
,,,,,,,,,,,,,Images/IncongruentLeft.jpeg,Incongruent Left,z,001,,2020-05-04_09h39.28.086,Tse_Altarriba_Simon,3.2.4,MacIntel,60,,,m,0,0.314999819,1,0,60,20,1,59,,,,,,,,
,,,,,,,,,,,,,Images/NeutralLeft.jpeg,Neutral Left,z,001,,2020-05-04_09h39.28.086,Tse_Altarriba_Simon,3.2.4,MacIntel,60,,,z,1,0.555999994,1,0,60,46,1,59,,,,,,,,
,,,,,,,,,,,,,Images/IncongruentRight.jpeg,Incongruent Right,m,001,,2020-05-04_09h39.28.086,Tse_Altarriba_Simon,3.2.4,MacIntel,60,,,m,1,0.506999969,1,0,60,31,1,59,,,,,,,,
,,,,,,,,,,,,,Images/CongruentRight.jpeg,Congruent Right,m,001,,2020-05-04_09h39.28.086,Tse_Altarriba_Simon,3.2.4,MacIntel,60,,,m,1,0.305999994,1,0,60,12,1,59,,,,,,,,
,,,,,,,,,,,,,Images/NeutralLeft.jpeg,Neutral Left,z,001,,2020-05-04_09h39.28.086,Tse_Altarriba_Simon,3.2.4,MacIntel,60,,,z,1,0.44900012,1,0,60,45,1,59,,,,,,,,
,,,,,,,,,,,,,Images/NeurtalRight.jpeg,Neutral Right,m,001,,2020-05-04_09h39.28.086,Tse_Altarriba_Simon,3.2.4,MacIntel,60,,,m,1,0.414999962,1,0,60,54,1,59,,,,,,,,
,,,,,,,,,,,,,Images/IncongruentLeft.jpeg,Incongruent Left,z,001,,2020-05-04_09h39.28.086,Tse_Altarriba_Simon,3.2.4,MacIntel,60,,,m,0,0.355000019,1,0,60,22,1,59,,,,,,,,
,,,,,,,,,,,,,Images/CongruentLeft.jpeg,Congruent Left,z,001,,2020-05-04_09h39.28.086,Tse_Altarriba_Simon,3.2.4,MacIntel,60,,,z,1,0.848999977,1,0,60,3,1,59,,,,,,,,
,,,,,,,,,,,,,Images/CongruentLeft.jpeg,Congruent Left,z,001,,2020-05-04_09h39.28.086,Tse_Altarriba_Simon,3.2.4,MacIntel,60,,,z,1,0.416999817,1,0,60,0,1,59,,,,,,,,
,,,,,,,,,,,,,Images/IncongruentLeft.jpeg,Incongruent Left,z,001,,2020-05-04_09h39.28.086,Tse_Altarriba_Simon,3.2.4,MacIntel,60,,,m,0,0.312999964,1,0,60,28,1,59,,,,,,,,
,,,,,,,,,,,,,Images/IncongruentLeft.jpeg,Incongruent Left,z,001,,2020-05-04_09h39.28.086,Tse_Altarriba_Simon,3.2.4,MacIntel,60,,,m,0,0.305000067,1,0,60,25,1,59,,,,,,,,
,,,,,,,,,,,,,Images/CongruentRight.jpeg,Congruent Right,m,001,,2020-05-04_09h39.28.086,Tse_Altarriba_Simon,3.2.4,MacIntel,60,,,m,1,0.315000057,,,,,,,space,1.233999968,1,0,60,16,1,59
,,,,,,,,,,,,,Images/NeurtalRight.jpeg,Neutral Right,m,001,,2020-05-04_09h39.28.086,Tse_Altarriba_Simon,3.2.4,MacIntel,60,,,m,1,0.345999956,,,,,,,,,1,0,60,55,1,59
,,,,,,,,,,,,,Images/IncongruentRight.jpeg,Incongruent Right,m,001,,2020-05-04_09h39.28.086,Tse_Altarriba_Simon,3.2.4,MacIntel,60,,,m,1,0.088999987,,,,,,,,,1,0,60,32,1,59
,,,,,,,,,,,,,Images/IncongruentLeft.jpeg,Incongruent Left,z,001,,2020-05-04_09h39.28.086,Tse_Altarriba_Simon,3.2.4,MacIntel,60,,,m,0,0.337999821,,,,,,,,,1,0,60,21,1,59
,,,,,,,,,,,,,Images/NeutralLeft.jpeg,Neutral Left,z,001,,2020-05-04_09h39.28.086,Tse_Altarriba_Simon,3.2.4,MacIntel,60,,,m,0,0.504999876,,,,,,,,,1,0,60,46,1,59
,,,,,,,,,,,,,Images/CongruentRight.jpeg,Congruent Right,m,001,,2020-05-04_09h39.28.086,Tse_Altarriba_Simon,3.2.4,MacIntel,60,,,m,1,0.129999876,,,,,,,,,1,0,60,17,1,59
,,,,,,,,,,,,,Images/NeurtalRight.jpeg,Neutral Right,m,001,,2020-05-04_09h39.28.086,Tse_Altarriba_Simon,3.2.4,MacIntel,60,,,m,1,0.31799984,,,,,,,,,1,0,60,57,1,59
,,,,,,,,,,,,,Images/IncongruentLeft.jpeg,Incongruent Left,z,001,,2020-05-04_09h39.28.086,Tse_Altarriba_Simon,3.2.4,MacIntel,60,,,m,0,0.246999979,,,,,,,,,1,0,60,26,1,59
,,,,,,,,,,,,,Images/CongruentLeft.jpeg,Congruent Left,z,001,,2020-05-04_09h39.28.086,Tse_Altarriba_Simon,3.2.4,MacIntel,60,,,z,1,0.338000059,,,,,,,,,1,0,60,9,1,59
,,,,,,,,,,,,,Images/IncongruentLeft.jpeg,Incongruent Left,z,001,,2020-05-04_09h39.28.086,Tse_Altarriba_Simon,3.2.4,MacIntel,60,,,m,0,0.345999718,,,,,,,,,1,0,60,25,1,59
,,,,,,,,,,,,,Images/NeutralLeft.jpeg,Neutral Left,z,001,,2020-05-04_09h39.28.086,Tse_Altarriba_Simon,3.2.4,MacIntel,60,,,z,1,0.481999874,,,,,,,,,1,0,60,40,1,59
,,,,,,,,,,,,,Images/NeurtalRight.jpeg,Neutral Right,m,001,,2020-05-04_09h39.28.086,Tse_Altarriba_Simon,3.2.4,MacIntel,60,,,m,1,0.357999802,,,,,,,,,1,0,60,58,1,59
,,,,,,,,,,,,,Images/NeurtalRight.jpeg,Neutral Right,m,001,,2020-05-04_09h39.28.086,Tse_Altarriba_Simon,3.2.4,MacIntel,60,,,m,1,0.346999884,,,,,,,,,1,0,60,52,1,59
,,,,,,,,,,,,,Images/CongruentLeft.jpeg,Congruent Left,z,001,,2020-05-04_09h39.28.086,Tse_Altarriba_Simon,3.2.4,MacIntel,60,,,z,1,0.338000059,,,,,,,,,1,0,60,1,1,59
,,,,,,,,,,,,,Images/NeutralLeft.jpeg,Neutral Left,z,001,,2020-05-04_09h39.28.086,Tse_Altarriba_Simon,3.2.4,MacIntel,60,,,z,1,0.396999836,,,,,,,,,1,0,60,49,1,59
,,,,,,,,,,,,,Images/CongruentLeft.jpeg,Congruent Left,z,001,,2020-05-04_09h39.28.086,Tse_Altarriba_Simon,3.2.4,MacIntel,60,,,z,1,0.381999969,,,,,,,,,1,0,60,0,1,59
,,,,,,,,,,,,,Images/NeutralLeft.jpeg,Neutral Left,z,001,,2020-05-04_09h39.28.086,Tse_Altarriba_Simon,3.2.4,MacIntel,60,,,m,0,0.341999769,,,,,,,,,1,0,60,41,1,59
,,,,,,,,,,,,,Images/NeutralLeft.jpeg,Neutral Left,z,001,,2020-05-04_09h39.28.086,Tse_Altarriba_Simon,3.2.4,MacIntel,60,,,m,0,0.427999973,,,,,,,,,1,0,60,44,1,59
,,,,,,,,,,,,,Images/NeurtalRight.jpeg,Neutral Right,m,001,,2020-05-04_09h39.28.086,Tse_Altarriba_Simon,3.2.4,MacIntel,60,,,m,1,0.422999859,,,,,,,,,1,0,60,50,1,59
,,,,,,,,,,,,,Images/CongruentRight.jpeg,Congruent Right,m,001,,2020-05-04_09h39.28.086,Tse_Altarriba_Simon,3.2.4,MacIntel,60,,,m,1,0.421999931,,,,,,,,,1,0,60,14,1,59
,,,,,,,,,,,,,Images/NeutralLeft.jpeg,Neutral Left,z,001,,2020-05-04_09h39.28.086,Tse_Altarriba_Simon,3.2.4,MacIntel,60,,,z,1,0.465000153,,,,,,,,,1,0,60,47,1,59
,,,,,,,,,,,,,Images/CongruentLeft.jpeg,Congruent Left,z,001,,2020-05-04_09h39.28.086,Tse_Altarriba_Simon,3.2.4,MacIntel,60,,,z,1,0.430999994,,,,,,,,,1,0,60,8,1,59
,,,,,,,,,,,,,Images/IncongruentRight.jpeg,Incongruent Right,m,001,,2020-05-04_09h39.28.086,Tse_Altarriba_Simon,3.2.4,MacIntel,60,,,m,1,0.546000004,,,,,,,,,1,0,60,38,1,59
,,,,,,,,,,,,,Images/IncongruentRight.jpeg,Incongruent Right,m,001,,2020-05-04_09h39.28.086,Tse_Altarriba_Simon,3.2.4,MacIntel,60,,,m,1,0.421999931,,,,,,,,,1,0,60,36,1,59
,,,,,,,,,,,,,Images/IncongruentRight.jpeg,Incongruent Right,m,001,,2020-05-04_09h39.28.086,Tse_Altarriba_Simon,3.2.4,MacIntel,60,,,m,1,0.337000132,,,,,,,,,1,0,60,35,1,59
,,,,,,,,,,,,,Images/CongruentRight.jpeg,Congruent Right,m,001,,2020-05-04_09h39.28.086,Tse_Altarriba_Simon,3.2.4,MacIntel,60,,,z,0,0.437999964,,,,,,,,,1,0,60,13,1,59
,,,,,,,,,,,,,Images/IncongruentRight.jpeg,Incongruent Right,m,001,,2020-05-04_09h39.28.086,Tse_Altarriba_Simon,3.2.4,MacIntel,60,,,z,0,0.375,,,,,,,,,1,0,60,39,1,59
,,,,,,,,,,,,,Images/IncongruentRight.jpeg,Incongruent Right,m,001,,2020-05-04_09h39.28.086,Tse_Altarriba_Simon,3.2.4,MacIntel,60,,,m,1,0.547999859,,,,,,,,,1,0,60,34,1,59
,,,,,,,,,,,,,Images/NeurtalRight.jpeg,Neutral Right,m,001,,2020-05-04_09h39.28.086,Tse_Altarriba_Simon,3.2.4,MacIntel,60,,,m,1,0.388000011,,,,,,,,,1,0,60,51,1,59
,,,,,,,,,,,,,Images/IncongruentLeft.jpeg,Incongruent Left,z,001,,2020-05-04_09h39.28.086,Tse_Altarriba_Simon,3.2.4,MacIntel,60,,,z,1,0.615999937,,,,,,,,,1,0,60,29,1,59
,,,,,,,,,,,,,Images/CongruentLeft.jpeg,Congruent Left,z,001,,2020-05-04_09h39.28.086,Tse_Altarriba_Simon,3.2.4,MacIntel,60,,,z,1,0.479000092,,,,,,,,,1,0,60,3,1,59
,,,,,,,,,,,,,Images/NeurtalRight.jpeg,Neutral Right,m,001,,2020-05-04_09h39.28.086,Tse_Altarriba_Simon,3.2.4,MacIntel,60,,,m,1,0.413000107,,,,,,,,,1,0,60,56,1,59
,,,,,,,,,,,,,Images/NeurtalRight.jpeg,Neutral Right,m,001,,2020-05-04_09h39.28.086,Tse_Altarriba_Simon,3.2.4,MacIntel,60,,,m,1,0.34100008,,,,,,,,,1,0,60,53,1,59
,,,,,,,,,,,,,Images/CongruentLeft.jpeg,Congruent Left,z,001,,2020-05-04_09h39.28.086,Tse_Altarriba_Simon,3.2.4,MacIntel,60,,,z,1,0.371999979,,,,,,,,,1,0,60,4,1,59
,,,,,,,,,,,,,Images/NeutralLeft.jpeg,Neutral Left,z,001,,2020-05-04_09h39.28.086,Tse_Altarriba_Simon,3.2.4,MacIntel,60,,,z,1,0.680999994,,,,,,,,,1,0,60,45,1,59
,,,,,,,,,,,,,Images/CongruentRight.jpeg,Congruent Right,m,001,,2020-05-04_09h39.28.086,Tse_Altarriba_Simon,3.2.4,MacIntel,60,,,m,1,0.355000019,,,,,,,,,1,0,60,18,1,59
,,,,,,,,,,,,,Images/NeutralLeft.jpeg,Neutral Left,z,001,,2020-05-04_09h39.28.086,Tse_Altarriba_Simon,3.2.4,MacIntel,60,,,z,1,0.467000008,,,,,,,,,1,0,60,43,1,59
,,,,,,,,,,,,,Images/IncongruentRight.jpeg,Incongruent Right,m,001,,2020-05-04_09h39.28.086,Tse_Altarriba_Simon,3.2.4,MacIntel,60,,,m,1,0.40899992,,,,,,,,,1,0,60,37,1,59
,,,,,,,,,,,,,Images/IncongruentRight.jpeg,Incongruent Right,m,001,,2020-05-04_09h39.28.086,Tse_Altarriba_Simon,3.2.4,MacIntel,60,,,z,0,0.356999874,,,,,,,,,1,0,60,33,1,59
,,,,,,,,,,,,,Images/NeurtalRight.jpeg,Neutral Right,m,001,,2020-05-04_09h39.28.086,Tse_Altarriba_Simon,3.2.4,MacIntel,60,,,m,1,0.343999863,,,,,,,,,1,0,60,59,1,59
,,,,,,,,,,,,,Images/IncongruentLeft.jpeg,Incongruent Left,z,001,,2020-05-04_09h39.28.086,Tse_Altarriba_Simon,3.2.4,MacIntel,60,,,z,1,0.424000025,,,,,,,,,1,0,60,27,1,59
,,,,,,,,,,,,,Images/CongruentRight.jpeg,Congruent Right,m,001,,2020-05-04_09h39.28.086,Tse_Altarriba_Simon,3.2.4,MacIntel,60,,,m,1,0.387999773,,,,,,,,,1,0,60,12,1,59
,,,,,,,,,,,,,Images/NeutralLeft.jpeg,Neutral Left,z,001,,2020-05-04_09h39.28.086,Tse_Altarriba_Simon,3.2.4,MacIntel,60,,,z,1,0.450000048,,,,,,,,,1,0,60,48,1,59
,,,,,,,,,,,,,Images/CongruentLeft.jpeg,Congruent Left,z,001,,2020-05-04_09h39.28.086,Tse_Altarriba_Simon,3.2.4,MacIntel,60,,,z,1,0.347000122,,,,,,,,,1,0,60,2,1,59
,,,,,,,,,,,,,Images/CongruentRight.jpeg,Congruent Right,m,001,,2020-05-04_09h39.28.086,Tse_Altarriba_Simon,3.2.4,MacIntel,60,,,m,1,0.454999924,,,,,,,,,1,0,60,11,1,59
,,,,,,,,,,,,,Images/CongruentLeft.jpeg,Congruent Left,z,001,,2020-05-04_09h39.28.086,Tse_Altarriba_Simon,3.2.4,MacIntel,60,,,z,1,0.332999706,,,,,,,,,1,0,60,6,1,59
,,,,,,,,,,,,,Images/IncongruentRight.jpeg,Incongruent Right,m,001,,2020-05-04_09h39.28.086,Tse_Altarriba_Simon,3.2.4,MacIntel,60,,,z,0,0.35199976,,,,,,,,,1,0,60,30,1,59
,,,,,,,,,,,,,Images/CongruentRight.jpeg,Congruent Right,m,001,,2020-05-04_09h39.28.086,Tse_Altarriba_Simon,3.2.4,MacIntel,60,,,m,1,0.314999819,,,,,,,,,1,0,60,15,1,59
,,,,,,,,,,,,,Images/CongruentLeft.jpeg,Congruent Left,z,001,,2020-05-04_09h39.28.086,Tse_Altarriba_Simon,3.2.4,MacIntel,60,,,z,1,0.481999874,,,,,,,,,1,0,60,5,1,59
,,,,,,,,,,,,,Images/IncongruentLeft.jpeg,Incongruent Left,z,001,,2020-05-04_09h39.28.086,Tse_Altarriba_Simon,3.2.4,MacIntel,60,,,m,0,0.323999882,,,,,,,,,1,0,60,22,1,59
,,,,,,,,,,,,,Images/IncongruentLeft.jpeg,Incongruent Left,z,001,,2020-05-04_09h39.28.086,Tse_Altarriba_Simon,3.2.4,MacIntel,60,,,m,0,0.394999981,,,,,,,,,1,0,60,23,1,59
,,,,,,,,,,,,,Images/IncongruentRight.jpeg,Incongruent Right,m,001,,2020-05-04_09h39.28.086,Tse_Altarriba_Simon,3.2.4,MacIntel,60,,,z,0,0.382999897,,,,,,,,,1,0,60,31,1,59
,,,,,,,,,,,,,Images/CongruentLeft.jpeg,Congruent Left,z,001,,2020-05-04_09h39.28.086,Tse_Altarriba_Simon,3.2.4,MacIntel,60,,,z,1,0.377999783,,,,,,,,,1,0,60,7,1,59
,,,,,,,,,,,,,Images/IncongruentLeft.jpeg,Incongruent Left,z,001,,2020-05-04_09h39.28.086,Tse_Altarriba_Simon,3.2.4,MacIntel,60,,,m,0,0.279000044,,,,,,,,,1,0,60,20,1,59
,,,,,,,,,,,,,Images/NeurtalRight.jpeg,Neutral Right,m,001,,2020-05-04_09h39.28.086,Tse_Altarriba_Simon,3.2.4,MacIntel,60,,,m,1,0.263999939,,,,,,,,,1,0,60,54,1,59
,,,,,,,,,,,,,Images/NeutralLeft.jpeg,Neutral Left,z,001,,2020-05-04_09h39.28.086,Tse_Altarriba_Simon,3.2.4,MacIntel,60,,,z,1,0.381000042,,,,,,,,,1,0,60,42,1,59
,,,,,,,,,,,,,Images/CongruentRight.jpeg,Congruent Right,m,001,,2020-05-04_09h39.28.086,Tse_Altarriba_Simon,3.2.4,MacIntel,60,,,m,1,0.312999964,,,,,,,,,1,0,60,19,1,59
,,,,,,,,,,,,,Images/IncongruentLeft.jpeg,Incongruent Left,z,001,,2020-05-04_09h39.28.086,Tse_Altarriba_Simon,3.2.4,MacIntel,60,,,z,1,0.612999916,,,,,,,,,1,0,60,28,1,59
,,,,,,,,,,,,,Images/IncongruentLeft.jpeg,Incongruent Left,z,001,,2020-05-04_09h39.28.086,Tse_Altarriba_Simon,3.2.4,MacIntel,60,,,z,1,0.410000086,,,,,,,,,1,0,60,24,1,59
,,,,,,,,,,,,,Images/CongruentRight.jpeg,Congruent Right,m,001,,2020-05-04_09h39.28.086,Tse_Altarriba_Simon,3.2.4,MacIntel,60,,,m,1,0.421999931,,,,,,,,,1,0,60,10,1,59
