Space1.keys,Space1.rt,Space2.keys,Space2.rt,response.keys,response.corr,response.rt,Practice_loop.thisRepN,Practice_loop.thisTrialN,Practice_loop.thisN,Practice_loop.thisIndex,Practice_loop.ran,ImageFile,Condition,CorrAns,Your initials,What is your age?,What is your gender?,What year are you in?,Are you Dyslexic? (Y/N),Are you bi/multilingual? (Y/N),What is your first language?,"What is your second language? (if you are monollingual, leave blank)",What other languages do you speak?,date,expName,psychopyVersion,OS,frameRate,Space3.keys,Space3.rt,key_resp_2.keys,key_resp_2.corr,key_resp_2.rt,trials.thisRepN,trials.thisTrialN,trials.thisN,trials.thisIndex,trials.ran,Space4.keys,Space4.rt,trials_2.thisRepN,trials_2.thisTrialN,trials_2.thisN,trials_2.thisIndex,trials_2.ran
space,2.6038,space,1.9273,m,1,0.4752,0,0,0,11,1,Images/NeurtalRight.jpeg,Neutral Right,m,ZJC,23,male,2020,N,Y,Mandarin,English,,2021-08-05_00h28.07.740,Tse_Altarriba_Simon1,2020.1.2,MacIntel,60,,,,,,,,,,,,,,,,,
,,,,z,1,0.4784,0,1,1,5,1,Images/IncongruentLeft.jpeg,Incongruent Left,z,ZJC,23,male,2020,N,Y,Mandarin,English,,2021-08-05_00h28.07.740,Tse_Altarriba_Simon1,2020.1.2,MacIntel,60,,,,,,,,,,,,,,,,,
,,,,m,1,0.4611,0,2,2,7,1,Images/IncongruentRight.jpeg,Incongruent Right,m,ZJC,23,male,2020,N,Y,Mandarin,English,,2021-08-05_00h28.07.740,Tse_Altarriba_Simon1,2020.1.2,MacIntel,60,,,,,,,,,,,,,,,,,
,,,,m,1,0.397,0,3,3,2,1,Images/CongruentRight.jpeg,Congruent Right,m,ZJC,23,male,2020,N,Y,Mandarin,English,,2021-08-05_00h28.07.740,Tse_Altarriba_Simon1,2020.1.2,MacIntel,60,,,,,,,,,,,,,,,,,
,,,,z,1,0.4654,0,4,4,4,1,Images/IncongruentLeft.jpeg,Incongruent Left,z,ZJC,23,male,2020,N,Y,Mandarin,English,,2021-08-05_00h28.07.740,Tse_Altarriba_Simon1,2020.1.2,MacIntel,60,,,,,,,,,,,,,,,,,
,,,,m,1,0.4256,0,5,5,10,1,Images/NeurtalRight.jpeg,Neutral Right,m,ZJC,23,male,2020,N,Y,Mandarin,English,,2021-08-05_00h28.07.740,Tse_Altarriba_Simon1,2020.1.2,MacIntel,60,,,,,,,,,,,,,,,,,
,,,,m,1,0.4422,0,6,6,3,1,Images/CongruentRight.jpeg,Congruent Right,m,ZJC,23,male,2020,N,Y,Mandarin,English,,2021-08-05_00h28.07.740,Tse_Altarriba_Simon1,2020.1.2,MacIntel,60,,,,,,,,,,,,,,,,,
,,,,z,1,0.4121,0,7,7,8,1,Images/NeutralLeft.jpeg,Neutral Left,z,ZJC,23,male,2020,N,Y,Mandarin,English,,2021-08-05_00h28.07.740,Tse_Altarriba_Simon1,2020.1.2,MacIntel,60,,,,,,,,,,,,,,,,,
,,,,z,1,0.4158,0,8,8,1,1,Images/CongruentLeft.jpeg,Congruent Left,z,ZJC,23,male,2020,N,Y,Mandarin,English,,2021-08-05_00h28.07.740,Tse_Altarriba_Simon1,2020.1.2,MacIntel,60,,,,,,,,,,,,,,,,,
,,,,m,1,0.4465,0,9,9,6,1,Images/IncongruentRight.jpeg,Incongruent Right,m,ZJC,23,male,2020,N,Y,Mandarin,English,,2021-08-05_00h28.07.740,Tse_Altarriba_Simon1,2020.1.2,MacIntel,60,,,,,,,,,,,,,,,,,
,,,,z,1,0.3696,0,10,10,0,1,Images/CongruentLeft.jpeg,Congruent Left,z,ZJC,23,male,2020,N,Y,Mandarin,English,,2021-08-05_00h28.07.740,Tse_Altarriba_Simon1,2020.1.2,MacIntel,60,,,,,,,,,,,,,,,,,
,,,,m,0,0.4289,0,11,11,9,1,Images/NeutralLeft.jpeg,Neutral Left,z,ZJC,23,male,2020,N,Y,Mandarin,English,,2021-08-05_00h28.07.740,Tse_Altarriba_Simon1,2020.1.2,MacIntel,60,,,,,,,,,,,,,,,,,
,,,,,,,,,,,,Images/CongruentLeft.jpeg,Congruent Left,z,ZJC,23,male,2020,N,Y,Mandarin,English,,2021-08-05_00h28.07.740,Tse_Altarriba_Simon1,2020.1.2,MacIntel,60,space,1.0709,z,1,0.4815,0,0,0,5,1,,,,,,,
,,,,,,,,,,,,Images/IncongruentLeft.jpeg,Incongruent Left,z,ZJC,23,male,2020,N,Y,Mandarin,English,,2021-08-05_00h28.07.740,Tse_Altarriba_Simon1,2020.1.2,MacIntel,60,,,z,1,0.5138,0,1,1,22,1,,,,,,,
,,,,,,,,,,,,Images/NeutralLeft.jpeg,Neutral Left,z,ZJC,23,male,2020,N,Y,Mandarin,English,,2021-08-05_00h28.07.740,Tse_Altarriba_Simon1,2020.1.2,MacIntel,60,,,z,1,0.5978,0,2,2,47,1,,,,,,,
,,,,,,,,,,,,Images/NeurtalRight.jpeg,Neutral Right,m,ZJC,23,male,2020,N,Y,Mandarin,English,,2021-08-05_00h28.07.740,Tse_Altarriba_Simon1,2020.1.2,MacIntel,60,,,m,1,0.4344,0,3,3,50,1,,,,,,,
,,,,,,,,,,,,Images/IncongruentLeft.jpeg,Incongruent Left,z,ZJC,23,male,2020,N,Y,Mandarin,English,,2021-08-05_00h28.07.740,Tse_Altarriba_Simon1,2020.1.2,MacIntel,60,,,z,1,0.4624,0,4,4,20,1,,,,,,,
,,,,,,,,,,,,Images/IncongruentRight.jpeg,Incongruent Right,m,ZJC,23,male,2020,N,Y,Mandarin,English,,2021-08-05_00h28.07.740,Tse_Altarriba_Simon1,2020.1.2,MacIntel,60,,,m,1,0.4983,0,5,5,38,1,,,,,,,
,,,,,,,,,,,,Images/NeutralLeft.jpeg,Neutral Left,z,ZJC,23,male,2020,N,Y,Mandarin,English,,2021-08-05_00h28.07.740,Tse_Altarriba_Simon1,2020.1.2,MacIntel,60,,,z,1,0.6291,0,6,6,49,1,,,,,,,
,,,,,,,,,,,,Images/NeurtalRight.jpeg,Neutral Right,m,ZJC,23,male,2020,N,Y,Mandarin,English,,2021-08-05_00h28.07.740,Tse_Altarriba_Simon1,2020.1.2,MacIntel,60,,,m,1,0.4653,0,7,7,56,1,,,,,,,
,,,,,,,,,,,,Images/IncongruentRight.jpeg,Incongruent Right,m,ZJC,23,male,2020,N,Y,Mandarin,English,,2021-08-05_00h28.07.740,Tse_Altarriba_Simon1,2020.1.2,MacIntel,60,,,m,1,0.6169,0,8,8,33,1,,,,,,,
,,,,,,,,,,,,Images/CongruentRight.jpeg,Congruent Right,m,ZJC,23,male,2020,N,Y,Mandarin,English,,2021-08-05_00h28.07.740,Tse_Altarriba_Simon1,2020.1.2,MacIntel,60,,,m,1,0.546,0,9,9,16,1,,,,,,,
,,,,,,,,,,,,Images/NeurtalRight.jpeg,Neutral Right,m,ZJC,23,male,2020,N,Y,Mandarin,English,,2021-08-05_00h28.07.740,Tse_Altarriba_Simon1,2020.1.2,MacIntel,60,,,m,1,0.581,0,10,10,53,1,,,,,,,
,,,,,,,,,,,,Images/CongruentLeft.jpeg,Congruent Left,z,ZJC,23,male,2020,N,Y,Mandarin,English,,2021-08-05_00h28.07.740,Tse_Altarriba_Simon1,2020.1.2,MacIntel,60,,,z,1,0.4526,0,11,11,3,1,,,,,,,
,,,,,,,,,,,,Images/IncongruentRight.jpeg,Incongruent Right,m,ZJC,23,male,2020,N,Y,Mandarin,English,,2021-08-05_00h28.07.740,Tse_Altarriba_Simon1,2020.1.2,MacIntel,60,,,m,1,0.611,0,12,12,37,1,,,,,,,
,,,,,,,,,,,,Images/NeutralLeft.jpeg,Neutral Left,z,ZJC,23,male,2020,N,Y,Mandarin,English,,2021-08-05_00h28.07.740,Tse_Altarriba_Simon1,2020.1.2,MacIntel,60,,,z,1,0.5688,0,13,13,43,1,,,,,,,
,,,,,,,,,,,,Images/NeutralLeft.jpeg,Neutral Left,z,ZJC,23,male,2020,N,Y,Mandarin,English,,2021-08-05_00h28.07.740,Tse_Altarriba_Simon1,2020.1.2,MacIntel,60,,,z,1,0.4482,0,14,14,48,1,,,,,,,
,,,,,,,,,,,,Images/NeurtalRight.jpeg,Neutral Right,m,ZJC,23,male,2020,N,Y,Mandarin,English,,2021-08-05_00h28.07.740,Tse_Altarriba_Simon1,2020.1.2,MacIntel,60,,,m,1,0.4828,0,15,15,54,1,,,,,,,
,,,,,,,,,,,,Images/CongruentLeft.jpeg,Congruent Left,z,ZJC,23,male,2020,N,Y,Mandarin,English,,2021-08-05_00h28.07.740,Tse_Altarriba_Simon1,2020.1.2,MacIntel,60,,,z,1,0.4814,0,16,16,7,1,,,,,,,
,,,,,,,,,,,,Images/CongruentLeft.jpeg,Congruent Left,z,ZJC,23,male,2020,N,Y,Mandarin,English,,2021-08-05_00h28.07.740,Tse_Altarriba_Simon1,2020.1.2,MacIntel,60,,,z,1,0.5619,0,17,17,0,1,,,,,,,
,,,,,,,,,,,,Images/IncongruentLeft.jpeg,Incongruent Left,z,ZJC,23,male,2020,N,Y,Mandarin,English,,2021-08-05_00h28.07.740,Tse_Altarriba_Simon1,2020.1.2,MacIntel,60,,,z,1,0.581,0,18,18,21,1,,,,,,,
,,,,,,,,,,,,Images/CongruentRight.jpeg,Congruent Right,m,ZJC,23,male,2020,N,Y,Mandarin,English,,2021-08-05_00h28.07.740,Tse_Altarriba_Simon1,2020.1.2,MacIntel,60,,,m,1,0.6149,0,19,19,18,1,,,,,,,
,,,,,,,,,,,,Images/CongruentRight.jpeg,Congruent Right,m,ZJC,23,male,2020,N,Y,Mandarin,English,,2021-08-05_00h28.07.740,Tse_Altarriba_Simon1,2020.1.2,MacIntel,60,,,m,1,0.5173,0,20,20,14,1,,,,,,,
,,,,,,,,,,,,Images/IncongruentLeft.jpeg,Incongruent Left,z,ZJC,23,male,2020,N,Y,Mandarin,English,,2021-08-05_00h28.07.740,Tse_Altarriba_Simon1,2020.1.2,MacIntel,60,,,z,1,0.5992,0,21,21,28,1,,,,,,,
,,,,,,,,,,,,Images/CongruentLeft.jpeg,Congruent Left,z,ZJC,23,male,2020,N,Y,Mandarin,English,,2021-08-05_00h28.07.740,Tse_Altarriba_Simon1,2020.1.2,MacIntel,60,,,z,1,0.5273,0,22,22,1,1,,,,,,,
,,,,,,,,,,,,Images/IncongruentRight.jpeg,Incongruent Right,m,ZJC,23,male,2020,N,Y,Mandarin,English,,2021-08-05_00h28.07.740,Tse_Altarriba_Simon1,2020.1.2,MacIntel,60,,,m,1,0.5514,0,23,23,30,1,,,,,,,
,,,,,,,,,,,,Images/NeurtalRight.jpeg,Neutral Right,m,ZJC,23,male,2020,N,Y,Mandarin,English,,2021-08-05_00h28.07.740,Tse_Altarriba_Simon1,2020.1.2,MacIntel,60,,,m,1,0.449,0,24,24,55,1,,,,,,,
,,,,,,,,,,,,Images/IncongruentLeft.jpeg,Incongruent Left,z,ZJC,23,male,2020,N,Y,Mandarin,English,,2021-08-05_00h28.07.740,Tse_Altarriba_Simon1,2020.1.2,MacIntel,60,,,z,1,0.4978,0,25,25,29,1,,,,,,,
,,,,,,,,,,,,Images/NeurtalRight.jpeg,Neutral Right,m,ZJC,23,male,2020,N,Y,Mandarin,English,,2021-08-05_00h28.07.740,Tse_Altarriba_Simon1,2020.1.2,MacIntel,60,,,m,1,0.4969,0,26,26,52,1,,,,,,,
,,,,,,,,,,,,Images/NeurtalRight.jpeg,Neutral Right,m,ZJC,23,male,2020,N,Y,Mandarin,English,,2021-08-05_00h28.07.740,Tse_Altarriba_Simon1,2020.1.2,MacIntel,60,,,m,1,0.465,0,27,27,58,1,,,,,,,
,,,,,,,,,,,,Images/CongruentRight.jpeg,Congruent Right,m,ZJC,23,male,2020,N,Y,Mandarin,English,,2021-08-05_00h28.07.740,Tse_Altarriba_Simon1,2020.1.2,MacIntel,60,,,m,1,0.5152,0,28,28,17,1,,,,,,,
,,,,,,,,,,,,Images/CongruentLeft.jpeg,Congruent Left,z,ZJC,23,male,2020,N,Y,Mandarin,English,,2021-08-05_00h28.07.740,Tse_Altarriba_Simon1,2020.1.2,MacIntel,60,,,z,1,0.4837,0,29,29,8,1,,,,,,,
,,,,,,,,,,,,Images/CongruentLeft.jpeg,Congruent Left,z,ZJC,23,male,2020,N,Y,Mandarin,English,,2021-08-05_00h28.07.740,Tse_Altarriba_Simon1,2020.1.2,MacIntel,60,,,z,1,0.5629,0,30,30,6,1,,,,,,,
,,,,,,,,,,,,Images/IncongruentRight.jpeg,Incongruent Right,m,ZJC,23,male,2020,N,Y,Mandarin,English,,2021-08-05_00h28.07.740,Tse_Altarriba_Simon1,2020.1.2,MacIntel,60,,,m,1,0.6148,0,31,31,36,1,,,,,,,
,,,,,,,,,,,,Images/CongruentRight.jpeg,Congruent Right,m,ZJC,23,male,2020,N,Y,Mandarin,English,,2021-08-05_00h28.07.740,Tse_Altarriba_Simon1,2020.1.2,MacIntel,60,,,m,1,0.4983,0,32,32,19,1,,,,,,,
,,,,,,,,,,,,Images/NeutralLeft.jpeg,Neutral Left,z,ZJC,23,male,2020,N,Y,Mandarin,English,,2021-08-05_00h28.07.740,Tse_Altarriba_Simon1,2020.1.2,MacIntel,60,,,z,1,0.4183,0,33,33,44,1,,,,,,,
,,,,,,,,,,,,Images/CongruentLeft.jpeg,Congruent Left,z,ZJC,23,male,2020,N,Y,Mandarin,English,,2021-08-05_00h28.07.740,Tse_Altarriba_Simon1,2020.1.2,MacIntel,60,,,z,1,0.5171,0,34,34,9,1,,,,,,,
,,,,,,,,,,,,Images/CongruentRight.jpeg,Congruent Right,m,ZJC,23,male,2020,N,Y,Mandarin,English,,2021-08-05_00h28.07.740,Tse_Altarriba_Simon1,2020.1.2,MacIntel,60,,,m,1,0.5032,0,35,35,11,1,,,,,,,
,,,,,,,,,,,,Images/IncongruentRight.jpeg,Incongruent Right,m,ZJC,23,male,2020,N,Y,Mandarin,English,,2021-08-05_00h28.07.740,Tse_Altarriba_Simon1,2020.1.2,MacIntel,60,,,m,1,0.5988,0,36,36,32,1,,,,,,,
,,,,,,,,,,,,Images/CongruentLeft.jpeg,Congruent Left,z,ZJC,23,male,2020,N,Y,Mandarin,English,,2021-08-05_00h28.07.740,Tse_Altarriba_Simon1,2020.1.2,MacIntel,60,,,z,1,0.4498,0,37,37,2,1,,,,,,,
,,,,,,,,,,,,Images/NeurtalRight.jpeg,Neutral Right,m,ZJC,23,male,2020,N,Y,Mandarin,English,,2021-08-05_00h28.07.740,Tse_Altarriba_Simon1,2020.1.2,MacIntel,60,,,m,1,0.5684,0,38,38,57,1,,,,,,,
,,,,,,,,,,,,Images/NeurtalRight.jpeg,Neutral Right,m,ZJC,23,male,2020,N,Y,Mandarin,English,,2021-08-05_00h28.07.740,Tse_Altarriba_Simon1,2020.1.2,MacIntel,60,,,m,1,0.5115,0,39,39,51,1,,,,,,,
,,,,,,,,,,,,Images/CongruentRight.jpeg,Congruent Right,m,ZJC,23,male,2020,N,Y,Mandarin,English,,2021-08-05_00h28.07.740,Tse_Altarriba_Simon1,2020.1.2,MacIntel,60,,,m,1,0.4853,0,40,40,10,1,,,,,,,
,,,,,,,,,,,,Images/IncongruentRight.jpeg,Incongruent Right,m,ZJC,23,male,2020,N,Y,Mandarin,English,,2021-08-05_00h28.07.740,Tse_Altarriba_Simon1,2020.1.2,MacIntel,60,,,m,1,0.548,0,41,41,35,1,,,,,,,
,,,,,,,,,,,,Images/IncongruentLeft.jpeg,Incongruent Left,z,ZJC,23,male,2020,N,Y,Mandarin,English,,2021-08-05_00h28.07.740,Tse_Altarriba_Simon1,2020.1.2,MacIntel,60,,,z,1,0.6114,0,42,42,27,1,,,,,,,
,,,,,,,,,,,,Images/NeutralLeft.jpeg,Neutral Left,z,ZJC,23,male,2020,N,Y,Mandarin,English,,2021-08-05_00h28.07.740,Tse_Altarriba_Simon1,2020.1.2,MacIntel,60,,,z,1,0.4963,0,43,43,45,1,,,,,,,
,,,,,,,,,,,,Images/CongruentRight.jpeg,Congruent Right,m,ZJC,23,male,2020,N,Y,Mandarin,English,,2021-08-05_00h28.07.740,Tse_Altarriba_Simon1,2020.1.2,MacIntel,60,,,m,1,0.5534,0,44,44,15,1,,,,,,,
,,,,,,,,,,,,Images/NeutralLeft.jpeg,Neutral Left,z,ZJC,23,male,2020,N,Y,Mandarin,English,,2021-08-05_00h28.07.740,Tse_Altarriba_Simon1,2020.1.2,MacIntel,60,,,z,1,0.5113,0,45,45,46,1,,,,,,,
,,,,,,,,,,,,Images/IncongruentLeft.jpeg,Incongruent Left,z,ZJC,23,male,2020,N,Y,Mandarin,English,,2021-08-05_00h28.07.740,Tse_Altarriba_Simon1,2020.1.2,MacIntel,60,,,z,1,0.5664,0,46,46,23,1,,,,,,,
,,,,,,,,,,,,Images/IncongruentRight.jpeg,Incongruent Right,m,ZJC,23,male,2020,N,Y,Mandarin,English,,2021-08-05_00h28.07.740,Tse_Altarriba_Simon1,2020.1.2,MacIntel,60,,,m,1,0.5867,0,47,47,34,1,,,,,,,
,,,,,,,,,,,,Images/NeutralLeft.jpeg,Neutral Left,z,ZJC,23,male,2020,N,Y,Mandarin,English,,2021-08-05_00h28.07.740,Tse_Altarriba_Simon1,2020.1.2,MacIntel,60,,,z,1,0.4298,0,48,48,42,1,,,,,,,
,,,,,,,,,,,,Images/NeutralLeft.jpeg,Neutral Left,z,ZJC,23,male,2020,N,Y,Mandarin,English,,2021-08-05_00h28.07.740,Tse_Altarriba_Simon1,2020.1.2,MacIntel,60,,,z,1,0.4779,0,49,49,41,1,,,,,,,
,,,,,,,,,,,,Images/IncongruentRight.jpeg,Incongruent Right,m,ZJC,23,male,2020,N,Y,Mandarin,English,,2021-08-05_00h28.07.740,Tse_Altarriba_Simon1,2020.1.2,MacIntel,60,,,m,1,0.5019,0,50,50,31,1,,,,,,,
,,,,,,,,,,,,Images/CongruentRight.jpeg,Congruent Right,m,ZJC,23,male,2020,N,Y,Mandarin,English,,2021-08-05_00h28.07.740,Tse_Altarriba_Simon1,2020.1.2,MacIntel,60,,,m,1,0.5322,0,51,51,12,1,,,,,,,
,,,,,,,,,,,,Images/IncongruentLeft.jpeg,Incongruent Left,z,ZJC,23,male,2020,N,Y,Mandarin,English,,2021-08-05_00h28.07.740,Tse_Altarriba_Simon1,2020.1.2,MacIntel,60,,,z,1,0.4992,0,52,52,24,1,,,,,,,
,,,,,,,,,,,,Images/IncongruentRight.jpeg,Incongruent Right,m,ZJC,23,male,2020,N,Y,Mandarin,English,,2021-08-05_00h28.07.740,Tse_Altarriba_Simon1,2020.1.2,MacIntel,60,,,m,1,0.4805,0,53,53,39,1,,,,,,,
,,,,,,,,,,,,Images/IncongruentLeft.jpeg,Incongruent Left,z,ZJC,23,male,2020,N,Y,Mandarin,English,,2021-08-05_00h28.07.740,Tse_Altarriba_Simon1,2020.1.2,MacIntel,60,,,z,1,0.4479,0,54,54,26,1,,,,,,,
,,,,,,,,,,,,Images/CongruentLeft.jpeg,Congruent Left,z,ZJC,23,male,2020,N,Y,Mandarin,English,,2021-08-05_00h28.07.740,Tse_Altarriba_Simon1,2020.1.2,MacIntel,60,,,z,1,0.498,0,55,55,4,1,,,,,,,
,,,,,,,,,,,,Images/NeutralLeft.jpeg,Neutral Left,z,ZJC,23,male,2020,N,Y,Mandarin,English,,2021-08-05_00h28.07.740,Tse_Altarriba_Simon1,2020.1.2,MacIntel,60,,,z,1,0.4476,0,56,56,40,1,,,,,,,
,,,,,,,,,,,,Images/NeurtalRight.jpeg,Neutral Right,m,ZJC,23,male,2020,N,Y,Mandarin,English,,2021-08-05_00h28.07.740,Tse_Altarriba_Simon1,2020.1.2,MacIntel,60,,,m,1,0.4998,0,57,57,59,1,,,,,,,
,,,,,,,,,,,,Images/IncongruentLeft.jpeg,Incongruent Left,z,ZJC,23,male,2020,N,Y,Mandarin,English,,2021-08-05_00h28.07.740,Tse_Altarriba_Simon1,2020.1.2,MacIntel,60,,,z,1,0.5515,0,58,58,25,1,,,,,,,
,,,,,,,,,,,,Images/CongruentRight.jpeg,Congruent Right,m,ZJC,23,male,2020,N,Y,Mandarin,English,,2021-08-05_00h28.07.740,Tse_Altarriba_Simon1,2020.1.2,MacIntel,60,,,m,1,0.5484,0,59,59,13,1,,,,,,,
,,,,,,,,,,,,Images/NeurtalRight.jpeg,Neutral Right,m,ZJC,23,male,2020,N,Y,Mandarin,English,,2021-08-05_00h28.07.740,Tse_Altarriba_Simon1,2020.1.2,MacIntel,60,,,m,1,0.5147,,,,,,space,6.6986,0,0,0,50,1
,,,,,,,,,,,,Images/CongruentRight.jpeg,Congruent Right,m,ZJC,23,male,2020,N,Y,Mandarin,English,,2021-08-05_00h28.07.740,Tse_Altarriba_Simon1,2020.1.2,MacIntel,60,,,m,1,0.4619,,,,,,,,0,1,1,15,1
,,,,,,,,,,,,Images/NeurtalRight.jpeg,Neutral Right,m,ZJC,23,male,2020,N,Y,Mandarin,English,,2021-08-05_00h28.07.740,Tse_Altarriba_Simon1,2020.1.2,MacIntel,60,,,m,1,0.5306,,,,,,,,0,2,2,56,1
,,,,,,,,,,,,Images/NeutralLeft.jpeg,Neutral Left,z,ZJC,23,male,2020,N,Y,Mandarin,English,,2021-08-05_00h28.07.740,Tse_Altarriba_Simon1,2020.1.2,MacIntel,60,,,z,1,0.4154,,,,,,,,0,3,3,46,1
,,,,,,,,,,,,Images/NeurtalRight.jpeg,Neutral Right,m,ZJC,23,male,2020,N,Y,Mandarin,English,,2021-08-05_00h28.07.740,Tse_Altarriba_Simon1,2020.1.2,MacIntel,60,,,m,1,0.4796,,,,,,,,0,4,4,59,1
,,,,,,,,,,,,Images/CongruentRight.jpeg,Congruent Right,m,ZJC,23,male,2020,N,Y,Mandarin,English,,2021-08-05_00h28.07.740,Tse_Altarriba_Simon1,2020.1.2,MacIntel,60,,,m,1,0.4467,,,,,,,,0,5,5,11,1
,,,,,,,,,,,,Images/NeurtalRight.jpeg,Neutral Right,m,ZJC,23,male,2020,N,Y,Mandarin,English,,2021-08-05_00h28.07.740,Tse_Altarriba_Simon1,2020.1.2,MacIntel,60,,,m,1,0.4501,,,,,,,,0,6,6,55,1
,,,,,,,,,,,,Images/IncongruentLeft.jpeg,Incongruent Left,z,ZJC,23,male,2020,N,Y,Mandarin,English,,2021-08-05_00h28.07.740,Tse_Altarriba_Simon1,2020.1.2,MacIntel,60,,,z,1,0.4154,,,,,,,,0,7,7,29,1
,,,,,,,,,,,,Images/IncongruentLeft.jpeg,Incongruent Left,z,ZJC,23,male,2020,N,Y,Mandarin,English,,2021-08-05_00h28.07.740,Tse_Altarriba_Simon1,2020.1.2,MacIntel,60,,,z,1,0.4801,,,,,,,,0,8,8,24,1
,,,,,,,,,,,,Images/CongruentRight.jpeg,Congruent Right,m,ZJC,23,male,2020,N,Y,Mandarin,English,,2021-08-05_00h28.07.740,Tse_Altarriba_Simon1,2020.1.2,MacIntel,60,,,m,1,0.4652,,,,,,,,0,9,9,17,1
,,,,,,,,,,,,Images/NeurtalRight.jpeg,Neutral Right,m,ZJC,23,male,2020,N,Y,Mandarin,English,,2021-08-05_00h28.07.740,Tse_Altarriba_Simon1,2020.1.2,MacIntel,60,,,m,1,0.554,,,,,,,,0,10,10,51,1
,,,,,,,,,,,,Images/IncongruentRight.jpeg,Incongruent Right,m,ZJC,23,male,2020,N,Y,Mandarin,English,,2021-08-05_00h28.07.740,Tse_Altarriba_Simon1,2020.1.2,MacIntel,60,,,m,1,0.5629,,,,,,,,0,11,11,36,1
,,,,,,,,,,,,Images/NeutralLeft.jpeg,Neutral Left,z,ZJC,23,male,2020,N,Y,Mandarin,English,,2021-08-05_00h28.07.740,Tse_Altarriba_Simon1,2020.1.2,MacIntel,60,,,z,1,0.5119,,,,,,,,0,12,12,47,1
,,,,,,,,,,,,Images/NeutralLeft.jpeg,Neutral Left,z,ZJC,23,male,2020,N,Y,Mandarin,English,,2021-08-05_00h28.07.740,Tse_Altarriba_Simon1,2020.1.2,MacIntel,60,,,z,1,0.4206,,,,,,,,0,13,13,48,1
,,,,,,,,,,,,Images/CongruentRight.jpeg,Congruent Right,m,ZJC,23,male,2020,N,Y,Mandarin,English,,2021-08-05_00h28.07.740,Tse_Altarriba_Simon1,2020.1.2,MacIntel,60,,,m,1,0.4979,,,,,,,,0,14,14,16,1
,,,,,,,,,,,,Images/CongruentLeft.jpeg,Congruent Left,z,ZJC,23,male,2020,N,Y,Mandarin,English,,2021-08-05_00h28.07.740,Tse_Altarriba_Simon1,2020.1.2,MacIntel,60,,,z,1,0.3999,,,,,,,,0,15,15,3,1
,,,,,,,,,,,,Images/CongruentLeft.jpeg,Congruent Left,z,ZJC,23,male,2020,N,Y,Mandarin,English,,2021-08-05_00h28.07.740,Tse_Altarriba_Simon1,2020.1.2,MacIntel,60,,,z,1,0.4308,,,,,,,,0,16,16,4,1
,,,,,,,,,,,,Images/CongruentRight.jpeg,Congruent Right,m,ZJC,23,male,2020,N,Y,Mandarin,English,,2021-08-05_00h28.07.740,Tse_Altarriba_Simon1,2020.1.2,MacIntel,60,,,m,1,0.4314,,,,,,,,0,17,17,12,1
,,,,,,,,,,,,Images/NeutralLeft.jpeg,Neutral Left,z,ZJC,23,male,2020,N,Y,Mandarin,English,,2021-08-05_00h28.07.740,Tse_Altarriba_Simon1,2020.1.2,MacIntel,60,,,z,1,0.4145,,,,,,,,0,18,18,40,1
,,,,,,,,,,,,Images/CongruentLeft.jpeg,Congruent Left,z,ZJC,23,male,2020,N,Y,Mandarin,English,,2021-08-05_00h28.07.740,Tse_Altarriba_Simon1,2020.1.2,MacIntel,60,,,z,1,0.4307,,,,,,,,0,19,19,2,1
,,,,,,,,,,,,Images/IncongruentLeft.jpeg,Incongruent Left,z,ZJC,23,male,2020,N,Y,Mandarin,English,,2021-08-05_00h28.07.740,Tse_Altarriba_Simon1,2020.1.2,MacIntel,60,,,z,1,0.4851,,,,,,,,0,20,20,25,1
,,,,,,,,,,,,Images/IncongruentLeft.jpeg,Incongruent Left,z,ZJC,23,male,2020,N,Y,Mandarin,English,,2021-08-05_00h28.07.740,Tse_Altarriba_Simon1,2020.1.2,MacIntel,60,,,z,1,0.5611,,,,,,,,0,21,21,28,1
,,,,,,,,,,,,Images/IncongruentLeft.jpeg,Incongruent Left,z,ZJC,23,male,2020,N,Y,Mandarin,English,,2021-08-05_00h28.07.740,Tse_Altarriba_Simon1,2020.1.2,MacIntel,60,,,z,1,0.4968,,,,,,,,0,22,22,23,1
,,,,,,,,,,,,Images/CongruentRight.jpeg,Congruent Right,m,ZJC,23,male,2020,N,Y,Mandarin,English,,2021-08-05_00h28.07.740,Tse_Altarriba_Simon1,2020.1.2,MacIntel,60,,,m,1,0.4644,,,,,,,,0,23,23,14,1
,,,,,,,,,,,,Images/IncongruentRight.jpeg,Incongruent Right,m,ZJC,23,male,2020,N,Y,Mandarin,English,,2021-08-05_00h28.07.740,Tse_Altarriba_Simon1,2020.1.2,MacIntel,60,,,m,1,0.5158,,,,,,,,0,24,24,35,1
,,,,,,,,,,,,Images/IncongruentRight.jpeg,Incongruent Right,m,ZJC,23,male,2020,N,Y,Mandarin,English,,2021-08-05_00h28.07.740,Tse_Altarriba_Simon1,2020.1.2,MacIntel,60,,,m,1,0.6,,,,,,,,0,25,25,37,1
,,,,,,,,,,,,Images/NeutralLeft.jpeg,Neutral Left,z,ZJC,23,male,2020,N,Y,Mandarin,English,,2021-08-05_00h28.07.740,Tse_Altarriba_Simon1,2020.1.2,MacIntel,60,,,z,1,0.5673,,,,,,,,0,26,26,41,1
,,,,,,,,,,,,Images/IncongruentLeft.jpeg,Incongruent Left,z,ZJC,23,male,2020,N,Y,Mandarin,English,,2021-08-05_00h28.07.740,Tse_Altarriba_Simon1,2020.1.2,MacIntel,60,,,z,1,0.5131,,,,,,,,0,27,27,22,1
,,,,,,,,,,,,Images/NeutralLeft.jpeg,Neutral Left,z,ZJC,23,male,2020,N,Y,Mandarin,English,,2021-08-05_00h28.07.740,Tse_Altarriba_Simon1,2020.1.2,MacIntel,60,,,z,1,0.4996,,,,,,,,0,28,28,44,1
,,,,,,,,,,,,Images/CongruentLeft.jpeg,Congruent Left,z,ZJC,23,male,2020,N,Y,Mandarin,English,,2021-08-05_00h28.07.740,Tse_Altarriba_Simon1,2020.1.2,MacIntel,60,,,z,1,0.4313,,,,,,,,0,29,29,9,1
,,,,,,,,,,,,Images/IncongruentRight.jpeg,Incongruent Right,m,ZJC,23,male,2020,N,Y,Mandarin,English,,2021-08-05_00h28.07.740,Tse_Altarriba_Simon1,2020.1.2,MacIntel,60,,,m,1,0.4823,,,,,,,,0,30,30,33,1
,,,,,,,,,,,,Images/CongruentLeft.jpeg,Congruent Left,z,ZJC,23,male,2020,N,Y,Mandarin,English,,2021-08-05_00h28.07.740,Tse_Altarriba_Simon1,2020.1.2,MacIntel,60,,,z,1,0.3984,,,,,,,,0,31,31,8,1
,,,,,,,,,,,,Images/IncongruentLeft.jpeg,Incongruent Left,z,ZJC,23,male,2020,N,Y,Mandarin,English,,2021-08-05_00h28.07.740,Tse_Altarriba_Simon1,2020.1.2,MacIntel,60,,,z,1,0.4782,,,,,,,,0,32,32,21,1
,,,,,,,,,,,,Images/CongruentLeft.jpeg,Congruent Left,z,ZJC,23,male,2020,N,Y,Mandarin,English,,2021-08-05_00h28.07.740,Tse_Altarriba_Simon1,2020.1.2,MacIntel,60,,,z,1,0.3835,,,,,,,,0,33,33,6,1
,,,,,,,,,,,,Images/NeurtalRight.jpeg,Neutral Right,m,ZJC,23,male,2020,N,Y,Mandarin,English,,2021-08-05_00h28.07.740,Tse_Altarriba_Simon1,2020.1.2,MacIntel,60,,,m,1,0.4644,,,,,,,,0,34,34,57,1
,,,,,,,,,,,,Images/CongruentLeft.jpeg,Congruent Left,z,ZJC,23,male,2020,N,Y,Mandarin,English,,2021-08-05_00h28.07.740,Tse_Altarriba_Simon1,2020.1.2,MacIntel,60,,,z,1,0.464,,,,,,,,0,35,35,5,1
,,,,,,,,,,,,Images/NeutralLeft.jpeg,Neutral Left,z,ZJC,23,male,2020,N,Y,Mandarin,English,,2021-08-05_00h28.07.740,Tse_Altarriba_Simon1,2020.1.2,MacIntel,60,,,z,1,0.5135,,,,,,,,0,36,36,49,1
,,,,,,,,,,,,Images/CongruentRight.jpeg,Congruent Right,m,ZJC,23,male,2020,N,Y,Mandarin,English,,2021-08-05_00h28.07.740,Tse_Altarriba_Simon1,2020.1.2,MacIntel,60,,,m,1,0.4649,,,,,,,,0,37,37,19,1
,,,,,,,,,,,,Images/CongruentLeft.jpeg,Congruent Left,z,ZJC,23,male,2020,N,Y,Mandarin,English,,2021-08-05_00h28.07.740,Tse_Altarriba_Simon1,2020.1.2,MacIntel,60,,,z,1,0.4163,,,,,,,,0,38,38,0,1
,,,,,,,,,,,,Images/IncongruentRight.jpeg,Incongruent Right,m,ZJC,23,male,2020,N,Y,Mandarin,English,,2021-08-05_00h28.07.740,Tse_Altarriba_Simon1,2020.1.2,MacIntel,60,,,z,0,0.5833,,,,,,,,0,39,39,31,1
,,,,,,,,,,,,Images/NeurtalRight.jpeg,Neutral Right,m,ZJC,23,male,2020,N,Y,Mandarin,English,,2021-08-05_00h28.07.740,Tse_Altarriba_Simon1,2020.1.2,MacIntel,60,,,m,1,0.5311,,,,,,,,0,40,40,53,1
,,,,,,,,,,,,Images/CongruentLeft.jpeg,Congruent Left,z,ZJC,23,male,2020,N,Y,Mandarin,English,,2021-08-05_00h28.07.740,Tse_Altarriba_Simon1,2020.1.2,MacIntel,60,,,z,1,0.5375,,,,,,,,0,41,41,7,1
,,,,,,,,,,,,Images/IncongruentLeft.jpeg,Incongruent Left,z,ZJC,23,male,2020,N,Y,Mandarin,English,,2021-08-05_00h28.07.740,Tse_Altarriba_Simon1,2020.1.2,MacIntel,60,,,z,1,0.5153,,,,,,,,0,42,42,20,1
,,,,,,,,,,,,Images/CongruentRight.jpeg,Congruent Right,m,ZJC,23,male,2020,N,Y,Mandarin,English,,2021-08-05_00h28.07.740,Tse_Altarriba_Simon1,2020.1.2,MacIntel,60,,,m,1,0.6195,,,,,,,,0,43,43,18,1
,,,,,,,,,,,,Images/CongruentRight.jpeg,Congruent Right,m,ZJC,23,male,2020,N,Y,Mandarin,English,,2021-08-05_00h28.07.740,Tse_Altarriba_Simon1,2020.1.2,MacIntel,60,,,m,1,0.4647,,,,,,,,0,44,44,13,1
,,,,,,,,,,,,Images/IncongruentRight.jpeg,Incongruent Right,m,ZJC,23,male,2020,N,Y,Mandarin,English,,2021-08-05_00h28.07.740,Tse_Altarriba_Simon1,2020.1.2,MacIntel,60,,,m,1,0.4691,,,,,,,,0,45,45,39,1
,,,,,,,,,,,,Images/NeurtalRight.jpeg,Neutral Right,m,ZJC,23,male,2020,N,Y,Mandarin,English,,2021-08-05_00h28.07.740,Tse_Altarriba_Simon1,2020.1.2,MacIntel,60,,,m,1,0.6323,,,,,,,,0,46,46,52,1
,,,,,,,,,,,,Images/IncongruentRight.jpeg,Incongruent Right,m,ZJC,23,male,2020,N,Y,Mandarin,English,,2021-08-05_00h28.07.740,Tse_Altarriba_Simon1,2020.1.2,MacIntel,60,,,m,1,0.4978,,,,,,,,0,47,47,32,1
,,,,,,,,,,,,Images/NeurtalRight.jpeg,Neutral Right,m,ZJC,23,male,2020,N,Y,Mandarin,English,,2021-08-05_00h28.07.740,Tse_Altarriba_Simon1,2020.1.2,MacIntel,60,,,m,1,0.4475,,,,,,,,0,48,48,54,1
,,,,,,,,,,,,Images/IncongruentRight.jpeg,Incongruent Right,m,ZJC,23,male,2020,N,Y,Mandarin,English,,2021-08-05_00h28.07.740,Tse_Altarriba_Simon1,2020.1.2,MacIntel,60,,,m,1,0.4885,,,,,,,,0,49,49,34,1
,,,,,,,,,,,,Images/IncongruentRight.jpeg,Incongruent Right,m,ZJC,23,male,2020,N,Y,Mandarin,English,,2021-08-05_00h28.07.740,Tse_Altarriba_Simon1,2020.1.2,MacIntel,60,,,m,1,0.4641,,,,,,,,0,50,50,30,1
,,,,,,,,,,,,Images/NeutralLeft.jpeg,Neutral Left,z,ZJC,23,male,2020,N,Y,Mandarin,English,,2021-08-05_00h28.07.740,Tse_Altarriba_Simon1,2020.1.2,MacIntel,60,,,z,1,0.4802,,,,,,,,0,51,51,43,1
,,,,,,,,,,,,Images/NeutralLeft.jpeg,Neutral Left,z,ZJC,23,male,2020,N,Y,Mandarin,English,,2021-08-05_00h28.07.740,Tse_Altarriba_Simon1,2020.1.2,MacIntel,60,,,z,1,0.4316,,,,,,,,0,52,52,42,1
,,,,,,,,,,,,Images/IncongruentLeft.jpeg,Incongruent Left,z,ZJC,23,male,2020,N,Y,Mandarin,English,,2021-08-05_00h28.07.740,Tse_Altarriba_Simon1,2020.1.2,MacIntel,60,,,z,1,0.5151,,,,,,,,0,53,53,26,1
,,,,,,,,,,,,Images/IncongruentRight.jpeg,Incongruent Right,m,ZJC,23,male,2020,N,Y,Mandarin,English,,2021-08-05_00h28.07.740,Tse_Altarriba_Simon1,2020.1.2,MacIntel,60,,,m,1,0.4814,,,,,,,,0,54,54,38,1
,,,,,,,,,,,,Images/NeurtalRight.jpeg,Neutral Right,m,ZJC,23,male,2020,N,Y,Mandarin,English,,2021-08-05_00h28.07.740,Tse_Altarriba_Simon1,2020.1.2,MacIntel,60,,,m,1,0.4816,,,,,,,,0,55,55,58,1
,,,,,,,,,,,,Images/CongruentLeft.jpeg,Congruent Left,z,ZJC,23,male,2020,N,Y,Mandarin,English,,2021-08-05_00h28.07.740,Tse_Altarriba_Simon1,2020.1.2,MacIntel,60,,,z,1,0.4369,,,,,,,,0,56,56,1,1
,,,,,,,,,,,,Images/NeutralLeft.jpeg,Neutral Left,z,ZJC,23,male,2020,N,Y,Mandarin,English,,2021-08-05_00h28.07.740,Tse_Altarriba_Simon1,2020.1.2,MacIntel,60,,,z,1,0.4166,,,,,,,,0,57,57,45,1
,,,,,,,,,,,,Images/IncongruentLeft.jpeg,Incongruent Left,z,ZJC,23,male,2020,N,Y,Mandarin,English,,2021-08-05_00h28.07.740,Tse_Altarriba_Simon1,2020.1.2,MacIntel,60,,,z,1,0.6333,,,,,,,,0,58,58,27,1
,,,,,,,,,,,,Images/CongruentRight.jpeg,Congruent Right,m,ZJC,23,male,2020,N,Y,Mandarin,English,,2021-08-05_00h28.07.740,Tse_Altarriba_Simon1,2020.1.2,MacIntel,60,,,m,1,0.5024,,,,,,,,0,59,59,10,1
