Space1.keys,Space1.rt,Space2.keys,Space2.rt,response.keys,response.corr,response.rt,Practice_loop.thisRepN,Practice_loop.thisTrialN,Practice_loop.thisN,Practice_loop.thisIndex,Practice_loop.ran,ImageFile,Condition,CorrAns,Your initials,What is your age?,What is your gender?,What year are you in?,Are you Dyslexic? (Y/N),Are you bi/multilingual? (Y/N),What is your first language?,"What is your second language? (if you are monollingual, leave blank)",What other languages do you speak?,date,expName,psychopyVersion,OS,frameRate,Space3.keys,Space3.rt,key_resp_2.keys,key_resp_2.corr,key_resp_2.rt,trials.thisRepN,trials.thisTrialN,trials.thisN,trials.thisIndex,trials.ran,Space4.keys,Space4.rt,trials_2.thisRepN,trials_2.thisTrialN,trials_2.thisN,trials_2.thisIndex,trials_2.ran
space,1.29295,space,0.496065,m,1,0.53707,0,0,0,7,1,Images/IncongruentRight.jpeg,Incongruent Right,m,HuangYuying,25,Female,2021,N,Y,Chinese,English,,2021-08-18_09h22.05.986,Tse_Altarriba_Simon1,2020.1.2,Win32,60,,,,,,,,,,,,,,,,,
,,,,m,0,1.059345,0,1,1,4,1,Images/IncongruentLeft.jpeg,Incongruent Left,z,HuangYuying,25,Female,2021,N,Y,Chinese,English,,2021-08-18_09h22.05.986,Tse_Altarriba_Simon1,2020.1.2,Win32,60,,,,,,,,,,,,,,,,,
,,,,m,1,0.568955,0,2,2,11,1,Images/NeurtalRight.jpeg,Neutral Right,m,HuangYuying,25,Female,2021,N,Y,Chinese,English,,2021-08-18_09h22.05.986,Tse_Altarriba_Simon1,2020.1.2,Win32,60,,,,,,,,,,,,,,,,,
,,,,z,0,0.807185,0,3,3,2,1,Images/CongruentRight.jpeg,Congruent Right,m,HuangYuying,25,Female,2021,N,Y,Chinese,English,,2021-08-18_09h22.05.986,Tse_Altarriba_Simon1,2020.1.2,Win32,60,,,,,,,,,,,,,,,,,
,,,,m,0,1.017265,0,4,4,0,1,Images/CongruentLeft.jpeg,Congruent Left,z,HuangYuying,25,Female,2021,N,Y,Chinese,English,,2021-08-18_09h22.05.986,Tse_Altarriba_Simon1,2020.1.2,Win32,60,,,,,,,,,,,,,,,,,
,,,,z,1,0.55619,0,5,5,9,1,Images/NeutralLeft.jpeg,Neutral Left,z,HuangYuying,25,Female,2021,N,Y,Chinese,English,,2021-08-18_09h22.05.986,Tse_Altarriba_Simon1,2020.1.2,Win32,60,,,,,,,,,,,,,,,,,
,,,,m,1,0.52519,0,6,6,6,1,Images/IncongruentRight.jpeg,Incongruent Right,m,HuangYuying,25,Female,2021,N,Y,Chinese,English,,2021-08-18_09h22.05.986,Tse_Altarriba_Simon1,2020.1.2,Win32,60,,,,,,,,,,,,,,,,,
,,,,z,1,0.46401,0,7,7,1,1,Images/CongruentLeft.jpeg,Congruent Left,z,HuangYuying,25,Female,2021,N,Y,Chinese,English,,2021-08-18_09h22.05.986,Tse_Altarriba_Simon1,2020.1.2,Win32,60,,,,,,,,,,,,,,,,,
,,,,m,0,0.82946,0,8,8,5,1,Images/IncongruentLeft.jpeg,Incongruent Left,z,HuangYuying,25,Female,2021,N,Y,Chinese,English,,2021-08-18_09h22.05.986,Tse_Altarriba_Simon1,2020.1.2,Win32,60,,,,,,,,,,,,,,,,,
,,,,m,1,0.51888,0,9,9,3,1,Images/CongruentRight.jpeg,Congruent Right,m,HuangYuying,25,Female,2021,N,Y,Chinese,English,,2021-08-18_09h22.05.986,Tse_Altarriba_Simon1,2020.1.2,Win32,60,,,,,,,,,,,,,,,,,
,,,,z,1,0.54945,0,10,10,8,1,Images/NeutralLeft.jpeg,Neutral Left,z,HuangYuying,25,Female,2021,N,Y,Chinese,English,,2021-08-18_09h22.05.986,Tse_Altarriba_Simon1,2020.1.2,Win32,60,,,,,,,,,,,,,,,,,
,,,,m,1,0.602245,0,11,11,10,1,Images/NeurtalRight.jpeg,Neutral Right,m,HuangYuying,25,Female,2021,N,Y,Chinese,English,,2021-08-18_09h22.05.986,Tse_Altarriba_Simon1,2020.1.2,Win32,60,,,,,,,,,,,,,,,,,
,,,,,,,,,,,,Images/IncongruentRight.jpeg,Incongruent Right,m,HuangYuying,25,Female,2021,N,Y,Chinese,English,,2021-08-18_09h22.05.986,Tse_Altarriba_Simon1,2020.1.2,Win32,60,space,9.07638,m,1,0.436105,0,0,0,33,1,,,,,,,
,,,,,,,,,,,,Images/CongruentRight.jpeg,Congruent Right,m,HuangYuying,25,Female,2021,N,Y,Chinese,English,,2021-08-18_09h22.05.986,Tse_Altarriba_Simon1,2020.1.2,Win32,60,,,m,1,0.35431,0,1,1,14,1,,,,,,,
,,,,,,,,,,,,Images/CongruentRight.jpeg,Congruent Right,m,HuangYuying,25,Female,2021,N,Y,Chinese,English,,2021-08-18_09h22.05.986,Tse_Altarriba_Simon1,2020.1.2,Win32,60,,,m,1,0.374025,0,2,2,15,1,,,,,,,
,,,,,,,,,,,,Images/CongruentLeft.jpeg,Congruent Left,z,HuangYuying,25,Female,2021,N,Y,Chinese,English,,2021-08-18_09h22.05.986,Tse_Altarriba_Simon1,2020.1.2,Win32,60,,,z,1,0.37286,0,3,3,1,1,,,,,,,
,,,,,,,,,,,,Images/IncongruentRight.jpeg,Incongruent Right,m,HuangYuying,25,Female,2021,N,Y,Chinese,English,,2021-08-18_09h22.05.986,Tse_Altarriba_Simon1,2020.1.2,Win32,60,,,m,1,0.54016,0,4,4,32,1,,,,,,,
,,,,,,,,,,,,Images/IncongruentLeft.jpeg,Incongruent Left,z,HuangYuying,25,Female,2021,N,Y,Chinese,English,,2021-08-18_09h22.05.986,Tse_Altarriba_Simon1,2020.1.2,Win32,60,,,z,1,0.499055,0,5,5,29,1,,,,,,,
,,,,,,,,,,,,Images/CongruentLeft.jpeg,Congruent Left,z,HuangYuying,25,Female,2021,N,Y,Chinese,English,,2021-08-18_09h22.05.986,Tse_Altarriba_Simon1,2020.1.2,Win32,60,,,z,1,0.540115,0,6,6,6,1,,,,,,,
,,,,,,,,,,,,Images/IncongruentLeft.jpeg,Incongruent Left,z,HuangYuying,25,Female,2021,N,Y,Chinese,English,,2021-08-18_09h22.05.986,Tse_Altarriba_Simon1,2020.1.2,Win32,60,,,z,1,0.530225,0,7,7,26,1,,,,,,,
,,,,,,,,,,,,Images/CongruentLeft.jpeg,Congruent Left,z,HuangYuying,25,Female,2021,N,Y,Chinese,English,,2021-08-18_09h22.05.986,Tse_Altarriba_Simon1,2020.1.2,Win32,60,,,z,1,0.45945,0,8,8,4,1,,,,,,,
,,,,,,,,,,,,Images/CongruentRight.jpeg,Congruent Right,m,HuangYuying,25,Female,2021,N,Y,Chinese,English,,2021-08-18_09h22.05.986,Tse_Altarriba_Simon1,2020.1.2,Win32,60,,,m,1,0.31487,0,9,9,16,1,,,,,,,
,,,,,,,,,,,,Images/NeurtalRight.jpeg,Neutral Right,m,HuangYuying,25,Female,2021,N,Y,Chinese,English,,2021-08-18_09h22.05.986,Tse_Altarriba_Simon1,2020.1.2,Win32,60,,,m,1,0.43114,0,10,10,58,1,,,,,,,
,,,,,,,,,,,,Images/NeutralLeft.jpeg,Neutral Left,z,HuangYuying,25,Female,2021,N,Y,Chinese,English,,2021-08-18_09h22.05.986,Tse_Altarriba_Simon1,2020.1.2,Win32,60,,,z,1,0.40933,0,11,11,48,1,,,,,,,
,,,,,,,,,,,,Images/NeutralLeft.jpeg,Neutral Left,z,HuangYuying,25,Female,2021,N,Y,Chinese,English,,2021-08-18_09h22.05.986,Tse_Altarriba_Simon1,2020.1.2,Win32,60,,,z,1,0.50263,0,12,12,44,1,,,,,,,
,,,,,,,,,,,,Images/CongruentRight.jpeg,Congruent Right,m,HuangYuying,25,Female,2021,N,Y,Chinese,English,,2021-08-18_09h22.05.986,Tse_Altarriba_Simon1,2020.1.2,Win32,60,,,m,1,0.3934,0,13,13,11,1,,,,,,,
,,,,,,,,,,,,Images/CongruentLeft.jpeg,Congruent Left,z,HuangYuying,25,Female,2021,N,Y,Chinese,English,,2021-08-18_09h22.05.986,Tse_Altarriba_Simon1,2020.1.2,Win32,60,,,z,1,0.340195,0,14,14,5,1,,,,,,,
,,,,,,,,,,,,Images/IncongruentRight.jpeg,Incongruent Right,m,HuangYuying,25,Female,2021,N,Y,Chinese,English,,2021-08-18_09h22.05.986,Tse_Altarriba_Simon1,2020.1.2,Win32,60,,,m,1,0.421445,0,15,15,34,1,,,,,,,
,,,,,,,,,,,,Images/CongruentLeft.jpeg,Congruent Left,z,HuangYuying,25,Female,2021,N,Y,Chinese,English,,2021-08-18_09h22.05.986,Tse_Altarriba_Simon1,2020.1.2,Win32,60,,,z,1,0.380125,0,16,16,8,1,,,,,,,
,,,,,,,,,,,,Images/NeurtalRight.jpeg,Neutral Right,m,HuangYuying,25,Female,2021,N,Y,Chinese,English,,2021-08-18_09h22.05.986,Tse_Altarriba_Simon1,2020.1.2,Win32,60,,,m,1,0.4192,0,17,17,56,1,,,,,,,
,,,,,,,,,,,,Images/IncongruentLeft.jpeg,Incongruent Left,z,HuangYuying,25,Female,2021,N,Y,Chinese,English,,2021-08-18_09h22.05.986,Tse_Altarriba_Simon1,2020.1.2,Win32,60,,,z,1,0.46487,0,18,18,20,1,,,,,,,
,,,,,,,,,,,,Images/CongruentRight.jpeg,Congruent Right,m,HuangYuying,25,Female,2021,N,Y,Chinese,English,,2021-08-18_09h22.05.986,Tse_Altarriba_Simon1,2020.1.2,Win32,60,,,m,1,0.42176,0,19,19,18,1,,,,,,,
,,,,,,,,,,,,Images/CongruentLeft.jpeg,Congruent Left,z,HuangYuying,25,Female,2021,N,Y,Chinese,English,,2021-08-18_09h22.05.986,Tse_Altarriba_Simon1,2020.1.2,Win32,60,,,z,1,0.41895,0,20,20,7,1,,,,,,,
,,,,,,,,,,,,Images/IncongruentRight.jpeg,Incongruent Right,m,HuangYuying,25,Female,2021,N,Y,Chinese,English,,2021-08-18_09h22.05.986,Tse_Altarriba_Simon1,2020.1.2,Win32,60,,,m,1,0.51021,0,21,21,35,1,,,,,,,
,,,,,,,,,,,,Images/NeutralLeft.jpeg,Neutral Left,z,HuangYuying,25,Female,2021,N,Y,Chinese,English,,2021-08-18_09h22.05.986,Tse_Altarriba_Simon1,2020.1.2,Win32,60,,,z,1,0.447395,0,22,22,40,1,,,,,,,
,,,,,,,,,,,,Images/CongruentLeft.jpeg,Congruent Left,z,HuangYuying,25,Female,2021,N,Y,Chinese,English,,2021-08-18_09h22.05.986,Tse_Altarriba_Simon1,2020.1.2,Win32,60,,,z,1,0.469305,0,23,23,3,1,,,,,,,
,,,,,,,,,,,,Images/CongruentRight.jpeg,Congruent Right,m,HuangYuying,25,Female,2021,N,Y,Chinese,English,,2021-08-18_09h22.05.986,Tse_Altarriba_Simon1,2020.1.2,Win32,60,,,m,1,0.399795,0,24,24,13,1,,,,,,,
,,,,,,,,,,,,Images/CongruentRight.jpeg,Congruent Right,m,HuangYuying,25,Female,2021,N,Y,Chinese,English,,2021-08-18_09h22.05.986,Tse_Altarriba_Simon1,2020.1.2,Win32,60,,,m,1,0.460345,0,25,25,17,1,,,,,,,
,,,,,,,,,,,,Images/CongruentRight.jpeg,Congruent Right,m,HuangYuying,25,Female,2021,N,Y,Chinese,English,,2021-08-18_09h22.05.986,Tse_Altarriba_Simon1,2020.1.2,Win32,60,,,m,1,0.50695,0,26,26,10,1,,,,,,,
,,,,,,,,,,,,Images/IncongruentRight.jpeg,Incongruent Right,m,HuangYuying,25,Female,2021,N,Y,Chinese,English,,2021-08-18_09h22.05.986,Tse_Altarriba_Simon1,2020.1.2,Win32,60,,,m,1,0.48135,0,27,27,36,1,,,,,,,
,,,,,,,,,,,,Images/IncongruentLeft.jpeg,Incongruent Left,z,HuangYuying,25,Female,2021,N,Y,Chinese,English,,2021-08-18_09h22.05.986,Tse_Altarriba_Simon1,2020.1.2,Win32,60,,,z,1,0.431525,0,28,28,22,1,,,,,,,
,,,,,,,,,,,,Images/NeutralLeft.jpeg,Neutral Left,z,HuangYuying,25,Female,2021,N,Y,Chinese,English,,2021-08-18_09h22.05.986,Tse_Altarriba_Simon1,2020.1.2,Win32,60,,,z,1,0.43113,0,29,29,45,1,,,,,,,
,,,,,,,,,,,,Images/NeutralLeft.jpeg,Neutral Left,z,HuangYuying,25,Female,2021,N,Y,Chinese,English,,2021-08-18_09h22.05.986,Tse_Altarriba_Simon1,2020.1.2,Win32,60,,,z,1,0.469795,0,30,30,49,1,,,,,,,
,,,,,,,,,,,,Images/CongruentRight.jpeg,Congruent Right,m,HuangYuying,25,Female,2021,N,Y,Chinese,English,,2021-08-18_09h22.05.986,Tse_Altarriba_Simon1,2020.1.2,Win32,60,,,m,1,0.42102,0,31,31,19,1,,,,,,,
,,,,,,,,,,,,Images/IncongruentRight.jpeg,Incongruent Right,m,HuangYuying,25,Female,2021,N,Y,Chinese,English,,2021-08-18_09h22.05.986,Tse_Altarriba_Simon1,2020.1.2,Win32,60,,,m,1,0.48127,0,32,32,38,1,,,,,,,
,,,,,,,,,,,,Images/CongruentLeft.jpeg,Congruent Left,z,HuangYuying,25,Female,2021,N,Y,Chinese,English,,2021-08-18_09h22.05.986,Tse_Altarriba_Simon1,2020.1.2,Win32,60,,,z,1,0.43035,0,33,33,0,1,,,,,,,
,,,,,,,,,,,,Images/NeurtalRight.jpeg,Neutral Right,m,HuangYuying,25,Female,2021,N,Y,Chinese,English,,2021-08-18_09h22.05.986,Tse_Altarriba_Simon1,2020.1.2,Win32,60,,,m,1,0.44794,0,34,34,50,1,,,,,,,
,,,,,,,,,,,,Images/IncongruentLeft.jpeg,Incongruent Left,z,HuangYuying,25,Female,2021,N,Y,Chinese,English,,2021-08-18_09h22.05.986,Tse_Altarriba_Simon1,2020.1.2,Win32,60,,,z,1,0.356015,0,35,35,25,1,,,,,,,
,,,,,,,,,,,,Images/NeutralLeft.jpeg,Neutral Left,z,HuangYuying,25,Female,2021,N,Y,Chinese,English,,2021-08-18_09h22.05.986,Tse_Altarriba_Simon1,2020.1.2,Win32,60,,,z,1,0.403275,0,36,36,42,1,,,,,,,
,,,,,,,,,,,,Images/IncongruentLeft.jpeg,Incongruent Left,z,HuangYuying,25,Female,2021,N,Y,Chinese,English,,2021-08-18_09h22.05.986,Tse_Altarriba_Simon1,2020.1.2,Win32,60,,,z,1,0.39854,0,37,37,23,1,,,,,,,
,,,,,,,,,,,,Images/NeurtalRight.jpeg,Neutral Right,m,HuangYuying,25,Female,2021,N,Y,Chinese,English,,2021-08-18_09h22.05.986,Tse_Altarriba_Simon1,2020.1.2,Win32,60,,,m,1,0.52495,0,38,38,54,1,,,,,,,
,,,,,,,,,,,,Images/CongruentRight.jpeg,Congruent Right,m,HuangYuying,25,Female,2021,N,Y,Chinese,English,,2021-08-18_09h22.05.986,Tse_Altarriba_Simon1,2020.1.2,Win32,60,,,m,1,0.38381,0,39,39,12,1,,,,,,,
,,,,,,,,,,,,Images/NeurtalRight.jpeg,Neutral Right,m,HuangYuying,25,Female,2021,N,Y,Chinese,English,,2021-08-18_09h22.05.986,Tse_Altarriba_Simon1,2020.1.2,Win32,60,,,m,1,0.489435,0,40,40,55,1,,,,,,,
,,,,,,,,,,,,Images/NeutralLeft.jpeg,Neutral Left,z,HuangYuying,25,Female,2021,N,Y,Chinese,English,,2021-08-18_09h22.05.986,Tse_Altarriba_Simon1,2020.1.2,Win32,60,,,z,1,0.45553,0,41,41,47,1,,,,,,,
,,,,,,,,,,,,Images/IncongruentLeft.jpeg,Incongruent Left,z,HuangYuying,25,Female,2021,N,Y,Chinese,English,,2021-08-18_09h22.05.986,Tse_Altarriba_Simon1,2020.1.2,Win32,60,,,z,1,0.431525,0,42,42,27,1,,,,,,,
,,,,,,,,,,,,Images/NeutralLeft.jpeg,Neutral Left,z,HuangYuying,25,Female,2021,N,Y,Chinese,English,,2021-08-18_09h22.05.986,Tse_Altarriba_Simon1,2020.1.2,Win32,60,,,z,1,0.448775,0,43,43,41,1,,,,,,,
,,,,,,,,,,,,Images/IncongruentRight.jpeg,Incongruent Right,m,HuangYuying,25,Female,2021,N,Y,Chinese,English,,2021-08-18_09h22.05.986,Tse_Altarriba_Simon1,2020.1.2,Win32,60,,,m,1,0.481425,0,44,44,30,1,,,,,,,
,,,,,,,,,,,,Images/NeurtalRight.jpeg,Neutral Right,m,HuangYuying,25,Female,2021,N,Y,Chinese,English,,2021-08-18_09h22.05.986,Tse_Altarriba_Simon1,2020.1.2,Win32,60,,,m,1,0.45438,0,45,45,53,1,,,,,,,
,,,,,,,,,,,,Images/IncongruentLeft.jpeg,Incongruent Left,z,HuangYuying,25,Female,2021,N,Y,Chinese,English,,2021-08-18_09h22.05.986,Tse_Altarriba_Simon1,2020.1.2,Win32,60,,,z,1,0.43756,0,46,46,28,1,,,,,,,
,,,,,,,,,,,,Images/CongruentLeft.jpeg,Congruent Left,z,HuangYuying,25,Female,2021,N,Y,Chinese,English,,2021-08-18_09h22.05.986,Tse_Altarriba_Simon1,2020.1.2,Win32,60,,,z,1,0.434815,0,47,47,2,1,,,,,,,
,,,,,,,,,,,,Images/IncongruentRight.jpeg,Incongruent Right,m,HuangYuying,25,Female,2021,N,Y,Chinese,English,,2021-08-18_09h22.05.986,Tse_Altarriba_Simon1,2020.1.2,Win32,60,,,m,1,0.51418,0,48,48,31,1,,,,,,,
,,,,,,,,,,,,Images/NeutralLeft.jpeg,Neutral Left,z,HuangYuying,25,Female,2021,N,Y,Chinese,English,,2021-08-18_09h22.05.986,Tse_Altarriba_Simon1,2020.1.2,Win32,60,,,z,1,0.45292,0,49,49,46,1,,,,,,,
,,,,,,,,,,,,Images/IncongruentLeft.jpeg,Incongruent Left,z,HuangYuying,25,Female,2021,N,Y,Chinese,English,,2021-08-18_09h22.05.986,Tse_Altarriba_Simon1,2020.1.2,Win32,60,,,z,1,0.506395,0,50,50,21,1,,,,,,,
,,,,,,,,,,,,Images/CongruentLeft.jpeg,Congruent Left,z,HuangYuying,25,Female,2021,N,Y,Chinese,English,,2021-08-18_09h22.05.986,Tse_Altarriba_Simon1,2020.1.2,Win32,60,,,z,1,0.41778,0,51,51,9,1,,,,,,,
,,,,,,,,,,,,Images/NeutralLeft.jpeg,Neutral Left,z,HuangYuying,25,Female,2021,N,Y,Chinese,English,,2021-08-18_09h22.05.986,Tse_Altarriba_Simon1,2020.1.2,Win32,60,,,z,1,0.447065,0,52,52,43,1,,,,,,,
,,,,,,,,,,,,Images/IncongruentLeft.jpeg,Incongruent Left,z,HuangYuying,25,Female,2021,N,Y,Chinese,English,,2021-08-18_09h22.05.986,Tse_Altarriba_Simon1,2020.1.2,Win32,60,,,z,1,0.458975,0,53,53,24,1,,,,,,,
,,,,,,,,,,,,Images/NeurtalRight.jpeg,Neutral Right,m,HuangYuying,25,Female,2021,N,Y,Chinese,English,,2021-08-18_09h22.05.986,Tse_Altarriba_Simon1,2020.1.2,Win32,60,,,m,1,0.41464,0,54,54,57,1,,,,,,,
,,,,,,,,,,,,Images/NeurtalRight.jpeg,Neutral Right,m,HuangYuying,25,Female,2021,N,Y,Chinese,English,,2021-08-18_09h22.05.986,Tse_Altarriba_Simon1,2020.1.2,Win32,60,,,m,1,0.414235,0,55,55,59,1,,,,,,,
,,,,,,,,,,,,Images/IncongruentRight.jpeg,Incongruent Right,m,HuangYuying,25,Female,2021,N,Y,Chinese,English,,2021-08-18_09h22.05.986,Tse_Altarriba_Simon1,2020.1.2,Win32,60,,,m,1,0.49885,0,56,56,37,1,,,,,,,
,,,,,,,,,,,,Images/NeurtalRight.jpeg,Neutral Right,m,HuangYuying,25,Female,2021,N,Y,Chinese,English,,2021-08-18_09h22.05.986,Tse_Altarriba_Simon1,2020.1.2,Win32,60,,,m,1,0.4164,0,57,57,51,1,,,,,,,
,,,,,,,,,,,,Images/IncongruentRight.jpeg,Incongruent Right,m,HuangYuying,25,Female,2021,N,Y,Chinese,English,,2021-08-18_09h22.05.986,Tse_Altarriba_Simon1,2020.1.2,Win32,60,,,m,1,0.499635,0,58,58,39,1,,,,,,,
,,,,,,,,,,,,Images/NeurtalRight.jpeg,Neutral Right,m,HuangYuying,25,Female,2021,N,Y,Chinese,English,,2021-08-18_09h22.05.986,Tse_Altarriba_Simon1,2020.1.2,Win32,60,,,m,1,0.407765,0,59,59,52,1,,,,,,,
,,,,,,,,,,,,Images/CongruentRight.jpeg,Congruent Right,m,HuangYuying,25,Female,2021,N,Y,Chinese,English,,2021-08-18_09h22.05.986,Tse_Altarriba_Simon1,2020.1.2,Win32,60,,,m,1,0.353085,,,,,,space,6.029495,0,0,0,14,1
,,,,,,,,,,,,Images/IncongruentLeft.jpeg,Incongruent Left,z,HuangYuying,25,Female,2021,N,Y,Chinese,English,,2021-08-18_09h22.05.986,Tse_Altarriba_Simon1,2020.1.2,Win32,60,,,z,1,0.3924,,,,,,,,0,1,1,28,1
,,,,,,,,,,,,Images/CongruentRight.jpeg,Congruent Right,m,HuangYuying,25,Female,2021,N,Y,Chinese,English,,2021-08-18_09h22.05.986,Tse_Altarriba_Simon1,2020.1.2,Win32,60,,,m,1,0.337355,,,,,,,,0,2,2,18,1
,,,,,,,,,,,,Images/IncongruentRight.jpeg,Incongruent Right,m,HuangYuying,25,Female,2021,N,Y,Chinese,English,,2021-08-18_09h22.05.986,Tse_Altarriba_Simon1,2020.1.2,Win32,60,,,m,1,0.392235,,,,,,,,0,3,3,34,1
,,,,,,,,,,,,Images/NeutralLeft.jpeg,Neutral Left,z,HuangYuying,25,Female,2021,N,Y,Chinese,English,,2021-08-18_09h22.05.986,Tse_Altarriba_Simon1,2020.1.2,Win32,60,,,z,1,0.371275,,,,,,,,0,4,4,47,1
,,,,,,,,,,,,Images/NeurtalRight.jpeg,Neutral Right,m,HuangYuying,25,Female,2021,N,Y,Chinese,English,,2021-08-18_09h22.05.986,Tse_Altarriba_Simon1,2020.1.2,Win32,60,,,m,1,0.33969,,,,,,,,0,5,5,57,1
,,,,,,,,,,,,Images/IncongruentRight.jpeg,Incongruent Right,m,HuangYuying,25,Female,2021,N,Y,Chinese,English,,2021-08-18_09h22.05.986,Tse_Altarriba_Simon1,2020.1.2,Win32,60,,,m,1,0.41762,,,,,,,,0,6,6,38,1
,,,,,,,,,,,,Images/CongruentLeft.jpeg,Congruent Left,z,HuangYuying,25,Female,2021,N,Y,Chinese,English,,2021-08-18_09h22.05.986,Tse_Altarriba_Simon1,2020.1.2,Win32,60,,,z,1,0.38941,,,,,,,,0,7,7,2,1
,,,,,,,,,,,,Images/NeurtalRight.jpeg,Neutral Right,m,HuangYuying,25,Female,2021,N,Y,Chinese,English,,2021-08-18_09h22.05.986,Tse_Altarriba_Simon1,2020.1.2,Win32,60,,,m,1,0.320465,,,,,,,,0,8,8,50,1
,,,,,,,,,,,,Images/IncongruentRight.jpeg,Incongruent Right,m,HuangYuying,25,Female,2021,N,Y,Chinese,English,,2021-08-18_09h22.05.986,Tse_Altarriba_Simon1,2020.1.2,Win32,60,,,m,1,0.43007,,,,,,,,0,9,9,32,1
,,,,,,,,,,,,Images/IncongruentRight.jpeg,Incongruent Right,m,HuangYuying,25,Female,2021,N,Y,Chinese,English,,2021-08-18_09h22.05.986,Tse_Altarriba_Simon1,2020.1.2,Win32,60,,,m,1,0.364645,,,,,,,,0,10,10,36,1
,,,,,,,,,,,,Images/CongruentRight.jpeg,Congruent Right,m,HuangYuying,25,Female,2021,N,Y,Chinese,English,,2021-08-18_09h22.05.986,Tse_Altarriba_Simon1,2020.1.2,Win32,60,,,m,1,0.3525,,,,,,,,0,11,11,10,1
,,,,,,,,,,,,Images/NeutralLeft.jpeg,Neutral Left,z,HuangYuying,25,Female,2021,N,Y,Chinese,English,,2021-08-18_09h22.05.986,Tse_Altarriba_Simon1,2020.1.2,Win32,60,,,z,1,0.38511,,,,,,,,0,12,12,45,1
,,,,,,,,,,,,Images/NeurtalRight.jpeg,Neutral Right,m,HuangYuying,25,Female,2021,N,Y,Chinese,English,,2021-08-18_09h22.05.986,Tse_Altarriba_Simon1,2020.1.2,Win32,60,,,m,1,0.386595,,,,,,,,0,13,13,52,1
,,,,,,,,,,,,Images/IncongruentRight.jpeg,Incongruent Right,m,HuangYuying,25,Female,2021,N,Y,Chinese,English,,2021-08-18_09h22.05.986,Tse_Altarriba_Simon1,2020.1.2,Win32,60,,,m,1,0.43455,,,,,,,,0,14,14,37,1
,,,,,,,,,,,,Images/CongruentLeft.jpeg,Congruent Left,z,HuangYuying,25,Female,2021,N,Y,Chinese,English,,2021-08-18_09h22.05.986,Tse_Altarriba_Simon1,2020.1.2,Win32,60,,,z,1,0.4484,,,,,,,,0,15,15,0,1
,,,,,,,,,,,,Images/IncongruentRight.jpeg,Incongruent Right,m,HuangYuying,25,Female,2021,N,Y,Chinese,English,,2021-08-18_09h22.05.986,Tse_Altarriba_Simon1,2020.1.2,Win32,60,,,m,1,0.429245,,,,,,,,0,16,16,35,1
,,,,,,,,,,,,Images/CongruentRight.jpeg,Congruent Right,m,HuangYuying,25,Female,2021,N,Y,Chinese,English,,2021-08-18_09h22.05.986,Tse_Altarriba_Simon1,2020.1.2,Win32,60,,,m,1,0.384645,,,,,,,,0,17,17,12,1
,,,,,,,,,,,,Images/NeutralLeft.jpeg,Neutral Left,z,HuangYuying,25,Female,2021,N,Y,Chinese,English,,2021-08-18_09h22.05.986,Tse_Altarriba_Simon1,2020.1.2,Win32,60,,,z,1,0.39364,,,,,,,,0,18,18,42,1
,,,,,,,,,,,,Images/IncongruentLeft.jpeg,Incongruent Left,z,HuangYuying,25,Female,2021,N,Y,Chinese,English,,2021-08-18_09h22.05.986,Tse_Altarriba_Simon1,2020.1.2,Win32,60,,,z,1,0.48534,,,,,,,,0,19,19,24,1
,,,,,,,,,,,,Images/CongruentRight.jpeg,Congruent Right,m,HuangYuying,25,Female,2021,N,Y,Chinese,English,,2021-08-18_09h22.05.986,Tse_Altarriba_Simon1,2020.1.2,Win32,60,,,m,1,0.401315,,,,,,,,0,20,20,11,1
,,,,,,,,,,,,Images/NeutralLeft.jpeg,Neutral Left,z,HuangYuying,25,Female,2021,N,Y,Chinese,English,,2021-08-18_09h22.05.986,Tse_Altarriba_Simon1,2020.1.2,Win32,60,,,z,1,0.36625,,,,,,,,0,21,21,43,1
,,,,,,,,,,,,Images/CongruentLeft.jpeg,Congruent Left,z,HuangYuying,25,Female,2021,N,Y,Chinese,English,,2021-08-18_09h22.05.986,Tse_Altarriba_Simon1,2020.1.2,Win32,60,,,z,1,0.35095,,,,,,,,0,22,22,6,1
,,,,,,,,,,,,Images/IncongruentLeft.jpeg,Incongruent Left,z,HuangYuying,25,Female,2021,N,Y,Chinese,English,,2021-08-18_09h22.05.986,Tse_Altarriba_Simon1,2020.1.2,Win32,60,,,z,1,0.536865,,,,,,,,0,23,23,23,1
,,,,,,,,,,,,Images/CongruentRight.jpeg,Congruent Right,m,HuangYuying,25,Female,2021,N,Y,Chinese,English,,2021-08-18_09h22.05.986,Tse_Altarriba_Simon1,2020.1.2,Win32,60,,,m,1,0.368645,,,,,,,,0,24,24,16,1
,,,,,,,,,,,,Images/CongruentLeft.jpeg,Congruent Left,z,HuangYuying,25,Female,2021,N,Y,Chinese,English,,2021-08-18_09h22.05.986,Tse_Altarriba_Simon1,2020.1.2,Win32,60,,,z,1,0.391135,,,,,,,,0,25,25,7,1
,,,,,,,,,,,,Images/IncongruentRight.jpeg,Incongruent Right,m,HuangYuying,25,Female,2021,N,Y,Chinese,English,,2021-08-18_09h22.05.986,Tse_Altarriba_Simon1,2020.1.2,Win32,60,,,m,1,0.436645,,,,,,,,0,26,26,33,1
,,,,,,,,,,,,Images/NeutralLeft.jpeg,Neutral Left,z,HuangYuying,25,Female,2021,N,Y,Chinese,English,,2021-08-18_09h22.05.986,Tse_Altarriba_Simon1,2020.1.2,Win32,60,,,z,1,0.35174,,,,,,,,0,27,27,46,1
,,,,,,,,,,,,Images/NeurtalRight.jpeg,Neutral Right,m,HuangYuying,25,Female,2021,N,Y,Chinese,English,,2021-08-18_09h22.05.986,Tse_Altarriba_Simon1,2020.1.2,Win32,60,,,m,1,0.43143,,,,,,,,0,28,28,53,1
,,,,,,,,,,,,Images/CongruentLeft.jpeg,Congruent Left,z,HuangYuying,25,Female,2021,N,Y,Chinese,English,,2021-08-18_09h22.05.986,Tse_Altarriba_Simon1,2020.1.2,Win32,60,,,z,1,0.424825,,,,,,,,0,29,29,5,1
,,,,,,,,,,,,Images/CongruentRight.jpeg,Congruent Right,m,HuangYuying,25,Female,2021,N,Y,Chinese,English,,2021-08-18_09h22.05.986,Tse_Altarriba_Simon1,2020.1.2,Win32,60,,,m,1,0.386185,,,,,,,,0,30,30,19,1
,,,,,,,,,,,,Images/NeurtalRight.jpeg,Neutral Right,m,HuangYuying,25,Female,2021,N,Y,Chinese,English,,2021-08-18_09h22.05.986,Tse_Altarriba_Simon1,2020.1.2,Win32,60,,,m,1,0.424775,,,,,,,,0,31,31,58,1
,,,,,,,,,,,,Images/CongruentLeft.jpeg,Congruent Left,z,HuangYuying,25,Female,2021,N,Y,Chinese,English,,2021-08-18_09h22.05.986,Tse_Altarriba_Simon1,2020.1.2,Win32,60,,,z,1,0.482,,,,,,,,0,32,32,8,1
,,,,,,,,,,,,Images/IncongruentLeft.jpeg,Incongruent Left,z,HuangYuying,25,Female,2021,N,Y,Chinese,English,,2021-08-18_09h22.05.986,Tse_Altarriba_Simon1,2020.1.2,Win32,60,,,z,1,0.460535,,,,,,,,0,33,33,29,1
,,,,,,,,,,,,Images/CongruentRight.jpeg,Congruent Right,m,HuangYuying,25,Female,2021,N,Y,Chinese,English,,2021-08-18_09h22.05.986,Tse_Altarriba_Simon1,2020.1.2,Win32,60,,,m,1,0.45334,,,,,,,,0,34,34,13,1
,,,,,,,,,,,,Images/NeutralLeft.jpeg,Neutral Left,z,HuangYuying,25,Female,2021,N,Y,Chinese,English,,2021-08-18_09h22.05.986,Tse_Altarriba_Simon1,2020.1.2,Win32,60,,,z,1,0.436215,,,,,,,,0,35,35,44,1
,,,,,,,,,,,,Images/NeutralLeft.jpeg,Neutral Left,z,HuangYuying,25,Female,2021,N,Y,Chinese,English,,2021-08-18_09h22.05.986,Tse_Altarriba_Simon1,2020.1.2,Win32,60,,,z,1,0.471085,,,,,,,,0,36,36,48,1
,,,,,,,,,,,,Images/NeurtalRight.jpeg,Neutral Right,m,HuangYuying,25,Female,2021,N,Y,Chinese,English,,2021-08-18_09h22.05.986,Tse_Altarriba_Simon1,2020.1.2,Win32,60,,,m,1,0.404585,,,,,,,,0,37,37,55,1
,,,,,,,,,,,,Images/CongruentRight.jpeg,Congruent Right,m,HuangYuying,25,Female,2021,N,Y,Chinese,English,,2021-08-18_09h22.05.986,Tse_Altarriba_Simon1,2020.1.2,Win32,60,,,m,1,0.431005,,,,,,,,0,38,38,17,1
,,,,,,,,,,,,Images/CongruentLeft.jpeg,Congruent Left,z,HuangYuying,25,Female,2021,N,Y,Chinese,English,,2021-08-18_09h22.05.986,Tse_Altarriba_Simon1,2020.1.2,Win32,60,,,z,1,0.464545,,,,,,,,0,39,39,1,1
,,,,,,,,,,,,Images/IncongruentRight.jpeg,Incongruent Right,m,HuangYuying,25,Female,2021,N,Y,Chinese,English,,2021-08-18_09h22.05.986,Tse_Altarriba_Simon1,2020.1.2,Win32,60,,,m,1,0.415335,,,,,,,,0,40,40,39,1
,,,,,,,,,,,,Images/IncongruentLeft.jpeg,Incongruent Left,z,HuangYuying,25,Female,2021,N,Y,Chinese,English,,2021-08-18_09h22.05.986,Tse_Altarriba_Simon1,2020.1.2,Win32,60,,,z,1,0.398945,,,,,,,,0,41,41,21,1
,,,,,,,,,,,,Images/CongruentLeft.jpeg,Congruent Left,z,HuangYuying,25,Female,2021,N,Y,Chinese,English,,2021-08-18_09h22.05.986,Tse_Altarriba_Simon1,2020.1.2,Win32,60,,,z,1,0.420395,,,,,,,,0,42,42,4,1
,,,,,,,,,,,,Images/NeutralLeft.jpeg,Neutral Left,z,HuangYuying,25,Female,2021,N,Y,Chinese,English,,2021-08-18_09h22.05.986,Tse_Altarriba_Simon1,2020.1.2,Win32,60,,,z,1,0.40234,,,,,,,,0,43,43,40,1
,,,,,,,,,,,,Images/CongruentLeft.jpeg,Congruent Left,z,HuangYuying,25,Female,2021,N,Y,Chinese,English,,2021-08-18_09h22.05.986,Tse_Altarriba_Simon1,2020.1.2,Win32,60,,,z,1,0.38108,,,,,,,,0,44,44,3,1
,,,,,,,,,,,,Images/IncongruentRight.jpeg,Incongruent Right,m,HuangYuying,25,Female,2021,N,Y,Chinese,English,,2021-08-18_09h22.05.986,Tse_Altarriba_Simon1,2020.1.2,Win32,60,,,m,1,0.43787,,,,,,,,0,45,45,31,1
,,,,,,,,,,,,Images/IncongruentLeft.jpeg,Incongruent Left,z,HuangYuying,25,Female,2021,N,Y,Chinese,English,,2021-08-18_09h22.05.986,Tse_Altarriba_Simon1,2020.1.2,Win32,60,,,z,1,0.41596,,,,,,,,0,46,46,27,1
,,,,,,,,,,,,Images/IncongruentRight.jpeg,Incongruent Right,m,HuangYuying,25,Female,2021,N,Y,Chinese,English,,2021-08-18_09h22.05.986,Tse_Altarriba_Simon1,2020.1.2,Win32,60,,,m,1,0.59866,,,,,,,,0,47,47,30,1
,,,,,,,,,,,,Images/IncongruentLeft.jpeg,Incongruent Left,z,HuangYuying,25,Female,2021,N,Y,Chinese,English,,2021-08-18_09h22.05.986,Tse_Altarriba_Simon1,2020.1.2,Win32,60,,,z,1,0.40305,,,,,,,,0,48,48,22,1
,,,,,,,,,,,,Images/NeurtalRight.jpeg,Neutral Right,m,HuangYuying,25,Female,2021,N,Y,Chinese,English,,2021-08-18_09h22.05.986,Tse_Altarriba_Simon1,2020.1.2,Win32,60,,,m,1,0.38222,,,,,,,,0,49,49,56,1
,,,,,,,,,,,,Images/IncongruentLeft.jpeg,Incongruent Left,z,HuangYuying,25,Female,2021,N,Y,Chinese,English,,2021-08-18_09h22.05.986,Tse_Altarriba_Simon1,2020.1.2,Win32,60,,,z,1,0.39077,,,,,,,,0,50,50,26,1
,,,,,,,,,,,,Images/CongruentRight.jpeg,Congruent Right,m,HuangYuying,25,Female,2021,N,Y,Chinese,English,,2021-08-18_09h22.05.986,Tse_Altarriba_Simon1,2020.1.2,Win32,60,,,m,1,0.40127,,,,,,,,0,51,51,15,1
,,,,,,,,,,,,Images/CongruentLeft.jpeg,Congruent Left,z,HuangYuying,25,Female,2021,N,Y,Chinese,English,,2021-08-18_09h22.05.986,Tse_Altarriba_Simon1,2020.1.2,Win32,60,,,z,1,0.413675,,,,,,,,0,52,52,9,1
,,,,,,,,,,,,Images/IncongruentLeft.jpeg,Incongruent Left,z,HuangYuying,25,Female,2021,N,Y,Chinese,English,,2021-08-18_09h22.05.986,Tse_Altarriba_Simon1,2020.1.2,Win32,60,,,z,1,0.40015,,,,,,,,0,53,53,25,1
,,,,,,,,,,,,Images/IncongruentLeft.jpeg,Incongruent Left,z,HuangYuying,25,Female,2021,N,Y,Chinese,English,,2021-08-18_09h22.05.986,Tse_Altarriba_Simon1,2020.1.2,Win32,60,,,z,1,0.38973,,,,,,,,0,54,54,20,1
,,,,,,,,,,,,Images/NeurtalRight.jpeg,Neutral Right,m,HuangYuying,25,Female,2021,N,Y,Chinese,English,,2021-08-18_09h22.05.986,Tse_Altarriba_Simon1,2020.1.2,Win32,60,,,m,1,0.372085,,,,,,,,0,55,55,51,1
,,,,,,,,,,,,Images/NeutralLeft.jpeg,Neutral Left,z,HuangYuying,25,Female,2021,N,Y,Chinese,English,,2021-08-18_09h22.05.986,Tse_Altarriba_Simon1,2020.1.2,Win32,60,,,z,1,0.3844,,,,,,,,0,56,56,41,1
,,,,,,,,,,,,Images/NeurtalRight.jpeg,Neutral Right,m,HuangYuying,25,Female,2021,N,Y,Chinese,English,,2021-08-18_09h22.05.986,Tse_Altarriba_Simon1,2020.1.2,Win32,60,,,m,1,0.372025,,,,,,,,0,57,57,54,1
,,,,,,,,,,,,Images/NeutralLeft.jpeg,Neutral Left,z,HuangYuying,25,Female,2021,N,Y,Chinese,English,,2021-08-18_09h22.05.986,Tse_Altarriba_Simon1,2020.1.2,Win32,60,,,z,1,0.369435,,,,,,,,0,58,58,49,1
,,,,,,,,,,,,Images/NeurtalRight.jpeg,Neutral Right,m,HuangYuying,25,Female,2021,N,Y,Chinese,English,,2021-08-18_09h22.05.986,Tse_Altarriba_Simon1,2020.1.2,Win32,60,,,m,1,0.37281,,,,,,,,0,59,59,59,1
