Space1.keys,Space1.rt,Space2.keys,Space2.rt,response.keys,response.corr,response.rt,Practice_loop.thisRepN,Practice_loop.thisTrialN,Practice_loop.thisN,Practice_loop.thisIndex,Practice_loop.ran,ImageFile,Condition,CorrAns,Your initials,What is your age?,What is your gender?,What year are you in?,Are you Dyslexic? (Y/N),Are you bi/multilingual? (Y/N),What is your first language?,"What is your second language? (if you are monollingual, leave blank)",What other languages do you speak?,date,expName,psychopyVersion,OS,frameRate
space,3.084,space,13.234,z,1,0.8,0,0,0,4,1,Images/IncongruentLeft.jpeg,Incongruent Left,z,,,,,,,,,,2021-06-07_13h12.27.112,Tse_Altarriba_Simon1,2020.1.2,Win32,60
,,,,z,1,0.638,0,1,1,9,1,Images/NeutralLeft.jpeg,Neutral Left,z,,,,,,,,,,2021-06-07_13h12.27.112,Tse_Altarriba_Simon1,2020.1.2,Win32,60
,,,,z,1,0.641,0,2,2,1,1,Images/CongruentLeft.jpeg,Congruent Left,z,,,,,,,,,,2021-06-07_13h12.27.112,Tse_Altarriba_Simon1,2020.1.2,Win32,60
,,,,m,1,0.519,0,3,3,2,1,Images/CongruentRight.jpeg,Congruent Right,m,,,,,,,,,,2021-06-07_13h12.27.112,Tse_Altarriba_Simon1,2020.1.2,Win32,60
,,,,z,1,0.558,0,4,4,5,1,Images/IncongruentLeft.jpeg,Incongruent Left,z,,,,,,,,,,2021-06-07_13h12.27.112,Tse_Altarriba_Simon1,2020.1.2,Win32,60
,,,,m,1,0.638,0,5,5,3,1,Images/CongruentRight.jpeg,Congruent Right,m,,,,,,,,,,2021-06-07_13h12.27.112,Tse_Altarriba_Simon1,2020.1.2,Win32,60
,,,,z,0,0.627,0,6,6,7,1,Images/IncongruentRight.jpeg,Incongruent Right,m,,,,,,,,,,2021-06-07_13h12.27.112,Tse_Altarriba_Simon1,2020.1.2,Win32,60
,,,,m,1,0.602,0,7,7,11,1,Images/NeurtalRight.jpeg,Neutral Right,m,,,,,,,,,,2021-06-07_13h12.27.112,Tse_Altarriba_Simon1,2020.1.2,Win32,60
,,,,m,1,0.661,0,8,8,10,1,Images/NeurtalRight.jpeg,Neutral Right,m,,,,,,,,,,2021-06-07_13h12.27.112,Tse_Altarriba_Simon1,2020.1.2,Win32,60
,,,,z,1,0.624,0,9,9,8,1,Images/NeutralLeft.jpeg,Neutral Left,z,,,,,,,,,,2021-06-07_13h12.27.112,Tse_Altarriba_Simon1,2020.1.2,Win32,60
,,,,m,1,0.58,0,10,10,6,1,Images/IncongruentRight.jpeg,Incongruent Right,m,,,,,,,,,,2021-06-07_13h12.27.112,Tse_Altarriba_Simon1,2020.1.2,Win32,60
