Space1.keys,Space1.rt,Space2.keys,Space2.rt,key_resp.keys,key_resp.corr,key_resp.rt,Practice_loop.thisRepN,Practice_loop.thisTrialN,Practice_loop.thisN,Practice_loop.thisIndex,Practice_loop.ran,Practice_loop.order,ImageFile,Condition,CorrAns,session,participant,date,expName,psychopyVersion,OS,frameRate,Space3.keys,Space3.rt,key_resp_2.keys,key_resp_2.corr,key_resp_2.rt,trials.thisRepN,trials.thisTrialN,trials.thisN,trials.thisIndex,trials.ran,trials.order
space,0.880999804,space,13.02899981,m,1,0.562000036,1,0,12,11,1,11,Images/NeurtalRight.jpeg,Neutral Right,m,asdf2,,2020-07-21_09h29.56.233,Tse_Altarriba_Simon,3.2.4,Win32,60,,,,,,,,,,,
,,,,,0,,1,0,12,8,1,11,Images/NeutralLeft.jpeg,Neutral Left,z,asdf2,,2020-07-21_09h29.56.233,Tse_Altarriba_Simon,3.2.4,Win32,60,,,,,,,,,,,
,,,,m,0,0.468999863,1,0,12,4,1,11,Images/IncongruentLeft.jpeg,Incongruent Left,z,asdf2,,2020-07-21_09h29.56.233,Tse_Altarriba_Simon,3.2.4,Win32,60,,,,,,,,,,,
,,,,,0,,1,0,12,6,1,11,Images/IncongruentRight.jpeg,Incongruent Right,m,asdf2,,2020-07-21_09h29.56.233,Tse_Altarriba_Simon,3.2.4,Win32,60,,,,,,,,,,,
,,,,m,0,3.650999784,1,0,12,1,1,11,Images/CongruentLeft.jpeg,Congruent Left,z,asdf2,,2020-07-21_09h29.56.233,Tse_Altarriba_Simon,3.2.4,Win32,60,,,,,,,,,,,
,,,,,0,,1,0,12,0,1,11,Images/CongruentLeft.jpeg,Congruent Left,z,asdf2,,2020-07-21_09h29.56.233,Tse_Altarriba_Simon,3.2.4,Win32,60,,,,,,,,,,,
,,,,m,1,0.332999945,1,0,12,2,1,11,Images/CongruentRight.jpeg,Congruent Right,m,asdf2,,2020-07-21_09h29.56.233,Tse_Altarriba_Simon,3.2.4,Win32,60,,,,,,,,,,,
,,,,m,1,0.413999796,1,0,12,10,1,11,Images/NeurtalRight.jpeg,Neutral Right,m,asdf2,,2020-07-21_09h29.56.233,Tse_Altarriba_Simon,3.2.4,Win32,60,,,,,,,,,,,
,,,,,0,,1,0,12,5,1,11,Images/IncongruentLeft.jpeg,Incongruent Left,z,asdf2,,2020-07-21_09h29.56.233,Tse_Altarriba_Simon,3.2.4,Win32,60,,,,,,,,,,,
,,,,,0,,1,0,12,9,1,11,Images/NeutralLeft.jpeg,Neutral Left,z,asdf2,,2020-07-21_09h29.56.233,Tse_Altarriba_Simon,3.2.4,Win32,60,,,,,,,,,,,
,,,,,0,,1,0,12,7,1,11,Images/IncongruentRight.jpeg,Incongruent Right,m,asdf2,,2020-07-21_09h29.56.233,Tse_Altarriba_Simon,3.2.4,Win32,60,,,,,,,,,,,
,,,,m,1,0.769999743,1,0,12,3,1,11,Images/CongruentRight.jpeg,Congruent Right,m,asdf2,,2020-07-21_09h29.56.233,Tse_Altarriba_Simon,3.2.4,Win32,60,,,,,,,,,,,
,,,,,,,,,,,,,Images/IncongruentLeft.jpeg,Incongruent Left,z,asdf2,,2020-07-21_09h29.56.233,Tse_Altarriba_Simon,3.2.4,Win32,60,space,8.672999859,m,0,0.36899972,1,0,60,21,1,59
,,,,,,,,,,,,,Images/CongruentRight.jpeg,Congruent Right,m,asdf2,,2020-07-21_09h29.56.233,Tse_Altarriba_Simon,3.2.4,Win32,60,,,m,1,0.430999756,1,0,60,10,1,59
,,,,,,,,,,,,,Images/CongruentRight.jpeg,Congruent Right,m,asdf2,,2020-07-21_09h29.56.233,Tse_Altarriba_Simon,3.2.4,Win32,60,,,m,1,0.376999855,1,0,60,19,1,59
,,,,,,,,,,,,,Images/NeurtalRight.jpeg,Neutral Right,m,asdf2,,2020-07-21_09h29.56.233,Tse_Altarriba_Simon,3.2.4,Win32,60,,,,0,,1,0,60,53,1,59
