Space1.keys,Space1.rt,Space2.keys,Space2.rt,key_resp.keys,key_resp.corr,key_resp.rt,Practice_loop.thisRepN,Practice_loop.thisTrialN,Practice_loop.thisN,Practice_loop.thisIndex,Practice_loop.ran,Practice_loop.order,ImageFile,Condition,CorrAns,session,participant,date,expName,psychopyVersion,OS,frameRate
space,1.527999878,space,4.727999926,m,1,2.684999943,1,0,12,6,1,11,Images/IncongruentRight.jpeg,Incongruent Right,m,001,,2020-05-04_09h49.29.019,Tse_Altarriba_Simon,3.2.4,MacIntel,60
,,,,m,1,0.432999849,1,0,12,3,1,11,Images/CongruentRight.jpeg,Congruent Right,m,001,,2020-05-04_09h49.29.019,Tse_Altarriba_Simon,3.2.4,MacIntel,60
,,,,m,0,0.018999815,1,0,12,0,1,11,Images/CongruentLeft.jpeg,Congruent Left,z,001,,2020-05-04_09h49.29.019,Tse_Altarriba_Simon,3.2.4,MacIntel,60
,,,,m,1,0.605999947,1,0,12,7,1,11,Images/IncongruentRight.jpeg,Incongruent Right,m,001,,2020-05-04_09h49.29.019,Tse_Altarriba_Simon,3.2.4,MacIntel,60
,,,,m,0,0.558000088,1,0,12,8,1,11,Images/NeutralLeft.jpeg,Neutral Left,z,001,,2020-05-04_09h49.29.019,Tse_Altarriba_Simon,3.2.4,MacIntel,60
,,,,m,1,0.424999952,1,0,12,10,1,11,Images/NeurtalRight.jpeg,Neutral Right,m,001,,2020-05-04_09h49.29.019,Tse_Altarriba_Simon,3.2.4,MacIntel,60
,,,,,0,,1,0,12,2,1,11,Images/CongruentRight.jpeg,Congruent Right,m,001,,2020-05-04_09h49.29.019,Tse_Altarriba_Simon,3.2.4,MacIntel,60
