Space1.keys,Space1.rt,Space2.keys,Space2.rt,response.keys,response.corr,response.rt,Practice_loop.thisRepN,Practice_loop.thisTrialN,Practice_loop.thisN,Practice_loop.thisIndex,Practice_loop.ran,ImageFile,Condition,CorrAns,Your initials,What is your age?,What is your gender?,What year are you in?,Are you Dyslexic? (Y/N),Are you bi/multilingual? (Y/N),What is your first language?,"What is your second language? (if you are monollingual, leave blank)",What other languages do you speak?,date,expName,psychopyVersion,OS,frameRate,Space3.keys,Space3.rt,key_resp_2.keys,key_resp_2.corr,key_resp_2.rt,trials.thisRepN,trials.thisTrialN,trials.thisN,trials.thisIndex,trials.ran,Space4.keys,Space4.rt,trials_2.thisRepN,trials_2.thisTrialN,trials_2.thisN,trials_2.thisIndex,trials_2.ran
space,2.058,space,11.155,z,1,1.07,0,0,0,0,1,Images/CongruentLeft.jpeg,Congruent Left,z,P,30,M,2021,N,,,,,2021-04-19_18h21.30.809,Tse_Altarriba_Simon1,2020.1.2,Win32,60,,,,,,,,,,,,,,,,,
,,,,m,1,0.536,0,1,1,3,1,Images/CongruentRight.jpeg,Congruent Right,m,P,30,M,2021,N,,,,,2021-04-19_18h21.30.809,Tse_Altarriba_Simon1,2020.1.2,Win32,60,,,,,,,,,,,,,,,,,
,,,,z,1,0.666,0,2,2,9,1,Images/NeutralLeft.jpeg,Neutral Left,z,P,30,M,2021,N,,,,,2021-04-19_18h21.30.809,Tse_Altarriba_Simon1,2020.1.2,Win32,60,,,,,,,,,,,,,,,,,
,,,,z,1,0.527,0,3,3,1,1,Images/CongruentLeft.jpeg,Congruent Left,z,P,30,M,2021,N,,,,,2021-04-19_18h21.30.809,Tse_Altarriba_Simon1,2020.1.2,Win32,60,,,,,,,,,,,,,,,,,
,,,,m,1,0.506,0,4,4,11,1,Images/NeurtalRight.jpeg,Neutral Right,m,P,30,M,2021,N,,,,,2021-04-19_18h21.30.809,Tse_Altarriba_Simon1,2020.1.2,Win32,60,,,,,,,,,,,,,,,,,
,,,,m,1,0.422,0,5,5,10,1,Images/NeurtalRight.jpeg,Neutral Right,m,P,30,M,2021,N,,,,,2021-04-19_18h21.30.809,Tse_Altarriba_Simon1,2020.1.2,Win32,60,,,,,,,,,,,,,,,,,
,,,,m,1,0.506,0,6,6,6,1,Images/IncongruentRight.jpeg,Incongruent Right,m,P,30,M,2021,N,,,,,2021-04-19_18h21.30.809,Tse_Altarriba_Simon1,2020.1.2,Win32,60,,,,,,,,,,,,,,,,,
,,,,m,1,0.393,0,7,7,2,1,Images/CongruentRight.jpeg,Congruent Right,m,P,30,M,2021,N,,,,,2021-04-19_18h21.30.809,Tse_Altarriba_Simon1,2020.1.2,Win32,60,,,,,,,,,,,,,,,,,
,,,,m,1,0.409,0,8,8,7,1,Images/IncongruentRight.jpeg,Incongruent Right,m,P,30,M,2021,N,,,,,2021-04-19_18h21.30.809,Tse_Altarriba_Simon1,2020.1.2,Win32,60,,,,,,,,,,,,,,,,,
,,,,z,1,0.442,0,9,9,8,1,Images/NeutralLeft.jpeg,Neutral Left,z,P,30,M,2021,N,,,,,2021-04-19_18h21.30.809,Tse_Altarriba_Simon1,2020.1.2,Win32,60,,,,,,,,,,,,,,,,,
,,,,m,0,0.428,0,10,10,5,1,Images/IncongruentLeft.jpeg,Incongruent Left,z,P,30,M,2021,N,,,,,2021-04-19_18h21.30.809,Tse_Altarriba_Simon1,2020.1.2,Win32,60,,,,,,,,,,,,,,,,,
,,,,m,0,0.394,0,11,11,4,1,Images/IncongruentLeft.jpeg,Incongruent Left,z,P,30,M,2021,N,,,,,2021-04-19_18h21.30.809,Tse_Altarriba_Simon1,2020.1.2,Win32,60,,,,,,,,,,,,,,,,,
,,,,,,,,,,,,Images/CongruentRight.jpeg,Congruent Right,m,P,30,M,2021,N,,,,,2021-04-19_18h21.30.809,Tse_Altarriba_Simon1,2020.1.2,Win32,60,space,3.42,m,1,0.695,0,0,0,16,1,,,,,,,
,,,,,,,,,,,,Images/IncongruentRight.jpeg,Incongruent Right,m,P,30,M,2021,N,,,,,2021-04-19_18h21.30.809,Tse_Altarriba_Simon1,2020.1.2,Win32,60,,,m,1,0.576,0,1,1,33,1,,,,,,,
,,,,,,,,,,,,Images/NeurtalRight.jpeg,Neutral Right,m,P,30,M,2021,N,,,,,2021-04-19_18h21.30.809,Tse_Altarriba_Simon1,2020.1.2,Win32,60,,,m,1,0.509,0,2,2,55,1,,,,,,,
,,,,,,,,,,,,Images/CongruentLeft.jpeg,Congruent Left,z,P,30,M,2021,N,,,,,2021-04-19_18h21.30.809,Tse_Altarriba_Simon1,2020.1.2,Win32,60,,,z,1,0.477,0,3,3,1,1,,,,,,,
,,,,,,,,,,,,Images/IncongruentLeft.jpeg,Incongruent Left,z,P,30,M,2021,N,,,,,2021-04-19_18h21.30.809,Tse_Altarriba_Simon1,2020.1.2,Win32,60,,,z,1,0.543,0,4,4,28,1,,,,,,,
,,,,,,,,,,,,Images/IncongruentRight.jpeg,Incongruent Right,m,P,30,M,2021,N,,,,,2021-04-19_18h21.30.809,Tse_Altarriba_Simon1,2020.1.2,Win32,60,,,m,1,0.578,0,5,5,31,1,,,,,,,
,,,,,,,,,,,,Images/CongruentRight.jpeg,Congruent Right,m,P,30,M,2021,N,,,,,2021-04-19_18h21.30.809,Tse_Altarriba_Simon1,2020.1.2,Win32,60,,,m,1,0.411,0,6,6,17,1,,,,,,,
,,,,,,,,,,,,Images/IncongruentLeft.jpeg,Incongruent Left,z,P,30,M,2021,N,,,,,2021-04-19_18h21.30.809,Tse_Altarriba_Simon1,2020.1.2,Win32,60,,,z,1,0.427,0,7,7,26,1,,,,,,,
,,,,,,,,,,,,Images/NeurtalRight.jpeg,Neutral Right,m,P,30,M,2021,N,,,,,2021-04-19_18h21.30.809,Tse_Altarriba_Simon1,2020.1.2,Win32,60,,,m,1,0.413,0,8,8,51,1,,,,,,,
,,,,,,,,,,,,Images/NeurtalRight.jpeg,Neutral Right,m,P,30,M,2021,N,,,,,2021-04-19_18h21.30.809,Tse_Altarriba_Simon1,2020.1.2,Win32,60,,,m,1,0.513,0,9,9,59,1,,,,,,,
,,,,,,,,,,,,Images/IncongruentRight.jpeg,Incongruent Right,m,P,30,M,2021,N,,,,,2021-04-19_18h21.30.809,Tse_Altarriba_Simon1,2020.1.2,Win32,60,,,z,0,0.401,0,10,10,32,1,,,,,,,
,,,,,,,,,,,,Images/IncongruentLeft.jpeg,Incongruent Left,z,P,30,M,2021,N,,,,,2021-04-19_18h21.30.809,Tse_Altarriba_Simon1,2020.1.2,Win32,60,,,z,1,0.644,0,11,11,21,1,,,,,,,
,,,,,,,,,,,,Images/NeurtalRight.jpeg,Neutral Right,m,P,30,M,2021,N,,,,,2021-04-19_18h21.30.809,Tse_Altarriba_Simon1,2020.1.2,Win32,60,,,m,1,0.482,0,12,12,57,1,,,,,,,
,,,,,,,,,,,,Images/NeutralLeft.jpeg,Neutral Left,z,P,30,M,2021,N,,,,,2021-04-19_18h21.30.809,Tse_Altarriba_Simon1,2020.1.2,Win32,60,,,z,1,0.621,0,13,13,48,1,,,,,,,
,,,,,,,,,,,,Images/CongruentRight.jpeg,Congruent Right,m,P,30,M,2021,N,,,,,2021-04-19_18h21.30.809,Tse_Altarriba_Simon1,2020.1.2,Win32,60,,,m,1,0.479,0,14,14,12,1,,,,,,,
,,,,,,,,,,,,Images/CongruentRight.jpeg,Congruent Right,m,P,30,M,2021,N,,,,,2021-04-19_18h21.30.809,Tse_Altarriba_Simon1,2020.1.2,Win32,60,,,m,1,0.449,0,15,15,10,1,,,,,,,
,,,,,,,,,,,,Images/IncongruentLeft.jpeg,Incongruent Left,z,P,30,M,2021,N,,,,,2021-04-19_18h21.30.809,Tse_Altarriba_Simon1,2020.1.2,Win32,60,,,z,1,0.51,0,16,16,22,1,,,,,,,
,,,,,,,,,,,,Images/NeutralLeft.jpeg,Neutral Left,z,P,30,M,2021,N,,,,,2021-04-19_18h21.30.809,Tse_Altarriba_Simon1,2020.1.2,Win32,60,,,z,1,0.416,0,17,17,47,1,,,,,,,
,,,,,,,,,,,,Images/NeutralLeft.jpeg,Neutral Left,z,P,30,M,2021,N,,,,,2021-04-19_18h21.30.809,Tse_Altarriba_Simon1,2020.1.2,Win32,60,,,z,1,0.412,0,18,18,43,1,,,,,,,
,,,,,,,,,,,,Images/IncongruentLeft.jpeg,Incongruent Left,z,P,30,M,2021,N,,,,,2021-04-19_18h21.30.809,Tse_Altarriba_Simon1,2020.1.2,Win32,60,,,z,1,0.539,0,19,19,20,1,,,,,,,
,,,,,,,,,,,,Images/NeurtalRight.jpeg,Neutral Right,m,P,30,M,2021,N,,,,,2021-04-19_18h21.30.809,Tse_Altarriba_Simon1,2020.1.2,Win32,60,,,m,1,0.465,0,20,20,52,1,,,,,,,
,,,,,,,,,,,,Images/CongruentLeft.jpeg,Congruent Left,z,P,30,M,2021,N,,,,,2021-04-19_18h21.30.809,Tse_Altarriba_Simon1,2020.1.2,Win32,60,,,z,1,0.497,0,21,21,8,1,,,,,,,
,,,,,,,,,,,,Images/CongruentRight.jpeg,Congruent Right,m,P,30,M,2021,N,,,,,2021-04-19_18h21.30.809,Tse_Altarriba_Simon1,2020.1.2,Win32,60,,,m,1,0.464,0,22,22,13,1,,,,,,,
,,,,,,,,,,,,Images/NeurtalRight.jpeg,Neutral Right,m,P,30,M,2021,N,,,,,2021-04-19_18h21.30.809,Tse_Altarriba_Simon1,2020.1.2,Win32,60,,,m,1,0.411,0,23,23,58,1,,,,,,,
,,,,,,,,,,,,Images/NeutralLeft.jpeg,Neutral Left,z,P,30,M,2021,N,,,,,2021-04-19_18h21.30.809,Tse_Altarriba_Simon1,2020.1.2,Win32,60,,,z,1,0.433,0,24,24,44,1,,,,,,,
,,,,,,,,,,,,Images/CongruentLeft.jpeg,Congruent Left,z,P,30,M,2021,N,,,,,2021-04-19_18h21.30.809,Tse_Altarriba_Simon1,2020.1.2,Win32,60,,,z,1,0.428,0,25,25,6,1,,,,,,,
,,,,,,,,,,,,Images/NeutralLeft.jpeg,Neutral Left,z,P,30,M,2021,N,,,,,2021-04-19_18h21.30.809,Tse_Altarriba_Simon1,2020.1.2,Win32,60,,,z,1,0.42,0,26,26,46,1,,,,,,,
,,,,,,,,,,,,Images/NeutralLeft.jpeg,Neutral Left,z,P,30,M,2021,N,,,,,2021-04-19_18h21.30.809,Tse_Altarriba_Simon1,2020.1.2,Win32,60,,,z,1,0.397,0,27,27,42,1,,,,,,,
,,,,,,,,,,,,Images/IncongruentRight.jpeg,Incongruent Right,m,P,30,M,2021,N,,,,,2021-04-19_18h21.30.809,Tse_Altarriba_Simon1,2020.1.2,Win32,60,,,m,1,0.446,0,28,28,35,1,,,,,,,
,,,,,,,,,,,,Images/CongruentLeft.jpeg,Congruent Left,z,P,30,M,2021,N,,,,,2021-04-19_18h21.30.809,Tse_Altarriba_Simon1,2020.1.2,Win32,60,,,z,1,0.414,0,29,29,9,1,,,,,,,
,,,,,,,,,,,,Images/NeurtalRight.jpeg,Neutral Right,m,P,30,M,2021,N,,,,,2021-04-19_18h21.30.809,Tse_Altarriba_Simon1,2020.1.2,Win32,60,,,m,1,0.399,0,30,30,50,1,,,,,,,
,,,,,,,,,,,,Images/IncongruentLeft.jpeg,Incongruent Left,z,P,30,M,2021,N,,,,,2021-04-19_18h21.30.809,Tse_Altarriba_Simon1,2020.1.2,Win32,60,,,z,1,0.466,0,31,31,29,1,,,,,,,
,,,,,,,,,,,,Images/CongruentRight.jpeg,Congruent Right,m,P,30,M,2021,N,,,,,2021-04-19_18h21.30.809,Tse_Altarriba_Simon1,2020.1.2,Win32,60,,,m,1,0.399,0,32,32,15,1,,,,,,,
,,,,,,,,,,,,Images/NeurtalRight.jpeg,Neutral Right,m,P,30,M,2021,N,,,,,2021-04-19_18h21.30.809,Tse_Altarriba_Simon1,2020.1.2,Win32,60,,,m,1,0.405,0,33,33,53,1,,,,,,,
,,,,,,,,,,,,Images/NeutralLeft.jpeg,Neutral Left,z,P,30,M,2021,N,,,,,2021-04-19_18h21.30.809,Tse_Altarriba_Simon1,2020.1.2,Win32,60,,,z,1,0.391,0,34,34,49,1,,,,,,,
,,,,,,,,,,,,Images/CongruentRight.jpeg,Congruent Right,m,P,30,M,2021,N,,,,,2021-04-19_18h21.30.809,Tse_Altarriba_Simon1,2020.1.2,Win32,60,,,m,1,0.366,0,35,35,18,1,,,,,,,
,,,,,,,,,,,,Images/CongruentLeft.jpeg,Congruent Left,z,P,30,M,2021,N,,,,,2021-04-19_18h21.30.809,Tse_Altarriba_Simon1,2020.1.2,Win32,60,,,z,1,0.43,0,36,36,7,1,,,,,,,
,,,,,,,,,,,,Images/NeutralLeft.jpeg,Neutral Left,z,P,30,M,2021,N,,,,,2021-04-19_18h21.30.809,Tse_Altarriba_Simon1,2020.1.2,Win32,60,,,z,1,0.412,0,37,37,45,1,,,,,,,
,,,,,,,,,,,,Images/IncongruentRight.jpeg,Incongruent Right,m,P,30,M,2021,N,,,,,2021-04-19_18h21.30.809,Tse_Altarriba_Simon1,2020.1.2,Win32,60,,,m,1,0.483,0,38,38,30,1,,,,,,,
,,,,,,,,,,,,Images/IncongruentLeft.jpeg,Incongruent Left,z,P,30,M,2021,N,,,,,2021-04-19_18h21.30.809,Tse_Altarriba_Simon1,2020.1.2,Win32,60,,,z,1,0.401,0,39,39,27,1,,,,,,,
,,,,,,,,,,,,Images/NeutralLeft.jpeg,Neutral Left,z,P,30,M,2021,N,,,,,2021-04-19_18h21.30.809,Tse_Altarriba_Simon1,2020.1.2,Win32,60,,,z,1,0.398,0,40,40,41,1,,,,,,,
,,,,,,,,,,,,Images/CongruentLeft.jpeg,Congruent Left,z,P,30,M,2021,N,,,,,2021-04-19_18h21.30.809,Tse_Altarriba_Simon1,2020.1.2,Win32,60,,,z,1,0.432,0,41,41,3,1,,,,,,,
,,,,,,,,,,,,Images/IncongruentRight.jpeg,Incongruent Right,m,P,30,M,2021,N,,,,,2021-04-19_18h21.30.809,Tse_Altarriba_Simon1,2020.1.2,Win32,60,,,m,1,0.479,0,42,42,37,1,,,,,,,
,,,,,,,,,,,,Images/CongruentLeft.jpeg,Congruent Left,z,P,30,M,2021,N,,,,,2021-04-19_18h21.30.809,Tse_Altarriba_Simon1,2020.1.2,Win32,60,,,z,1,0.409,0,43,43,4,1,,,,,,,
,,,,,,,,,,,,Images/NeurtalRight.jpeg,Neutral Right,m,P,30,M,2021,N,,,,,2021-04-19_18h21.30.809,Tse_Altarriba_Simon1,2020.1.2,Win32,60,,,m,1,0.45,0,44,44,56,1,,,,,,,
,,,,,,,,,,,,Images/NeutralLeft.jpeg,Neutral Left,z,P,30,M,2021,N,,,,,2021-04-19_18h21.30.809,Tse_Altarriba_Simon1,2020.1.2,Win32,60,,,z,1,0.431,0,45,45,40,1,,,,,,,
,,,,,,,,,,,,Images/IncongruentLeft.jpeg,Incongruent Left,z,P,30,M,2021,N,,,,,2021-04-19_18h21.30.809,Tse_Altarriba_Simon1,2020.1.2,Win32,60,,,z,1,0.42,0,46,46,23,1,,,,,,,
,,,,,,,,,,,,Images/IncongruentRight.jpeg,Incongruent Right,m,P,30,M,2021,N,,,,,2021-04-19_18h21.30.809,Tse_Altarriba_Simon1,2020.1.2,Win32,60,,,m,1,0.381,0,47,47,34,1,,,,,,,
,,,,,,,,,,,,Images/CongruentLeft.jpeg,Congruent Left,z,P,30,M,2021,N,,,,,2021-04-19_18h21.30.809,Tse_Altarriba_Simon1,2020.1.2,Win32,60,,,z,1,0.513,0,48,48,5,1,,,,,,,
,,,,,,,,,,,,Images/IncongruentRight.jpeg,Incongruent Right,m,P,30,M,2021,N,,,,,2021-04-19_18h21.30.809,Tse_Altarriba_Simon1,2020.1.2,Win32,60,,,m,1,0.527,0,49,49,36,1,,,,,,,
,,,,,,,,,,,,Images/CongruentRight.jpeg,Congruent Right,m,P,30,M,2021,N,,,,,2021-04-19_18h21.30.809,Tse_Altarriba_Simon1,2020.1.2,Win32,60,,,m,1,0.367,0,50,50,14,1,,,,,,,
,,,,,,,,,,,,Images/IncongruentRight.jpeg,Incongruent Right,m,P,30,M,2021,N,,,,,2021-04-19_18h21.30.809,Tse_Altarriba_Simon1,2020.1.2,Win32,60,,,z,0,0.391,0,51,51,39,1,,,,,,,
,,,,,,,,,,,,Images/IncongruentLeft.jpeg,Incongruent Left,z,P,30,M,2021,N,,,,,2021-04-19_18h21.30.809,Tse_Altarriba_Simon1,2020.1.2,Win32,60,,,m,0,0.38,0,52,52,24,1,,,,,,,
,,,,,,,,,,,,Images/IncongruentLeft.jpeg,Incongruent Left,z,P,30,M,2021,N,,,,,2021-04-19_18h21.30.809,Tse_Altarriba_Simon1,2020.1.2,Win32,60,,,z,1,0.467,0,53,53,25,1,,,,,,,
,,,,,,,,,,,,Images/CongruentLeft.jpeg,Congruent Left,z,P,30,M,2021,N,,,,,2021-04-19_18h21.30.809,Tse_Altarriba_Simon1,2020.1.2,Win32,60,,,z,1,0.412,0,54,54,0,1,,,,,,,
,,,,,,,,,,,,Images/NeurtalRight.jpeg,Neutral Right,m,P,30,M,2021,N,,,,,2021-04-19_18h21.30.809,Tse_Altarriba_Simon1,2020.1.2,Win32,60,,,m,1,0.404,0,55,55,54,1,,,,,,,
,,,,,,,,,,,,Images/CongruentLeft.jpeg,Congruent Left,z,P,30,M,2021,N,,,,,2021-04-19_18h21.30.809,Tse_Altarriba_Simon1,2020.1.2,Win32,60,,,z,1,0.35,0,56,56,2,1,,,,,,,
,,,,,,,,,,,,Images/CongruentRight.jpeg,Congruent Right,m,P,30,M,2021,N,,,,,2021-04-19_18h21.30.809,Tse_Altarriba_Simon1,2020.1.2,Win32,60,,,m,1,0.367,0,57,57,11,1,,,,,,,
,,,,,,,,,,,,Images/IncongruentRight.jpeg,Incongruent Right,m,P,30,M,2021,N,,,,,2021-04-19_18h21.30.809,Tse_Altarriba_Simon1,2020.1.2,Win32,60,,,m,1,0.463,0,58,58,38,1,,,,,,,
,,,,,,,,,,,,Images/CongruentRight.jpeg,Congruent Right,m,P,30,M,2021,N,,,,,2021-04-19_18h21.30.809,Tse_Altarriba_Simon1,2020.1.2,Win32,60,,,m,1,0.363,0,59,59,19,1,,,,,,,
,,,,,,,,,,,,Images/CongruentLeft.jpeg,Congruent Left,z,P,30,M,2021,N,,,,,2021-04-19_18h21.30.809,Tse_Altarriba_Simon1,2020.1.2,Win32,60,,,z,1,0.447,,,,,,space,1.44,0,0,0,4,1
,,,,,,,,,,,,Images/CongruentLeft.jpeg,Congruent Left,z,P,30,M,2021,N,,,,,2021-04-19_18h21.30.809,Tse_Altarriba_Simon1,2020.1.2,Win32,60,,,z,1,0.398,,,,,,,,0,1,1,3,1
,,,,,,,,,,,,Images/IncongruentRight.jpeg,Incongruent Right,m,P,30,M,2021,N,,,,,2021-04-19_18h21.30.809,Tse_Altarriba_Simon1,2020.1.2,Win32,60,,,m,1,0.616,,,,,,,,0,2,2,32,1
,,,,,,,,,,,,Images/IncongruentLeft.jpeg,Incongruent Left,z,P,30,M,2021,N,,,,,2021-04-19_18h21.30.809,Tse_Altarriba_Simon1,2020.1.2,Win32,60,,,z,1,0.471,,,,,,,,0,3,3,26,1
,,,,,,,,,,,,Images/NeutralLeft.jpeg,Neutral Left,z,P,30,M,2021,N,,,,,2021-04-19_18h21.30.809,Tse_Altarriba_Simon1,2020.1.2,Win32,60,,,z,1,0.392,,,,,,,,0,4,4,43,1
,,,,,,,,,,,,Images/NeutralLeft.jpeg,Neutral Left,z,P,30,M,2021,N,,,,,2021-04-19_18h21.30.809,Tse_Altarriba_Simon1,2020.1.2,Win32,60,,,z,1,0.379,,,,,,,,0,5,5,48,1
,,,,,,,,,,,,Images/IncongruentRight.jpeg,Incongruent Right,m,P,30,M,2021,N,,,,,2021-04-19_18h21.30.809,Tse_Altarriba_Simon1,2020.1.2,Win32,60,,,m,1,0.417,,,,,,,,0,6,6,39,1
,,,,,,,,,,,,Images/IncongruentLeft.jpeg,Incongruent Left,z,P,30,M,2021,N,,,,,2021-04-19_18h21.30.809,Tse_Altarriba_Simon1,2020.1.2,Win32,60,,,z,1,0.412,,,,,,,,0,7,7,20,1
,,,,,,,,,,,,Images/CongruentLeft.jpeg,Congruent Left,z,P,30,M,2021,N,,,,,2021-04-19_18h21.30.809,Tse_Altarriba_Simon1,2020.1.2,Win32,60,,,z,1,0.462,,,,,,,,0,8,8,5,1
,,,,,,,,,,,,Images/IncongruentRight.jpeg,Incongruent Right,m,P,30,M,2021,N,,,,,2021-04-19_18h21.30.809,Tse_Altarriba_Simon1,2020.1.2,Win32,60,,,m,1,0.466,,,,,,,,0,9,9,34,1
,,,,,,,,,,,,Images/CongruentRight.jpeg,Congruent Right,m,P,30,M,2021,N,,,,,2021-04-19_18h21.30.809,Tse_Altarriba_Simon1,2020.1.2,Win32,60,,,m,1,0.448,,,,,,,,0,10,10,18,1
,,,,,,,,,,,,Images/NeurtalRight.jpeg,Neutral Right,m,P,30,M,2021,N,,,,,2021-04-19_18h21.30.809,Tse_Altarriba_Simon1,2020.1.2,Win32,60,,,m,1,0.415,,,,,,,,0,11,11,53,1
,,,,,,,,,,,,Images/NeurtalRight.jpeg,Neutral Right,m,P,30,M,2021,N,,,,,2021-04-19_18h21.30.809,Tse_Altarriba_Simon1,2020.1.2,Win32,60,,,m,1,0.483,,,,,,,,0,12,12,54,1
,,,,,,,,,,,,Images/CongruentLeft.jpeg,Congruent Left,z,P,30,M,2021,N,,,,,2021-04-19_18h21.30.809,Tse_Altarriba_Simon1,2020.1.2,Win32,60,,,z,1,0.416,,,,,,,,0,13,13,6,1
,,,,,,,,,,,,Images/IncongruentLeft.jpeg,Incongruent Left,z,P,30,M,2021,N,,,,,2021-04-19_18h21.30.809,Tse_Altarriba_Simon1,2020.1.2,Win32,60,,,m,0,0.381,,,,,,,,0,14,14,28,1
,,,,,,,,,,,,Images/CongruentRight.jpeg,Congruent Right,m,P,30,M,2021,N,,,,,2021-04-19_18h21.30.809,Tse_Altarriba_Simon1,2020.1.2,Win32,60,,,m,1,0.348,,,,,,,,0,15,15,13,1
,,,,,,,,,,,,Images/IncongruentLeft.jpeg,Incongruent Left,z,P,30,M,2021,N,,,,,2021-04-19_18h21.30.809,Tse_Altarriba_Simon1,2020.1.2,Win32,60,,,z,1,0.43,,,,,,,,0,16,16,27,1
,,,,,,,,,,,,Images/NeutralLeft.jpeg,Neutral Left,z,P,30,M,2021,N,,,,,2021-04-19_18h21.30.809,Tse_Altarriba_Simon1,2020.1.2,Win32,60,,,z,1,0.398,,,,,,,,0,17,17,41,1
,,,,,,,,,,,,Images/NeutralLeft.jpeg,Neutral Left,z,P,30,M,2021,N,,,,,2021-04-19_18h21.30.809,Tse_Altarriba_Simon1,2020.1.2,Win32,60,,,z,1,0.362,,,,,,,,0,18,18,40,1
,,,,,,,,,,,,Images/IncongruentRight.jpeg,Incongruent Right,m,P,30,M,2021,N,,,,,2021-04-19_18h21.30.809,Tse_Altarriba_Simon1,2020.1.2,Win32,60,,,m,1,0.381,,,,,,,,0,19,19,33,1
,,,,,,,,,,,,Images/NeurtalRight.jpeg,Neutral Right,m,P,30,M,2021,N,,,,,2021-04-19_18h21.30.809,Tse_Altarriba_Simon1,2020.1.2,Win32,60,,,m,1,0.386,,,,,,,,0,20,20,58,1
,,,,,,,,,,,,Images/NeurtalRight.jpeg,Neutral Right,m,P,30,M,2021,N,,,,,2021-04-19_18h21.30.809,Tse_Altarriba_Simon1,2020.1.2,Win32,60,,,m,1,0.381,,,,,,,,0,21,21,57,1
,,,,,,,,,,,,Images/CongruentLeft.jpeg,Congruent Left,z,P,30,M,2021,N,,,,,2021-04-19_18h21.30.809,Tse_Altarriba_Simon1,2020.1.2,Win32,60,,,z,1,0.415,,,,,,,,0,22,22,7,1
,,,,,,,,,,,,Images/CongruentRight.jpeg,Congruent Right,m,P,30,M,2021,N,,,,,2021-04-19_18h21.30.809,Tse_Altarriba_Simon1,2020.1.2,Win32,60,,,m,1,0.446,,,,,,,,0,23,23,19,1
,,,,,,,,,,,,Images/NeutralLeft.jpeg,Neutral Left,z,P,30,M,2021,N,,,,,2021-04-19_18h21.30.809,Tse_Altarriba_Simon1,2020.1.2,Win32,60,,,z,1,0.397,,,,,,,,0,24,24,42,1
,,,,,,,,,,,,Images/IncongruentLeft.jpeg,Incongruent Left,z,P,30,M,2021,N,,,,,2021-04-19_18h21.30.809,Tse_Altarriba_Simon1,2020.1.2,Win32,60,,,z,1,0.464,,,,,,,,0,25,25,25,1
,,,,,,,,,,,,Images/IncongruentLeft.jpeg,Incongruent Left,z,P,30,M,2021,N,,,,,2021-04-19_18h21.30.809,Tse_Altarriba_Simon1,2020.1.2,Win32,60,,,z,1,0.432,,,,,,,,0,26,26,22,1
,,,,,,,,,,,,Images/CongruentRight.jpeg,Congruent Right,m,P,30,M,2021,N,,,,,2021-04-19_18h21.30.809,Tse_Altarriba_Simon1,2020.1.2,Win32,60,,,m,1,0.402,,,,,,,,0,27,27,10,1
,,,,,,,,,,,,Images/IncongruentLeft.jpeg,Incongruent Left,z,P,30,M,2021,N,,,,,2021-04-19_18h21.30.809,Tse_Altarriba_Simon1,2020.1.2,Win32,60,,,z,1,0.608,,,,,,,,0,28,28,23,1
,,,,,,,,,,,,Images/IncongruentRight.jpeg,Incongruent Right,m,P,30,M,2021,N,,,,,2021-04-19_18h21.30.809,Tse_Altarriba_Simon1,2020.1.2,Win32,60,,,m,1,0.469,,,,,,,,0,29,29,38,1
,,,,,,,,,,,,Images/NeutralLeft.jpeg,Neutral Left,z,P,30,M,2021,N,,,,,2021-04-19_18h21.30.809,Tse_Altarriba_Simon1,2020.1.2,Win32,60,,,z,1,0.381,,,,,,,,0,30,30,47,1
,,,,,,,,,,,,Images/NeurtalRight.jpeg,Neutral Right,m,P,30,M,2021,N,,,,,2021-04-19_18h21.30.809,Tse_Altarriba_Simon1,2020.1.2,Win32,60,,,m,1,0.412,,,,,,,,0,31,31,59,1
,,,,,,,,,,,,Images/IncongruentRight.jpeg,Incongruent Right,m,P,30,M,2021,N,,,,,2021-04-19_18h21.30.809,Tse_Altarriba_Simon1,2020.1.2,Win32,60,,,m,1,0.419,,,,,,,,0,32,32,30,1
,,,,,,,,,,,,Images/IncongruentRight.jpeg,Incongruent Right,m,P,30,M,2021,N,,,,,2021-04-19_18h21.30.809,Tse_Altarriba_Simon1,2020.1.2,Win32,60,,,m,1,0.399,,,,,,,,0,33,33,37,1
,,,,,,,,,,,,Images/CongruentRight.jpeg,Congruent Right,m,P,30,M,2021,N,,,,,2021-04-19_18h21.30.809,Tse_Altarriba_Simon1,2020.1.2,Win32,60,,,m,1,0.38,,,,,,,,0,34,34,15,1
,,,,,,,,,,,,Images/IncongruentLeft.jpeg,Incongruent Left,z,P,30,M,2021,N,,,,,2021-04-19_18h21.30.809,Tse_Altarriba_Simon1,2020.1.2,Win32,60,,,z,1,0.385,,,,,,,,0,35,35,29,1
,,,,,,,,,,,,Images/NeutralLeft.jpeg,Neutral Left,z,P,30,M,2021,N,,,,,2021-04-19_18h21.30.809,Tse_Altarriba_Simon1,2020.1.2,Win32,60,,,z,1,0.408,,,,,,,,0,36,36,46,1
,,,,,,,,,,,,Images/CongruentRight.jpeg,Congruent Right,m,P,30,M,2021,N,,,,,2021-04-19_18h21.30.809,Tse_Altarriba_Simon1,2020.1.2,Win32,60,,,m,1,0.337,,,,,,,,0,37,37,11,1
,,,,,,,,,,,,Images/NeutralLeft.jpeg,Neutral Left,z,P,30,M,2021,N,,,,,2021-04-19_18h21.30.809,Tse_Altarriba_Simon1,2020.1.2,Win32,60,,,z,1,0.419,,,,,,,,0,38,38,49,1
,,,,,,,,,,,,Images/NeurtalRight.jpeg,Neutral Right,m,P,30,M,2021,N,,,,,2021-04-19_18h21.30.809,Tse_Altarriba_Simon1,2020.1.2,Win32,60,,,m,1,0.451,,,,,,,,0,39,39,51,1
,,,,,,,,,,,,Images/CongruentLeft.jpeg,Congruent Left,z,P,30,M,2021,N,,,,,2021-04-19_18h21.30.809,Tse_Altarriba_Simon1,2020.1.2,Win32,60,,,z,1,0.365,,,,,,,,0,40,40,0,1
,,,,,,,,,,,,Images/CongruentRight.jpeg,Congruent Right,m,P,30,M,2021,N,,,,,2021-04-19_18h21.30.809,Tse_Altarriba_Simon1,2020.1.2,Win32,60,,,m,1,0.387,,,,,,,,0,41,41,14,1
,,,,,,,,,,,,Images/NeutralLeft.jpeg,Neutral Left,z,P,30,M,2021,N,,,,,2021-04-19_18h21.30.809,Tse_Altarriba_Simon1,2020.1.2,Win32,60,,,z,1,0.397,,,,,,,,0,42,42,45,1
,,,,,,,,,,,,Images/CongruentRight.jpeg,Congruent Right,m,P,30,M,2021,N,,,,,2021-04-19_18h21.30.809,Tse_Altarriba_Simon1,2020.1.2,Win32,60,,,m,1,0.346,,,,,,,,0,43,43,17,1
,,,,,,,,,,,,Images/CongruentLeft.jpeg,Congruent Left,z,P,30,M,2021,N,,,,,2021-04-19_18h21.30.809,Tse_Altarriba_Simon1,2020.1.2,Win32,60,,,z,1,0.48,,,,,,,,0,44,44,8,1
,,,,,,,,,,,,Images/NeurtalRight.jpeg,Neutral Right,m,P,30,M,2021,N,,,,,2021-04-19_18h21.30.809,Tse_Altarriba_Simon1,2020.1.2,Win32,60,,,m,1,0.354,,,,,,,,0,45,45,52,1
,,,,,,,,,,,,Images/IncongruentRight.jpeg,Incongruent Right,m,P,30,M,2021,N,,,,,2021-04-19_18h21.30.809,Tse_Altarriba_Simon1,2020.1.2,Win32,60,,,m,1,0.477,,,,,,,,0,46,46,36,1
,,,,,,,,,,,,Images/NeutralLeft.jpeg,Neutral Left,z,P,30,M,2021,N,,,,,2021-04-19_18h21.30.809,Tse_Altarriba_Simon1,2020.1.2,Win32,60,,,z,1,0.398,,,,,,,,0,47,47,44,1
,,,,,,,,,,,,Images/NeurtalRight.jpeg,Neutral Right,m,P,30,M,2021,N,,,,,2021-04-19_18h21.30.809,Tse_Altarriba_Simon1,2020.1.2,Win32,60,,,m,1,0.344,,,,,,,,0,48,48,55,1
,,,,,,,,,,,,Images/IncongruentRight.jpeg,Incongruent Right,m,P,30,M,2021,N,,,,,2021-04-19_18h21.30.809,Tse_Altarriba_Simon1,2020.1.2,Win32,60,,,m,1,0.486,,,,,,,,0,49,49,31,1
,,,,,,,,,,,,Images/IncongruentLeft.jpeg,Incongruent Left,z,P,30,M,2021,N,,,,,2021-04-19_18h21.30.809,Tse_Altarriba_Simon1,2020.1.2,Win32,60,,,z,1,0.421,,,,,,,,0,50,50,21,1
,,,,,,,,,,,,Images/CongruentLeft.jpeg,Congruent Left,z,P,30,M,2021,N,,,,,2021-04-19_18h21.30.809,Tse_Altarriba_Simon1,2020.1.2,Win32,60,,,z,1,0.473,,,,,,,,0,51,51,9,1
,,,,,,,,,,,,Images/IncongruentRight.jpeg,Incongruent Right,m,P,30,M,2021,N,,,,,2021-04-19_18h21.30.809,Tse_Altarriba_Simon1,2020.1.2,Win32,60,,,m,1,0.506,,,,,,,,0,52,52,35,1
,,,,,,,,,,,,Images/IncongruentLeft.jpeg,Incongruent Left,z,P,30,M,2021,N,,,,,2021-04-19_18h21.30.809,Tse_Altarriba_Simon1,2020.1.2,Win32,60,,,z,1,0.434,,,,,,,,0,53,53,24,1
,,,,,,,,,,,,Images/CongruentRight.jpeg,Congruent Right,m,P,30,M,2021,N,,,,,2021-04-19_18h21.30.809,Tse_Altarriba_Simon1,2020.1.2,Win32,60,,,m,1,0.337,,,,,,,,0,54,54,12,1
,,,,,,,,,,,,Images/NeurtalRight.jpeg,Neutral Right,m,P,30,M,2021,N,,,,,2021-04-19_18h21.30.809,Tse_Altarriba_Simon1,2020.1.2,Win32,60,,,m,1,0.39,,,,,,,,0,55,55,56,1
,,,,,,,,,,,,Images/CongruentRight.jpeg,Congruent Right,m,P,30,M,2021,N,,,,,2021-04-19_18h21.30.809,Tse_Altarriba_Simon1,2020.1.2,Win32,60,,,m,1,0.374,,,,,,,,0,56,56,16,1
,,,,,,,,,,,,Images/CongruentLeft.jpeg,Congruent Left,z,P,30,M,2021,N,,,,,2021-04-19_18h21.30.809,Tse_Altarriba_Simon1,2020.1.2,Win32,60,,,z,1,0.417,,,,,,,,0,57,57,2,1
,,,,,,,,,,,,Images/NeurtalRight.jpeg,Neutral Right,m,P,30,M,2021,N,,,,,2021-04-19_18h21.30.809,Tse_Altarriba_Simon1,2020.1.2,Win32,60,,,m,1,0.33,,,,,,,,0,58,58,50,1
,,,,,,,,,,,,Images/CongruentLeft.jpeg,Congruent Left,z,P,30,M,2021,N,,,,,2021-04-19_18h21.30.809,Tse_Altarriba_Simon1,2020.1.2,Win32,60,,,z,1,0.38,,,,,,,,0,59,59,1,1
