Space1.keys,Space1.rt,Space2.keys,Space2.rt,response.keys,response.corr,Practice_loop.thisRepN,Practice_loop.thisTrialN,Practice_loop.thisN,Practice_loop.thisIndex,Practice_loop.ran,ImageFile,Condition,CorrAns,Your initials,What is your age?,What is your gender?,What year are you in?,Are you Dyslexic? (Y/N),Are you bi/multilingual? (Y/N),What is your first language?,"What is your second language? (if you are monollingual, leave blank)",What other languages do you speak?,date,expName,psychopyVersion,OS,frameRate
space,2.235,space,8.771,,0,0,0,0,1,1,Images/CongruentLeft.jpeg,Congruent Left,z,EP,25,F,London,,,,,,2021-03-01_11h54.53.780,Tse_Altarriba_Simon1,2020.1.2,MacIntel,60
,,,,,0,0,1,1,8,1,Images/NeutralLeft.jpeg,Neutral Left,z,EP,25,F,London,,,,,,2021-03-01_11h54.53.780,Tse_Altarriba_Simon1,2020.1.2,MacIntel,60
,,,,,0,0,2,2,11,1,Images/NeurtalRight.jpeg,Neutral Right,m,EP,25,F,London,,,,,,2021-03-01_11h54.53.780,Tse_Altarriba_Simon1,2020.1.2,MacIntel,60
,,,,,0,0,3,3,7,1,Images/IncongruentRight.jpeg,Incongruent Right,m,EP,25,F,London,,,,,,2021-03-01_11h54.53.780,Tse_Altarriba_Simon1,2020.1.2,MacIntel,60
,,,,,0,0,4,4,5,1,Images/IncongruentLeft.jpeg,Incongruent Left,z,EP,25,F,London,,,,,,2021-03-01_11h54.53.780,Tse_Altarriba_Simon1,2020.1.2,MacIntel,60
,,,,,0,0,5,5,6,1,Images/IncongruentRight.jpeg,Incongruent Right,m,EP,25,F,London,,,,,,2021-03-01_11h54.53.780,Tse_Altarriba_Simon1,2020.1.2,MacIntel,60
,,,,,0,0,6,6,9,1,Images/NeutralLeft.jpeg,Neutral Left,z,EP,25,F,London,,,,,,2021-03-01_11h54.53.780,Tse_Altarriba_Simon1,2020.1.2,MacIntel,60
,,,,,0,0,7,7,4,1,Images/IncongruentLeft.jpeg,Incongruent Left,z,EP,25,F,London,,,,,,2021-03-01_11h54.53.780,Tse_Altarriba_Simon1,2020.1.2,MacIntel,60
,,,,,0,0,8,8,2,1,Images/CongruentRight.jpeg,Congruent Right,m,EP,25,F,London,,,,,,2021-03-01_11h54.53.780,Tse_Altarriba_Simon1,2020.1.2,MacIntel,60
,,,,,0,0,9,9,0,1,Images/CongruentLeft.jpeg,Congruent Left,z,EP,25,F,London,,,,,,2021-03-01_11h54.53.780,Tse_Altarriba_Simon1,2020.1.2,MacIntel,60
,,,,,0,0,10,10,10,1,Images/NeurtalRight.jpeg,Neutral Right,m,EP,25,F,London,,,,,,2021-03-01_11h54.53.780,Tse_Altarriba_Simon1,2020.1.2,MacIntel,60
,,,,,0,0,11,11,3,1,Images/CongruentRight.jpeg,Congruent Right,m,EP,25,F,London,,,,,,2021-03-01_11h54.53.780,Tse_Altarriba_Simon1,2020.1.2,MacIntel,60
