Space1.keys,Space1.rt,Space2.keys,Space2.rt,response.keys,response.corr,response.rt,Practice_loop.thisRepN,Practice_loop.thisTrialN,Practice_loop.thisN,Practice_loop.thisIndex,Practice_loop.ran,ImageFile,Condition,CorrAns,Your initials,What is your age?,What is your gender?,What year are you in?,Are you Dyslexic? (Y/N),Are you bi/multilingual? (Y/N),What is your first language?,"What is your second language? (if you are monollingual, leave blank)",What other languages do you speak?,date,expName,psychopyVersion,OS,frameRate,Space3.keys,Space3.rt,key_resp_2.keys,key_resp_2.corr,key_resp_2.rt,trials.thisRepN,trials.thisTrialN,trials.thisN,trials.thisIndex,trials.ran,Space4.keys,Space4.rt,trials_2.thisRepN,trials_2.thisTrialN,trials_2.thisN,trials_2.thisIndex,trials_2.ran
space,2.362,space,12.134,m,1,2.883,0,0,0,10,1,Images/NeurtalRight.jpeg,Neutral Right,m,,,,,,,,,,2021-04-21_15h50.06.958,Tse_Altarriba_Simon1,2020.1.2,MacIntel,60,,,,,,,,,,,,,,,,,
,,,,m,1,2.434,0,1,1,3,1,Images/CongruentRight.jpeg,Congruent Right,m,,,,,,,,,,2021-04-21_15h50.06.958,Tse_Altarriba_Simon1,2020.1.2,MacIntel,60,,,,,,,,,,,,,,,,,
,,,,m,1,1.065,0,2,2,7,1,Images/IncongruentRight.jpeg,Incongruent Right,m,,,,,,,,,,2021-04-21_15h50.06.958,Tse_Altarriba_Simon1,2020.1.2,MacIntel,60,,,,,,,,,,,,,,,,,
,,,,z,1,0.965,0,3,3,1,1,Images/CongruentLeft.jpeg,Congruent Left,z,,,,,,,,,,2021-04-21_15h50.06.958,Tse_Altarriba_Simon1,2020.1.2,MacIntel,60,,,,,,,,,,,,,,,,,
,,,,z,1,0.8,0,4,4,4,1,Images/IncongruentLeft.jpeg,Incongruent Left,z,,,,,,,,,,2021-04-21_15h50.06.958,Tse_Altarriba_Simon1,2020.1.2,MacIntel,60,,,,,,,,,,,,,,,,,
,,,,z,1,0.529,0,5,5,9,1,Images/NeutralLeft.jpeg,Neutral Left,z,,,,,,,,,,2021-04-21_15h50.06.958,Tse_Altarriba_Simon1,2020.1.2,MacIntel,60,,,,,,,,,,,,,,,,,
,,,,z,1,0.369,0,6,6,0,1,Images/CongruentLeft.jpeg,Congruent Left,z,,,,,,,,,,2021-04-21_15h50.06.958,Tse_Altarriba_Simon1,2020.1.2,MacIntel,60,,,,,,,,,,,,,,,,,
,,,,m,1,0.464,0,7,7,2,1,Images/CongruentRight.jpeg,Congruent Right,m,,,,,,,,,,2021-04-21_15h50.06.958,Tse_Altarriba_Simon1,2020.1.2,MacIntel,60,,,,,,,,,,,,,,,,,
,,,,m,0,0.748,0,8,8,5,1,Images/IncongruentLeft.jpeg,Incongruent Left,z,,,,,,,,,,2021-04-21_15h50.06.958,Tse_Altarriba_Simon1,2020.1.2,MacIntel,60,,,,,,,,,,,,,,,,,
,,,,z,1,1.117,0,9,9,8,1,Images/NeutralLeft.jpeg,Neutral Left,z,,,,,,,,,,2021-04-21_15h50.06.958,Tse_Altarriba_Simon1,2020.1.2,MacIntel,60,,,,,,,,,,,,,,,,,
,,,,m,1,0.539,0,10,10,11,1,Images/NeurtalRight.jpeg,Neutral Right,m,,,,,,,,,,2021-04-21_15h50.06.958,Tse_Altarriba_Simon1,2020.1.2,MacIntel,60,,,,,,,,,,,,,,,,,
,,,,z,0,0.781,0,11,11,6,1,Images/IncongruentRight.jpeg,Incongruent Right,m,,,,,,,,,,2021-04-21_15h50.06.958,Tse_Altarriba_Simon1,2020.1.2,MacIntel,60,,,,,,,,,,,,,,,,,
,,,,,,,,,,,,Images/NeutralLeft.jpeg,Neutral Left,z,,,,,,,,,,2021-04-21_15h50.06.958,Tse_Altarriba_Simon1,2020.1.2,MacIntel,60,space,10.526,z,1,1.801,0,0,0,46,1,,,,,,,
,,,,,,,,,,,,Images/CongruentLeft.jpeg,Congruent Left,z,,,,,,,,,,2021-04-21_15h50.06.958,Tse_Altarriba_Simon1,2020.1.2,MacIntel,60,,,z,1,1.882,0,1,1,5,1,,,,,,,
,,,,,,,,,,,,Images/NeutralLeft.jpeg,Neutral Left,z,,,,,,,,,,2021-04-21_15h50.06.958,Tse_Altarriba_Simon1,2020.1.2,MacIntel,60,,,z,1,0.765,0,2,2,40,1,,,,,,,
,,,,,,,,,,,,Images/IncongruentRight.jpeg,Incongruent Right,m,,,,,,,,,,2021-04-21_15h50.06.958,Tse_Altarriba_Simon1,2020.1.2,MacIntel,60,,,m,1,1.215,0,3,3,32,1,,,,,,,
,,,,,,,,,,,,Images/NeurtalRight.jpeg,Neutral Right,m,,,,,,,,,,2021-04-21_15h50.06.958,Tse_Altarriba_Simon1,2020.1.2,MacIntel,60,,,m,1,0.647,0,4,4,59,1,,,,,,,
,,,,,,,,,,,,Images/CongruentRight.jpeg,Congruent Right,m,,,,,,,,,,2021-04-21_15h50.06.958,Tse_Altarriba_Simon1,2020.1.2,MacIntel,60,,,m,1,0.587,0,5,5,16,1,,,,,,,
,,,,,,,,,,,,Images/NeutralLeft.jpeg,Neutral Left,z,,,,,,,,,,2021-04-21_15h50.06.958,Tse_Altarriba_Simon1,2020.1.2,MacIntel,60,,,z,1,0.688,0,6,6,43,1,,,,,,,
,,,,,,,,,,,,Images/NeurtalRight.jpeg,Neutral Right,m,,,,,,,,,,2021-04-21_15h50.06.958,Tse_Altarriba_Simon1,2020.1.2,MacIntel,60,,,m,1,1.035,0,7,7,56,1,,,,,,,
,,,,,,,,,,,,Images/NeurtalRight.jpeg,Neutral Right,m,,,,,,,,,,2021-04-21_15h50.06.958,Tse_Altarriba_Simon1,2020.1.2,MacIntel,60,,,m,1,0.649,0,8,8,55,1,,,,,,,
,,,,,,,,,,,,Images/IncongruentRight.jpeg,Incongruent Right,m,,,,,,,,,,2021-04-21_15h50.06.958,Tse_Altarriba_Simon1,2020.1.2,MacIntel,60,,,m,1,0.816,0,9,9,38,1,,,,,,,
,,,,,,,,,,,,Images/CongruentLeft.jpeg,Congruent Left,z,,,,,,,,,,2021-04-21_15h50.06.958,Tse_Altarriba_Simon1,2020.1.2,MacIntel,60,,,z,1,0.749,0,10,10,9,1,,,,,,,
,,,,,,,,,,,,Images/CongruentRight.jpeg,Congruent Right,m,,,,,,,,,,2021-04-21_15h50.06.958,Tse_Altarriba_Simon1,2020.1.2,MacIntel,60,,,m,1,0.648,0,11,11,11,1,,,,,,,
,,,,,,,,,,,,Images/CongruentLeft.jpeg,Congruent Left,z,,,,,,,,,,2021-04-21_15h50.06.958,Tse_Altarriba_Simon1,2020.1.2,MacIntel,60,,,z,1,0.499,0,12,12,4,1,,,,,,,
,,,,,,,,,,,,Images/IncongruentLeft.jpeg,Incongruent Left,z,,,,,,,,,,2021-04-21_15h50.06.958,Tse_Altarriba_Simon1,2020.1.2,MacIntel,60,,,z,1,1.317,0,13,13,26,1,,,,,,,
,,,,,,,,,,,,Images/CongruentLeft.jpeg,Congruent Left,z,,,,,,,,,,2021-04-21_15h50.06.958,Tse_Altarriba_Simon1,2020.1.2,MacIntel,60,,,z,1,0.535,0,14,14,6,1,,,,,,,
,,,,,,,,,,,,Images/NeurtalRight.jpeg,Neutral Right,m,,,,,,,,,,2021-04-21_15h50.06.958,Tse_Altarriba_Simon1,2020.1.2,MacIntel,60,,,m,1,0.867,0,15,15,54,1,,,,,,,
,,,,,,,,,,,,Images/CongruentRight.jpeg,Congruent Right,m,,,,,,,,,,2021-04-21_15h50.06.958,Tse_Altarriba_Simon1,2020.1.2,MacIntel,60,,,m,1,0.714,0,16,16,10,1,,,,,,,
,,,,,,,,,,,,Images/IncongruentRight.jpeg,Incongruent Right,m,,,,,,,,,,2021-04-21_15h50.06.958,Tse_Altarriba_Simon1,2020.1.2,MacIntel,60,,,m,1,0.73,0,17,17,34,1,,,,,,,
,,,,,,,,,,,,Images/CongruentLeft.jpeg,Congruent Left,z,,,,,,,,,,2021-04-21_15h50.06.958,Tse_Altarriba_Simon1,2020.1.2,MacIntel,60,,,z,1,0.486,0,18,18,8,1,,,,,,,
,,,,,,,,,,,,Images/IncongruentLeft.jpeg,Incongruent Left,z,,,,,,,,,,2021-04-21_15h50.06.958,Tse_Altarriba_Simon1,2020.1.2,MacIntel,60,,,m,0,0.715,0,19,19,29,1,,,,,,,
,,,,,,,,,,,,Images/IncongruentRight.jpeg,Incongruent Right,m,,,,,,,,,,2021-04-21_15h50.06.958,Tse_Altarriba_Simon1,2020.1.2,MacIntel,60,,,m,1,0.785,0,20,20,31,1,,,,,,,
,,,,,,,,,,,,Images/IncongruentRight.jpeg,Incongruent Right,m,,,,,,,,,,2021-04-21_15h50.06.958,Tse_Altarriba_Simon1,2020.1.2,MacIntel,60,,,m,1,1.484,0,21,21,33,1,,,,,,,
,,,,,,,,,,,,Images/IncongruentRight.jpeg,Incongruent Right,m,,,,,,,,,,2021-04-21_15h50.06.958,Tse_Altarriba_Simon1,2020.1.2,MacIntel,60,,,m,1,1.116,0,22,22,39,1,,,,,,,
,,,,,,,,,,,,Images/IncongruentRight.jpeg,Incongruent Right,m,,,,,,,,,,2021-04-21_15h50.06.958,Tse_Altarriba_Simon1,2020.1.2,MacIntel,60,,,m,1,0.482,0,23,23,36,1,,,,,,,
,,,,,,,,,,,,Images/NeutralLeft.jpeg,Neutral Left,z,,,,,,,,,,2021-04-21_15h50.06.958,Tse_Altarriba_Simon1,2020.1.2,MacIntel,60,,,z,1,0.719,0,24,24,49,1,,,,,,,
,,,,,,,,,,,,Images/NeurtalRight.jpeg,Neutral Right,m,,,,,,,,,,2021-04-21_15h50.06.958,Tse_Altarriba_Simon1,2020.1.2,MacIntel,60,,,m,1,0.631,0,25,25,58,1,,,,,,,
,,,,,,,,,,,,Images/NeutralLeft.jpeg,Neutral Left,z,,,,,,,,,,2021-04-21_15h50.06.958,Tse_Altarriba_Simon1,2020.1.2,MacIntel,60,,,z,1,0.469,0,26,26,41,1,,,,,,,
,,,,,,,,,,,,Images/CongruentRight.jpeg,Congruent Right,m,,,,,,,,,,2021-04-21_15h50.06.958,Tse_Altarriba_Simon1,2020.1.2,MacIntel,60,,,m,1,0.534,0,27,27,13,1,,,,,,,
,,,,,,,,,,,,Images/CongruentRight.jpeg,Congruent Right,m,,,,,,,,,,2021-04-21_15h50.06.958,Tse_Altarriba_Simon1,2020.1.2,MacIntel,60,,,m,1,0.413,0,28,28,12,1,,,,,,,
,,,,,,,,,,,,Images/IncongruentLeft.jpeg,Incongruent Left,z,,,,,,,,,,2021-04-21_15h50.06.958,Tse_Altarriba_Simon1,2020.1.2,MacIntel,60,,,z,1,0.5,0,29,29,28,1,,,,,,,
,,,,,,,,,,,,Images/IncongruentLeft.jpeg,Incongruent Left,z,,,,,,,,,,2021-04-21_15h50.06.958,Tse_Altarriba_Simon1,2020.1.2,MacIntel,60,,,z,1,0.338,0,30,30,20,1,,,,,,,
,,,,,,,,,,,,Images/NeutralLeft.jpeg,Neutral Left,z,,,,,,,,,,2021-04-21_15h50.06.958,Tse_Altarriba_Simon1,2020.1.2,MacIntel,60,,,z,1,0.337,0,31,31,48,1,,,,,,,
,,,,,,,,,,,,Images/IncongruentRight.jpeg,Incongruent Right,m,,,,,,,,,,2021-04-21_15h50.06.958,Tse_Altarriba_Simon1,2020.1.2,MacIntel,60,,,m,1,0.565,0,32,32,30,1,,,,,,,
,,,,,,,,,,,,Images/NeutralLeft.jpeg,Neutral Left,z,,,,,,,,,,2021-04-21_15h50.06.958,Tse_Altarriba_Simon1,2020.1.2,MacIntel,60,,,m,0,0.514,0,33,33,45,1,,,,,,,
,,,,,,,,,,,,Images/CongruentRight.jpeg,Congruent Right,m,,,,,,,,,,2021-04-21_15h50.06.958,Tse_Altarriba_Simon1,2020.1.2,MacIntel,60,,,m,1,0.516,0,34,34,18,1,,,,,,,
,,,,,,,,,,,,Images/CongruentRight.jpeg,Congruent Right,m,,,,,,,,,,2021-04-21_15h50.06.958,Tse_Altarriba_Simon1,2020.1.2,MacIntel,60,,,m,1,0.418,0,35,35,15,1,,,,,,,
,,,,,,,,,,,,Images/NeurtalRight.jpeg,Neutral Right,m,,,,,,,,,,2021-04-21_15h50.06.958,Tse_Altarriba_Simon1,2020.1.2,MacIntel,60,,,m,1,0.516,0,36,36,52,1,,,,,,,
,,,,,,,,,,,,Images/NeurtalRight.jpeg,Neutral Right,m,,,,,,,,,,2021-04-21_15h50.06.958,Tse_Altarriba_Simon1,2020.1.2,MacIntel,60,,,m,1,0.424,0,37,37,51,1,,,,,,,
,,,,,,,,,,,,Images/CongruentRight.jpeg,Congruent Right,m,,,,,,,,,,2021-04-21_15h50.06.958,Tse_Altarriba_Simon1,2020.1.2,MacIntel,60,,,m,1,0.436,0,38,38,19,1,,,,,,,
,,,,,,,,,,,,Images/IncongruentRight.jpeg,Incongruent Right,m,,,,,,,,,,2021-04-21_15h50.06.958,Tse_Altarriba_Simon1,2020.1.2,MacIntel,60,,,m,1,0.55,0,39,39,37,1,,,,,,,
,,,,,,,,,,,,Images/CongruentLeft.jpeg,Congruent Left,z,,,,,,,,,,2021-04-21_15h50.06.958,Tse_Altarriba_Simon1,2020.1.2,MacIntel,60,,,z,1,0.586,0,40,40,3,1,,,,,,,
,,,,,,,,,,,,Images/NeurtalRight.jpeg,Neutral Right,m,,,,,,,,,,2021-04-21_15h50.06.958,Tse_Altarriba_Simon1,2020.1.2,MacIntel,60,,,m,1,0.451,0,41,41,57,1,,,,,,,
,,,,,,,,,,,,Images/NeutralLeft.jpeg,Neutral Left,z,,,,,,,,,,2021-04-21_15h50.06.958,Tse_Altarriba_Simon1,2020.1.2,MacIntel,60,,,z,1,0.759,0,42,42,42,1,,,,,,,
,,,,,,,,,,,,Images/CongruentRight.jpeg,Congruent Right,m,,,,,,,,,,2021-04-21_15h50.06.958,Tse_Altarriba_Simon1,2020.1.2,MacIntel,60,,,m,1,0.685,0,43,43,14,1,,,,,,,
,,,,,,,,,,,,Images/IncongruentLeft.jpeg,Incongruent Left,z,,,,,,,,,,2021-04-21_15h50.06.958,Tse_Altarriba_Simon1,2020.1.2,MacIntel,60,,,z,1,1.336,0,44,44,25,1,,,,,,,
,,,,,,,,,,,,Images/NeurtalRight.jpeg,Neutral Right,m,,,,,,,,,,2021-04-21_15h50.06.958,Tse_Altarriba_Simon1,2020.1.2,MacIntel,60,,,m,1,0.638,0,45,45,53,1,,,,,,,
,,,,,,,,,,,,Images/CongruentLeft.jpeg,Congruent Left,z,,,,,,,,,,2021-04-21_15h50.06.958,Tse_Altarriba_Simon1,2020.1.2,MacIntel,60,,,z,1,0.434,0,46,46,2,1,,,,,,,
,,,,,,,,,,,,Images/NeurtalRight.jpeg,Neutral Right,m,,,,,,,,,,2021-04-21_15h50.06.958,Tse_Altarriba_Simon1,2020.1.2,MacIntel,60,,,m,1,0.432,0,47,47,50,1,,,,,,,
,,,,,,,,,,,,Images/NeutralLeft.jpeg,Neutral Left,z,,,,,,,,,,2021-04-21_15h50.06.958,Tse_Altarriba_Simon1,2020.1.2,MacIntel,60,,,z,1,0.62,0,48,48,44,1,,,,,,,
,,,,,,,,,,,,Images/IncongruentLeft.jpeg,Incongruent Left,z,,,,,,,,,,2021-04-21_15h50.06.958,Tse_Altarriba_Simon1,2020.1.2,MacIntel,60,,,m,0,1.053,0,49,49,22,1,,,,,,,
,,,,,,,,,,,,Images/IncongruentLeft.jpeg,Incongruent Left,z,,,,,,,,,,2021-04-21_15h50.06.958,Tse_Altarriba_Simon1,2020.1.2,MacIntel,60,,,m,0,0.471,0,50,50,21,1,,,,,,,
,,,,,,,,,,,,Images/IncongruentRight.jpeg,Incongruent Right,m,,,,,,,,,,2021-04-21_15h50.06.958,Tse_Altarriba_Simon1,2020.1.2,MacIntel,60,,,z,0,0.386,0,51,51,35,1,,,,,,,
,,,,,,,,,,,,Images/CongruentRight.jpeg,Congruent Right,m,,,,,,,,,,2021-04-21_15h50.06.958,Tse_Altarriba_Simon1,2020.1.2,MacIntel,60,,,m,1,0.453,0,52,52,17,1,,,,,,,
,,,,,,,,,,,,Images/CongruentLeft.jpeg,Congruent Left,z,,,,,,,,,,2021-04-21_15h50.06.958,Tse_Altarriba_Simon1,2020.1.2,MacIntel,60,,,z,1,0.398,0,53,53,1,1,,,,,,,
,,,,,,,,,,,,Images/IncongruentLeft.jpeg,Incongruent Left,z,,,,,,,,,,2021-04-21_15h50.06.958,Tse_Altarriba_Simon1,2020.1.2,MacIntel,60,,,m,0,0.698,0,54,54,24,1,,,,,,,
,,,,,,,,,,,,Images/CongruentLeft.jpeg,Congruent Left,z,,,,,,,,,,2021-04-21_15h50.06.958,Tse_Altarriba_Simon1,2020.1.2,MacIntel,60,,,z,1,0.837,0,55,55,0,1,,,,,,,
,,,,,,,,,,,,Images/IncongruentLeft.jpeg,Incongruent Left,z,,,,,,,,,,2021-04-21_15h50.06.958,Tse_Altarriba_Simon1,2020.1.2,MacIntel,60,,,m,0,0.435,0,56,56,27,1,,,,,,,
,,,,,,,,,,,,Images/IncongruentLeft.jpeg,Incongruent Left,z,,,,,,,,,,2021-04-21_15h50.06.958,Tse_Altarriba_Simon1,2020.1.2,MacIntel,60,,,z,1,1.355,0,57,57,23,1,,,,,,,
,,,,,,,,,,,,Images/NeutralLeft.jpeg,Neutral Left,z,,,,,,,,,,2021-04-21_15h50.06.958,Tse_Altarriba_Simon1,2020.1.2,MacIntel,60,,,z,1,0.448,0,58,58,47,1,,,,,,,
,,,,,,,,,,,,Images/CongruentLeft.jpeg,Congruent Left,z,,,,,,,,,,2021-04-21_15h50.06.958,Tse_Altarriba_Simon1,2020.1.2,MacIntel,60,,,z,1,0.414,0,59,59,7,1,,,,,,,
,,,,,,,,,,,,Images/CongruentRight.jpeg,Congruent Right,m,,,,,,,,,,2021-04-21_15h50.06.958,Tse_Altarriba_Simon1,2020.1.2,MacIntel,60,,,m,1,0.621,,,,,,space,4.775,0,0,0,14,1
,,,,,,,,,,,,Images/NeurtalRight.jpeg,Neutral Right,m,,,,,,,,,,2021-04-21_15h50.06.958,Tse_Altarriba_Simon1,2020.1.2,MacIntel,60,,,m,1,0.537,,,,,,,,0,1,1,54,1
,,,,,,,,,,,,Images/CongruentRight.jpeg,Congruent Right,m,,,,,,,,,,2021-04-21_15h50.06.958,Tse_Altarriba_Simon1,2020.1.2,MacIntel,60,,,m,1,0.462,,,,,,,,0,2,2,17,1
,,,,,,,,,,,,Images/IncongruentRight.jpeg,Incongruent Right,m,,,,,,,,,,2021-04-21_15h50.06.958,Tse_Altarriba_Simon1,2020.1.2,MacIntel,60,,,m,1,1.302,,,,,,,,0,3,3,37,1
,,,,,,,,,,,,Images/CongruentLeft.jpeg,Congruent Left,z,,,,,,,,,,2021-04-21_15h50.06.958,Tse_Altarriba_Simon1,2020.1.2,MacIntel,60,,,z,1,0.615,,,,,,,,0,4,4,9,1
,,,,,,,,,,,,Images/CongruentRight.jpeg,Congruent Right,m,,,,,,,,,,2021-04-21_15h50.06.958,Tse_Altarriba_Simon1,2020.1.2,MacIntel,60,,,m,1,0.487,,,,,,,,0,5,5,16,1
,,,,,,,,,,,,Images/NeutralLeft.jpeg,Neutral Left,z,,,,,,,,,,2021-04-21_15h50.06.958,Tse_Altarriba_Simon1,2020.1.2,MacIntel,60,,,z,1,0.536,,,,,,,,0,6,6,46,1
,,,,,,,,,,,,Images/NeurtalRight.jpeg,Neutral Right,m,,,,,,,,,,2021-04-21_15h50.06.958,Tse_Altarriba_Simon1,2020.1.2,MacIntel,60,,,m,1,0.515,,,,,,,,0,7,7,55,1
,,,,,,,,,,,,Images/IncongruentLeft.jpeg,Incongruent Left,z,,,,,,,,,,2021-04-21_15h50.06.958,Tse_Altarriba_Simon1,2020.1.2,MacIntel,60,,,z,1,0.948,,,,,,,,0,8,8,27,1
,,,,,,,,,,,,Images/IncongruentLeft.jpeg,Incongruent Left,z,,,,,,,,,,2021-04-21_15h50.06.958,Tse_Altarriba_Simon1,2020.1.2,MacIntel,60,,,z,1,0.752,,,,,,,,0,9,9,23,1
,,,,,,,,,,,,Images/IncongruentLeft.jpeg,Incongruent Left,z,,,,,,,,,,2021-04-21_15h50.06.958,Tse_Altarriba_Simon1,2020.1.2,MacIntel,60,,,z,1,0.496,,,,,,,,0,10,10,21,1
,,,,,,,,,,,,Images/IncongruentRight.jpeg,Incongruent Right,m,,,,,,,,,,2021-04-21_15h50.06.958,Tse_Altarriba_Simon1,2020.1.2,MacIntel,60,,,m,1,0.714,,,,,,,,0,11,11,32,1
,,,,,,,,,,,,Images/IncongruentLeft.jpeg,Incongruent Left,z,,,,,,,,,,2021-04-21_15h50.06.958,Tse_Altarriba_Simon1,2020.1.2,MacIntel,60,,,z,1,2.416,,,,,,,,0,12,12,24,1
,,,,,,,,,,,,Images/IncongruentRight.jpeg,Incongruent Right,m,,,,,,,,,,2021-04-21_15h50.06.958,Tse_Altarriba_Simon1,2020.1.2,MacIntel,60,,,m,1,0.718,,,,,,,,0,13,13,30,1
,,,,,,,,,,,,Images/NeurtalRight.jpeg,Neutral Right,m,,,,,,,,,,2021-04-21_15h50.06.958,Tse_Altarriba_Simon1,2020.1.2,MacIntel,60,,,m,1,0.583,,,,,,,,0,14,14,51,1
,,,,,,,,,,,,Images/NeurtalRight.jpeg,Neutral Right,m,,,,,,,,,,2021-04-21_15h50.06.958,Tse_Altarriba_Simon1,2020.1.2,MacIntel,60,,,m,1,0.497,,,,,,,,0,15,15,58,1
,,,,,,,,,,,,Images/NeurtalRight.jpeg,Neutral Right,m,,,,,,,,,,2021-04-21_15h50.06.958,Tse_Altarriba_Simon1,2020.1.2,MacIntel,60,,,m,1,0.435,,,,,,,,0,16,16,52,1
,,,,,,,,,,,,Images/CongruentRight.jpeg,Congruent Right,m,,,,,,,,,,2021-04-21_15h50.06.958,Tse_Altarriba_Simon1,2020.1.2,MacIntel,60,,,m,1,0.438,,,,,,,,0,17,17,12,1
,,,,,,,,,,,,Images/IncongruentLeft.jpeg,Incongruent Left,z,,,,,,,,,,2021-04-21_15h50.06.958,Tse_Altarriba_Simon1,2020.1.2,MacIntel,60,,,z,1,0.597,,,,,,,,0,18,18,25,1
,,,,,,,,,,,,Images/IncongruentRight.jpeg,Incongruent Right,m,,,,,,,,,,2021-04-21_15h50.06.958,Tse_Altarriba_Simon1,2020.1.2,MacIntel,60,,,m,1,0.585,,,,,,,,0,19,19,31,1
,,,,,,,,,,,,Images/NeutralLeft.jpeg,Neutral Left,z,,,,,,,,,,2021-04-21_15h50.06.958,Tse_Altarriba_Simon1,2020.1.2,MacIntel,60,,,z,1,0.666,,,,,,,,0,20,20,41,1
,,,,,,,,,,,,Images/IncongruentLeft.jpeg,Incongruent Left,z,,,,,,,,,,2021-04-21_15h50.06.958,Tse_Altarriba_Simon1,2020.1.2,MacIntel,60,,,z,1,0.756,,,,,,,,0,21,21,28,1
,,,,,,,,,,,,Images/NeutralLeft.jpeg,Neutral Left,z,,,,,,,,,,2021-04-21_15h50.06.958,Tse_Altarriba_Simon1,2020.1.2,MacIntel,60,,,z,1,1.002,,,,,,,,0,22,22,44,1
,,,,,,,,,,,,Images/NeutralLeft.jpeg,Neutral Left,z,,,,,,,,,,2021-04-21_15h50.06.958,Tse_Altarriba_Simon1,2020.1.2,MacIntel,60,,,z,1,0.515,,,,,,,,0,23,23,42,1
,,,,,,,,,,,,Images/CongruentLeft.jpeg,Congruent Left,z,,,,,,,,,,2021-04-21_15h50.06.958,Tse_Altarriba_Simon1,2020.1.2,MacIntel,60,,,z,1,0.465,,,,,,,,0,24,24,0,1
,,,,,,,,,,,,Images/IncongruentLeft.jpeg,Incongruent Left,z,,,,,,,,,,2021-04-21_15h50.06.958,Tse_Altarriba_Simon1,2020.1.2,MacIntel,60,,,m,0,0.984,,,,,,,,0,25,25,26,1
,,,,,,,,,,,,Images/NeutralLeft.jpeg,Neutral Left,z,,,,,,,,,,2021-04-21_15h50.06.958,Tse_Altarriba_Simon1,2020.1.2,MacIntel,60,,,z,1,1.116,,,,,,,,0,26,26,49,1
,,,,,,,,,,,,Images/IncongruentRight.jpeg,Incongruent Right,m,,,,,,,,,,2021-04-21_15h50.06.958,Tse_Altarriba_Simon1,2020.1.2,MacIntel,60,,,m,1,0.549,,,,,,,,0,27,27,36,1
,,,,,,,,,,,,Images/CongruentRight.jpeg,Congruent Right,m,,,,,,,,,,2021-04-21_15h50.06.958,Tse_Altarriba_Simon1,2020.1.2,MacIntel,60,,,m,1,0.599,,,,,,,,0,28,28,15,1
,,,,,,,,,,,,Images/CongruentLeft.jpeg,Congruent Left,z,,,,,,,,,,2021-04-21_15h50.06.958,Tse_Altarriba_Simon1,2020.1.2,MacIntel,60,,,z,1,0.488,,,,,,,,0,29,29,4,1
,,,,,,,,,,,,Images/CongruentRight.jpeg,Congruent Right,m,,,,,,,,,,2021-04-21_15h50.06.958,Tse_Altarriba_Simon1,2020.1.2,MacIntel,60,,,m,1,0.755,,,,,,,,0,30,30,10,1
,,,,,,,,,,,,Images/CongruentLeft.jpeg,Congruent Left,z,,,,,,,,,,2021-04-21_15h50.06.958,Tse_Altarriba_Simon1,2020.1.2,MacIntel,60,,,z,1,0.438,,,,,,,,0,31,31,3,1
,,,,,,,,,,,,Images/NeutralLeft.jpeg,Neutral Left,z,,,,,,,,,,2021-04-21_15h50.06.958,Tse_Altarriba_Simon1,2020.1.2,MacIntel,60,,,z,1,0.506,,,,,,,,0,32,32,43,1
,,,,,,,,,,,,Images/NeutralLeft.jpeg,Neutral Left,z,,,,,,,,,,2021-04-21_15h50.06.958,Tse_Altarriba_Simon1,2020.1.2,MacIntel,60,,,z,1,0.419,,,,,,,,0,33,33,40,1
,,,,,,,,,,,,Images/IncongruentLeft.jpeg,Incongruent Left,z,,,,,,,,,,2021-04-21_15h50.06.958,Tse_Altarriba_Simon1,2020.1.2,MacIntel,60,,,z,1,0.782,,,,,,,,0,34,34,22,1
,,,,,,,,,,,,Images/CongruentLeft.jpeg,Congruent Left,z,,,,,,,,,,2021-04-21_15h50.06.958,Tse_Altarriba_Simon1,2020.1.2,MacIntel,60,,,z,1,0.383,,,,,,,,0,35,35,7,1
,,,,,,,,,,,,Images/IncongruentRight.jpeg,Incongruent Right,m,,,,,,,,,,2021-04-21_15h50.06.958,Tse_Altarriba_Simon1,2020.1.2,MacIntel,60,,,m,1,0.5,,,,,,,,0,36,36,38,1
,,,,,,,,,,,,Images/NeurtalRight.jpeg,Neutral Right,m,,,,,,,,,,2021-04-21_15h50.06.958,Tse_Altarriba_Simon1,2020.1.2,MacIntel,60,,,m,1,0.566,,,,,,,,0,37,37,57,1
,,,,,,,,,,,,Images/NeurtalRight.jpeg,Neutral Right,m,,,,,,,,,,2021-04-21_15h50.06.958,Tse_Altarriba_Simon1,2020.1.2,MacIntel,60,,,m,1,0.432,,,,,,,,0,38,38,59,1
,,,,,,,,,,,,Images/CongruentLeft.jpeg,Congruent Left,z,,,,,,,,,,2021-04-21_15h50.06.958,Tse_Altarriba_Simon1,2020.1.2,MacIntel,60,,,z,1,0.42,,,,,,,,0,39,39,5,1
,,,,,,,,,,,,Images/NeurtalRight.jpeg,Neutral Right,m,,,,,,,,,,2021-04-21_15h50.06.958,Tse_Altarriba_Simon1,2020.1.2,MacIntel,60,,,m,1,0.465,,,,,,,,0,40,40,50,1
,,,,,,,,,,,,Images/NeutralLeft.jpeg,Neutral Left,z,,,,,,,,,,2021-04-21_15h50.06.958,Tse_Altarriba_Simon1,2020.1.2,MacIntel,60,,,z,1,0.753,,,,,,,,0,41,41,45,1
,,,,,,,,,,,,Images/CongruentRight.jpeg,Congruent Right,m,,,,,,,,,,2021-04-21_15h50.06.958,Tse_Altarriba_Simon1,2020.1.2,MacIntel,60,,,m,1,0.7,,,,,,,,0,42,42,18,1
,,,,,,,,,,,,Images/CongruentLeft.jpeg,Congruent Left,z,,,,,,,,,,2021-04-21_15h50.06.958,Tse_Altarriba_Simon1,2020.1.2,MacIntel,60,,,z,1,0.44,,,,,,,,0,43,43,8,1
,,,,,,,,,,,,Images/CongruentRight.jpeg,Congruent Right,m,,,,,,,,,,2021-04-21_15h50.06.958,Tse_Altarriba_Simon1,2020.1.2,MacIntel,60,,,m,1,0.699,,,,,,,,0,44,44,19,1
,,,,,,,,,,,,Images/IncongruentLeft.jpeg,Incongruent Left,z,,,,,,,,,,2021-04-21_15h50.06.958,Tse_Altarriba_Simon1,2020.1.2,MacIntel,60,,,z,1,0.819,,,,,,,,0,45,45,29,1
,,,,,,,,,,,,Images/IncongruentRight.jpeg,Incongruent Right,m,,,,,,,,,,2021-04-21_15h50.06.958,Tse_Altarriba_Simon1,2020.1.2,MacIntel,60,,,m,1,0.965,,,,,,,,0,46,46,35,1
,,,,,,,,,,,,Images/CongruentRight.jpeg,Congruent Right,m,,,,,,,,,,2021-04-21_15h50.06.958,Tse_Altarriba_Simon1,2020.1.2,MacIntel,60,,,m,1,0.569,,,,,,,,0,47,47,13,1
,,,,,,,,,,,,Images/NeutralLeft.jpeg,Neutral Left,z,,,,,,,,,,2021-04-21_15h50.06.958,Tse_Altarriba_Simon1,2020.1.2,MacIntel,60,,,z,1,0.482,,,,,,,,0,48,48,48,1
,,,,,,,,,,,,Images/NeurtalRight.jpeg,Neutral Right,m,,,,,,,,,,2021-04-21_15h50.06.958,Tse_Altarriba_Simon1,2020.1.2,MacIntel,60,,,m,1,0.582,,,,,,,,0,49,49,56,1
,,,,,,,,,,,,Images/IncongruentRight.jpeg,Incongruent Right,m,,,,,,,,,,2021-04-21_15h50.06.958,Tse_Altarriba_Simon1,2020.1.2,MacIntel,60,,,m,1,1.039,,,,,,,,0,50,50,39,1
,,,,,,,,,,,,Images/IncongruentRight.jpeg,Incongruent Right,m,,,,,,,,,,2021-04-21_15h50.06.958,Tse_Altarriba_Simon1,2020.1.2,MacIntel,60,,,m,1,0.866,,,,,,,,0,51,51,33,1
,,,,,,,,,,,,Images/CongruentLeft.jpeg,Congruent Left,z,,,,,,,,,,2021-04-21_15h50.06.958,Tse_Altarriba_Simon1,2020.1.2,MacIntel,60,,,z,1,0.6,,,,,,,,0,52,52,2,1
,,,,,,,,,,,,Images/CongruentLeft.jpeg,Congruent Left,z,,,,,,,,,,2021-04-21_15h50.06.958,Tse_Altarriba_Simon1,2020.1.2,MacIntel,60,,,z,1,1.538,,,,,,,,0,53,53,6,1
,,,,,,,,,,,,Images/CongruentLeft.jpeg,Congruent Left,z,,,,,,,,,,2021-04-21_15h50.06.958,Tse_Altarriba_Simon1,2020.1.2,MacIntel,60,,,z,1,0.419,,,,,,,,0,54,54,1,1
,,,,,,,,,,,,Images/NeurtalRight.jpeg,Neutral Right,m,,,,,,,,,,2021-04-21_15h50.06.958,Tse_Altarriba_Simon1,2020.1.2,MacIntel,60,,,m,1,0.487,,,,,,,,0,55,55,53,1
,,,,,,,,,,,,Images/IncongruentRight.jpeg,Incongruent Right,m,,,,,,,,,,2021-04-21_15h50.06.958,Tse_Altarriba_Simon1,2020.1.2,MacIntel,60,,,m,1,0.67,,,,,,,,0,56,56,34,1
,,,,,,,,,,,,Images/CongruentRight.jpeg,Congruent Right,m,,,,,,,,,,2021-04-21_15h50.06.958,Tse_Altarriba_Simon1,2020.1.2,MacIntel,60,,,m,1,0.415,,,,,,,,0,57,57,11,1
,,,,,,,,,,,,Images/NeutralLeft.jpeg,Neutral Left,z,,,,,,,,,,2021-04-21_15h50.06.958,Tse_Altarriba_Simon1,2020.1.2,MacIntel,60,,,z,1,0.698,,,,,,,,0,58,58,47,1
,,,,,,,,,,,,Images/IncongruentLeft.jpeg,Incongruent Left,z,,,,,,,,,,2021-04-21_15h50.06.958,Tse_Altarriba_Simon1,2020.1.2,MacIntel,60,,,m,0,2.923,,,,,,,,0,59,59,20,1
