Space1.keys,Space1.rt,Space2.keys,Space2.rt,key_resp.keys,key_resp.corr,key_resp.rt,Practice_loop.thisRepN,Practice_loop.thisTrialN,Practice_loop.thisN,Practice_loop.thisIndex,Practice_loop.ran,Practice_loop.order,ImageFile,Condition,CorrAns,session,participant,date,expName,psychopyVersion,OS,frameRate,Space3.keys,Space3.rt,key_resp_2.keys,key_resp_2.corr,key_resp_2.rt,trials.thisRepN,trials.thisTrialN,trials.thisN,trials.thisIndex,trials.ran,trials.order,Space4.keys,Space4.rt,trials_2.thisRepN,trials_2.thisTrialN,trials_2.thisN,trials_2.thisIndex,trials_2.ran,trials_2.order
space,1.101999998,space,13.42099977,z,1,0.644999743,1,0,12,5,1,11,Images/IncongruentLeft.jpeg,Incongruent Left,z,asdf,,2020-07-22_15h15.24.553,Tse_Altarriba_Simon,3.2.4,Win32,60,,,,,,,,,,,,,,,,,,,
,,,,m,1,0.399999857,1,0,12,7,1,11,Images/IncongruentRight.jpeg,Incongruent Right,m,asdf,,2020-07-22_15h15.24.553,Tse_Altarriba_Simon,3.2.4,Win32,60,,,,,,,,,,,,,,,,,,,
,,,,m,1,0.67599988,1,0,12,10,1,11,Images/NeurtalRight.jpeg,Neutral Right,m,asdf,,2020-07-22_15h15.24.553,Tse_Altarriba_Simon,3.2.4,Win32,60,,,,,,,,,,,,,,,,,,,
,,,,z,1,0.483999729,1,0,12,1,1,11,Images/CongruentLeft.jpeg,Congruent Left,z,asdf,,2020-07-22_15h15.24.553,Tse_Altarriba_Simon,3.2.4,Win32,60,,,,,,,,,,,,,,,,,,,
,,,,m,1,0.548999786,1,0,12,6,1,11,Images/IncongruentRight.jpeg,Incongruent Right,m,asdf,,2020-07-22_15h15.24.553,Tse_Altarriba_Simon,3.2.4,Win32,60,,,,,,,,,,,,,,,,,,,
,,,,m,1,0.454999924,1,0,12,11,1,11,Images/NeurtalRight.jpeg,Neutral Right,m,asdf,,2020-07-22_15h15.24.553,Tse_Altarriba_Simon,3.2.4,Win32,60,,,,,,,,,,,,,,,,,,,
,,,,z,1,0.415999889,1,0,12,0,1,11,Images/CongruentLeft.jpeg,Congruent Left,z,asdf,,2020-07-22_15h15.24.553,Tse_Altarriba_Simon,3.2.4,Win32,60,,,,,,,,,,,,,,,,,,,
,,,,m,1,0.374999762,1,0,12,3,1,11,Images/CongruentRight.jpeg,Congruent Right,m,asdf,,2020-07-22_15h15.24.553,Tse_Altarriba_Simon,3.2.4,Win32,60,,,,,,,,,,,,,,,,,,,
,,,,m,1,0.40199995,1,0,12,2,1,11,Images/CongruentRight.jpeg,Congruent Right,m,asdf,,2020-07-22_15h15.24.553,Tse_Altarriba_Simon,3.2.4,Win32,60,,,,,,,,,,,,,,,,,,,
,,,,z,1,0.546999931,1,0,12,9,1,11,Images/NeutralLeft.jpeg,Neutral Left,z,asdf,,2020-07-22_15h15.24.553,Tse_Altarriba_Simon,3.2.4,Win32,60,,,,,,,,,,,,,,,,,,,
,,,,z,1,0.84499979,1,0,12,4,1,11,Images/IncongruentLeft.jpeg,Incongruent Left,z,asdf,,2020-07-22_15h15.24.553,Tse_Altarriba_Simon,3.2.4,Win32,60,,,,,,,,,,,,,,,,,,,
,,,,z,1,0.504999876,1,0,12,8,1,11,Images/NeutralLeft.jpeg,Neutral Left,z,asdf,,2020-07-22_15h15.24.553,Tse_Altarriba_Simon,3.2.4,Win32,60,,,,,,,,,,,,,,,,,,,
,,,,,,,,,,,,,Images/IncongruentRight.jpeg,Incongruent Right,m,asdf,,2020-07-22_15h15.24.553,Tse_Altarriba_Simon,3.2.4,Win32,60,space,5.45299983,m,1,0.411999702,1,0,60,38,1,59,,,,,,,,
,,,,,,,,,,,,,Images/IncongruentLeft.jpeg,Incongruent Left,z,asdf,,2020-07-22_15h15.24.553,Tse_Altarriba_Simon,3.2.4,Win32,60,,,z,1,1.02099967,1,0,60,24,1,59,,,,,,,,
,,,,,,,,,,,,,Images/NeutralLeft.jpeg,Neutral Left,z,asdf,,2020-07-22_15h15.24.553,Tse_Altarriba_Simon,3.2.4,Win32,60,,,z,1,0.350999832,1,0,60,40,1,59,,,,,,,,
,,,,,,,,,,,,,Images/CongruentLeft.jpeg,Congruent Left,z,asdf,,2020-07-22_15h15.24.553,Tse_Altarriba_Simon,3.2.4,Win32,60,,,z,1,0.379999876,1,0,60,2,1,59,,,,,,,,
,,,,,,,,,,,,,Images/CongruentRight.jpeg,Congruent Right,m,asdf,,2020-07-22_15h15.24.553,Tse_Altarriba_Simon,3.2.4,Win32,60,,,m,1,0.467999935,1,0,60,11,1,59,,,,,,,,
,,,,,,,,,,,,,Images/NeurtalRight.jpeg,Neutral Right,m,asdf,,2020-07-22_15h15.24.553,Tse_Altarriba_Simon,3.2.4,Win32,60,,,m,1,0.445999861,1,0,60,56,1,59,,,,,,,,
,,,,,,,,,,,,,Images/NeurtalRight.jpeg,Neutral Right,m,asdf,,2020-07-22_15h15.24.553,Tse_Altarriba_Simon,3.2.4,Win32,60,,,m,1,0.447000027,1,0,60,55,1,59,,,,,,,,
,,,,,,,,,,,,,Images/NeurtalRight.jpeg,Neutral Right,m,asdf,,2020-07-22_15h15.24.553,Tse_Altarriba_Simon,3.2.4,Win32,60,,,m,1,0.385999918,1,0,60,59,1,59,,,,,,,,
,,,,,,,,,,,,,Images/NeutralLeft.jpeg,Neutral Left,z,asdf,,2020-07-22_15h15.24.553,Tse_Altarriba_Simon,3.2.4,Win32,60,,,z,1,0.450999737,1,0,60,44,1,59,,,,,,,,
,,,,,,,,,,,,,Images/IncongruentLeft.jpeg,Incongruent Left,z,asdf,,2020-07-22_15h15.24.553,Tse_Altarriba_Simon,3.2.4,Win32,60,,,m,0,0.381999969,1,0,60,29,1,59,,,,,,,,
,,,,,,,,,,,,,Images/CongruentLeft.jpeg,Congruent Left,z,asdf,,2020-07-22_15h15.24.553,Tse_Altarriba_Simon,3.2.4,Win32,60,,,z,1,0.333999872,1,0,60,4,1,59,,,,,,,,
,,,,,,,,,,,,,Images/IncongruentLeft.jpeg,Incongruent Left,z,asdf,,2020-07-22_15h15.24.553,Tse_Altarriba_Simon,3.2.4,Win32,60,,,m,0,0.394999743,1,0,60,28,1,59,,,,,,,,
,,,,,,,,,,,,,Images/IncongruentRight.jpeg,Incongruent Right,m,asdf,,2020-07-22_15h15.24.553,Tse_Altarriba_Simon,3.2.4,Win32,60,,,z,0,0.446999788,1,0,60,32,1,59,,,,,,,,
,,,,,,,,,,,,,Images/NeurtalRight.jpeg,Neutral Right,m,asdf,,2020-07-22_15h15.24.553,Tse_Altarriba_Simon,3.2.4,Win32,60,,,m,1,0.537999868,1,0,60,54,1,59,,,,,,,,
,,,,,,,,,,,,,Images/CongruentLeft.jpeg,Congruent Left,z,asdf,,2020-07-22_15h15.24.553,Tse_Altarriba_Simon,3.2.4,Win32,60,,,z,1,0.421999931,1,0,60,8,1,59,,,,,,,,
,,,,,,,,,,,,,Images/NeutralLeft.jpeg,Neutral Left,z,asdf,,2020-07-22_15h15.24.553,Tse_Altarriba_Simon,3.2.4,Win32,60,,,z,1,0.377999783,1,0,60,46,1,59,,,,,,,,
,,,,,,,,,,,,,Images/CongruentLeft.jpeg,Congruent Left,z,asdf,,2020-07-22_15h15.24.553,Tse_Altarriba_Simon,3.2.4,Win32,60,,,z,1,0.464999914,1,0,60,1,1,59,,,,,,,,
,,,,,,,,,,,,,Images/NeutralLeft.jpeg,Neutral Left,z,asdf,,2020-07-22_15h15.24.553,Tse_Altarriba_Simon,3.2.4,Win32,60,,,z,1,0.75,1,0,60,41,1,59,,,,,,,,
,,,,,,,,,,,,,Images/IncongruentRight.jpeg,Incongruent Right,m,asdf,,2020-07-22_15h15.24.553,Tse_Altarriba_Simon,3.2.4,Win32,60,,,m,1,0.450999975,1,0,60,35,1,59,,,,,,,,
,,,,,,,,,,,,,Images/CongruentLeft.jpeg,Congruent Left,z,asdf,,2020-07-22_15h15.24.553,Tse_Altarriba_Simon,3.2.4,Win32,60,,,z,1,0.349999905,1,0,60,3,1,59,,,,,,,,
,,,,,,,,,,,,,Images/IncongruentRight.jpeg,Incongruent Right,m,asdf,,2020-07-22_15h15.24.553,Tse_Altarriba_Simon,3.2.4,Win32,60,,,m,1,0.434000015,1,0,60,31,1,59,,,,,,,,
,,,,,,,,,,,,,Images/IncongruentRight.jpeg,Incongruent Right,m,asdf,,2020-07-22_15h15.24.553,Tse_Altarriba_Simon,3.2.4,Win32,60,,,m,1,0.467999697,1,0,60,39,1,59,,,,,,,,
,,,,,,,,,,,,,Images/IncongruentRight.jpeg,Incongruent Right,m,asdf,,2020-07-22_15h15.24.553,Tse_Altarriba_Simon,3.2.4,Win32,60,,,m,1,0.428999901,1,0,60,34,1,59,,,,,,,,
,,,,,,,,,,,,,Images/NeurtalRight.jpeg,Neutral Right,m,asdf,,2020-07-22_15h15.24.553,Tse_Altarriba_Simon,3.2.4,Win32,60,,,m,1,0.450999975,1,0,60,51,1,59,,,,,,,,
,,,,,,,,,,,,,Images/CongruentLeft.jpeg,Congruent Left,z,asdf,,2020-07-22_15h15.24.553,Tse_Altarriba_Simon,3.2.4,Win32,60,,,z,1,0.364999771,1,0,60,0,1,59,,,,,,,,
,,,,,,,,,,,,,Images/CongruentLeft.jpeg,Congruent Left,z,asdf,,2020-07-22_15h15.24.553,Tse_Altarriba_Simon,3.2.4,Win32,60,,,z,1,0.463999987,1,0,60,5,1,59,,,,,,,,
,,,,,,,,,,,,,Images/IncongruentLeft.jpeg,Incongruent Left,z,asdf,,2020-07-22_15h15.24.553,Tse_Altarriba_Simon,3.2.4,Win32,60,,,z,1,0.598999739,1,0,60,25,1,59,,,,,,,,
,,,,,,,,,,,,,Images/CongruentRight.jpeg,Congruent Right,m,asdf,,2020-07-22_15h15.24.553,Tse_Altarriba_Simon,3.2.4,Win32,60,,,m,1,0.581999779,1,0,60,14,1,59,,,,,,,,
,,,,,,,,,,,,,Images/IncongruentRight.jpeg,Incongruent Right,m,asdf,,2020-07-22_15h15.24.553,Tse_Altarriba_Simon,3.2.4,Win32,60,,,m,1,0.466999769,1,0,60,33,1,59,,,,,,,,
,,,,,,,,,,,,,Images/IncongruentRight.jpeg,Incongruent Right,m,asdf,,2020-07-22_15h15.24.553,Tse_Altarriba_Simon,3.2.4,Win32,60,,,m,1,0.433999777,1,0,60,30,1,59,,,,,,,,
,,,,,,,,,,,,,Images/IncongruentLeft.jpeg,Incongruent Left,z,asdf,,2020-07-22_15h15.24.553,Tse_Altarriba_Simon,3.2.4,Win32,60,,,z,1,0.411999702,1,0,60,23,1,59,,,,,,,,
,,,,,,,,,,,,,Images/NeurtalRight.jpeg,Neutral Right,m,asdf,,2020-07-22_15h15.24.553,Tse_Altarriba_Simon,3.2.4,Win32,60,,,m,1,0.411000013,1,0,60,57,1,59,,,,,,,,
,,,,,,,,,,,,,Images/CongruentRight.jpeg,Congruent Right,m,asdf,,2020-07-22_15h15.24.553,Tse_Altarriba_Simon,3.2.4,Win32,60,,,m,1,0.50399971,1,0,60,12,1,59,,,,,,,,
,,,,,,,,,,,,,Images/NeurtalRight.jpeg,Neutral Right,m,asdf,,2020-07-22_15h15.24.553,Tse_Altarriba_Simon,3.2.4,Win32,60,,,m,1,0.434999943,1,0,60,58,1,59,,,,,,,,
,,,,,,,,,,,,,Images/IncongruentLeft.jpeg,Incongruent Left,z,asdf,,2020-07-22_15h15.24.553,Tse_Altarriba_Simon,3.2.4,Win32,60,,,z,1,0.565999985,1,0,60,27,1,59,,,,,,,,
,,,,,,,,,,,,,Images/NeurtalRight.jpeg,Neutral Right,m,asdf,,2020-07-22_15h15.24.553,Tse_Altarriba_Simon,3.2.4,Win32,60,,,m,1,0.55099988,1,0,60,52,1,59,,,,,,,,
,,,,,,,,,,,,,Images/IncongruentLeft.jpeg,Incongruent Left,z,asdf,,2020-07-22_15h15.24.553,Tse_Altarriba_Simon,3.2.4,Win32,60,,,z,1,0.379999876,1,0,60,22,1,59,,,,,,,,
,,,,,,,,,,,,,Images/IncongruentLeft.jpeg,Incongruent Left,z,asdf,,2020-07-22_15h15.24.553,Tse_Altarriba_Simon,3.2.4,Win32,60,,,z,1,0.386999846,1,0,60,20,1,59,,,,,,,,
,,,,,,,,,,,,,Images/NeurtalRight.jpeg,Neutral Right,m,asdf,,2020-07-22_15h15.24.553,Tse_Altarriba_Simon,3.2.4,Win32,60,,,m,1,0.457999945,1,0,60,53,1,59,,,,,,,,
,,,,,,,,,,,,,Images/NeutralLeft.jpeg,Neutral Left,z,asdf,,2020-07-22_15h15.24.553,Tse_Altarriba_Simon,3.2.4,Win32,60,,,z,1,0.40199995,1,0,60,49,1,59,,,,,,,,
,,,,,,,,,,,,,Images/CongruentRight.jpeg,Congruent Right,m,asdf,,2020-07-22_15h15.24.553,Tse_Altarriba_Simon,3.2.4,Win32,60,,,m,1,0.424999952,1,0,60,15,1,59,,,,,,,,
,,,,,,,,,,,,,Images/IncongruentRight.jpeg,Incongruent Right,m,asdf,,2020-07-22_15h15.24.553,Tse_Altarriba_Simon,3.2.4,Win32,60,,,z,0,0.399999857,1,0,60,37,1,59,,,,,,,,
,,,,,,,,,,,,,Images/NeutralLeft.jpeg,Neutral Left,z,asdf,,2020-07-22_15h15.24.553,Tse_Altarriba_Simon,3.2.4,Win32,60,,,z,1,0.383999825,1,0,60,42,1,59,,,,,,,,
,,,,,,,,,,,,,Images/IncongruentLeft.jpeg,Incongruent Left,z,asdf,,2020-07-22_15h15.24.553,Tse_Altarriba_Simon,3.2.4,Win32,60,,,m,0,0.587999821,1,0,60,21,1,59,,,,,,,,
,,,,,,,,,,,,,Images/CongruentRight.jpeg,Congruent Right,m,asdf,,2020-07-22_15h15.24.553,Tse_Altarriba_Simon,3.2.4,Win32,60,,,m,1,0.615999937,1,0,60,17,1,59,,,,,,,,
,,,,,,,,,,,,,Images/CongruentRight.jpeg,Congruent Right,m,asdf,,2020-07-22_15h15.24.553,Tse_Altarriba_Simon,3.2.4,Win32,60,,,m,1,0.456999779,1,0,60,16,1,59,,,,,,,,
,,,,,,,,,,,,,Images/IncongruentLeft.jpeg,Incongruent Left,z,asdf,,2020-07-22_15h15.24.553,Tse_Altarriba_Simon,3.2.4,Win32,60,,,z,1,0.468999863,1,0,60,26,1,59,,,,,,,,
,,,,,,,,,,,,,Images/CongruentRight.jpeg,Congruent Right,m,asdf,,2020-07-22_15h15.24.553,Tse_Altarriba_Simon,3.2.4,Win32,60,,,m,1,0.419999838,1,0,60,13,1,59,,,,,,,,
,,,,,,,,,,,,,Images/CongruentLeft.jpeg,Congruent Left,z,asdf,,2020-07-22_15h15.24.553,Tse_Altarriba_Simon,3.2.4,Win32,60,,,z,1,0.349999905,1,0,60,7,1,59,,,,,,,,
,,,,,,,,,,,,,Images/NeurtalRight.jpeg,Neutral Right,m,asdf,,2020-07-22_15h15.24.553,Tse_Altarriba_Simon,3.2.4,Win32,60,,,m,1,0.440999985,1,0,60,50,1,59,,,,,,,,
,,,,,,,,,,,,,Images/CongruentLeft.jpeg,Congruent Left,z,asdf,,2020-07-22_15h15.24.553,Tse_Altarriba_Simon,3.2.4,Win32,60,,,z,1,0.495999813,1,0,60,9,1,59,,,,,,,,
,,,,,,,,,,,,,Images/CongruentRight.jpeg,Congruent Right,m,asdf,,2020-07-22_15h15.24.553,Tse_Altarriba_Simon,3.2.4,Win32,60,,,m,1,0.485999823,1,0,60,10,1,59,,,,,,,,
,,,,,,,,,,,,,Images/CongruentRight.jpeg,Congruent Right,m,asdf,,2020-07-22_15h15.24.553,Tse_Altarriba_Simon,3.2.4,Win32,60,,,m,1,0.420000076,1,0,60,18,1,59,,,,,,,,
,,,,,,,,,,,,,Images/NeutralLeft.jpeg,Neutral Left,z,asdf,,2020-07-22_15h15.24.553,Tse_Altarriba_Simon,3.2.4,Win32,60,,,z,1,0.380999804,1,0,60,43,1,59,,,,,,,,
,,,,,,,,,,,,,Images/IncongruentRight.jpeg,Incongruent Right,m,asdf,,2020-07-22_15h15.24.553,Tse_Altarriba_Simon,3.2.4,Win32,60,,,m,1,0.450999737,1,0,60,36,1,59,,,,,,,,
,,,,,,,,,,,,,Images/NeutralLeft.jpeg,Neutral Left,z,asdf,,2020-07-22_15h15.24.553,Tse_Altarriba_Simon,3.2.4,Win32,60,,,z,1,0.395999908,1,0,60,47,1,59,,,,,,,,
,,,,,,,,,,,,,Images/CongruentRight.jpeg,Congruent Right,m,asdf,,2020-07-22_15h15.24.553,Tse_Altarriba_Simon,3.2.4,Win32,60,,,m,1,0.363999844,1,0,60,19,1,59,,,,,,,,
,,,,,,,,,,,,,Images/CongruentLeft.jpeg,Congruent Left,z,asdf,,2020-07-22_15h15.24.553,Tse_Altarriba_Simon,3.2.4,Win32,60,,,z,1,0.32799983,1,0,60,6,1,59,,,,,,,,
,,,,,,,,,,,,,Images/NeutralLeft.jpeg,Neutral Left,z,asdf,,2020-07-22_15h15.24.553,Tse_Altarriba_Simon,3.2.4,Win32,60,,,z,1,0.385999918,1,0,60,45,1,59,,,,,,,,
,,,,,,,,,,,,,Images/NeutralLeft.jpeg,Neutral Left,z,asdf,,2020-07-22_15h15.24.553,Tse_Altarriba_Simon,3.2.4,Win32,60,,,z,1,0.368999958,1,0,60,48,1,59,,,,,,,,
,,,,,,,,,,,,,Images/CongruentRight.jpeg,Congruent Right,m,asdf,,2020-07-22_15h15.24.553,Tse_Altarriba_Simon,3.2.4,Win32,60,,,m,1,0.407999992,,,,,,,space,6.424999952,1,0,60,18,1,59
,,,,,,,,,,,,,Images/CongruentLeft.jpeg,Congruent Left,z,asdf,,2020-07-22_15h15.24.553,Tse_Altarriba_Simon,3.2.4,Win32,60,,,z,1,0.302999973,,,,,,,,,1,0,60,2,1,59
,,,,,,,,,,,,,Images/NeurtalRight.jpeg,Neutral Right,m,asdf,,2020-07-22_15h15.24.553,Tse_Altarriba_Simon,3.2.4,Win32,60,,,m,1,0.353999853,,,,,,,,,1,0,60,55,1,59
,,,,,,,,,,,,,Images/IncongruentRight.jpeg,Incongruent Right,m,asdf,,2020-07-22_15h15.24.553,Tse_Altarriba_Simon,3.2.4,Win32,60,,,z,0,0.35800004,,,,,,,,,1,0,60,33,1,59
,,,,,,,,,,,,,Images/CongruentLeft.jpeg,Congruent Left,z,asdf,,2020-07-22_15h15.24.553,Tse_Altarriba_Simon,3.2.4,Win32,60,,,z,1,0.503000021,,,,,,,,,1,0,60,7,1,59
,,,,,,,,,,,,,Images/IncongruentLeft.jpeg,Incongruent Left,z,asdf,,2020-07-22_15h15.24.553,Tse_Altarriba_Simon,3.2.4,Win32,60,,,z,1,0.501999855,,,,,,,,,1,0,60,28,1,59
,,,,,,,,,,,,,Images/IncongruentLeft.jpeg,Incongruent Left,z,asdf,,2020-07-22_15h15.24.553,Tse_Altarriba_Simon,3.2.4,Win32,60,,,z,1,0.474999905,,,,,,,,,1,0,60,24,1,59
,,,,,,,,,,,,,Images/NeurtalRight.jpeg,Neutral Right,m,asdf,,2020-07-22_15h15.24.553,Tse_Altarriba_Simon,3.2.4,Win32,60,,,m,1,0.506999969,,,,,,,,,1,0,60,51,1,59
,,,,,,,,,,,,,Images/CongruentRight.jpeg,Congruent Right,m,asdf,,2020-07-22_15h15.24.553,Tse_Altarriba_Simon,3.2.4,Win32,60,,,m,1,0.384999752,,,,,,,,,1,0,60,16,1,59
,,,,,,,,,,,,,Images/CongruentRight.jpeg,Congruent Right,m,asdf,,2020-07-22_15h15.24.553,Tse_Altarriba_Simon,3.2.4,Win32,60,,,m,1,0.440999985,,,,,,,,,1,0,60,13,1,59
,,,,,,,,,,,,,Images/NeurtalRight.jpeg,Neutral Right,m,asdf,,2020-07-22_15h15.24.553,Tse_Altarriba_Simon,3.2.4,Win32,60,,,m,1,0.439999819,,,,,,,,,1,0,60,53,1,59
,,,,,,,,,,,,,Images/IncongruentLeft.jpeg,Incongruent Left,z,asdf,,2020-07-22_15h15.24.553,Tse_Altarriba_Simon,3.2.4,Win32,60,,,z,1,0.414999962,,,,,,,,,1,0,60,25,1,59
,,,,,,,,,,,,,Images/NeutralLeft.jpeg,Neutral Left,z,asdf,,2020-07-22_15h15.24.553,Tse_Altarriba_Simon,3.2.4,Win32,60,,,z,1,0.363999844,,,,,,,,,1,0,60,42,1,59
,,,,,,,,,,,,,Images/IncongruentLeft.jpeg,Incongruent Left,z,asdf,,2020-07-22_15h15.24.553,Tse_Altarriba_Simon,3.2.4,Win32,60,,,z,1,0.562999725,,,,,,,,,1,0,60,22,1,59
,,,,,,,,,,,,,Images/NeurtalRight.jpeg,Neutral Right,m,asdf,,2020-07-22_15h15.24.553,Tse_Altarriba_Simon,3.2.4,Win32,60,,,m,1,0.424999952,,,,,,,,,1,0,60,58,1,59
,,,,,,,,,,,,,Images/IncongruentRight.jpeg,Incongruent Right,m,asdf,,2020-07-22_15h15.24.553,Tse_Altarriba_Simon,3.2.4,Win32,60,,,m,1,0.416999817,,,,,,,,,1,0,60,34,1,59
,,,,,,,,,,,,,Images/CongruentRight.jpeg,Congruent Right,m,asdf,,2020-07-22_15h15.24.553,Tse_Altarriba_Simon,3.2.4,Win32,60,,,m,1,0.411999941,,,,,,,,,1,0,60,12,1,59
,,,,,,,,,,,,,Images/NeutralLeft.jpeg,Neutral Left,z,asdf,,2020-07-22_15h15.24.553,Tse_Altarriba_Simon,3.2.4,Win32,60,,,z,1,0.467999935,,,,,,,,,1,0,60,44,1,59
,,,,,,,,,,,,,Images/CongruentLeft.jpeg,Congruent Left,z,asdf,,2020-07-22_15h15.24.553,Tse_Altarriba_Simon,3.2.4,Win32,60,,,z,1,0.415999889,,,,,,,,,1,0,60,9,1,59
,,,,,,,,,,,,,Images/IncongruentLeft.jpeg,Incongruent Left,z,asdf,,2020-07-22_15h15.24.553,Tse_Altarriba_Simon,3.2.4,Win32,60,,,z,1,0.60199976,,,,,,,,,1,0,60,21,1,59
,,,,,,,,,,,,,Images/CongruentLeft.jpeg,Congruent Left,z,asdf,,2020-07-22_15h15.24.553,Tse_Altarriba_Simon,3.2.4,Win32,60,,,z,1,0.970999956,,,,,,,,,1,0,60,4,1,59
,,,,,,,,,,,,,Images/CongruentLeft.jpeg,Congruent Left,z,asdf,,2020-07-22_15h15.24.553,Tse_Altarriba_Simon,3.2.4,Win32,60,,,z,1,0.528999805,,,,,,,,,1,0,60,0,1,59
,,,,,,,,,,,,,Images/NeurtalRight.jpeg,Neutral Right,m,asdf,,2020-07-22_15h15.24.553,Tse_Altarriba_Simon,3.2.4,Win32,60,,,m,1,0.404999733,,,,,,,,,1,0,60,59,1,59
,,,,,,,,,,,,,Images/NeutralLeft.jpeg,Neutral Left,z,asdf,,2020-07-22_15h15.24.553,Tse_Altarriba_Simon,3.2.4,Win32,60,,,z,1,0.332000017,,,,,,,,,1,0,60,49,1,59
,,,,,,,,,,,,,Images/IncongruentRight.jpeg,Incongruent Right,m,asdf,,2020-07-22_15h15.24.553,Tse_Altarriba_Simon,3.2.4,Win32,60,,,m,1,0.431999922,,,,,,,,,1,0,60,35,1,59
,,,,,,,,,,,,,Images/NeutralLeft.jpeg,Neutral Left,z,asdf,,2020-07-22_15h15.24.553,Tse_Altarriba_Simon,3.2.4,Win32,60,,,z,1,0.350999832,,,,,,,,,1,0,60,45,1,59
,,,,,,,,,,,,,Images/CongruentRight.jpeg,Congruent Right,m,asdf,,2020-07-22_15h15.24.553,Tse_Altarriba_Simon,3.2.4,Win32,60,,,m,1,0.315999985,,,,,,,,,1,0,60,15,1,59
,,,,,,,,,,,,,Images/NeutralLeft.jpeg,Neutral Left,z,asdf,,2020-07-22_15h15.24.553,Tse_Altarriba_Simon,3.2.4,Win32,60,,,z,1,0.357999802,,,,,,,,,1,0,60,43,1,59
,,,,,,,,,,,,,Images/IncongruentRight.jpeg,Incongruent Right,m,asdf,,2020-07-22_15h15.24.553,Tse_Altarriba_Simon,3.2.4,Win32,60,,,m,1,0.5849998,,,,,,,,,1,0,60,37,1,59
,,,,,,,,,,,,,Images/NeurtalRight.jpeg,Neutral Right,m,asdf,,2020-07-22_15h15.24.553,Tse_Altarriba_Simon,3.2.4,Win32,60,,,m,1,0.370999813,,,,,,,,,1,0,60,57,1,59
,,,,,,,,,,,,,Images/IncongruentRight.jpeg,Incongruent Right,m,asdf,,2020-07-22_15h15.24.553,Tse_Altarriba_Simon,3.2.4,Win32,60,,,m,1,0.582999945,,,,,,,,,1,0,60,31,1,59
,,,,,,,,,,,,,Images/NeurtalRight.jpeg,Neutral Right,m,asdf,,2020-07-22_15h15.24.553,Tse_Altarriba_Simon,3.2.4,Win32,60,,,m,1,0.368999958,,,,,,,,,1,0,60,52,1,59
,,,,,,,,,,,,,Images/IncongruentRight.jpeg,Incongruent Right,m,asdf,,2020-07-22_15h15.24.553,Tse_Altarriba_Simon,3.2.4,Win32,60,,,m,1,0.485999823,,,,,,,,,1,0,60,30,1,59
,,,,,,,,,,,,,Images/IncongruentLeft.jpeg,Incongruent Left,z,asdf,,2020-07-22_15h15.24.553,Tse_Altarriba_Simon,3.2.4,Win32,60,,,z,1,0.436999798,,,,,,,,,1,0,60,26,1,59
,,,,,,,,,,,,,Images/CongruentRight.jpeg,Congruent Right,m,asdf,,2020-07-22_15h15.24.553,Tse_Altarriba_Simon,3.2.4,Win32,60,,,m,1,0.335999966,,,,,,,,,1,0,60,10,1,59
,,,,,,,,,,,,,Images/CongruentLeft.jpeg,Congruent Left,z,asdf,,2020-07-22_15h15.24.553,Tse_Altarriba_Simon,3.2.4,Win32,60,,,z,1,0.385999918,,,,,,,,,1,0,60,6,1,59
,,,,,,,,,,,,,Images/CongruentLeft.jpeg,Congruent Left,z,asdf,,2020-07-22_15h15.24.553,Tse_Altarriba_Simon,3.2.4,Win32,60,,,z,1,0.431999683,,,,,,,,,1,0,60,1,1,59
,,,,,,,,,,,,,Images/CongruentRight.jpeg,Congruent Right,m,asdf,,2020-07-22_15h15.24.553,Tse_Altarriba_Simon,3.2.4,Win32,60,,,m,1,0.366999865,,,,,,,,,1,0,60,17,1,59
,,,,,,,,,,,,,Images/IncongruentRight.jpeg,Incongruent Right,m,asdf,,2020-07-22_15h15.24.553,Tse_Altarriba_Simon,3.2.4,Win32,60,,,m,1,0.475999832,,,,,,,,,1,0,60,38,1,59
,,,,,,,,,,,,,Images/IncongruentRight.jpeg,Incongruent Right,m,asdf,,2020-07-22_15h15.24.553,Tse_Altarriba_Simon,3.2.4,Win32,60,,,m,1,0.464999914,,,,,,,,,1,0,60,39,1,59
,,,,,,,,,,,,,Images/NeutralLeft.jpeg,Neutral Left,z,asdf,,2020-07-22_15h15.24.553,Tse_Altarriba_Simon,3.2.4,Win32,60,,,z,1,0.552999735,,,,,,,,,1,0,60,47,1,59
,,,,,,,,,,,,,Images/IncongruentLeft.jpeg,Incongruent Left,z,asdf,,2020-07-22_15h15.24.553,Tse_Altarriba_Simon,3.2.4,Win32,60,,,z,1,0.656999826,,,,,,,,,1,0,60,27,1,59
,,,,,,,,,,,,,Images/IncongruentLeft.jpeg,Incongruent Left,z,asdf,,2020-07-22_15h15.24.553,Tse_Altarriba_Simon,3.2.4,Win32,60,,,z,1,0.355999708,,,,,,,,,1,0,60,29,1,59
,,,,,,,,,,,,,Images/NeutralLeft.jpeg,Neutral Left,z,asdf,,2020-07-22_15h15.24.553,Tse_Altarriba_Simon,3.2.4,Win32,60,,,z,1,0.349999905,,,,,,,,,1,0,60,48,1,59
,,,,,,,,,,,,,Images/NeutralLeft.jpeg,Neutral Left,z,asdf,,2020-07-22_15h15.24.553,Tse_Altarriba_Simon,3.2.4,Win32,60,,,z,1,0.341999769,,,,,,,,,1,0,60,40,1,59
,,,,,,,,,,,,,Images/IncongruentLeft.jpeg,Incongruent Left,z,asdf,,2020-07-22_15h15.24.553,Tse_Altarriba_Simon,3.2.4,Win32,60,,,z,1,0.416999817,,,,,,,,,1,0,60,20,1,59
,,,,,,,,,,,,,Images/CongruentLeft.jpeg,Congruent Left,z,asdf,,2020-07-22_15h15.24.553,Tse_Altarriba_Simon,3.2.4,Win32,60,,,z,1,0.599999905,,,,,,,,,1,0,60,3,1,59
,,,,,,,,,,,,,Images/CongruentLeft.jpeg,Congruent Left,z,asdf,,2020-07-22_15h15.24.553,Tse_Altarriba_Simon,3.2.4,Win32,60,,,z,1,0.333999872,,,,,,,,,1,0,60,8,1,59
,,,,,,,,,,,,,Images/CongruentRight.jpeg,Congruent Right,m,asdf,,2020-07-22_15h15.24.553,Tse_Altarriba_Simon,3.2.4,Win32,60,,,m,1,0.571999788,,,,,,,,,1,0,60,19,1,59
,,,,,,,,,,,,,Images/CongruentRight.jpeg,Congruent Right,m,asdf,,2020-07-22_15h15.24.553,Tse_Altarriba_Simon,3.2.4,Win32,60,,,m,1,0.504999638,,,,,,,,,1,0,60,14,1,59
,,,,,,,,,,,,,Images/NeurtalRight.jpeg,Neutral Right,m,asdf,,2020-07-22_15h15.24.553,Tse_Altarriba_Simon,3.2.4,Win32,60,,,m,1,0.413999796,,,,,,,,,1,0,60,56,1,59
,,,,,,,,,,,,,Images/IncongruentRight.jpeg,Incongruent Right,m,asdf,,2020-07-22_15h15.24.553,Tse_Altarriba_Simon,3.2.4,Win32,60,,,m,1,0.504999876,,,,,,,,,1,0,60,32,1,59
,,,,,,,,,,,,,Images/CongruentRight.jpeg,Congruent Right,m,asdf,,2020-07-22_15h15.24.553,Tse_Altarriba_Simon,3.2.4,Win32,60,,,m,1,0.484999895,,,,,,,,,1,0,60,11,1,59
,,,,,,,,,,,,,Images/NeurtalRight.jpeg,Neutral Right,m,asdf,,2020-07-22_15h15.24.553,Tse_Altarriba_Simon,3.2.4,Win32,60,,,m,1,0.389999866,,,,,,,,,1,0,60,50,1,59
,,,,,,,,,,,,,Images/IncongruentLeft.jpeg,Incongruent Left,z,asdf,,2020-07-22_15h15.24.553,Tse_Altarriba_Simon,3.2.4,Win32,60,,,m,0,0.369999886,,,,,,,,,1,0,60,23,1,59
,,,,,,,,,,,,,Images/CongruentLeft.jpeg,Congruent Left,z,asdf,,2020-07-22_15h15.24.553,Tse_Altarriba_Simon,3.2.4,Win32,60,,,z,1,0.767999887,,,,,,,,,1,0,60,5,1,59
,,,,,,,,,,,,,Images/NeurtalRight.jpeg,Neutral Right,m,asdf,,2020-07-22_15h15.24.553,Tse_Altarriba_Simon,3.2.4,Win32,60,,,m,1,0.416999817,,,,,,,,,1,0,60,54,1,59
,,,,,,,,,,,,,Images/NeutralLeft.jpeg,Neutral Left,z,asdf,,2020-07-22_15h15.24.553,Tse_Altarriba_Simon,3.2.4,Win32,60,,,z,1,0.437999725,,,,,,,,,1,0,60,46,1,59
,,,,,,,,,,,,,Images/IncongruentRight.jpeg,Incongruent Right,m,asdf,,2020-07-22_15h15.24.553,Tse_Altarriba_Simon,3.2.4,Win32,60,,,m,1,0.45299983,,,,,,,,,1,0,60,36,1,59
,,,,,,,,,,,,,Images/NeutralLeft.jpeg,Neutral Left,z,asdf,,2020-07-22_15h15.24.553,Tse_Altarriba_Simon,3.2.4,Win32,60,,,z,1,0.366999865,,,,,,,,,1,0,60,41,1,59
