Space1.keys,Space1.rt,Space2.keys,Space2.rt,response.keys,response.corr,response.rt,Practice_loop.thisRepN,Practice_loop.thisTrialN,Practice_loop.thisN,Practice_loop.thisIndex,Practice_loop.ran,ImageFile,Condition,CorrAns,Your initials,What is your age?,What is your gender?,What year are you in?,Are you Dyslexic? (Y/N),Are you bi/multilingual? (Y/N),What is your first language?,"What is your second language? (if you are monollingual, leave blank)",What other languages do you speak?,date,expName,psychopyVersion,OS,frameRate,Space3.keys,Space3.rt,key_resp_2.keys,key_resp_2.corr,key_resp_2.rt,trials.thisRepN,trials.thisTrialN,trials.thisN,trials.thisIndex,trials.ran,Space4.keys,Space4.rt,trials_2.thisRepN,trials_2.thisTrialN,trials_2.thisN,trials_2.thisIndex,trials_2.ran
space,3.2887,space,26.5942,m,1,3.219,0,0,0,10,1,Images/NeurtalRight.jpeg,Neutral Right,m,MC,15,feminino,2021,nao,sim,português ,inglês ,espanhol,2021-07-13_19h49.20.829,Tse_Altarriba_Simon1,2020.1.2,Win32,60,,,,,,,,,,,,,,,,,
,,,,z,1,0.888,0,1,1,4,1,Images/IncongruentLeft.jpeg,Incongruent Left,z,MC,15,feminino,2021,nao,sim,português ,inglês ,espanhol,2021-07-13_19h49.20.829,Tse_Altarriba_Simon1,2020.1.2,Win32,60,,,,,,,,,,,,,,,,,
,,,,m,1,1.0691,0,2,2,7,1,Images/IncongruentRight.jpeg,Incongruent Right,m,MC,15,feminino,2021,nao,sim,português ,inglês ,espanhol,2021-07-13_19h49.20.829,Tse_Altarriba_Simon1,2020.1.2,Win32,60,,,,,,,,,,,,,,,,,
,,,,m,1,0.9265,0,3,3,11,1,Images/NeurtalRight.jpeg,Neutral Right,m,MC,15,feminino,2021,nao,sim,português ,inglês ,espanhol,2021-07-13_19h49.20.829,Tse_Altarriba_Simon1,2020.1.2,Win32,60,,,,,,,,,,,,,,,,,
,,,,m,1,0.7168,0,4,4,2,1,Images/CongruentRight.jpeg,Congruent Right,m,MC,15,feminino,2021,nao,sim,português ,inglês ,espanhol,2021-07-13_19h49.20.829,Tse_Altarriba_Simon1,2020.1.2,Win32,60,,,,,,,,,,,,,,,,,
,,,,m,1,1.0375,0,5,5,3,1,Images/CongruentRight.jpeg,Congruent Right,m,MC,15,feminino,2021,nao,sim,português ,inglês ,espanhol,2021-07-13_19h49.20.829,Tse_Altarriba_Simon1,2020.1.2,Win32,60,,,,,,,,,,,,,,,,,
,,,,z,1,1.2208,0,6,6,0,1,Images/CongruentLeft.jpeg,Congruent Left,z,MC,15,feminino,2021,nao,sim,português ,inglês ,espanhol,2021-07-13_19h49.20.829,Tse_Altarriba_Simon1,2020.1.2,Win32,60,,,,,,,,,,,,,,,,,
,,,,z,1,1.1294,0,7,7,5,1,Images/IncongruentLeft.jpeg,Incongruent Left,z,MC,15,feminino,2021,nao,sim,português ,inglês ,espanhol,2021-07-13_19h49.20.829,Tse_Altarriba_Simon1,2020.1.2,Win32,60,,,,,,,,,,,,,,,,,
,,,,z,1,0.8314,0,8,8,9,1,Images/NeutralLeft.jpeg,Neutral Left,z,MC,15,feminino,2021,nao,sim,português ,inglês ,espanhol,2021-07-13_19h49.20.829,Tse_Altarriba_Simon1,2020.1.2,Win32,60,,,,,,,,,,,,,,,,,
,,,,z,1,0.6879,0,9,9,8,1,Images/NeutralLeft.jpeg,Neutral Left,z,MC,15,feminino,2021,nao,sim,português ,inglês ,espanhol,2021-07-13_19h49.20.829,Tse_Altarriba_Simon1,2020.1.2,Win32,60,,,,,,,,,,,,,,,,,
,,,,m,1,0.8365,0,10,10,6,1,Images/IncongruentRight.jpeg,Incongruent Right,m,MC,15,feminino,2021,nao,sim,português ,inglês ,espanhol,2021-07-13_19h49.20.829,Tse_Altarriba_Simon1,2020.1.2,Win32,60,,,,,,,,,,,,,,,,,
,,,,z,1,1.1362,0,11,11,1,1,Images/CongruentLeft.jpeg,Congruent Left,z,MC,15,feminino,2021,nao,sim,português ,inglês ,espanhol,2021-07-13_19h49.20.829,Tse_Altarriba_Simon1,2020.1.2,Win32,60,,,,,,,,,,,,,,,,,
,,,,,,,,,,,,Images/NeutralLeft.jpeg,Neutral Left,z,MC,15,feminino,2021,nao,sim,português ,inglês ,espanhol,2021-07-13_19h49.20.829,Tse_Altarriba_Simon1,2020.1.2,Win32,60,space,13.6505,z,1,0.9102,0,0,0,46,1,,,,,,,
,,,,,,,,,,,,Images/NeurtalRight.jpeg,Neutral Right,m,MC,15,feminino,2021,nao,sim,português ,inglês ,espanhol,2021-07-13_19h49.20.829,Tse_Altarriba_Simon1,2020.1.2,Win32,60,,,m,1,0.6504,0,1,1,56,1,,,,,,,
,,,,,,,,,,,,Images/CongruentRight.jpeg,Congruent Right,m,MC,15,feminino,2021,nao,sim,português ,inglês ,espanhol,2021-07-13_19h49.20.829,Tse_Altarriba_Simon1,2020.1.2,Win32,60,,,m,1,0.7203,0,2,2,19,1,,,,,,,
,,,,,,,,,,,,Images/CongruentRight.jpeg,Congruent Right,m,MC,15,feminino,2021,nao,sim,português ,inglês ,espanhol,2021-07-13_19h49.20.829,Tse_Altarriba_Simon1,2020.1.2,Win32,60,,,m,1,0.6342,0,3,3,14,1,,,,,,,
,,,,,,,,,,,,Images/NeurtalRight.jpeg,Neutral Right,m,MC,15,feminino,2021,nao,sim,português ,inglês ,espanhol,2021-07-13_19h49.20.829,Tse_Altarriba_Simon1,2020.1.2,Win32,60,,,m,1,0.6764,0,4,4,51,1,,,,,,,
,,,,,,,,,,,,Images/NeutralLeft.jpeg,Neutral Left,z,MC,15,feminino,2021,nao,sim,português ,inglês ,espanhol,2021-07-13_19h49.20.829,Tse_Altarriba_Simon1,2020.1.2,Win32,60,,,z,1,0.6344,0,5,5,42,1,,,,,,,
,,,,,,,,,,,,Images/IncongruentRight.jpeg,Incongruent Right,m,MC,15,feminino,2021,nao,sim,português ,inglês ,espanhol,2021-07-13_19h49.20.829,Tse_Altarriba_Simon1,2020.1.2,Win32,60,,,m,1,0.679,0,6,6,31,1,,,,,,,
,,,,,,,,,,,,Images/IncongruentRight.jpeg,Incongruent Right,m,MC,15,feminino,2021,nao,sim,português ,inglês ,espanhol,2021-07-13_19h49.20.829,Tse_Altarriba_Simon1,2020.1.2,Win32,60,,,m,1,0.8408,0,7,7,34,1,,,,,,,
,,,,,,,,,,,,Images/IncongruentRight.jpeg,Incongruent Right,m,MC,15,feminino,2021,nao,sim,português ,inglês ,espanhol,2021-07-13_19h49.20.829,Tse_Altarriba_Simon1,2020.1.2,Win32,60,,,m,1,0.7154,0,8,8,36,1,,,,,,,
,,,,,,,,,,,,Images/NeurtalRight.jpeg,Neutral Right,m,MC,15,feminino,2021,nao,sim,português ,inglês ,espanhol,2021-07-13_19h49.20.829,Tse_Altarriba_Simon1,2020.1.2,Win32,60,,,m,1,0.6297,0,9,9,58,1,,,,,,,
,,,,,,,,,,,,Images/NeurtalRight.jpeg,Neutral Right,m,MC,15,feminino,2021,nao,sim,português ,inglês ,espanhol,2021-07-13_19h49.20.829,Tse_Altarriba_Simon1,2020.1.2,Win32,60,,,m,1,0.5485,0,10,10,55,1,,,,,,,
,,,,,,,,,,,,Images/CongruentLeft.jpeg,Congruent Left,z,MC,15,feminino,2021,nao,sim,português ,inglês ,espanhol,2021-07-13_19h49.20.829,Tse_Altarriba_Simon1,2020.1.2,Win32,60,,,z,1,0.8316,0,11,11,4,1,,,,,,,
,,,,,,,,,,,,Images/CongruentRight.jpeg,Congruent Right,m,MC,15,feminino,2021,nao,sim,português ,inglês ,espanhol,2021-07-13_19h49.20.829,Tse_Altarriba_Simon1,2020.1.2,Win32,60,,,m,1,0.7367,0,12,12,18,1,,,,,,,
,,,,,,,,,,,,Images/IncongruentRight.jpeg,Incongruent Right,m,MC,15,feminino,2021,nao,sim,português ,inglês ,espanhol,2021-07-13_19h49.20.829,Tse_Altarriba_Simon1,2020.1.2,Win32,60,,,z,0,0.7681,0,13,13,33,1,,,,,,,
,,,,,,,,,,,,Images/IncongruentRight.jpeg,Incongruent Right,m,MC,15,feminino,2021,nao,sim,português ,inglês ,espanhol,2021-07-13_19h49.20.829,Tse_Altarriba_Simon1,2020.1.2,Win32,60,,,z,0,0.7837,0,14,14,32,1,,,,,,,
,,,,,,,,,,,,Images/CongruentRight.jpeg,Congruent Right,m,MC,15,feminino,2021,nao,sim,português ,inglês ,espanhol,2021-07-13_19h49.20.829,Tse_Altarriba_Simon1,2020.1.2,Win32,60,,,z,0,0.7324,0,15,15,10,1,,,,,,,
,,,,,,,,,,,,Images/CongruentLeft.jpeg,Congruent Left,z,MC,15,feminino,2021,nao,sim,português ,inglês ,espanhol,2021-07-13_19h49.20.829,Tse_Altarriba_Simon1,2020.1.2,Win32,60,,,,0,,0,16,16,1,1,,,,,,,
,,,,,,,,,,,,Images/NeurtalRight.jpeg,Neutral Right,m,MC,15,feminino,2021,nao,sim,português ,inglês ,espanhol,2021-07-13_19h49.20.829,Tse_Altarriba_Simon1,2020.1.2,Win32,60,,,m,1,0.9351,0,17,17,59,1,,,,,,,
,,,,,,,,,,,,Images/IncongruentLeft.jpeg,Incongruent Left,z,MC,15,feminino,2021,nao,sim,português ,inglês ,espanhol,2021-07-13_19h49.20.829,Tse_Altarriba_Simon1,2020.1.2,Win32,60,,,z,1,1.2604,0,18,18,25,1,,,,,,,
,,,,,,,,,,,,Images/NeutralLeft.jpeg,Neutral Left,z,MC,15,feminino,2021,nao,sim,português ,inglês ,espanhol,2021-07-13_19h49.20.829,Tse_Altarriba_Simon1,2020.1.2,Win32,60,,,z,1,0.7528,0,19,19,41,1,,,,,,,
,,,,,,,,,,,,Images/IncongruentRight.jpeg,Incongruent Right,m,MC,15,feminino,2021,nao,sim,português ,inglês ,espanhol,2021-07-13_19h49.20.829,Tse_Altarriba_Simon1,2020.1.2,Win32,60,,,m,1,0.6738,0,20,20,37,1,,,,,,,
,,,,,,,,,,,,Images/CongruentRight.jpeg,Congruent Right,m,MC,15,feminino,2021,nao,sim,português ,inglês ,espanhol,2021-07-13_19h49.20.829,Tse_Altarriba_Simon1,2020.1.2,Win32,60,,,m,1,0.689,0,21,21,16,1,,,,,,,
,,,,,,,,,,,,Images/CongruentRight.jpeg,Congruent Right,m,MC,15,feminino,2021,nao,sim,português ,inglês ,espanhol,2021-07-13_19h49.20.829,Tse_Altarriba_Simon1,2020.1.2,Win32,60,,,m,1,0.7541,0,22,22,13,1,,,,,,,
,,,,,,,,,,,,Images/NeurtalRight.jpeg,Neutral Right,m,MC,15,feminino,2021,nao,sim,português ,inglês ,espanhol,2021-07-13_19h49.20.829,Tse_Altarriba_Simon1,2020.1.2,Win32,60,,,m,1,0.6004,0,23,23,54,1,,,,,,,
,,,,,,,,,,,,Images/NeurtalRight.jpeg,Neutral Right,m,MC,15,feminino,2021,nao,sim,português ,inglês ,espanhol,2021-07-13_19h49.20.829,Tse_Altarriba_Simon1,2020.1.2,Win32,60,,,m,1,0.6522,0,24,24,52,1,,,,,,,
,,,,,,,,,,,,Images/CongruentRight.jpeg,Congruent Right,m,MC,15,feminino,2021,nao,sim,português ,inglês ,espanhol,2021-07-13_19h49.20.829,Tse_Altarriba_Simon1,2020.1.2,Win32,60,,,m,1,0.8177,0,25,25,17,1,,,,,,,
,,,,,,,,,,,,Images/CongruentLeft.jpeg,Congruent Left,z,MC,15,feminino,2021,nao,sim,português ,inglês ,espanhol,2021-07-13_19h49.20.829,Tse_Altarriba_Simon1,2020.1.2,Win32,60,,,z,1,0.6094,0,26,26,7,1,,,,,,,
,,,,,,,,,,,,Images/CongruentLeft.jpeg,Congruent Left,z,MC,15,feminino,2021,nao,sim,português ,inglês ,espanhol,2021-07-13_19h49.20.829,Tse_Altarriba_Simon1,2020.1.2,Win32,60,,,z,1,0.6914,0,27,27,8,1,,,,,,,
,,,,,,,,,,,,Images/CongruentRight.jpeg,Congruent Right,m,MC,15,feminino,2021,nao,sim,português ,inglês ,espanhol,2021-07-13_19h49.20.829,Tse_Altarriba_Simon1,2020.1.2,Win32,60,,,m,1,0.6174,0,28,28,11,1,,,,,,,
,,,,,,,,,,,,Images/IncongruentLeft.jpeg,Incongruent Left,z,MC,15,feminino,2021,nao,sim,português ,inglês ,espanhol,2021-07-13_19h49.20.829,Tse_Altarriba_Simon1,2020.1.2,Win32,60,,,z,1,0.7363,0,29,29,27,1,,,,,,,
,,,,,,,,,,,,Images/CongruentRight.jpeg,Congruent Right,m,MC,15,feminino,2021,nao,sim,português ,inglês ,espanhol,2021-07-13_19h49.20.829,Tse_Altarriba_Simon1,2020.1.2,Win32,60,,,m,1,0.7189,0,30,30,15,1,,,,,,,
,,,,,,,,,,,,Images/NeutralLeft.jpeg,Neutral Left,z,MC,15,feminino,2021,nao,sim,português ,inglês ,espanhol,2021-07-13_19h49.20.829,Tse_Altarriba_Simon1,2020.1.2,Win32,60,,,z,1,0.6514,0,31,31,43,1,,,,,,,
,,,,,,,,,,,,Images/IncongruentLeft.jpeg,Incongruent Left,z,MC,15,feminino,2021,nao,sim,português ,inglês ,espanhol,2021-07-13_19h49.20.829,Tse_Altarriba_Simon1,2020.1.2,Win32,60,,,z,1,0.6866,0,32,32,22,1,,,,,,,
,,,,,,,,,,,,Images/IncongruentRight.jpeg,Incongruent Right,m,MC,15,feminino,2021,nao,sim,português ,inglês ,espanhol,2021-07-13_19h49.20.829,Tse_Altarriba_Simon1,2020.1.2,Win32,60,,,m,1,0.7671,0,33,33,38,1,,,,,,,
,,,,,,,,,,,,Images/CongruentLeft.jpeg,Congruent Left,z,MC,15,feminino,2021,nao,sim,português ,inglês ,espanhol,2021-07-13_19h49.20.829,Tse_Altarriba_Simon1,2020.1.2,Win32,60,,,z,1,0.7365,0,34,34,0,1,,,,,,,
,,,,,,,,,,,,Images/CongruentRight.jpeg,Congruent Right,m,MC,15,feminino,2021,nao,sim,português ,inglês ,espanhol,2021-07-13_19h49.20.829,Tse_Altarriba_Simon1,2020.1.2,Win32,60,,,m,1,0.5319,0,35,35,12,1,,,,,,,
,,,,,,,,,,,,Images/NeurtalRight.jpeg,Neutral Right,m,MC,15,feminino,2021,nao,sim,português ,inglês ,espanhol,2021-07-13_19h49.20.829,Tse_Altarriba_Simon1,2020.1.2,Win32,60,,,m,1,0.6039,0,36,36,50,1,,,,,,,
,,,,,,,,,,,,Images/NeurtalRight.jpeg,Neutral Right,m,MC,15,feminino,2021,nao,sim,português ,inglês ,espanhol,2021-07-13_19h49.20.829,Tse_Altarriba_Simon1,2020.1.2,Win32,60,,,m,1,0.6008,0,37,37,57,1,,,,,,,
,,,,,,,,,,,,Images/IncongruentLeft.jpeg,Incongruent Left,z,MC,15,feminino,2021,nao,sim,português ,inglês ,espanhol,2021-07-13_19h49.20.829,Tse_Altarriba_Simon1,2020.1.2,Win32,60,,,z,1,0.7683,0,38,38,21,1,,,,,,,
,,,,,,,,,,,,Images/NeurtalRight.jpeg,Neutral Right,m,MC,15,feminino,2021,nao,sim,português ,inglês ,espanhol,2021-07-13_19h49.20.829,Tse_Altarriba_Simon1,2020.1.2,Win32,60,,,m,1,0.6297,0,39,39,53,1,,,,,,,
,,,,,,,,,,,,Images/IncongruentLeft.jpeg,Incongruent Left,z,MC,15,feminino,2021,nao,sim,português ,inglês ,espanhol,2021-07-13_19h49.20.829,Tse_Altarriba_Simon1,2020.1.2,Win32,60,,,z,1,0.8567,0,40,40,26,1,,,,,,,
,,,,,,,,,,,,Images/IncongruentLeft.jpeg,Incongruent Left,z,MC,15,feminino,2021,nao,sim,português ,inglês ,espanhol,2021-07-13_19h49.20.829,Tse_Altarriba_Simon1,2020.1.2,Win32,60,,,z,1,0.6975,0,41,41,24,1,,,,,,,
,,,,,,,,,,,,Images/NeutralLeft.jpeg,Neutral Left,z,MC,15,feminino,2021,nao,sim,português ,inglês ,espanhol,2021-07-13_19h49.20.829,Tse_Altarriba_Simon1,2020.1.2,Win32,60,,,z,1,0.5699,0,42,42,48,1,,,,,,,
,,,,,,,,,,,,Images/CongruentLeft.jpeg,Congruent Left,z,MC,15,feminino,2021,nao,sim,português ,inglês ,espanhol,2021-07-13_19h49.20.829,Tse_Altarriba_Simon1,2020.1.2,Win32,60,,,z,1,0.6321,0,43,43,3,1,,,,,,,
,,,,,,,,,,,,Images/IncongruentLeft.jpeg,Incongruent Left,z,MC,15,feminino,2021,nao,sim,português ,inglês ,espanhol,2021-07-13_19h49.20.829,Tse_Altarriba_Simon1,2020.1.2,Win32,60,,,z,1,0.6515,0,44,44,23,1,,,,,,,
,,,,,,,,,,,,Images/IncongruentRight.jpeg,Incongruent Right,m,MC,15,feminino,2021,nao,sim,português ,inglês ,espanhol,2021-07-13_19h49.20.829,Tse_Altarriba_Simon1,2020.1.2,Win32,60,,,m,1,0.6373,0,45,45,30,1,,,,,,,
,,,,,,,,,,,,Images/NeutralLeft.jpeg,Neutral Left,z,MC,15,feminino,2021,nao,sim,português ,inglês ,espanhol,2021-07-13_19h49.20.829,Tse_Altarriba_Simon1,2020.1.2,Win32,60,,,z,1,0.6866,0,46,46,44,1,,,,,,,
,,,,,,,,,,,,Images/IncongruentRight.jpeg,Incongruent Right,m,MC,15,feminino,2021,nao,sim,português ,inglês ,espanhol,2021-07-13_19h49.20.829,Tse_Altarriba_Simon1,2020.1.2,Win32,60,,,m,1,1.1101,0,47,47,35,1,,,,,,,
,,,,,,,,,,,,Images/IncongruentLeft.jpeg,Incongruent Left,z,MC,15,feminino,2021,nao,sim,português ,inglês ,espanhol,2021-07-13_19h49.20.829,Tse_Altarriba_Simon1,2020.1.2,Win32,60,,,z,1,0.8322,0,48,48,29,1,,,,,,,
,,,,,,,,,,,,Images/IncongruentLeft.jpeg,Incongruent Left,z,MC,15,feminino,2021,nao,sim,português ,inglês ,espanhol,2021-07-13_19h49.20.829,Tse_Altarriba_Simon1,2020.1.2,Win32,60,,,z,1,0.7314,0,49,49,20,1,,,,,,,
,,,,,,,,,,,,Images/CongruentLeft.jpeg,Congruent Left,z,MC,15,feminino,2021,nao,sim,português ,inglês ,espanhol,2021-07-13_19h49.20.829,Tse_Altarriba_Simon1,2020.1.2,Win32,60,,,z,1,0.6531,0,50,50,2,1,,,,,,,
,,,,,,,,,,,,Images/CongruentLeft.jpeg,Congruent Left,z,MC,15,feminino,2021,nao,sim,português ,inglês ,espanhol,2021-07-13_19h49.20.829,Tse_Altarriba_Simon1,2020.1.2,Win32,60,,,z,1,0.8384,0,51,51,5,1,,,,,,,
,,,,,,,,,,,,Images/NeutralLeft.jpeg,Neutral Left,z,MC,15,feminino,2021,nao,sim,português ,inglês ,espanhol,2021-07-13_19h49.20.829,Tse_Altarriba_Simon1,2020.1.2,Win32,60,,,z,1,0.7516,0,52,52,40,1,,,,,,,
,,,,,,,,,,,,Images/CongruentLeft.jpeg,Congruent Left,z,MC,15,feminino,2021,nao,sim,português ,inglês ,espanhol,2021-07-13_19h49.20.829,Tse_Altarriba_Simon1,2020.1.2,Win32,60,,,z,1,0.7722,0,53,53,6,1,,,,,,,
,,,,,,,,,,,,Images/CongruentLeft.jpeg,Congruent Left,z,MC,15,feminino,2021,nao,sim,português ,inglês ,espanhol,2021-07-13_19h49.20.829,Tse_Altarriba_Simon1,2020.1.2,Win32,60,,,z,1,0.7834,0,54,54,9,1,,,,,,,
,,,,,,,,,,,,Images/IncongruentRight.jpeg,Incongruent Right,m,MC,15,feminino,2021,nao,sim,português ,inglês ,espanhol,2021-07-13_19h49.20.829,Tse_Altarriba_Simon1,2020.1.2,Win32,60,,,m,1,0.7383,0,55,55,39,1,,,,,,,
,,,,,,,,,,,,Images/NeutralLeft.jpeg,Neutral Left,z,MC,15,feminino,2021,nao,sim,português ,inglês ,espanhol,2021-07-13_19h49.20.829,Tse_Altarriba_Simon1,2020.1.2,Win32,60,,,z,1,0.6879,0,56,56,45,1,,,,,,,
,,,,,,,,,,,,Images/NeutralLeft.jpeg,Neutral Left,z,MC,15,feminino,2021,nao,sim,português ,inglês ,espanhol,2021-07-13_19h49.20.829,Tse_Altarriba_Simon1,2020.1.2,Win32,60,,,z,1,0.6603,0,57,57,49,1,,,,,,,
,,,,,,,,,,,,Images/NeutralLeft.jpeg,Neutral Left,z,MC,15,feminino,2021,nao,sim,português ,inglês ,espanhol,2021-07-13_19h49.20.829,Tse_Altarriba_Simon1,2020.1.2,Win32,60,,,z,1,0.5952,0,58,58,47,1,,,,,,,
,,,,,,,,,,,,Images/IncongruentLeft.jpeg,Incongruent Left,z,MC,15,feminino,2021,nao,sim,português ,inglês ,espanhol,2021-07-13_19h49.20.829,Tse_Altarriba_Simon1,2020.1.2,Win32,60,,,z,1,0.7963,0,59,59,28,1,,,,,,,
,,,,,,,,,,,,Images/NeurtalRight.jpeg,Neutral Right,m,MC,15,feminino,2021,nao,sim,português ,inglês ,espanhol,2021-07-13_19h49.20.829,Tse_Altarriba_Simon1,2020.1.2,Win32,60,,,m,1,0.9554,,,,,,space,26.7573,0,0,0,55,1
,,,,,,,,,,,,Images/IncongruentRight.jpeg,Incongruent Right,m,MC,15,feminino,2021,nao,sim,português ,inglês ,espanhol,2021-07-13_19h49.20.829,Tse_Altarriba_Simon1,2020.1.2,Win32,60,,,m,1,0.9171,,,,,,,,0,1,1,34,1
,,,,,,,,,,,,Images/CongruentLeft.jpeg,Congruent Left,z,MC,15,feminino,2021,nao,sim,português ,inglês ,espanhol,2021-07-13_19h49.20.829,Tse_Altarriba_Simon1,2020.1.2,Win32,60,,,z,1,0.8177,,,,,,,,0,2,2,6,1
,,,,,,,,,,,,Images/IncongruentLeft.jpeg,Incongruent Left,z,MC,15,feminino,2021,nao,sim,português ,inglês ,espanhol,2021-07-13_19h49.20.829,Tse_Altarriba_Simon1,2020.1.2,Win32,60,,,z,1,0.7034,,,,,,,,0,3,3,22,1
,,,,,,,,,,,,Images/IncongruentRight.jpeg,Incongruent Right,m,MC,15,feminino,2021,nao,sim,português ,inglês ,espanhol,2021-07-13_19h49.20.829,Tse_Altarriba_Simon1,2020.1.2,Win32,60,,,m,1,0.8036,,,,,,,,0,4,4,31,1
,,,,,,,,,,,,Images/IncongruentLeft.jpeg,Incongruent Left,z,MC,15,feminino,2021,nao,sim,português ,inglês ,espanhol,2021-07-13_19h49.20.829,Tse_Altarriba_Simon1,2020.1.2,Win32,60,,,z,1,0.8016,,,,,,,,0,5,5,21,1
,,,,,,,,,,,,Images/IncongruentRight.jpeg,Incongruent Right,m,MC,15,feminino,2021,nao,sim,português ,inglês ,espanhol,2021-07-13_19h49.20.829,Tse_Altarriba_Simon1,2020.1.2,Win32,60,,,m,1,0.7036,,,,,,,,0,6,6,33,1
,,,,,,,,,,,,Images/CongruentRight.jpeg,Congruent Right,m,MC,15,feminino,2021,nao,sim,português ,inglês ,espanhol,2021-07-13_19h49.20.829,Tse_Altarriba_Simon1,2020.1.2,Win32,60,,,m,1,0.723,,,,,,,,0,7,7,18,1
,,,,,,,,,,,,Images/IncongruentLeft.jpeg,Incongruent Left,z,MC,15,feminino,2021,nao,sim,português ,inglês ,espanhol,2021-07-13_19h49.20.829,Tse_Altarriba_Simon1,2020.1.2,Win32,60,,,z,1,0.7524,,,,,,,,0,8,8,29,1
,,,,,,,,,,,,Images/NeutralLeft.jpeg,Neutral Left,z,MC,15,feminino,2021,nao,sim,português ,inglês ,espanhol,2021-07-13_19h49.20.829,Tse_Altarriba_Simon1,2020.1.2,Win32,60,,,z,1,0.5902,,,,,,,,0,9,9,48,1
,,,,,,,,,,,,Images/CongruentRight.jpeg,Congruent Right,m,MC,15,feminino,2021,nao,sim,português ,inglês ,espanhol,2021-07-13_19h49.20.829,Tse_Altarriba_Simon1,2020.1.2,Win32,60,,,m,1,0.5786,,,,,,,,0,10,10,10,1
,,,,,,,,,,,,Images/IncongruentRight.jpeg,Incongruent Right,m,MC,15,feminino,2021,nao,sim,português ,inglês ,espanhol,2021-07-13_19h49.20.829,Tse_Altarriba_Simon1,2020.1.2,Win32,60,,,m,1,1.1297,,,,,,,,0,11,11,36,1
,,,,,,,,,,,,Images/CongruentLeft.jpeg,Congruent Left,z,MC,15,feminino,2021,nao,sim,português ,inglês ,espanhol,2021-07-13_19h49.20.829,Tse_Altarriba_Simon1,2020.1.2,Win32,60,,,z,1,0.6347,,,,,,,,0,12,12,7,1
,,,,,,,,,,,,Images/IncongruentRight.jpeg,Incongruent Right,m,MC,15,feminino,2021,nao,sim,português ,inglês ,espanhol,2021-07-13_19h49.20.829,Tse_Altarriba_Simon1,2020.1.2,Win32,60,,,m,1,0.6981,,,,,,,,0,13,13,38,1
,,,,,,,,,,,,Images/CongruentLeft.jpeg,Congruent Left,z,MC,15,feminino,2021,nao,sim,português ,inglês ,espanhol,2021-07-13_19h49.20.829,Tse_Altarriba_Simon1,2020.1.2,Win32,60,,,z,1,0.7344,,,,,,,,0,14,14,3,1
,,,,,,,,,,,,Images/IncongruentRight.jpeg,Incongruent Right,m,MC,15,feminino,2021,nao,sim,português ,inglês ,espanhol,2021-07-13_19h49.20.829,Tse_Altarriba_Simon1,2020.1.2,Win32,60,,,m,1,1.0805,,,,,,,,0,15,15,30,1
,,,,,,,,,,,,Images/CongruentLeft.jpeg,Congruent Left,z,MC,15,feminino,2021,nao,sim,português ,inglês ,espanhol,2021-07-13_19h49.20.829,Tse_Altarriba_Simon1,2020.1.2,Win32,60,,,z,1,0.9023,,,,,,,,0,16,16,1,1
,,,,,,,,,,,,Images/CongruentRight.jpeg,Congruent Right,m,MC,15,feminino,2021,nao,sim,português ,inglês ,espanhol,2021-07-13_19h49.20.829,Tse_Altarriba_Simon1,2020.1.2,Win32,60,,,m,1,0.6332,,,,,,,,0,17,17,14,1
,,,,,,,,,,,,Images/NeutralLeft.jpeg,Neutral Left,z,MC,15,feminino,2021,nao,sim,português ,inglês ,espanhol,2021-07-13_19h49.20.829,Tse_Altarriba_Simon1,2020.1.2,Win32,60,,,z,1,1.2966,,,,,,,,0,18,18,41,1
,,,,,,,,,,,,Images/NeurtalRight.jpeg,Neutral Right,m,MC,15,feminino,2021,nao,sim,português ,inglês ,espanhol,2021-07-13_19h49.20.829,Tse_Altarriba_Simon1,2020.1.2,Win32,60,,,m,1,0.7753,,,,,,,,0,19,19,54,1
,,,,,,,,,,,,Images/NeurtalRight.jpeg,Neutral Right,m,MC,15,feminino,2021,nao,sim,português ,inglês ,espanhol,2021-07-13_19h49.20.829,Tse_Altarriba_Simon1,2020.1.2,Win32,60,,,m,1,0.6173,,,,,,,,0,20,20,58,1
,,,,,,,,,,,,Images/CongruentLeft.jpeg,Congruent Left,z,MC,15,feminino,2021,nao,sim,português ,inglês ,espanhol,2021-07-13_19h49.20.829,Tse_Altarriba_Simon1,2020.1.2,Win32,60,,,z,1,0.4491,,,,,,,,0,21,21,0,1
,,,,,,,,,,,,Images/IncongruentRight.jpeg,Incongruent Right,m,MC,15,feminino,2021,nao,sim,português ,inglês ,espanhol,2021-07-13_19h49.20.829,Tse_Altarriba_Simon1,2020.1.2,Win32,60,,,z,0,0.5867,,,,,,,,0,22,22,39,1
,,,,,,,,,,,,Images/CongruentRight.jpeg,Congruent Right,m,MC,15,feminino,2021,nao,sim,português ,inglês ,espanhol,2021-07-13_19h49.20.829,Tse_Altarriba_Simon1,2020.1.2,Win32,60,,,m,1,0.7012,,,,,,,,0,23,23,19,1
,,,,,,,,,,,,Images/IncongruentLeft.jpeg,Incongruent Left,z,MC,15,feminino,2021,nao,sim,português ,inglês ,espanhol,2021-07-13_19h49.20.829,Tse_Altarriba_Simon1,2020.1.2,Win32,60,,,z,1,2.1478,,,,,,,,0,24,24,28,1
,,,,,,,,,,,,Images/NeurtalRight.jpeg,Neutral Right,m,MC,15,feminino,2021,nao,sim,português ,inglês ,espanhol,2021-07-13_19h49.20.829,Tse_Altarriba_Simon1,2020.1.2,Win32,60,,,m,1,0.6841,,,,,,,,0,25,25,50,1
,,,,,,,,,,,,Images/NeurtalRight.jpeg,Neutral Right,m,MC,15,feminino,2021,nao,sim,português ,inglês ,espanhol,2021-07-13_19h49.20.829,Tse_Altarriba_Simon1,2020.1.2,Win32,60,,,m,1,0.5675,,,,,,,,0,26,26,53,1
,,,,,,,,,,,,Images/NeurtalRight.jpeg,Neutral Right,m,MC,15,feminino,2021,nao,sim,português ,inglês ,espanhol,2021-07-13_19h49.20.829,Tse_Altarriba_Simon1,2020.1.2,Win32,60,,,m,1,0.4838,,,,,,,,0,27,27,52,1
,,,,,,,,,,,,Images/CongruentRight.jpeg,Congruent Right,m,MC,15,feminino,2021,nao,sim,português ,inglês ,espanhol,2021-07-13_19h49.20.829,Tse_Altarriba_Simon1,2020.1.2,Win32,60,,,m,1,0.7324,,,,,,,,0,28,28,11,1
,,,,,,,,,,,,Images/CongruentRight.jpeg,Congruent Right,m,MC,15,feminino,2021,nao,sim,português ,inglês ,espanhol,2021-07-13_19h49.20.829,Tse_Altarriba_Simon1,2020.1.2,Win32,60,,,m,1,0.6723,,,,,,,,0,29,29,16,1
,,,,,,,,,,,,Images/CongruentLeft.jpeg,Congruent Left,z,MC,15,feminino,2021,nao,sim,português ,inglês ,espanhol,2021-07-13_19h49.20.829,Tse_Altarriba_Simon1,2020.1.2,Win32,60,,,z,1,0.5184,,,,,,,,0,30,30,5,1
,,,,,,,,,,,,Images/IncongruentRight.jpeg,Incongruent Right,m,MC,15,feminino,2021,nao,sim,português ,inglês ,espanhol,2021-07-13_19h49.20.829,Tse_Altarriba_Simon1,2020.1.2,Win32,60,,,m,1,1.2654,,,,,,,,0,31,31,37,1
,,,,,,,,,,,,Images/IncongruentLeft.jpeg,Incongruent Left,z,MC,15,feminino,2021,nao,sim,português ,inglês ,espanhol,2021-07-13_19h49.20.829,Tse_Altarriba_Simon1,2020.1.2,Win32,60,,,z,1,0.6318,,,,,,,,0,32,32,25,1
,,,,,,,,,,,,Images/IncongruentRight.jpeg,Incongruent Right,m,MC,15,feminino,2021,nao,sim,português ,inglês ,espanhol,2021-07-13_19h49.20.829,Tse_Altarriba_Simon1,2020.1.2,Win32,60,,,m,1,0.6818,,,,,,,,0,33,33,32,1
,,,,,,,,,,,,Images/CongruentRight.jpeg,Congruent Right,m,MC,15,feminino,2021,nao,sim,português ,inglês ,espanhol,2021-07-13_19h49.20.829,Tse_Altarriba_Simon1,2020.1.2,Win32,60,,,m,1,0.644,,,,,,,,0,34,34,15,1
,,,,,,,,,,,,Images/IncongruentLeft.jpeg,Incongruent Left,z,MC,15,feminino,2021,nao,sim,português ,inglês ,espanhol,2021-07-13_19h49.20.829,Tse_Altarriba_Simon1,2020.1.2,Win32,60,,,z,1,0.7365,,,,,,,,0,35,35,27,1
,,,,,,,,,,,,Images/IncongruentLeft.jpeg,Incongruent Left,z,MC,15,feminino,2021,nao,sim,português ,inglês ,espanhol,2021-07-13_19h49.20.829,Tse_Altarriba_Simon1,2020.1.2,Win32,60,,,z,1,0.7319,,,,,,,,0,36,36,20,1
,,,,,,,,,,,,Images/NeutralLeft.jpeg,Neutral Left,z,MC,15,feminino,2021,nao,sim,português ,inglês ,espanhol,2021-07-13_19h49.20.829,Tse_Altarriba_Simon1,2020.1.2,Win32,60,,,z,1,0.6991,,,,,,,,0,37,37,45,1
,,,,,,,,,,,,Images/IncongruentLeft.jpeg,Incongruent Left,z,MC,15,feminino,2021,nao,sim,português ,inglês ,espanhol,2021-07-13_19h49.20.829,Tse_Altarriba_Simon1,2020.1.2,Win32,60,,,z,1,0.7749,,,,,,,,0,38,38,26,1
,,,,,,,,,,,,Images/NeurtalRight.jpeg,Neutral Right,m,MC,15,feminino,2021,nao,sim,português ,inglês ,espanhol,2021-07-13_19h49.20.829,Tse_Altarriba_Simon1,2020.1.2,Win32,60,,,m,1,0.8797,,,,,,,,0,39,39,56,1
,,,,,,,,,,,,Images/NeutralLeft.jpeg,Neutral Left,z,MC,15,feminino,2021,nao,sim,português ,inglês ,espanhol,2021-07-13_19h49.20.829,Tse_Altarriba_Simon1,2020.1.2,Win32,60,,,z,1,0.749,,,,,,,,0,40,40,40,1
,,,,,,,,,,,,Images/IncongruentRight.jpeg,Incongruent Right,m,MC,15,feminino,2021,nao,sim,português ,inglês ,espanhol,2021-07-13_19h49.20.829,Tse_Altarriba_Simon1,2020.1.2,Win32,60,,,m,1,0.6001,,,,,,,,0,41,41,35,1
,,,,,,,,,,,,Images/IncongruentLeft.jpeg,Incongruent Left,z,MC,15,feminino,2021,nao,sim,português ,inglês ,espanhol,2021-07-13_19h49.20.829,Tse_Altarriba_Simon1,2020.1.2,Win32,60,,,z,1,1.0648,,,,,,,,0,42,42,24,1
,,,,,,,,,,,,Images/CongruentRight.jpeg,Congruent Right,m,MC,15,feminino,2021,nao,sim,português ,inglês ,espanhol,2021-07-13_19h49.20.829,Tse_Altarriba_Simon1,2020.1.2,Win32,60,,,m,1,0.5835,,,,,,,,0,43,43,13,1
,,,,,,,,,,,,Images/CongruentRight.jpeg,Congruent Right,m,MC,15,feminino,2021,nao,sim,português ,inglês ,espanhol,2021-07-13_19h49.20.829,Tse_Altarriba_Simon1,2020.1.2,Win32,60,,,m,1,0.6386,,,,,,,,0,44,44,12,1
,,,,,,,,,,,,Images/CongruentLeft.jpeg,Congruent Left,z,MC,15,feminino,2021,nao,sim,português ,inglês ,espanhol,2021-07-13_19h49.20.829,Tse_Altarriba_Simon1,2020.1.2,Win32,60,,,z,1,0.6826,,,,,,,,0,45,45,8,1
,,,,,,,,,,,,Images/NeutralLeft.jpeg,Neutral Left,z,MC,15,feminino,2021,nao,sim,português ,inglês ,espanhol,2021-07-13_19h49.20.829,Tse_Altarriba_Simon1,2020.1.2,Win32,60,,,z,1,0.8154,,,,,,,,0,46,46,49,1
,,,,,,,,,,,,Images/NeurtalRight.jpeg,Neutral Right,m,MC,15,feminino,2021,nao,sim,português ,inglês ,espanhol,2021-07-13_19h49.20.829,Tse_Altarriba_Simon1,2020.1.2,Win32,60,,,m,1,0.8161,,,,,,,,0,47,47,51,1
,,,,,,,,,,,,Images/CongruentRight.jpeg,Congruent Right,m,MC,15,feminino,2021,nao,sim,português ,inglês ,espanhol,2021-07-13_19h49.20.829,Tse_Altarriba_Simon1,2020.1.2,Win32,60,,,m,1,0.7253,,,,,,,,0,48,48,17,1
,,,,,,,,,,,,Images/CongruentLeft.jpeg,Congruent Left,z,MC,15,feminino,2021,nao,sim,português ,inglês ,espanhol,2021-07-13_19h49.20.829,Tse_Altarriba_Simon1,2020.1.2,Win32,60,,,z,1,0.6702,,,,,,,,0,49,49,9,1
,,,,,,,,,,,,Images/NeurtalRight.jpeg,Neutral Right,m,MC,15,feminino,2021,nao,sim,português ,inglês ,espanhol,2021-07-13_19h49.20.829,Tse_Altarriba_Simon1,2020.1.2,Win32,60,,,m,1,0.7354,,,,,,,,0,50,50,57,1
,,,,,,,,,,,,Images/CongruentLeft.jpeg,Congruent Left,z,MC,15,feminino,2021,nao,sim,português ,inglês ,espanhol,2021-07-13_19h49.20.829,Tse_Altarriba_Simon1,2020.1.2,Win32,60,,,z,1,0.8552,,,,,,,,0,51,51,4,1
,,,,,,,,,,,,Images/NeutralLeft.jpeg,Neutral Left,z,MC,15,feminino,2021,nao,sim,português ,inglês ,espanhol,2021-07-13_19h49.20.829,Tse_Altarriba_Simon1,2020.1.2,Win32,60,,,z,1,0.6586,,,,,,,,0,52,52,43,1
,,,,,,,,,,,,Images/NeutralLeft.jpeg,Neutral Left,z,MC,15,feminino,2021,nao,sim,português ,inglês ,espanhol,2021-07-13_19h49.20.829,Tse_Altarriba_Simon1,2020.1.2,Win32,60,,,z,1,0.8725,,,,,,,,0,53,53,46,1
,,,,,,,,,,,,Images/NeutralLeft.jpeg,Neutral Left,z,MC,15,feminino,2021,nao,sim,português ,inglês ,espanhol,2021-07-13_19h49.20.829,Tse_Altarriba_Simon1,2020.1.2,Win32,60,,,z,1,0.6317,,,,,,,,0,54,54,47,1
,,,,,,,,,,,,Images/NeutralLeft.jpeg,Neutral Left,z,MC,15,feminino,2021,nao,sim,português ,inglês ,espanhol,2021-07-13_19h49.20.829,Tse_Altarriba_Simon1,2020.1.2,Win32,60,,,z,1,0.8722,,,,,,,,0,55,55,44,1
,,,,,,,,,,,,Images/CongruentLeft.jpeg,Congruent Left,z,MC,15,feminino,2021,nao,sim,português ,inglês ,espanhol,2021-07-13_19h49.20.829,Tse_Altarriba_Simon1,2020.1.2,Win32,60,,,z,1,0.6117,,,,,,,,0,56,56,2,1
,,,,,,,,,,,,Images/IncongruentLeft.jpeg,Incongruent Left,z,MC,15,feminino,2021,nao,sim,português ,inglês ,espanhol,2021-07-13_19h49.20.829,Tse_Altarriba_Simon1,2020.1.2,Win32,60,,,z,1,0.6996,,,,,,,,0,57,57,23,1
,,,,,,,,,,,,Images/NeutralLeft.jpeg,Neutral Left,z,MC,15,feminino,2021,nao,sim,português ,inglês ,espanhol,2021-07-13_19h49.20.829,Tse_Altarriba_Simon1,2020.1.2,Win32,60,,,z,1,0.5465,,,,,,,,0,58,58,42,1
,,,,,,,,,,,,Images/NeurtalRight.jpeg,Neutral Right,m,MC,15,feminino,2021,nao,sim,português ,inglês ,espanhol,2021-07-13_19h49.20.829,Tse_Altarriba_Simon1,2020.1.2,Win32,60,,,m,1,0.6715,,,,,,,,0,59,59,59,1
