Space1.keys,Space1.rt,Space2.keys,Space2.rt,response.keys,response.corr,Practice_loop.thisRepN,Practice_loop.thisTrialN,Practice_loop.thisN,Practice_loop.thisIndex,Practice_loop.ran,ImageFile,Condition,CorrAns,Your initials,What is your age?,What is your gender?,What year are you in?,Are you Dyslexic? (Y/N),Are you bi/multilingual? (Y/N),What is your first language?,"What is your second language? (if you are monollingual, leave blank)",What other languages do you speak?,date,expName,psychopyVersion,OS,frameRate,Space3.keys,Space3.rt,key_resp_2.keys,key_resp_2.corr,key_resp_2.rt,trials.thisRepN,trials.thisTrialN,trials.thisN,trials.thisIndex,trials.ran,Space4.keys,Space4.rt,trials_2.thisRepN,trials_2.thisTrialN,trials_2.thisN,trials_2.thisIndex,trials_2.ran
space,3.3194,space,0.9003,,0,0,0,0,3,1,Images/CongruentRight.jpeg,Congruent Right,m,subeen Im,24,F,,N,N,Korean,,English,2021-08-19_07h58.22.289,Tse_Altarriba_Simon1,2020.1.2,Win32,60,,,,,,,,,,,,,,,,,
,,,,,0,0,1,1,11,1,Images/NeurtalRight.jpeg,Neutral Right,m,subeen Im,24,F,,N,N,Korean,,English,2021-08-19_07h58.22.289,Tse_Altarriba_Simon1,2020.1.2,Win32,60,,,,,,,,,,,,,,,,,
,,,,,0,0,2,2,0,1,Images/CongruentLeft.jpeg,Congruent Left,z,subeen Im,24,F,,N,N,Korean,,English,2021-08-19_07h58.22.289,Tse_Altarriba_Simon1,2020.1.2,Win32,60,,,,,,,,,,,,,,,,,
,,,,,0,0,3,3,9,1,Images/NeutralLeft.jpeg,Neutral Left,z,subeen Im,24,F,,N,N,Korean,,English,2021-08-19_07h58.22.289,Tse_Altarriba_Simon1,2020.1.2,Win32,60,,,,,,,,,,,,,,,,,
,,,,,0,0,4,4,10,1,Images/NeurtalRight.jpeg,Neutral Right,m,subeen Im,24,F,,N,N,Korean,,English,2021-08-19_07h58.22.289,Tse_Altarriba_Simon1,2020.1.2,Win32,60,,,,,,,,,,,,,,,,,
,,,,,0,0,5,5,4,1,Images/IncongruentLeft.jpeg,Incongruent Left,z,subeen Im,24,F,,N,N,Korean,,English,2021-08-19_07h58.22.289,Tse_Altarriba_Simon1,2020.1.2,Win32,60,,,,,,,,,,,,,,,,,
,,,,,0,0,6,6,7,1,Images/IncongruentRight.jpeg,Incongruent Right,m,subeen Im,24,F,,N,N,Korean,,English,2021-08-19_07h58.22.289,Tse_Altarriba_Simon1,2020.1.2,Win32,60,,,,,,,,,,,,,,,,,
,,,,,0,0,7,7,6,1,Images/IncongruentRight.jpeg,Incongruent Right,m,subeen Im,24,F,,N,N,Korean,,English,2021-08-19_07h58.22.289,Tse_Altarriba_Simon1,2020.1.2,Win32,60,,,,,,,,,,,,,,,,,
,,,,,0,0,8,8,8,1,Images/NeutralLeft.jpeg,Neutral Left,z,subeen Im,24,F,,N,N,Korean,,English,2021-08-19_07h58.22.289,Tse_Altarriba_Simon1,2020.1.2,Win32,60,,,,,,,,,,,,,,,,,
,,,,,0,0,9,9,5,1,Images/IncongruentLeft.jpeg,Incongruent Left,z,subeen Im,24,F,,N,N,Korean,,English,2021-08-19_07h58.22.289,Tse_Altarriba_Simon1,2020.1.2,Win32,60,,,,,,,,,,,,,,,,,
,,,,,0,0,10,10,1,1,Images/CongruentLeft.jpeg,Congruent Left,z,subeen Im,24,F,,N,N,Korean,,English,2021-08-19_07h58.22.289,Tse_Altarriba_Simon1,2020.1.2,Win32,60,,,,,,,,,,,,,,,,,
,,,,,0,0,11,11,2,1,Images/CongruentRight.jpeg,Congruent Right,m,subeen Im,24,F,,N,N,Korean,,English,2021-08-19_07h58.22.289,Tse_Altarriba_Simon1,2020.1.2,Win32,60,,,,,,,,,,,,,,,,,
,,,,,,,,,,,Images/IncongruentLeft.jpeg,Incongruent Left,z,subeen Im,24,F,,N,N,Korean,,English,2021-08-19_07h58.22.289,Tse_Altarriba_Simon1,2020.1.2,Win32,60,space,16.5352,z,1,0.9812,0,0,0,22,1,,,,,,,
,,,,,,,,,,,Images/NeutralLeft.jpeg,Neutral Left,z,subeen Im,24,F,,N,N,Korean,,English,2021-08-19_07h58.22.289,Tse_Altarriba_Simon1,2020.1.2,Win32,60,,,z,1,0.4909,0,1,1,43,1,,,,,,,
,,,,,,,,,,,Images/NeurtalRight.jpeg,Neutral Right,m,subeen Im,24,F,,N,N,Korean,,English,2021-08-19_07h58.22.289,Tse_Altarriba_Simon1,2020.1.2,Win32,60,,,m,1,0.4665,0,2,2,58,1,,,,,,,
,,,,,,,,,,,Images/CongruentRight.jpeg,Congruent Right,m,subeen Im,24,F,,N,N,Korean,,English,2021-08-19_07h58.22.289,Tse_Altarriba_Simon1,2020.1.2,Win32,60,,,m,1,0.4364,0,3,3,19,1,,,,,,,
,,,,,,,,,,,Images/CongruentLeft.jpeg,Congruent Left,z,subeen Im,24,F,,N,N,Korean,,English,2021-08-19_07h58.22.289,Tse_Altarriba_Simon1,2020.1.2,Win32,60,,,z,1,0.3744,0,4,4,0,1,,,,,,,
,,,,,,,,,,,Images/NeutralLeft.jpeg,Neutral Left,z,subeen Im,24,F,,N,N,Korean,,English,2021-08-19_07h58.22.289,Tse_Altarriba_Simon1,2020.1.2,Win32,60,,,z,1,0.4234,0,5,5,49,1,,,,,,,
,,,,,,,,,,,Images/NeurtalRight.jpeg,Neutral Right,m,subeen Im,24,F,,N,N,Korean,,English,2021-08-19_07h58.22.289,Tse_Altarriba_Simon1,2020.1.2,Win32,60,,,m,1,0.3655,0,6,6,52,1,,,,,,,
,,,,,,,,,,,Images/NeutralLeft.jpeg,Neutral Left,z,subeen Im,24,F,,N,N,Korean,,English,2021-08-19_07h58.22.289,Tse_Altarriba_Simon1,2020.1.2,Win32,60,,,z,1,0.369,0,7,7,40,1,,,,,,,
,,,,,,,,,,,Images/IncongruentLeft.jpeg,Incongruent Left,z,subeen Im,24,F,,N,N,Korean,,English,2021-08-19_07h58.22.289,Tse_Altarriba_Simon1,2020.1.2,Win32,60,,,z,1,0.5371,0,8,8,25,1,,,,,,,
,,,,,,,,,,,Images/IncongruentLeft.jpeg,Incongruent Left,z,subeen Im,24,F,,N,N,Korean,,English,2021-08-19_07h58.22.289,Tse_Altarriba_Simon1,2020.1.2,Win32,60,,,z,1,0.4057,0,9,9,23,1,,,,,,,
,,,,,,,,,,,Images/NeurtalRight.jpeg,Neutral Right,m,subeen Im,24,F,,N,N,Korean,,English,2021-08-19_07h58.22.289,Tse_Altarriba_Simon1,2020.1.2,Win32,60,,,m,1,0.4296,0,10,10,57,1,,,,,,,
,,,,,,,,,,,Images/CongruentLeft.jpeg,Congruent Left,z,subeen Im,24,F,,N,N,Korean,,English,2021-08-19_07h58.22.289,Tse_Altarriba_Simon1,2020.1.2,Win32,60,,,z,1,0.381,0,11,11,5,1,,,,,,,
,,,,,,,,,,,Images/NeurtalRight.jpeg,Neutral Right,m,subeen Im,24,F,,N,N,Korean,,English,2021-08-19_07h58.22.289,Tse_Altarriba_Simon1,2020.1.2,Win32,60,,,m,1,0.3555,0,12,12,56,1,,,,,,,
,,,,,,,,,,,Images/IncongruentRight.jpeg,Incongruent Right,m,subeen Im,24,F,,N,N,Korean,,English,2021-08-19_07h58.22.289,Tse_Altarriba_Simon1,2020.1.2,Win32,60,,,m,1,0.7993,0,13,13,39,1,,,,,,,
,,,,,,,,,,,Images/CongruentRight.jpeg,Congruent Right,m,subeen Im,24,F,,N,N,Korean,,English,2021-08-19_07h58.22.289,Tse_Altarriba_Simon1,2020.1.2,Win32,60,,,m,1,0.4647,0,14,14,11,1,,,,,,,
,,,,,,,,,,,Images/IncongruentLeft.jpeg,Incongruent Left,z,subeen Im,24,F,,N,N,Korean,,English,2021-08-19_07h58.22.289,Tse_Altarriba_Simon1,2020.1.2,Win32,60,,,z,1,0.463,0,15,15,29,1,,,,,,,
,,,,,,,,,,,Images/CongruentRight.jpeg,Congruent Right,m,subeen Im,24,F,,N,N,Korean,,English,2021-08-19_07h58.22.289,Tse_Altarriba_Simon1,2020.1.2,Win32,60,,,m,1,0.4262,0,16,16,15,1,,,,,,,
,,,,,,,,,,,Images/NeurtalRight.jpeg,Neutral Right,m,subeen Im,24,F,,N,N,Korean,,English,2021-08-19_07h58.22.289,Tse_Altarriba_Simon1,2020.1.2,Win32,60,,,m,1,0.4071,0,17,17,55,1,,,,,,,
,,,,,,,,,,,Images/NeurtalRight.jpeg,Neutral Right,m,subeen Im,24,F,,N,N,Korean,,English,2021-08-19_07h58.22.289,Tse_Altarriba_Simon1,2020.1.2,Win32,60,,,m,1,0.6897,0,18,18,53,1,,,,,,,
,,,,,,,,,,,Images/IncongruentRight.jpeg,Incongruent Right,m,subeen Im,24,F,,N,N,Korean,,English,2021-08-19_07h58.22.289,Tse_Altarriba_Simon1,2020.1.2,Win32,60,,,m,1,0.681,0,19,19,30,1,,,,,,,
,,,,,,,,,,,Images/CongruentLeft.jpeg,Congruent Left,z,subeen Im,24,F,,N,N,Korean,,English,2021-08-19_07h58.22.289,Tse_Altarriba_Simon1,2020.1.2,Win32,60,,,z,1,0.5832,0,20,20,6,1,,,,,,,
,,,,,,,,,,,Images/CongruentRight.jpeg,Congruent Right,m,subeen Im,24,F,,N,N,Korean,,English,2021-08-19_07h58.22.289,Tse_Altarriba_Simon1,2020.1.2,Win32,60,,,m,1,0.4292,0,21,21,10,1,,,,,,,
,,,,,,,,,,,Images/IncongruentRight.jpeg,Incongruent Right,m,subeen Im,24,F,,N,N,Korean,,English,2021-08-19_07h58.22.289,Tse_Altarriba_Simon1,2020.1.2,Win32,60,,,m,1,3.033,0,22,22,38,1,,,,,,,
,,,,,,,,,,,Images/NeurtalRight.jpeg,Neutral Right,m,subeen Im,24,F,,N,N,Korean,,English,2021-08-19_07h58.22.289,Tse_Altarriba_Simon1,2020.1.2,Win32,60,,,m,1,0.3836,0,23,23,54,1,,,,,,,
,,,,,,,,,,,Images/CongruentLeft.jpeg,Congruent Left,z,subeen Im,24,F,,N,N,Korean,,English,2021-08-19_07h58.22.289,Tse_Altarriba_Simon1,2020.1.2,Win32,60,,,z,1,1.8135,0,24,24,4,1,,,,,,,
,,,,,,,,,,,Images/CongruentRight.jpeg,Congruent Right,m,subeen Im,24,F,,N,N,Korean,,English,2021-08-19_07h58.22.289,Tse_Altarriba_Simon1,2020.1.2,Win32,60,,,m,1,0.3874,0,25,25,12,1,,,,,,,
,,,,,,,,,,,Images/IncongruentRight.jpeg,Incongruent Right,m,subeen Im,24,F,,N,N,Korean,,English,2021-08-19_07h58.22.289,Tse_Altarriba_Simon1,2020.1.2,Win32,60,,,m,1,0.7275,0,26,26,37,1,,,,,,,
,,,,,,,,,,,Images/NeutralLeft.jpeg,Neutral Left,z,subeen Im,24,F,,N,N,Korean,,English,2021-08-19_07h58.22.289,Tse_Altarriba_Simon1,2020.1.2,Win32,60,,,z,1,0.4157,0,27,27,42,1,,,,,,,
,,,,,,,,,,,Images/NeutralLeft.jpeg,Neutral Left,z,subeen Im,24,F,,N,N,Korean,,English,2021-08-19_07h58.22.289,Tse_Altarriba_Simon1,2020.1.2,Win32,60,,,z,1,0.3985,0,28,28,44,1,,,,,,,
,,,,,,,,,,,Images/IncongruentRight.jpeg,Incongruent Right,m,subeen Im,24,F,,N,N,Korean,,English,2021-08-19_07h58.22.289,Tse_Altarriba_Simon1,2020.1.2,Win32,60,,,m,1,0.4886,0,29,29,34,1,,,,,,,
,,,,,,,,,,,Images/IncongruentLeft.jpeg,Incongruent Left,z,subeen Im,24,F,,N,N,Korean,,English,2021-08-19_07h58.22.289,Tse_Altarriba_Simon1,2020.1.2,Win32,60,,,z,1,0.695,0,30,30,21,1,,,,,,,
,,,,,,,,,,,Images/IncongruentRight.jpeg,Incongruent Right,m,subeen Im,24,F,,N,N,Korean,,English,2021-08-19_07h58.22.289,Tse_Altarriba_Simon1,2020.1.2,Win32,60,,,m,1,0.5766,0,31,31,32,1,,,,,,,
,,,,,,,,,,,Images/IncongruentRight.jpeg,Incongruent Right,m,subeen Im,24,F,,N,N,Korean,,English,2021-08-19_07h58.22.289,Tse_Altarriba_Simon1,2020.1.2,Win32,60,,,m,1,0.4494,0,32,32,36,1,,,,,,,
,,,,,,,,,,,Images/CongruentLeft.jpeg,Congruent Left,z,subeen Im,24,F,,N,N,Korean,,English,2021-08-19_07h58.22.289,Tse_Altarriba_Simon1,2020.1.2,Win32,60,,,z,1,0.4752,0,33,33,1,1,,,,,,,
,,,,,,,,,,,Images/NeurtalRight.jpeg,Neutral Right,m,subeen Im,24,F,,N,N,Korean,,English,2021-08-19_07h58.22.289,Tse_Altarriba_Simon1,2020.1.2,Win32,60,,,m,1,0.4173,0,34,34,51,1,,,,,,,
,,,,,,,,,,,Images/IncongruentRight.jpeg,Incongruent Right,m,subeen Im,24,F,,N,N,Korean,,English,2021-08-19_07h58.22.289,Tse_Altarriba_Simon1,2020.1.2,Win32,60,,,,0,,0,35,35,35,1,,,,,,,
,,,,,,,,,,,Images/NeutralLeft.jpeg,Neutral Left,z,subeen Im,24,F,,N,N,Korean,,English,2021-08-19_07h58.22.289,Tse_Altarriba_Simon1,2020.1.2,Win32,60,,,z,1,0.5312,0,36,36,47,1,,,,,,,
,,,,,,,,,,,Images/IncongruentLeft.jpeg,Incongruent Left,z,subeen Im,24,F,,N,N,Korean,,English,2021-08-19_07h58.22.289,Tse_Altarriba_Simon1,2020.1.2,Win32,60,,,z,1,0.4722,0,37,37,27,1,,,,,,,
,,,,,,,,,,,Images/CongruentLeft.jpeg,Congruent Left,z,subeen Im,24,F,,N,N,Korean,,English,2021-08-19_07h58.22.289,Tse_Altarriba_Simon1,2020.1.2,Win32,60,,,,0,,0,38,38,7,1,,,,,,,
,,,,,,,,,,,Images/CongruentLeft.jpeg,Congruent Left,z,subeen Im,24,F,,N,N,Korean,,English,2021-08-19_07h58.22.289,Tse_Altarriba_Simon1,2020.1.2,Win32,60,,,z,1,0.3665,0,39,39,8,1,,,,,,,
,,,,,,,,,,,Images/CongruentLeft.jpeg,Congruent Left,z,subeen Im,24,F,,N,N,Korean,,English,2021-08-19_07h58.22.289,Tse_Altarriba_Simon1,2020.1.2,Win32,60,,,z,1,0.3396,0,40,40,9,1,,,,,,,
,,,,,,,,,,,Images/NeutralLeft.jpeg,Neutral Left,z,subeen Im,24,F,,N,N,Korean,,English,2021-08-19_07h58.22.289,Tse_Altarriba_Simon1,2020.1.2,Win32,60,,,z,1,0.3809,0,41,41,48,1,,,,,,,
,,,,,,,,,,,Images/CongruentLeft.jpeg,Congruent Left,z,subeen Im,24,F,,N,N,Korean,,English,2021-08-19_07h58.22.289,Tse_Altarriba_Simon1,2020.1.2,Win32,60,,,z,1,0.3547,0,42,42,2,1,,,,,,,
,,,,,,,,,,,Images/IncongruentLeft.jpeg,Incongruent Left,z,subeen Im,24,F,,N,N,Korean,,English,2021-08-19_07h58.22.289,Tse_Altarriba_Simon1,2020.1.2,Win32,60,,,z,1,0.459,0,43,43,28,1,,,,,,,
,,,,,,,,,,,Images/IncongruentLeft.jpeg,Incongruent Left,z,subeen Im,24,F,,N,N,Korean,,English,2021-08-19_07h58.22.289,Tse_Altarriba_Simon1,2020.1.2,Win32,60,,,z,1,0.4056,0,44,44,26,1,,,,,,,
,,,,,,,,,,,Images/NeutralLeft.jpeg,Neutral Left,z,subeen Im,24,F,,N,N,Korean,,English,2021-08-19_07h58.22.289,Tse_Altarriba_Simon1,2020.1.2,Win32,60,,,z,1,0.3809,0,45,45,45,1,,,,,,,
,,,,,,,,,,,Images/NeutralLeft.jpeg,Neutral Left,z,subeen Im,24,F,,N,N,Korean,,English,2021-08-19_07h58.22.289,Tse_Altarriba_Simon1,2020.1.2,Win32,60,,,z,1,0.3769,0,46,46,46,1,,,,,,,
,,,,,,,,,,,Images/IncongruentLeft.jpeg,Incongruent Left,z,subeen Im,24,F,,N,N,Korean,,English,2021-08-19_07h58.22.289,Tse_Altarriba_Simon1,2020.1.2,Win32,60,,,z,1,0.351,0,47,47,24,1,,,,,,,
,,,,,,,,,,,Images/IncongruentRight.jpeg,Incongruent Right,m,subeen Im,24,F,,N,N,Korean,,English,2021-08-19_07h58.22.289,Tse_Altarriba_Simon1,2020.1.2,Win32,60,,,m,1,0.4039,0,48,48,31,1,,,,,,,
,,,,,,,,,,,Images/CongruentLeft.jpeg,Congruent Left,z,subeen Im,24,F,,N,N,Korean,,English,2021-08-19_07h58.22.289,Tse_Altarriba_Simon1,2020.1.2,Win32,60,,,z,1,0.4197,0,49,49,3,1,,,,,,,
,,,,,,,,,,,Images/CongruentRight.jpeg,Congruent Right,m,subeen Im,24,F,,N,N,Korean,,English,2021-08-19_07h58.22.289,Tse_Altarriba_Simon1,2020.1.2,Win32,60,,,m,1,0.3462,0,50,50,14,1,,,,,,,
,,,,,,,,,,,Images/IncongruentRight.jpeg,Incongruent Right,m,subeen Im,24,F,,N,N,Korean,,English,2021-08-19_07h58.22.289,Tse_Altarriba_Simon1,2020.1.2,Win32,60,,,z,0,0.4049,0,51,51,33,1,,,,,,,
,,,,,,,,,,,Images/CongruentRight.jpeg,Congruent Right,m,subeen Im,24,F,,N,N,Korean,,English,2021-08-19_07h58.22.289,Tse_Altarriba_Simon1,2020.1.2,Win32,60,,,m,1,0.4183,0,52,52,13,1,,,,,,,
,,,,,,,,,,,Images/IncongruentLeft.jpeg,Incongruent Left,z,subeen Im,24,F,,N,N,Korean,,English,2021-08-19_07h58.22.289,Tse_Altarriba_Simon1,2020.1.2,Win32,60,,,z,1,0.4916,0,53,53,20,1,,,,,,,
,,,,,,,,,,,Images/CongruentRight.jpeg,Congruent Right,m,subeen Im,24,F,,N,N,Korean,,English,2021-08-19_07h58.22.289,Tse_Altarriba_Simon1,2020.1.2,Win32,60,,,m,1,0.5154,0,54,54,17,1,,,,,,,
,,,,,,,,,,,Images/CongruentRight.jpeg,Congruent Right,m,subeen Im,24,F,,N,N,Korean,,English,2021-08-19_07h58.22.289,Tse_Altarriba_Simon1,2020.1.2,Win32,60,,,m,1,0.3718,0,55,55,16,1,,,,,,,
,,,,,,,,,,,Images/NeurtalRight.jpeg,Neutral Right,m,subeen Im,24,F,,N,N,Korean,,English,2021-08-19_07h58.22.289,Tse_Altarriba_Simon1,2020.1.2,Win32,60,,,m,1,0.3693,0,56,56,59,1,,,,,,,
,,,,,,,,,,,Images/CongruentRight.jpeg,Congruent Right,m,subeen Im,24,F,,N,N,Korean,,English,2021-08-19_07h58.22.289,Tse_Altarriba_Simon1,2020.1.2,Win32,60,,,m,1,0.364,0,57,57,18,1,,,,,,,
,,,,,,,,,,,Images/NeurtalRight.jpeg,Neutral Right,m,subeen Im,24,F,,N,N,Korean,,English,2021-08-19_07h58.22.289,Tse_Altarriba_Simon1,2020.1.2,Win32,60,,,m,1,0.3822,0,58,58,50,1,,,,,,,
,,,,,,,,,,,Images/NeutralLeft.jpeg,Neutral Left,z,subeen Im,24,F,,N,N,Korean,,English,2021-08-19_07h58.22.289,Tse_Altarriba_Simon1,2020.1.2,Win32,60,,,z,1,0.3994,0,59,59,41,1,,,,,,,
,,,,,,,,,,,Images/NeutralLeft.jpeg,Neutral Left,z,subeen Im,24,F,,N,N,Korean,,English,2021-08-19_07h58.22.289,Tse_Altarriba_Simon1,2020.1.2,Win32,60,,,z,1,0.3683,,,,,,space,3.9335,0,0,0,49,1
,,,,,,,,,,,Images/IncongruentRight.jpeg,Incongruent Right,m,subeen Im,24,F,,N,N,Korean,,English,2021-08-19_07h58.22.289,Tse_Altarriba_Simon1,2020.1.2,Win32,60,,,m,1,0.625,,,,,,,,0,1,1,39,1
,,,,,,,,,,,Images/IncongruentRight.jpeg,Incongruent Right,m,subeen Im,24,F,,N,N,Korean,,English,2021-08-19_07h58.22.289,Tse_Altarriba_Simon1,2020.1.2,Win32,60,,,m,1,0.4156,,,,,,,,0,2,2,35,1
,,,,,,,,,,,Images/CongruentLeft.jpeg,Congruent Left,z,subeen Im,24,F,,N,N,Korean,,English,2021-08-19_07h58.22.289,Tse_Altarriba_Simon1,2020.1.2,Win32,60,,,z,1,0.4319,,,,,,,,0,3,3,0,1
,,,,,,,,,,,Images/CongruentLeft.jpeg,Congruent Left,z,subeen Im,24,F,,N,N,Korean,,English,2021-08-19_07h58.22.289,Tse_Altarriba_Simon1,2020.1.2,Win32,60,,,z,1,0.3756,,,,,,,,0,4,4,2,1
,,,,,,,,,,,Images/NeurtalRight.jpeg,Neutral Right,m,subeen Im,24,F,,N,N,Korean,,English,2021-08-19_07h58.22.289,Tse_Altarriba_Simon1,2020.1.2,Win32,60,,,m,1,0.3903,,,,,,,,0,5,5,52,1
,,,,,,,,,,,Images/CongruentRight.jpeg,Congruent Right,m,subeen Im,24,F,,N,N,Korean,,English,2021-08-19_07h58.22.289,Tse_Altarriba_Simon1,2020.1.2,Win32,60,,,m,1,0.3485,,,,,,,,0,6,6,19,1
,,,,,,,,,,,Images/CongruentLeft.jpeg,Congruent Left,z,subeen Im,24,F,,N,N,Korean,,English,2021-08-19_07h58.22.289,Tse_Altarriba_Simon1,2020.1.2,Win32,60,,,z,1,0.324,,,,,,,,0,7,7,4,1
,,,,,,,,,,,Images/IncongruentRight.jpeg,Incongruent Right,m,subeen Im,24,F,,N,N,Korean,,English,2021-08-19_07h58.22.289,Tse_Altarriba_Simon1,2020.1.2,Win32,60,,,m,1,0.806,,,,,,,,0,8,8,34,1
,,,,,,,,,,,Images/NeutralLeft.jpeg,Neutral Left,z,subeen Im,24,F,,N,N,Korean,,English,2021-08-19_07h58.22.289,Tse_Altarriba_Simon1,2020.1.2,Win32,60,,,z,1,0.3829,,,,,,,,0,9,9,43,1
,,,,,,,,,,,Images/NeutralLeft.jpeg,Neutral Left,z,subeen Im,24,F,,N,N,Korean,,English,2021-08-19_07h58.22.289,Tse_Altarriba_Simon1,2020.1.2,Win32,60,,,z,1,0.371,,,,,,,,0,10,10,42,1
,,,,,,,,,,,Images/IncongruentRight.jpeg,Incongruent Right,m,subeen Im,24,F,,N,N,Korean,,English,2021-08-19_07h58.22.289,Tse_Altarriba_Simon1,2020.1.2,Win32,60,,,m,1,0.6732,,,,,,,,0,11,11,38,1
,,,,,,,,,,,Images/CongruentRight.jpeg,Congruent Right,m,subeen Im,24,F,,N,N,Korean,,English,2021-08-19_07h58.22.289,Tse_Altarriba_Simon1,2020.1.2,Win32,60,,,m,1,0.3394,,,,,,,,0,12,12,13,1
,,,,,,,,,,,Images/CongruentRight.jpeg,Congruent Right,m,subeen Im,24,F,,N,N,Korean,,English,2021-08-19_07h58.22.289,Tse_Altarriba_Simon1,2020.1.2,Win32,60,,,m,1,0.3497,,,,,,,,0,13,13,15,1
,,,,,,,,,,,Images/NeutralLeft.jpeg,Neutral Left,z,subeen Im,24,F,,N,N,Korean,,English,2021-08-19_07h58.22.289,Tse_Altarriba_Simon1,2020.1.2,Win32,60,,,z,1,0.4144,,,,,,,,0,14,14,41,1
,,,,,,,,,,,Images/IncongruentLeft.jpeg,Incongruent Left,z,subeen Im,24,F,,N,N,Korean,,English,2021-08-19_07h58.22.289,Tse_Altarriba_Simon1,2020.1.2,Win32,60,,,z,1,0.4162,,,,,,,,0,15,15,24,1
,,,,,,,,,,,Images/CongruentLeft.jpeg,Congruent Left,z,subeen Im,24,F,,N,N,Korean,,English,2021-08-19_07h58.22.289,Tse_Altarriba_Simon1,2020.1.2,Win32,60,,,z,1,0.3513,,,,,,,,0,16,16,6,1
,,,,,,,,,,,Images/NeurtalRight.jpeg,Neutral Right,m,subeen Im,24,F,,N,N,Korean,,English,2021-08-19_07h58.22.289,Tse_Altarriba_Simon1,2020.1.2,Win32,60,,,m,1,0.415,,,,,,,,0,17,17,53,1
,,,,,,,,,,,Images/IncongruentRight.jpeg,Incongruent Right,m,subeen Im,24,F,,N,N,Korean,,English,2021-08-19_07h58.22.289,Tse_Altarriba_Simon1,2020.1.2,Win32,60,,,m,1,0.4042,,,,,,,,0,18,18,30,1
,,,,,,,,,,,Images/CongruentLeft.jpeg,Congruent Left,z,subeen Im,24,F,,N,N,Korean,,English,2021-08-19_07h58.22.289,Tse_Altarriba_Simon1,2020.1.2,Win32,60,,,z,1,0.3802,,,,,,,,0,19,19,1,1
,,,,,,,,,,,Images/NeutralLeft.jpeg,Neutral Left,z,subeen Im,24,F,,N,N,Korean,,English,2021-08-19_07h58.22.289,Tse_Altarriba_Simon1,2020.1.2,Win32,60,,,z,1,0.412,,,,,,,,0,20,20,46,1
,,,,,,,,,,,Images/CongruentRight.jpeg,Congruent Right,m,subeen Im,24,F,,N,N,Korean,,English,2021-08-19_07h58.22.289,Tse_Altarriba_Simon1,2020.1.2,Win32,60,,,m,1,0.3459,,,,,,,,0,21,21,10,1
,,,,,,,,,,,Images/CongruentLeft.jpeg,Congruent Left,z,subeen Im,24,F,,N,N,Korean,,English,2021-08-19_07h58.22.289,Tse_Altarriba_Simon1,2020.1.2,Win32,60,,,z,1,0.3649,,,,,,,,0,22,22,9,1
,,,,,,,,,,,Images/NeurtalRight.jpeg,Neutral Right,m,subeen Im,24,F,,N,N,Korean,,English,2021-08-19_07h58.22.289,Tse_Altarriba_Simon1,2020.1.2,Win32,60,,,m,1,0.3991,,,,,,,,0,23,23,50,1
,,,,,,,,,,,Images/IncongruentLeft.jpeg,Incongruent Left,z,subeen Im,24,F,,N,N,Korean,,English,2021-08-19_07h58.22.289,Tse_Altarriba_Simon1,2020.1.2,Win32,60,,,z,1,0.4495,,,,,,,,0,24,24,21,1
,,,,,,,,,,,Images/NeutralLeft.jpeg,Neutral Left,z,subeen Im,24,F,,N,N,Korean,,English,2021-08-19_07h58.22.289,Tse_Altarriba_Simon1,2020.1.2,Win32,60,,,z,1,0.5102,,,,,,,,0,25,25,44,1
,,,,,,,,,,,Images/IncongruentLeft.jpeg,Incongruent Left,z,subeen Im,24,F,,N,N,Korean,,English,2021-08-19_07h58.22.289,Tse_Altarriba_Simon1,2020.1.2,Win32,60,,,z,1,0.5513,,,,,,,,0,26,26,29,1
,,,,,,,,,,,Images/NeutralLeft.jpeg,Neutral Left,z,subeen Im,24,F,,N,N,Korean,,English,2021-08-19_07h58.22.289,Tse_Altarriba_Simon1,2020.1.2,Win32,60,,,z,1,0.3731,,,,,,,,0,27,27,45,1
,,,,,,,,,,,Images/CongruentRight.jpeg,Congruent Right,m,subeen Im,24,F,,N,N,Korean,,English,2021-08-19_07h58.22.289,Tse_Altarriba_Simon1,2020.1.2,Win32,60,,,m,1,0.3808,,,,,,,,0,28,28,17,1
,,,,,,,,,,,Images/IncongruentRight.jpeg,Incongruent Right,m,subeen Im,24,F,,N,N,Korean,,English,2021-08-19_07h58.22.289,Tse_Altarriba_Simon1,2020.1.2,Win32,60,,,m,1,0.4035,,,,,,,,0,29,29,32,1
,,,,,,,,,,,Images/NeurtalRight.jpeg,Neutral Right,m,subeen Im,24,F,,N,N,Korean,,English,2021-08-19_07h58.22.289,Tse_Altarriba_Simon1,2020.1.2,Win32,60,,,m,1,0.3342,,,,,,,,0,30,30,55,1
,,,,,,,,,,,Images/NeurtalRight.jpeg,Neutral Right,m,subeen Im,24,F,,N,N,Korean,,English,2021-08-19_07h58.22.289,Tse_Altarriba_Simon1,2020.1.2,Win32,60,,,m,1,0.3856,,,,,,,,0,31,31,51,1
,,,,,,,,,,,Images/CongruentLeft.jpeg,Congruent Left,z,subeen Im,24,F,,N,N,Korean,,English,2021-08-19_07h58.22.289,Tse_Altarriba_Simon1,2020.1.2,Win32,60,,,z,1,0.4142,,,,,,,,0,32,32,5,1
,,,,,,,,,,,Images/IncongruentRight.jpeg,Incongruent Right,m,subeen Im,24,F,,N,N,Korean,,English,2021-08-19_07h58.22.289,Tse_Altarriba_Simon1,2020.1.2,Win32,60,,,z,0,0.3314,,,,,,,,0,33,33,36,1
,,,,,,,,,,,Images/NeutralLeft.jpeg,Neutral Left,z,subeen Im,24,F,,N,N,Korean,,English,2021-08-19_07h58.22.289,Tse_Altarriba_Simon1,2020.1.2,Win32,60,,,z,1,0.4507,,,,,,,,0,34,34,48,1
,,,,,,,,,,,Images/NeurtalRight.jpeg,Neutral Right,m,subeen Im,24,F,,N,N,Korean,,English,2021-08-19_07h58.22.289,Tse_Altarriba_Simon1,2020.1.2,Win32,60,,,m,1,0.3902,,,,,,,,0,35,35,58,1
,,,,,,,,,,,Images/IncongruentRight.jpeg,Incongruent Right,m,subeen Im,24,F,,N,N,Korean,,English,2021-08-19_07h58.22.289,Tse_Altarriba_Simon1,2020.1.2,Win32,60,,,m,1,0.616,,,,,,,,0,36,36,31,1
,,,,,,,,,,,Images/IncongruentRight.jpeg,Incongruent Right,m,subeen Im,24,F,,N,N,Korean,,English,2021-08-19_07h58.22.289,Tse_Altarriba_Simon1,2020.1.2,Win32,60,,,m,1,0.4186,,,,,,,,0,37,37,37,1
,,,,,,,,,,,Images/IncongruentLeft.jpeg,Incongruent Left,z,subeen Im,24,F,,N,N,Korean,,English,2021-08-19_07h58.22.289,Tse_Altarriba_Simon1,2020.1.2,Win32,60,,,z,1,0.4811,,,,,,,,0,38,38,25,1
,,,,,,,,,,,Images/CongruentRight.jpeg,Congruent Right,m,subeen Im,24,F,,N,N,Korean,,English,2021-08-19_07h58.22.289,Tse_Altarriba_Simon1,2020.1.2,Win32,60,,,m,1,0.3318,,,,,,,,0,39,39,18,1
,,,,,,,,,,,Images/NeutralLeft.jpeg,Neutral Left,z,subeen Im,24,F,,N,N,Korean,,English,2021-08-19_07h58.22.289,Tse_Altarriba_Simon1,2020.1.2,Win32,60,,,z,1,0.4304,,,,,,,,0,40,40,47,1
,,,,,,,,,,,Images/CongruentRight.jpeg,Congruent Right,m,subeen Im,24,F,,N,N,Korean,,English,2021-08-19_07h58.22.289,Tse_Altarriba_Simon1,2020.1.2,Win32,60,,,m,1,0.3869,,,,,,,,0,41,41,14,1
,,,,,,,,,,,Images/IncongruentLeft.jpeg,Incongruent Left,z,subeen Im,24,F,,N,N,Korean,,English,2021-08-19_07h58.22.289,Tse_Altarriba_Simon1,2020.1.2,Win32,60,,,z,1,0.5919,,,,,,,,0,42,42,22,1
,,,,,,,,,,,Images/CongruentRight.jpeg,Congruent Right,m,subeen Im,24,F,,N,N,Korean,,English,2021-08-19_07h58.22.289,Tse_Altarriba_Simon1,2020.1.2,Win32,60,,,m,1,0.3591,,,,,,,,0,43,43,16,1
,,,,,,,,,,,Images/NeurtalRight.jpeg,Neutral Right,m,subeen Im,24,F,,N,N,Korean,,English,2021-08-19_07h58.22.289,Tse_Altarriba_Simon1,2020.1.2,Win32,60,,,m,1,0.3984,,,,,,,,0,44,44,56,1
,,,,,,,,,,,Images/IncongruentLeft.jpeg,Incongruent Left,z,subeen Im,24,F,,N,N,Korean,,English,2021-08-19_07h58.22.289,Tse_Altarriba_Simon1,2020.1.2,Win32,60,,,z,1,0.4992,,,,,,,,0,45,45,28,1
,,,,,,,,,,,Images/IncongruentLeft.jpeg,Incongruent Left,z,subeen Im,24,F,,N,N,Korean,,English,2021-08-19_07h58.22.289,Tse_Altarriba_Simon1,2020.1.2,Win32,60,,,z,1,0.3901,,,,,,,,0,46,46,26,1
,,,,,,,,,,,Images/CongruentLeft.jpeg,Congruent Left,z,subeen Im,24,F,,N,N,Korean,,English,2021-08-19_07h58.22.289,Tse_Altarriba_Simon1,2020.1.2,Win32,60,,,z,1,0.3731,,,,,,,,0,47,47,8,1
,,,,,,,,,,,Images/CongruentLeft.jpeg,Congruent Left,z,subeen Im,24,F,,N,N,Korean,,English,2021-08-19_07h58.22.289,Tse_Altarriba_Simon1,2020.1.2,Win32,60,,,z,1,0.3491,,,,,,,,0,48,48,7,1
,,,,,,,,,,,Images/CongruentRight.jpeg,Congruent Right,m,subeen Im,24,F,,N,N,Korean,,English,2021-08-19_07h58.22.289,Tse_Altarriba_Simon1,2020.1.2,Win32,60,,,m,1,0.3645,,,,,,,,0,49,49,12,1
,,,,,,,,,,,Images/NeutralLeft.jpeg,Neutral Left,z,subeen Im,24,F,,N,N,Korean,,English,2021-08-19_07h58.22.289,Tse_Altarriba_Simon1,2020.1.2,Win32,60,,,z,1,0.4262,,,,,,,,0,50,50,40,1
,,,,,,,,,,,Images/IncongruentLeft.jpeg,Incongruent Left,z,subeen Im,24,F,,N,N,Korean,,English,2021-08-19_07h58.22.289,Tse_Altarriba_Simon1,2020.1.2,Win32,60,,,z,1,0.4169,,,,,,,,0,51,51,27,1
,,,,,,,,,,,Images/IncongruentRight.jpeg,Incongruent Right,m,subeen Im,24,F,,N,N,Korean,,English,2021-08-19_07h58.22.289,Tse_Altarriba_Simon1,2020.1.2,Win32,60,,,m,1,0.4671,,,,,,,,0,52,52,33,1
,,,,,,,,,,,Images/IncongruentLeft.jpeg,Incongruent Left,z,subeen Im,24,F,,N,N,Korean,,English,2021-08-19_07h58.22.289,Tse_Altarriba_Simon1,2020.1.2,Win32,60,,,z,1,0.4829,,,,,,,,0,53,53,23,1
,,,,,,,,,,,Images/NeurtalRight.jpeg,Neutral Right,m,subeen Im,24,F,,N,N,Korean,,English,2021-08-19_07h58.22.289,Tse_Altarriba_Simon1,2020.1.2,Win32,60,,,m,1,0.4237,,,,,,,,0,54,54,59,1
,,,,,,,,,,,Images/NeurtalRight.jpeg,Neutral Right,m,subeen Im,24,F,,N,N,Korean,,English,2021-08-19_07h58.22.289,Tse_Altarriba_Simon1,2020.1.2,Win32,60,,,m,1,0.3713,,,,,,,,0,55,55,57,1
,,,,,,,,,,,Images/CongruentLeft.jpeg,Congruent Left,z,subeen Im,24,F,,N,N,Korean,,English,2021-08-19_07h58.22.289,Tse_Altarriba_Simon1,2020.1.2,Win32,60,,,z,1,0.3637,,,,,,,,0,56,56,3,1
,,,,,,,,,,,Images/IncongruentLeft.jpeg,Incongruent Left,z,subeen Im,24,F,,N,N,Korean,,English,2021-08-19_07h58.22.289,Tse_Altarriba_Simon1,2020.1.2,Win32,60,,,z,1,0.5101,,,,,,,,0,57,57,20,1
,,,,,,,,,,,Images/NeurtalRight.jpeg,Neutral Right,m,subeen Im,24,F,,N,N,Korean,,English,2021-08-19_07h58.22.289,Tse_Altarriba_Simon1,2020.1.2,Win32,60,,,m,1,0.4185,,,,,,,,0,58,58,54,1
,,,,,,,,,,,Images/CongruentRight.jpeg,Congruent Right,m,subeen Im,24,F,,N,N,Korean,,English,2021-08-19_07h58.22.289,Tse_Altarriba_Simon1,2020.1.2,Win32,60,,,m,1,0.3593,,,,,,,,0,59,59,11,1
