Space1.keys,Space1.rt,Space2.keys,Space2.rt,response.keys,response.corr,response.rt,Practice_loop.thisRepN,Practice_loop.thisTrialN,Practice_loop.thisN,Practice_loop.thisIndex,Practice_loop.ran,ImageFile,Condition,CorrAns,Your initials,What is your age?,What is your gender?,What year are you in?,Are you Dyslexic? (Y/N),Are you bi/multilingual? (Y/N),What is your first language?,"What is your second language? (if you are monollingual, leave blank)",What other languages do you speak?,date,expName,psychopyVersion,OS,frameRate,Space3.keys,Space3.rt,key_resp_2.keys,key_resp_2.corr,key_resp_2.rt,trials.thisRepN,trials.thisTrialN,trials.thisN,trials.thisIndex,trials.ran,Space4.keys,Space4.rt,trials_2.thisRepN,trials_2.thisTrialN,trials_2.thisN,trials_2.thisIndex,trials_2.ran
space,3.1382,space,2.5109,m,1,1.1053,0,0,0,6,1,Images/IncongruentRight.jpeg,Incongruent Right,m,钟向荣,20,男,2021,N,Y,粤语,普通话,无,2021-08-19_20h19.38.110,Tse_Altarriba_Simon1,2020.1.2,Win32,60,,,,,,,,,,,,,,,,,
,,,,z,1,0.4992,0,1,1,9,1,Images/NeutralLeft.jpeg,Neutral Left,z,钟向荣,20,男,2021,N,Y,粤语,普通话,无,2021-08-19_20h19.38.110,Tse_Altarriba_Simon1,2020.1.2,Win32,60,,,,,,,,,,,,,,,,,
,,,,z,1,0.4917,0,2,2,0,1,Images/CongruentLeft.jpeg,Congruent Left,z,钟向荣,20,男,2021,N,Y,粤语,普通话,无,2021-08-19_20h19.38.110,Tse_Altarriba_Simon1,2020.1.2,Win32,60,,,,,,,,,,,,,,,,,
,,,,z,1,1.1438,0,3,3,1,1,Images/CongruentLeft.jpeg,Congruent Left,z,钟向荣,20,男,2021,N,Y,粤语,普通话,无,2021-08-19_20h19.38.110,Tse_Altarriba_Simon1,2020.1.2,Win32,60,,,,,,,,,,,,,,,,,
,,,,m,1,0.4569,0,4,4,2,1,Images/CongruentRight.jpeg,Congruent Right,m,钟向荣,20,男,2021,N,Y,粤语,普通话,无,2021-08-19_20h19.38.110,Tse_Altarriba_Simon1,2020.1.2,Win32,60,,,,,,,,,,,,,,,,,
,,,,z,1,0.4763,0,5,5,4,1,Images/IncongruentLeft.jpeg,Incongruent Left,z,钟向荣,20,男,2021,N,Y,粤语,普通话,无,2021-08-19_20h19.38.110,Tse_Altarriba_Simon1,2020.1.2,Win32,60,,,,,,,,,,,,,,,,,
,,,,m,1,0.7644,0,6,6,11,1,Images/NeurtalRight.jpeg,Neutral Right,m,钟向荣,20,男,2021,N,Y,粤语,普通话,无,2021-08-19_20h19.38.110,Tse_Altarriba_Simon1,2020.1.2,Win32,60,,,,,,,,,,,,,,,,,
,,,,z,1,0.3785,0,7,7,8,1,Images/NeutralLeft.jpeg,Neutral Left,z,钟向荣,20,男,2021,N,Y,粤语,普通话,无,2021-08-19_20h19.38.110,Tse_Altarriba_Simon1,2020.1.2,Win32,60,,,,,,,,,,,,,,,,,
,,,,m,1,0.4022,0,8,8,3,1,Images/CongruentRight.jpeg,Congruent Right,m,钟向荣,20,男,2021,N,Y,粤语,普通话,无,2021-08-19_20h19.38.110,Tse_Altarriba_Simon1,2020.1.2,Win32,60,,,,,,,,,,,,,,,,,
,,,,m,1,0.4415,0,9,9,7,1,Images/IncongruentRight.jpeg,Incongruent Right,m,钟向荣,20,男,2021,N,Y,粤语,普通话,无,2021-08-19_20h19.38.110,Tse_Altarriba_Simon1,2020.1.2,Win32,60,,,,,,,,,,,,,,,,,
,,,,z,1,0.4267,0,10,10,5,1,Images/IncongruentLeft.jpeg,Incongruent Left,z,钟向荣,20,男,2021,N,Y,粤语,普通话,无,2021-08-19_20h19.38.110,Tse_Altarriba_Simon1,2020.1.2,Win32,60,,,,,,,,,,,,,,,,,
,,,,m,1,0.3928,0,11,11,10,1,Images/NeurtalRight.jpeg,Neutral Right,m,钟向荣,20,男,2021,N,Y,粤语,普通话,无,2021-08-19_20h19.38.110,Tse_Altarriba_Simon1,2020.1.2,Win32,60,,,,,,,,,,,,,,,,,
,,,,,,,,,,,,Images/IncongruentLeft.jpeg,Incongruent Left,z,钟向荣,20,男,2021,N,Y,粤语,普通话,无,2021-08-19_20h19.38.110,Tse_Altarriba_Simon1,2020.1.2,Win32,60,space,5.5217,z,1,0.4283,0,0,0,21,1,,,,,,,
,,,,,,,,,,,,Images/IncongruentRight.jpeg,Incongruent Right,m,钟向荣,20,男,2021,N,Y,粤语,普通话,无,2021-08-19_20h19.38.110,Tse_Altarriba_Simon1,2020.1.2,Win32,60,,,m,1,0.464,0,1,1,31,1,,,,,,,
,,,,,,,,,,,,Images/IncongruentLeft.jpeg,Incongruent Left,z,钟向荣,20,男,2021,N,Y,粤语,普通话,无,2021-08-19_20h19.38.110,Tse_Altarriba_Simon1,2020.1.2,Win32,60,,,z,1,0.4174,0,2,2,29,1,,,,,,,
,,,,,,,,,,,,Images/IncongruentRight.jpeg,Incongruent Right,m,钟向荣,20,男,2021,N,Y,粤语,普通话,无,2021-08-19_20h19.38.110,Tse_Altarriba_Simon1,2020.1.2,Win32,60,,,m,1,0.4094,0,3,3,39,1,,,,,,,
,,,,,,,,,,,,Images/NeurtalRight.jpeg,Neutral Right,m,钟向荣,20,男,2021,N,Y,粤语,普通话,无,2021-08-19_20h19.38.110,Tse_Altarriba_Simon1,2020.1.2,Win32,60,,,m,1,0.3838,0,4,4,54,1,,,,,,,
,,,,,,,,,,,,Images/IncongruentLeft.jpeg,Incongruent Left,z,钟向荣,20,男,2021,N,Y,粤语,普通话,无,2021-08-19_20h19.38.110,Tse_Altarriba_Simon1,2020.1.2,Win32,60,,,z,1,0.4301,0,5,5,20,1,,,,,,,
,,,,,,,,,,,,Images/IncongruentLeft.jpeg,Incongruent Left,z,钟向荣,20,男,2021,N,Y,粤语,普通话,无,2021-08-19_20h19.38.110,Tse_Altarriba_Simon1,2020.1.2,Win32,60,,,z,1,0.551,0,6,6,22,1,,,,,,,
,,,,,,,,,,,,Images/NeutralLeft.jpeg,Neutral Left,z,钟向荣,20,男,2021,N,Y,粤语,普通话,无,2021-08-19_20h19.38.110,Tse_Altarriba_Simon1,2020.1.2,Win32,60,,,z,1,0.7352,0,7,7,43,1,,,,,,,
,,,,,,,,,,,,Images/NeutralLeft.jpeg,Neutral Left,z,钟向荣,20,男,2021,N,Y,粤语,普通话,无,2021-08-19_20h19.38.110,Tse_Altarriba_Simon1,2020.1.2,Win32,60,,,z,1,0.6229,0,8,8,40,1,,,,,,,
,,,,,,,,,,,,Images/NeutralLeft.jpeg,Neutral Left,z,钟向荣,20,男,2021,N,Y,粤语,普通话,无,2021-08-19_20h19.38.110,Tse_Altarriba_Simon1,2020.1.2,Win32,60,,,z,1,0.6265,0,9,9,42,1,,,,,,,
,,,,,,,,,,,,Images/CongruentRight.jpeg,Congruent Right,m,钟向荣,20,男,2021,N,Y,粤语,普通话,无,2021-08-19_20h19.38.110,Tse_Altarriba_Simon1,2020.1.2,Win32,60,,,m,1,1.095,0,10,10,19,1,,,,,,,
,,,,,,,,,,,,Images/IncongruentRight.jpeg,Incongruent Right,m,钟向荣,20,男,2021,N,Y,粤语,普通话,无,2021-08-19_20h19.38.110,Tse_Altarriba_Simon1,2020.1.2,Win32,60,,,m,1,0.6146,0,11,11,32,1,,,,,,,
,,,,,,,,,,,,Images/IncongruentLeft.jpeg,Incongruent Left,z,钟向荣,20,男,2021,N,Y,粤语,普通话,无,2021-08-19_20h19.38.110,Tse_Altarriba_Simon1,2020.1.2,Win32,60,,,z,1,0.6956,0,12,12,26,1,,,,,,,
,,,,,,,,,,,,Images/CongruentRight.jpeg,Congruent Right,m,钟向荣,20,男,2021,N,Y,粤语,普通话,无,2021-08-19_20h19.38.110,Tse_Altarriba_Simon1,2020.1.2,Win32,60,,,m,1,0.6727,0,13,13,16,1,,,,,,,
,,,,,,,,,,,,Images/CongruentRight.jpeg,Congruent Right,m,钟向荣,20,男,2021,N,Y,粤语,普通话,无,2021-08-19_20h19.38.110,Tse_Altarriba_Simon1,2020.1.2,Win32,60,,,m,1,0.4251,0,14,14,10,1,,,,,,,
,,,,,,,,,,,,Images/CongruentLeft.jpeg,Congruent Left,z,钟向荣,20,男,2021,N,Y,粤语,普通话,无,2021-08-19_20h19.38.110,Tse_Altarriba_Simon1,2020.1.2,Win32,60,,,z,1,0.4531,0,15,15,7,1,,,,,,,
,,,,,,,,,,,,Images/CongruentRight.jpeg,Congruent Right,m,钟向荣,20,男,2021,N,Y,粤语,普通话,无,2021-08-19_20h19.38.110,Tse_Altarriba_Simon1,2020.1.2,Win32,60,,,m,1,0.5053,0,16,16,17,1,,,,,,,
,,,,,,,,,,,,Images/IncongruentRight.jpeg,Incongruent Right,m,钟向荣,20,男,2021,N,Y,粤语,普通话,无,2021-08-19_20h19.38.110,Tse_Altarriba_Simon1,2020.1.2,Win32,60,,,m,1,0.5421,0,17,17,30,1,,,,,,,
,,,,,,,,,,,,Images/IncongruentRight.jpeg,Incongruent Right,m,钟向荣,20,男,2021,N,Y,粤语,普通话,无,2021-08-19_20h19.38.110,Tse_Altarriba_Simon1,2020.1.2,Win32,60,,,m,1,0.5552,0,18,18,38,1,,,,,,,
,,,,,,,,,,,,Images/IncongruentLeft.jpeg,Incongruent Left,z,钟向荣,20,男,2021,N,Y,粤语,普通话,无,2021-08-19_20h19.38.110,Tse_Altarriba_Simon1,2020.1.2,Win32,60,,,z,1,0.7344,0,19,19,28,1,,,,,,,
,,,,,,,,,,,,Images/IncongruentRight.jpeg,Incongruent Right,m,钟向荣,20,男,2021,N,Y,粤语,普通话,无,2021-08-19_20h19.38.110,Tse_Altarriba_Simon1,2020.1.2,Win32,60,,,m,1,0.7732,0,20,20,33,1,,,,,,,
,,,,,,,,,,,,Images/CongruentRight.jpeg,Congruent Right,m,钟向荣,20,男,2021,N,Y,粤语,普通话,无,2021-08-19_20h19.38.110,Tse_Altarriba_Simon1,2020.1.2,Win32,60,,,m,1,0.5852,0,21,21,18,1,,,,,,,
,,,,,,,,,,,,Images/NeurtalRight.jpeg,Neutral Right,m,钟向荣,20,男,2021,N,Y,粤语,普通话,无,2021-08-19_20h19.38.110,Tse_Altarriba_Simon1,2020.1.2,Win32,60,,,m,1,0.4668,0,22,22,50,1,,,,,,,
,,,,,,,,,,,,Images/NeurtalRight.jpeg,Neutral Right,m,钟向荣,20,男,2021,N,Y,粤语,普通话,无,2021-08-19_20h19.38.110,Tse_Altarriba_Simon1,2020.1.2,Win32,60,,,m,1,0.4217,0,23,23,59,1,,,,,,,
,,,,,,,,,,,,Images/NeurtalRight.jpeg,Neutral Right,m,钟向荣,20,男,2021,N,Y,粤语,普通话,无,2021-08-19_20h19.38.110,Tse_Altarriba_Simon1,2020.1.2,Win32,60,,,m,1,0.4942,0,24,24,52,1,,,,,,,
,,,,,,,,,,,,Images/NeutralLeft.jpeg,Neutral Left,z,钟向荣,20,男,2021,N,Y,粤语,普通话,无,2021-08-19_20h19.38.110,Tse_Altarriba_Simon1,2020.1.2,Win32,60,,,z,1,0.7301,0,25,25,48,1,,,,,,,
,,,,,,,,,,,,Images/IncongruentLeft.jpeg,Incongruent Left,z,钟向荣,20,男,2021,N,Y,粤语,普通话,无,2021-08-19_20h19.38.110,Tse_Altarriba_Simon1,2020.1.2,Win32,60,,,z,1,0.7375,0,26,26,25,1,,,,,,,
,,,,,,,,,,,,Images/NeurtalRight.jpeg,Neutral Right,m,钟向荣,20,男,2021,N,Y,粤语,普通话,无,2021-08-19_20h19.38.110,Tse_Altarriba_Simon1,2020.1.2,Win32,60,,,m,1,0.5396,0,27,27,58,1,,,,,,,
,,,,,,,,,,,,Images/CongruentRight.jpeg,Congruent Right,m,钟向荣,20,男,2021,N,Y,粤语,普通话,无,2021-08-19_20h19.38.110,Tse_Altarriba_Simon1,2020.1.2,Win32,60,,,m,1,0.695,0,28,28,11,1,,,,,,,
,,,,,,,,,,,,Images/IncongruentLeft.jpeg,Incongruent Left,z,钟向荣,20,男,2021,N,Y,粤语,普通话,无,2021-08-19_20h19.38.110,Tse_Altarriba_Simon1,2020.1.2,Win32,60,,,z,1,0.7855,0,29,29,27,1,,,,,,,
,,,,,,,,,,,,Images/CongruentRight.jpeg,Congruent Right,m,钟向荣,20,男,2021,N,Y,粤语,普通话,无,2021-08-19_20h19.38.110,Tse_Altarriba_Simon1,2020.1.2,Win32,60,,,m,1,0.6821,0,30,30,13,1,,,,,,,
,,,,,,,,,,,,Images/NeurtalRight.jpeg,Neutral Right,m,钟向荣,20,男,2021,N,Y,粤语,普通话,无,2021-08-19_20h19.38.110,Tse_Altarriba_Simon1,2020.1.2,Win32,60,,,m,1,0.8628,0,31,31,53,1,,,,,,,
,,,,,,,,,,,,Images/CongruentLeft.jpeg,Congruent Left,z,钟向荣,20,男,2021,N,Y,粤语,普通话,无,2021-08-19_20h19.38.110,Tse_Altarriba_Simon1,2020.1.2,Win32,60,,,z,1,0.7862,0,32,32,8,1,,,,,,,
,,,,,,,,,,,,Images/IncongruentLeft.jpeg,Incongruent Left,z,钟向荣,20,男,2021,N,Y,粤语,普通话,无,2021-08-19_20h19.38.110,Tse_Altarriba_Simon1,2020.1.2,Win32,60,,,z,1,0.7012,0,33,33,23,1,,,,,,,
,,,,,,,,,,,,Images/CongruentLeft.jpeg,Congruent Left,z,钟向荣,20,男,2021,N,Y,粤语,普通话,无,2021-08-19_20h19.38.110,Tse_Altarriba_Simon1,2020.1.2,Win32,60,,,z,1,0.558,0,34,34,6,1,,,,,,,
,,,,,,,,,,,,Images/IncongruentRight.jpeg,Incongruent Right,m,钟向荣,20,男,2021,N,Y,粤语,普通话,无,2021-08-19_20h19.38.110,Tse_Altarriba_Simon1,2020.1.2,Win32,60,,,m,1,0.5909,0,35,35,36,1,,,,,,,
,,,,,,,,,,,,Images/NeutralLeft.jpeg,Neutral Left,z,钟向荣,20,男,2021,N,Y,粤语,普通话,无,2021-08-19_20h19.38.110,Tse_Altarriba_Simon1,2020.1.2,Win32,60,,,z,1,0.5956,0,36,36,45,1,,,,,,,
,,,,,,,,,,,,Images/CongruentRight.jpeg,Congruent Right,m,钟向荣,20,男,2021,N,Y,粤语,普通话,无,2021-08-19_20h19.38.110,Tse_Altarriba_Simon1,2020.1.2,Win32,60,,,m,1,0.5356,0,37,37,15,1,,,,,,,
,,,,,,,,,,,,Images/IncongruentRight.jpeg,Incongruent Right,m,钟向荣,20,男,2021,N,Y,粤语,普通话,无,2021-08-19_20h19.38.110,Tse_Altarriba_Simon1,2020.1.2,Win32,60,,,m,1,0.6385,0,38,38,37,1,,,,,,,
,,,,,,,,,,,,Images/CongruentLeft.jpeg,Congruent Left,z,钟向荣,20,男,2021,N,Y,粤语,普通话,无,2021-08-19_20h19.38.110,Tse_Altarriba_Simon1,2020.1.2,Win32,60,,,z,1,0.5903,0,39,39,0,1,,,,,,,
,,,,,,,,,,,,Images/CongruentLeft.jpeg,Congruent Left,z,钟向荣,20,男,2021,N,Y,粤语,普通话,无,2021-08-19_20h19.38.110,Tse_Altarriba_Simon1,2020.1.2,Win32,60,,,z,1,0.6382,0,40,40,2,1,,,,,,,
,,,,,,,,,,,,Images/NeutralLeft.jpeg,Neutral Left,z,钟向荣,20,男,2021,N,Y,粤语,普通话,无,2021-08-19_20h19.38.110,Tse_Altarriba_Simon1,2020.1.2,Win32,60,,,z,1,0.6025,0,41,41,44,1,,,,,,,
,,,,,,,,,,,,Images/IncongruentRight.jpeg,Incongruent Right,m,钟向荣,20,男,2021,N,Y,粤语,普通话,无,2021-08-19_20h19.38.110,Tse_Altarriba_Simon1,2020.1.2,Win32,60,,,m,1,0.6235,0,42,42,35,1,,,,,,,
,,,,,,,,,,,,Images/CongruentLeft.jpeg,Congruent Left,z,钟向荣,20,男,2021,N,Y,粤语,普通话,无,2021-08-19_20h19.38.110,Tse_Altarriba_Simon1,2020.1.2,Win32,60,,,z,1,0.6076,0,43,43,4,1,,,,,,,
,,,,,,,,,,,,Images/NeutralLeft.jpeg,Neutral Left,z,钟向荣,20,男,2021,N,Y,粤语,普通话,无,2021-08-19_20h19.38.110,Tse_Altarriba_Simon1,2020.1.2,Win32,60,,,z,1,0.6088,0,44,44,46,1,,,,,,,
,,,,,,,,,,,,Images/IncongruentRight.jpeg,Incongruent Right,m,钟向荣,20,男,2021,N,Y,粤语,普通话,无,2021-08-19_20h19.38.110,Tse_Altarriba_Simon1,2020.1.2,Win32,60,,,m,1,0.4874,0,45,45,34,1,,,,,,,
,,,,,,,,,,,,Images/NeurtalRight.jpeg,Neutral Right,m,钟向荣,20,男,2021,N,Y,粤语,普通话,无,2021-08-19_20h19.38.110,Tse_Altarriba_Simon1,2020.1.2,Win32,60,,,m,1,0.5072,0,46,46,55,1,,,,,,,
,,,,,,,,,,,,Images/CongruentLeft.jpeg,Congruent Left,z,钟向荣,20,男,2021,N,Y,粤语,普通话,无,2021-08-19_20h19.38.110,Tse_Altarriba_Simon1,2020.1.2,Win32,60,,,z,1,0.6513,0,47,47,1,1,,,,,,,
,,,,,,,,,,,,Images/IncongruentLeft.jpeg,Incongruent Left,z,钟向荣,20,男,2021,N,Y,粤语,普通话,无,2021-08-19_20h19.38.110,Tse_Altarriba_Simon1,2020.1.2,Win32,60,,,z,1,0.5809,0,48,48,24,1,,,,,,,
,,,,,,,,,,,,Images/CongruentLeft.jpeg,Congruent Left,z,钟向荣,20,男,2021,N,Y,粤语,普通话,无,2021-08-19_20h19.38.110,Tse_Altarriba_Simon1,2020.1.2,Win32,60,,,z,1,0.6107,0,49,49,9,1,,,,,,,
,,,,,,,,,,,,Images/CongruentRight.jpeg,Congruent Right,m,钟向荣,20,男,2021,N,Y,粤语,普通话,无,2021-08-19_20h19.38.110,Tse_Altarriba_Simon1,2020.1.2,Win32,60,,,m,1,0.5635,0,50,50,14,1,,,,,,,
,,,,,,,,,,,,Images/CongruentLeft.jpeg,Congruent Left,z,钟向荣,20,男,2021,N,Y,粤语,普通话,无,2021-08-19_20h19.38.110,Tse_Altarriba_Simon1,2020.1.2,Win32,60,,,z,1,0.7437,0,51,51,3,1,,,,,,,
,,,,,,,,,,,,Images/NeurtalRight.jpeg,Neutral Right,m,钟向荣,20,男,2021,N,Y,粤语,普通话,无,2021-08-19_20h19.38.110,Tse_Altarriba_Simon1,2020.1.2,Win32,60,,,m,1,0.5625,0,52,52,57,1,,,,,,,
,,,,,,,,,,,,Images/NeurtalRight.jpeg,Neutral Right,m,钟向荣,20,男,2021,N,Y,粤语,普通话,无,2021-08-19_20h19.38.110,Tse_Altarriba_Simon1,2020.1.2,Win32,60,,,m,1,0.5163,0,53,53,51,1,,,,,,,
,,,,,,,,,,,,Images/NeurtalRight.jpeg,Neutral Right,m,钟向荣,20,男,2021,N,Y,粤语,普通话,无,2021-08-19_20h19.38.110,Tse_Altarriba_Simon1,2020.1.2,Win32,60,,,m,1,0.4857,0,54,54,56,1,,,,,,,
,,,,,,,,,,,,Images/NeutralLeft.jpeg,Neutral Left,z,钟向荣,20,男,2021,N,Y,粤语,普通话,无,2021-08-19_20h19.38.110,Tse_Altarriba_Simon1,2020.1.2,Win32,60,,,z,1,0.4152,0,55,55,41,1,,,,,,,
,,,,,,,,,,,,Images/NeutralLeft.jpeg,Neutral Left,z,钟向荣,20,男,2021,N,Y,粤语,普通话,无,2021-08-19_20h19.38.110,Tse_Altarriba_Simon1,2020.1.2,Win32,60,,,z,1,0.6127,0,56,56,49,1,,,,,,,
,,,,,,,,,,,,Images/CongruentLeft.jpeg,Congruent Left,z,钟向荣,20,男,2021,N,Y,粤语,普通话,无,2021-08-19_20h19.38.110,Tse_Altarriba_Simon1,2020.1.2,Win32,60,,,z,1,0.6091,0,57,57,5,1,,,,,,,
,,,,,,,,,,,,Images/NeutralLeft.jpeg,Neutral Left,z,钟向荣,20,男,2021,N,Y,粤语,普通话,无,2021-08-19_20h19.38.110,Tse_Altarriba_Simon1,2020.1.2,Win32,60,,,z,1,0.653,0,58,58,47,1,,,,,,,
,,,,,,,,,,,,Images/CongruentRight.jpeg,Congruent Right,m,钟向荣,20,男,2021,N,Y,粤语,普通话,无,2021-08-19_20h19.38.110,Tse_Altarriba_Simon1,2020.1.2,Win32,60,,,m,1,0.5094,0,59,59,12,1,,,,,,,
,,,,,,,,,,,,Images/CongruentLeft.jpeg,Congruent Left,z,钟向荣,20,男,2021,N,Y,粤语,普通话,无,2021-08-19_20h19.38.110,Tse_Altarriba_Simon1,2020.1.2,Win32,60,,,z,1,0.4617,,,,,,space,119.4853,0,0,0,6,1
,,,,,,,,,,,,Images/CongruentRight.jpeg,Congruent Right,m,钟向荣,20,男,2021,N,Y,粤语,普通话,无,2021-08-19_20h19.38.110,Tse_Altarriba_Simon1,2020.1.2,Win32,60,,,m,1,0.5866,,,,,,,,0,1,1,12,1
,,,,,,,,,,,,Images/CongruentRight.jpeg,Congruent Right,m,钟向荣,20,男,2021,N,Y,粤语,普通话,无,2021-08-19_20h19.38.110,Tse_Altarriba_Simon1,2020.1.2,Win32,60,,,m,1,0.5466,,,,,,,,0,2,2,17,1
,,,,,,,,,,,,Images/NeutralLeft.jpeg,Neutral Left,z,钟向荣,20,男,2021,N,Y,粤语,普通话,无,2021-08-19_20h19.38.110,Tse_Altarriba_Simon1,2020.1.2,Win32,60,,,z,1,0.5589,,,,,,,,0,3,3,49,1
,,,,,,,,,,,,Images/NeutralLeft.jpeg,Neutral Left,z,钟向荣,20,男,2021,N,Y,粤语,普通话,无,2021-08-19_20h19.38.110,Tse_Altarriba_Simon1,2020.1.2,Win32,60,,,z,1,0.5663,,,,,,,,0,4,4,42,1
,,,,,,,,,,,,Images/CongruentLeft.jpeg,Congruent Left,z,钟向荣,20,男,2021,N,Y,粤语,普通话,无,2021-08-19_20h19.38.110,Tse_Altarriba_Simon1,2020.1.2,Win32,60,,,z,1,0.5985,,,,,,,,0,5,5,9,1
,,,,,,,,,,,,Images/NeutralLeft.jpeg,Neutral Left,z,钟向荣,20,男,2021,N,Y,粤语,普通话,无,2021-08-19_20h19.38.110,Tse_Altarriba_Simon1,2020.1.2,Win32,60,,,z,1,0.6338,,,,,,,,0,6,6,41,1
,,,,,,,,,,,,Images/IncongruentLeft.jpeg,Incongruent Left,z,钟向荣,20,男,2021,N,Y,粤语,普通话,无,2021-08-19_20h19.38.110,Tse_Altarriba_Simon1,2020.1.2,Win32,60,,,z,1,0.6535,,,,,,,,0,7,7,21,1
,,,,,,,,,,,,Images/IncongruentRight.jpeg,Incongruent Right,m,钟向荣,20,男,2021,N,Y,粤语,普通话,无,2021-08-19_20h19.38.110,Tse_Altarriba_Simon1,2020.1.2,Win32,60,,,m,1,0.6319,,,,,,,,0,8,8,31,1
,,,,,,,,,,,,Images/CongruentLeft.jpeg,Congruent Left,z,钟向荣,20,男,2021,N,Y,粤语,普通话,无,2021-08-19_20h19.38.110,Tse_Altarriba_Simon1,2020.1.2,Win32,60,,,z,1,0.6677,,,,,,,,0,9,9,3,1
,,,,,,,,,,,,Images/NeutralLeft.jpeg,Neutral Left,z,钟向荣,20,男,2021,N,Y,粤语,普通话,无,2021-08-19_20h19.38.110,Tse_Altarriba_Simon1,2020.1.2,Win32,60,,,z,1,0.5103,,,,,,,,0,10,10,46,1
,,,,,,,,,,,,Images/IncongruentLeft.jpeg,Incongruent Left,z,钟向荣,20,男,2021,N,Y,粤语,普通话,无,2021-08-19_20h19.38.110,Tse_Altarriba_Simon1,2020.1.2,Win32,60,,,z,1,0.5797,,,,,,,,0,11,11,23,1
,,,,,,,,,,,,Images/IncongruentRight.jpeg,Incongruent Right,m,钟向荣,20,男,2021,N,Y,粤语,普通话,无,2021-08-19_20h19.38.110,Tse_Altarriba_Simon1,2020.1.2,Win32,60,,,m,1,0.6772,,,,,,,,0,12,12,39,1
,,,,,,,,,,,,Images/CongruentRight.jpeg,Congruent Right,m,钟向荣,20,男,2021,N,Y,粤语,普通话,无,2021-08-19_20h19.38.110,Tse_Altarriba_Simon1,2020.1.2,Win32,60,,,m,1,0.6339,,,,,,,,0,13,13,14,1
,,,,,,,,,,,,Images/CongruentLeft.jpeg,Congruent Left,z,钟向荣,20,男,2021,N,Y,粤语,普通话,无,2021-08-19_20h19.38.110,Tse_Altarriba_Simon1,2020.1.2,Win32,60,,,z,1,0.5305,,,,,,,,0,14,14,4,1
,,,,,,,,,,,,Images/NeurtalRight.jpeg,Neutral Right,m,钟向荣,20,男,2021,N,Y,粤语,普通话,无,2021-08-19_20h19.38.110,Tse_Altarriba_Simon1,2020.1.2,Win32,60,,,m,1,0.6672,,,,,,,,0,15,15,51,1
,,,,,,,,,,,,Images/CongruentLeft.jpeg,Congruent Left,z,钟向荣,20,男,2021,N,Y,粤语,普通话,无,2021-08-19_20h19.38.110,Tse_Altarriba_Simon1,2020.1.2,Win32,60,,,z,1,0.5497,,,,,,,,0,16,16,0,1
,,,,,,,,,,,,Images/CongruentLeft.jpeg,Congruent Left,z,钟向荣,20,男,2021,N,Y,粤语,普通话,无,2021-08-19_20h19.38.110,Tse_Altarriba_Simon1,2020.1.2,Win32,60,,,z,1,0.6001,,,,,,,,0,17,17,7,1
,,,,,,,,,,,,Images/CongruentRight.jpeg,Congruent Right,m,钟向荣,20,男,2021,N,Y,粤语,普通话,无,2021-08-19_20h19.38.110,Tse_Altarriba_Simon1,2020.1.2,Win32,60,,,m,1,0.594,,,,,,,,0,18,18,19,1
,,,,,,,,,,,,Images/IncongruentRight.jpeg,Incongruent Right,m,钟向荣,20,男,2021,N,Y,粤语,普通话,无,2021-08-19_20h19.38.110,Tse_Altarriba_Simon1,2020.1.2,Win32,60,,,m,1,0.7228,,,,,,,,0,19,19,34,1
,,,,,,,,,,,,Images/IncongruentRight.jpeg,Incongruent Right,m,钟向荣,20,男,2021,N,Y,粤语,普通话,无,2021-08-19_20h19.38.110,Tse_Altarriba_Simon1,2020.1.2,Win32,60,,,m,1,0.55,,,,,,,,0,20,20,33,1
,,,,,,,,,,,,Images/NeurtalRight.jpeg,Neutral Right,m,钟向荣,20,男,2021,N,Y,粤语,普通话,无,2021-08-19_20h19.38.110,Tse_Altarriba_Simon1,2020.1.2,Win32,60,,,m,1,0.5877,,,,,,,,0,21,21,55,1
,,,,,,,,,,,,Images/NeurtalRight.jpeg,Neutral Right,m,钟向荣,20,男,2021,N,Y,粤语,普通话,无,2021-08-19_20h19.38.110,Tse_Altarriba_Simon1,2020.1.2,Win32,60,,,m,1,0.6338,,,,,,,,0,22,22,59,1
,,,,,,,,,,,,Images/NeutralLeft.jpeg,Neutral Left,z,钟向荣,20,男,2021,N,Y,粤语,普通话,无,2021-08-19_20h19.38.110,Tse_Altarriba_Simon1,2020.1.2,Win32,60,,,z,1,0.6069,,,,,,,,0,23,23,48,1
,,,,,,,,,,,,Images/NeurtalRight.jpeg,Neutral Right,m,钟向荣,20,男,2021,N,Y,粤语,普通话,无,2021-08-19_20h19.38.110,Tse_Altarriba_Simon1,2020.1.2,Win32,60,,,m,1,0.598,,,,,,,,0,24,24,52,1
,,,,,,,,,,,,Images/IncongruentLeft.jpeg,Incongruent Left,z,钟向荣,20,男,2021,N,Y,粤语,普通话,无,2021-08-19_20h19.38.110,Tse_Altarriba_Simon1,2020.1.2,Win32,60,,,z,1,0.6119,,,,,,,,0,25,25,26,1
,,,,,,,,,,,,Images/IncongruentLeft.jpeg,Incongruent Left,z,钟向荣,20,男,2021,N,Y,粤语,普通话,无,2021-08-19_20h19.38.110,Tse_Altarriba_Simon1,2020.1.2,Win32,60,,,z,1,0.579,,,,,,,,0,26,26,29,1
,,,,,,,,,,,,Images/NeutralLeft.jpeg,Neutral Left,z,钟向荣,20,男,2021,N,Y,粤语,普通话,无,2021-08-19_20h19.38.110,Tse_Altarriba_Simon1,2020.1.2,Win32,60,,,z,1,0.5286,,,,,,,,0,27,27,43,1
,,,,,,,,,,,,Images/CongruentRight.jpeg,Congruent Right,m,钟向荣,20,男,2021,N,Y,粤语,普通话,无,2021-08-19_20h19.38.110,Tse_Altarriba_Simon1,2020.1.2,Win32,60,,,m,1,0.5025,,,,,,,,0,28,28,13,1
,,,,,,,,,,,,Images/NeutralLeft.jpeg,Neutral Left,z,钟向荣,20,男,2021,N,Y,粤语,普通话,无,2021-08-19_20h19.38.110,Tse_Altarriba_Simon1,2020.1.2,Win32,60,,,z,1,0.8064,,,,,,,,0,29,29,45,1
,,,,,,,,,,,,Images/CongruentRight.jpeg,Congruent Right,m,钟向荣,20,男,2021,N,Y,粤语,普通话,无,2021-08-19_20h19.38.110,Tse_Altarriba_Simon1,2020.1.2,Win32,60,,,m,1,0.5522,,,,,,,,0,30,30,16,1
,,,,,,,,,,,,Images/IncongruentRight.jpeg,Incongruent Right,m,钟向荣,20,男,2021,N,Y,粤语,普通话,无,2021-08-19_20h19.38.110,Tse_Altarriba_Simon1,2020.1.2,Win32,60,,,m,1,0.66,,,,,,,,0,31,31,32,1
,,,,,,,,,,,,Images/CongruentRight.jpeg,Congruent Right,m,钟向荣,20,男,2021,N,Y,粤语,普通话,无,2021-08-19_20h19.38.110,Tse_Altarriba_Simon1,2020.1.2,Win32,60,,,m,1,0.6048,,,,,,,,0,32,32,11,1
,,,,,,,,,,,,Images/IncongruentLeft.jpeg,Incongruent Left,z,钟向荣,20,男,2021,N,Y,粤语,普通话,无,2021-08-19_20h19.38.110,Tse_Altarriba_Simon1,2020.1.2,Win32,60,,,z,1,0.594,,,,,,,,0,33,33,24,1
,,,,,,,,,,,,Images/CongruentRight.jpeg,Congruent Right,m,钟向荣,20,男,2021,N,Y,粤语,普通话,无,2021-08-19_20h19.38.110,Tse_Altarriba_Simon1,2020.1.2,Win32,60,,,m,1,0.6202,,,,,,,,0,34,34,15,1
,,,,,,,,,,,,Images/NeurtalRight.jpeg,Neutral Right,m,钟向荣,20,男,2021,N,Y,粤语,普通话,无,2021-08-19_20h19.38.110,Tse_Altarriba_Simon1,2020.1.2,Win32,60,,,m,1,0.5847,,,,,,,,0,35,35,53,1
,,,,,,,,,,,,Images/NeurtalRight.jpeg,Neutral Right,m,钟向荣,20,男,2021,N,Y,粤语,普通话,无,2021-08-19_20h19.38.110,Tse_Altarriba_Simon1,2020.1.2,Win32,60,,,m,1,0.5858,,,,,,,,0,36,36,56,1
,,,,,,,,,,,,Images/CongruentRight.jpeg,Congruent Right,m,钟向荣,20,男,2021,N,Y,粤语,普通话,无,2021-08-19_20h19.38.110,Tse_Altarriba_Simon1,2020.1.2,Win32,60,,,m,1,0.5938,,,,,,,,0,37,37,10,1
,,,,,,,,,,,,Images/NeurtalRight.jpeg,Neutral Right,m,钟向荣,20,男,2021,N,Y,粤语,普通话,无,2021-08-19_20h19.38.110,Tse_Altarriba_Simon1,2020.1.2,Win32,60,,,m,1,0.6807,,,,,,,,0,38,38,50,1
,,,,,,,,,,,,Images/NeurtalRight.jpeg,Neutral Right,m,钟向荣,20,男,2021,N,Y,粤语,普通话,无,2021-08-19_20h19.38.110,Tse_Altarriba_Simon1,2020.1.2,Win32,60,,,m,1,0.5695,,,,,,,,0,39,39,54,1
,,,,,,,,,,,,Images/NeurtalRight.jpeg,Neutral Right,m,钟向荣,20,男,2021,N,Y,粤语,普通话,无,2021-08-19_20h19.38.110,Tse_Altarriba_Simon1,2020.1.2,Win32,60,,,m,1,0.6108,,,,,,,,0,40,40,58,1
,,,,,,,,,,,,Images/IncongruentRight.jpeg,Incongruent Right,m,钟向荣,20,男,2021,N,Y,粤语,普通话,无,2021-08-19_20h19.38.110,Tse_Altarriba_Simon1,2020.1.2,Win32,60,,,m,1,0.6283,,,,,,,,0,41,41,30,1
,,,,,,,,,,,,Images/IncongruentRight.jpeg,Incongruent Right,m,钟向荣,20,男,2021,N,Y,粤语,普通话,无,2021-08-19_20h19.38.110,Tse_Altarriba_Simon1,2020.1.2,Win32,60,,,m,1,0.6619,,,,,,,,0,42,42,38,1
,,,,,,,,,,,,Images/IncongruentRight.jpeg,Incongruent Right,m,钟向荣,20,男,2021,N,Y,粤语,普通话,无,2021-08-19_20h19.38.110,Tse_Altarriba_Simon1,2020.1.2,Win32,60,,,m,1,0.5462,,,,,,,,0,43,43,37,1
,,,,,,,,,,,,Images/IncongruentLeft.jpeg,Incongruent Left,z,钟向荣,20,男,2021,N,Y,粤语,普通话,无,2021-08-19_20h19.38.110,Tse_Altarriba_Simon1,2020.1.2,Win32,60,,,z,1,0.5929,,,,,,,,0,44,44,28,1
,,,,,,,,,,,,Images/CongruentLeft.jpeg,Congruent Left,z,钟向荣,20,男,2021,N,Y,粤语,普通话,无,2021-08-19_20h19.38.110,Tse_Altarriba_Simon1,2020.1.2,Win32,60,,,z,1,0.5565,,,,,,,,0,45,45,8,1
,,,,,,,,,,,,Images/IncongruentRight.jpeg,Incongruent Right,m,钟向荣,20,男,2021,N,Y,粤语,普通话,无,2021-08-19_20h19.38.110,Tse_Altarriba_Simon1,2020.1.2,Win32,60,,,m,1,0.6279,,,,,,,,0,46,46,35,1
,,,,,,,,,,,,Images/CongruentLeft.jpeg,Congruent Left,z,钟向荣,20,男,2021,N,Y,粤语,普通话,无,2021-08-19_20h19.38.110,Tse_Altarriba_Simon1,2020.1.2,Win32,60,,,z,1,0.5774,,,,,,,,0,47,47,2,1
,,,,,,,,,,,,Images/CongruentLeft.jpeg,Congruent Left,z,钟向荣,20,男,2021,N,Y,粤语,普通话,无,2021-08-19_20h19.38.110,Tse_Altarriba_Simon1,2020.1.2,Win32,60,,,z,1,0.5634,,,,,,,,0,48,48,5,1
,,,,,,,,,,,,Images/IncongruentRight.jpeg,Incongruent Right,m,钟向荣,20,男,2021,N,Y,粤语,普通话,无,2021-08-19_20h19.38.110,Tse_Altarriba_Simon1,2020.1.2,Win32,60,,,m,1,0.7012,,,,,,,,0,49,49,36,1
,,,,,,,,,,,,Images/NeutralLeft.jpeg,Neutral Left,z,钟向荣,20,男,2021,N,Y,粤语,普通话,无,2021-08-19_20h19.38.110,Tse_Altarriba_Simon1,2020.1.2,Win32,60,,,z,1,0.6353,,,,,,,,0,50,50,40,1
,,,,,,,,,,,,Images/CongruentRight.jpeg,Congruent Right,m,钟向荣,20,男,2021,N,Y,粤语,普通话,无,2021-08-19_20h19.38.110,Tse_Altarriba_Simon1,2020.1.2,Win32,60,,,m,1,0.4594,,,,,,,,0,51,51,18,1
,,,,,,,,,,,,Images/IncongruentLeft.jpeg,Incongruent Left,z,钟向荣,20,男,2021,N,Y,粤语,普通话,无,2021-08-19_20h19.38.110,Tse_Altarriba_Simon1,2020.1.2,Win32,60,,,z,1,0.3977,,,,,,,,0,52,52,20,1
,,,,,,,,,,,,Images/NeurtalRight.jpeg,Neutral Right,m,钟向荣,20,男,2021,N,Y,粤语,普通话,无,2021-08-19_20h19.38.110,Tse_Altarriba_Simon1,2020.1.2,Win32,60,,,m,1,0.636,,,,,,,,0,53,53,57,1
,,,,,,,,,,,,Images/CongruentLeft.jpeg,Congruent Left,z,钟向荣,20,男,2021,N,Y,粤语,普通话,无,2021-08-19_20h19.38.110,Tse_Altarriba_Simon1,2020.1.2,Win32,60,,,z,1,1.1547,,,,,,,,0,54,54,1,1
,,,,,,,,,,,,Images/IncongruentLeft.jpeg,Incongruent Left,z,钟向荣,20,男,2021,N,Y,粤语,普通话,无,2021-08-19_20h19.38.110,Tse_Altarriba_Simon1,2020.1.2,Win32,60,,,z,1,1.0855,,,,,,,,0,55,55,27,1
,,,,,,,,,,,,Images/NeutralLeft.jpeg,Neutral Left,z,钟向荣,20,男,2021,N,Y,粤语,普通话,无,2021-08-19_20h19.38.110,Tse_Altarriba_Simon1,2020.1.2,Win32,60,,,z,1,0.7999,,,,,,,,0,56,56,47,1
,,,,,,,,,,,,Images/IncongruentLeft.jpeg,Incongruent Left,z,钟向荣,20,男,2021,N,Y,粤语,普通话,无,2021-08-19_20h19.38.110,Tse_Altarriba_Simon1,2020.1.2,Win32,60,,,z,1,0.836,,,,,,,,0,57,57,25,1
,,,,,,,,,,,,Images/NeutralLeft.jpeg,Neutral Left,z,钟向荣,20,男,2021,N,Y,粤语,普通话,无,2021-08-19_20h19.38.110,Tse_Altarriba_Simon1,2020.1.2,Win32,60,,,z,1,0.654,,,,,,,,0,58,58,44,1
,,,,,,,,,,,,Images/IncongruentLeft.jpeg,Incongruent Left,z,钟向荣,20,男,2021,N,Y,粤语,普通话,无,2021-08-19_20h19.38.110,Tse_Altarriba_Simon1,2020.1.2,Win32,60,,,z,1,0.9588,,,,,,,,0,59,59,22,1
