Space1.keys,Space1.rt,Space2.keys,Space2.rt,response.keys,response.corr,response.rt,Practice_loop.thisRepN,Practice_loop.thisTrialN,Practice_loop.thisN,Practice_loop.thisIndex,Practice_loop.ran,ImageFile,Condition,CorrAns,Your initials,What is your age?,What is your gender?,What year are you in?,Are you Dyslexic? (Y/N),Are you bi/multilingual? (Y/N),What is your first language?,"What is your second language? (if you are monollingual, leave blank)",What other languages do you speak?,date,expName,psychopyVersion,OS,frameRate,Space3.keys,Space3.rt,key_resp_2.keys,key_resp_2.corr,key_resp_2.rt,trials.thisRepN,trials.thisTrialN,trials.thisN,trials.thisIndex,trials.ran
space,3.307,space,24.461,m,1,2.364,0,0,0,2,1,Images/CongruentRight.jpeg,Congruent Right,m,,,,,,,,,,2021-02-12_20h58.39.709,Tse_Altarriba_Simon1,2020.1.2,Win32,60,,,,,,,,,,
,,,,m,1,0.591,0,1,1,10,1,Images/NeurtalRight.jpeg,Neutral Right,m,,,,,,,,,,2021-02-12_20h58.39.709,Tse_Altarriba_Simon1,2020.1.2,Win32,60,,,,,,,,,,
,,,,z,1,0.394,0,2,2,5,1,Images/IncongruentLeft.jpeg,Incongruent Left,z,,,,,,,,,,2021-02-12_20h58.39.709,Tse_Altarriba_Simon1,2020.1.2,Win32,60,,,,,,,,,,
,,,,m,1,0.451,0,3,3,3,1,Images/CongruentRight.jpeg,Congruent Right,m,,,,,,,,,,2021-02-12_20h58.39.709,Tse_Altarriba_Simon1,2020.1.2,Win32,60,,,,,,,,,,
,,,,m,1,0.606,0,4,4,7,1,Images/IncongruentRight.jpeg,Incongruent Right,m,,,,,,,,,,2021-02-12_20h58.39.709,Tse_Altarriba_Simon1,2020.1.2,Win32,60,,,,,,,,,,
,,,,m,1,0.513,0,5,5,6,1,Images/IncongruentRight.jpeg,Incongruent Right,m,,,,,,,,,,2021-02-12_20h58.39.709,Tse_Altarriba_Simon1,2020.1.2,Win32,60,,,,,,,,,,
,,,,m,1,0.632,0,6,6,11,1,Images/NeurtalRight.jpeg,Neutral Right,m,,,,,,,,,,2021-02-12_20h58.39.709,Tse_Altarriba_Simon1,2020.1.2,Win32,60,,,,,,,,,,
,,,,m,0,0.405,0,7,7,9,1,Images/NeutralLeft.jpeg,Neutral Left,z,,,,,,,,,,2021-02-12_20h58.39.709,Tse_Altarriba_Simon1,2020.1.2,Win32,60,,,,,,,,,,
,,,,z,1,0.481,0,8,8,1,1,Images/CongruentLeft.jpeg,Congruent Left,z,,,,,,,,,,2021-02-12_20h58.39.709,Tse_Altarriba_Simon1,2020.1.2,Win32,60,,,,,,,,,,
,,,,m,0,0.487,0,9,9,4,1,Images/IncongruentLeft.jpeg,Incongruent Left,z,,,,,,,,,,2021-02-12_20h58.39.709,Tse_Altarriba_Simon1,2020.1.2,Win32,60,,,,,,,,,,
,,,,z,1,0.614,0,10,10,0,1,Images/CongruentLeft.jpeg,Congruent Left,z,,,,,,,,,,2021-02-12_20h58.39.709,Tse_Altarriba_Simon1,2020.1.2,Win32,60,,,,,,,,,,
,,,,z,1,0.593,0,11,11,8,1,Images/NeutralLeft.jpeg,Neutral Left,z,,,,,,,,,,2021-02-12_20h58.39.709,Tse_Altarriba_Simon1,2020.1.2,Win32,60,,,,,,,,,,
,,,,,,,,,,,,Images/IncongruentLeft.jpeg,Incongruent Left,z,,,,,,,,,,2021-02-12_20h58.39.709,Tse_Altarriba_Simon1,2020.1.2,Win32,60,space,1.568,z,1,0.81,0,0,0,28,1
,,,,,,,,,,,,Images/NeutralLeft.jpeg,Neutral Left,z,,,,,,,,,,2021-02-12_20h58.39.709,Tse_Altarriba_Simon1,2020.1.2,Win32,60,,,z,1,0.523,0,1,1,49,1
,,,,,,,,,,,,Images/NeurtalRight.jpeg,Neutral Right,m,,,,,,,,,,2021-02-12_20h58.39.709,Tse_Altarriba_Simon1,2020.1.2,Win32,60,,,m,1,0.484,0,2,2,52,1
,,,,,,,,,,,,Images/NeurtalRight.jpeg,Neutral Right,m,,,,,,,,,,2021-02-12_20h58.39.709,Tse_Altarriba_Simon1,2020.1.2,Win32,60,,,m,1,0.485,0,3,3,50,1
,,,,,,,,,,,,Images/IncongruentRight.jpeg,Incongruent Right,m,,,,,,,,,,2021-02-12_20h58.39.709,Tse_Altarriba_Simon1,2020.1.2,Win32,60,,,m,1,0.49,0,4,4,37,1
,,,,,,,,,,,,Images/NeurtalRight.jpeg,Neutral Right,m,,,,,,,,,,2021-02-12_20h58.39.709,Tse_Altarriba_Simon1,2020.1.2,Win32,60,,,m,1,0.491,0,5,5,58,1
,,,,,,,,,,,,Images/IncongruentRight.jpeg,Incongruent Right,m,,,,,,,,,,2021-02-12_20h58.39.709,Tse_Altarriba_Simon1,2020.1.2,Win32,60,,,m,1,0.475,0,6,6,30,1
,,,,,,,,,,,,Images/IncongruentRight.jpeg,Incongruent Right,m,,,,,,,,,,2021-02-12_20h58.39.709,Tse_Altarriba_Simon1,2020.1.2,Win32,60,,,m,1,0.532,0,7,7,35,1
,,,,,,,,,,,,Images/CongruentLeft.jpeg,Congruent Left,z,,,,,,,,,,2021-02-12_20h58.39.709,Tse_Altarriba_Simon1,2020.1.2,Win32,60,,,z,1,0.537,0,8,8,6,1
,,,,,,,,,,,,Images/CongruentLeft.jpeg,Congruent Left,z,,,,,,,,,,2021-02-12_20h58.39.709,Tse_Altarriba_Simon1,2020.1.2,Win32,60,,,z,1,0.376,0,9,9,1,1
,,,,,,,,,,,,Images/NeurtalRight.jpeg,Neutral Right,m,,,,,,,,,,2021-02-12_20h58.39.709,Tse_Altarriba_Simon1,2020.1.2,Win32,60,,,m,1,0.836,0,10,10,59,1
,,,,,,,,,,,,Images/IncongruentLeft.jpeg,Incongruent Left,z,,,,,,,,,,2021-02-12_20h58.39.709,Tse_Altarriba_Simon1,2020.1.2,Win32,60,,,z,1,0.497,0,11,11,21,1
,,,,,,,,,,,,Images/CongruentRight.jpeg,Congruent Right,m,,,,,,,,,,2021-02-12_20h58.39.709,Tse_Altarriba_Simon1,2020.1.2,Win32,60,,,m,1,0.621,0,12,12,14,1
,,,,,,,,,,,,Images/NeutralLeft.jpeg,Neutral Left,z,,,,,,,,,,2021-02-12_20h58.39.709,Tse_Altarriba_Simon1,2020.1.2,Win32,60,,,z,1,0.601,0,13,13,43,1
,,,,,,,,,,,,Images/CongruentLeft.jpeg,Congruent Left,z,,,,,,,,,,2021-02-12_20h58.39.709,Tse_Altarriba_Simon1,2020.1.2,Win32,60,,,z,1,0.532,0,14,14,8,1
,,,,,,,,,,,,Images/CongruentRight.jpeg,Congruent Right,m,,,,,,,,,,2021-02-12_20h58.39.709,Tse_Altarriba_Simon1,2020.1.2,Win32,60,,,m,1,0.724,0,15,15,17,1
,,,,,,,,,,,,Images/CongruentRight.jpeg,Congruent Right,m,,,,,,,,,,2021-02-12_20h58.39.709,Tse_Altarriba_Simon1,2020.1.2,Win32,60,,,m,1,0.617,0,16,16,12,1
,,,,,,,,,,,,Images/NeutralLeft.jpeg,Neutral Left,z,,,,,,,,,,2021-02-12_20h58.39.709,Tse_Altarriba_Simon1,2020.1.2,Win32,60,,,z,1,0.436,0,17,17,40,1
,,,,,,,,,,,,Images/CongruentRight.jpeg,Congruent Right,m,,,,,,,,,,2021-02-12_20h58.39.709,Tse_Altarriba_Simon1,2020.1.2,Win32,60,,,m,1,0.422,0,18,18,18,1
,,,,,,,,,,,,Images/NeutralLeft.jpeg,Neutral Left,z,,,,,,,,,,2021-02-12_20h58.39.709,Tse_Altarriba_Simon1,2020.1.2,Win32,60,,,z,1,0.474,0,19,19,46,1
,,,,,,,,,,,,Images/IncongruentLeft.jpeg,Incongruent Left,z,,,,,,,,,,2021-02-12_20h58.39.709,Tse_Altarriba_Simon1,2020.1.2,Win32,60,,,z,1,0.521,0,20,20,27,1
,,,,,,,,,,,,Images/CongruentRight.jpeg,Congruent Right,m,,,,,,,,,,2021-02-12_20h58.39.709,Tse_Altarriba_Simon1,2020.1.2,Win32,60,,,m,1,0.56,0,21,21,10,1
,,,,,,,,,,,,Images/NeurtalRight.jpeg,Neutral Right,m,,,,,,,,,,2021-02-12_20h58.39.709,Tse_Altarriba_Simon1,2020.1.2,Win32,60,,,m,1,0.574,0,22,22,55,1
,,,,,,,,,,,,Images/IncongruentLeft.jpeg,Incongruent Left,z,,,,,,,,,,2021-02-12_20h58.39.709,Tse_Altarriba_Simon1,2020.1.2,Win32,60,,,z,1,0.427,0,23,23,23,1
,,,,,,,,,,,,Images/NeutralLeft.jpeg,Neutral Left,z,,,,,,,,,,2021-02-12_20h58.39.709,Tse_Altarriba_Simon1,2020.1.2,Win32,60,,,z,1,0.465,0,24,24,42,1
,,,,,,,,,,,,Images/NeurtalRight.jpeg,Neutral Right,m,,,,,,,,,,2021-02-12_20h58.39.709,Tse_Altarriba_Simon1,2020.1.2,Win32,60,,,m,1,0.607,0,25,25,57,1
,,,,,,,,,,,,Images/IncongruentRight.jpeg,Incongruent Right,m,,,,,,,,,,2021-02-12_20h58.39.709,Tse_Altarriba_Simon1,2020.1.2,Win32,60,,,m,1,0.571,0,26,26,32,1
,,,,,,,,,,,,Images/CongruentLeft.jpeg,Congruent Left,z,,,,,,,,,,2021-02-12_20h58.39.709,Tse_Altarriba_Simon1,2020.1.2,Win32,60,,,z,1,0.424,0,27,27,2,1
,,,,,,,,,,,,Images/NeurtalRight.jpeg,Neutral Right,m,,,,,,,,,,2021-02-12_20h58.39.709,Tse_Altarriba_Simon1,2020.1.2,Win32,60,,,m,1,0.513,0,28,28,53,1
,,,,,,,,,,,,Images/NeurtalRight.jpeg,Neutral Right,m,,,,,,,,,,2021-02-12_20h58.39.709,Tse_Altarriba_Simon1,2020.1.2,Win32,60,,,m,1,0.456,0,29,29,54,1
,,,,,,,,,,,,Images/CongruentLeft.jpeg,Congruent Left,z,,,,,,,,,,2021-02-12_20h58.39.709,Tse_Altarriba_Simon1,2020.1.2,Win32,60,,,z,1,0.387,0,30,30,9,1
,,,,,,,,,,,,Images/NeutralLeft.jpeg,Neutral Left,z,,,,,,,,,,2021-02-12_20h58.39.709,Tse_Altarriba_Simon1,2020.1.2,Win32,60,,,z,1,0.51,0,31,31,48,1
,,,,,,,,,,,,Images/NeutralLeft.jpeg,Neutral Left,z,,,,,,,,,,2021-02-12_20h58.39.709,Tse_Altarriba_Simon1,2020.1.2,Win32,60,,,z,1,0.48,0,32,32,44,1
,,,,,,,,,,,,Images/NeutralLeft.jpeg,Neutral Left,z,,,,,,,,,,2021-02-12_20h58.39.709,Tse_Altarriba_Simon1,2020.1.2,Win32,60,,,z,1,0.399,0,33,33,47,1
,,,,,,,,,,,,Images/NeurtalRight.jpeg,Neutral Right,m,,,,,,,,,,2021-02-12_20h58.39.709,Tse_Altarriba_Simon1,2020.1.2,Win32,60,,,m,1,0.481,0,34,34,51,1
,,,,,,,,,,,,Images/CongruentRight.jpeg,Congruent Right,m,,,,,,,,,,2021-02-12_20h58.39.709,Tse_Altarriba_Simon1,2020.1.2,Win32,60,,,m,1,0.4,0,35,35,11,1
,,,,,,,,,,,,Images/CongruentLeft.jpeg,Congruent Left,z,,,,,,,,,,2021-02-12_20h58.39.709,Tse_Altarriba_Simon1,2020.1.2,Win32,60,,,z,1,0.438,0,36,36,7,1
,,,,,,,,,,,,Images/CongruentRight.jpeg,Congruent Right,m,,,,,,,,,,2021-02-12_20h58.39.709,Tse_Altarriba_Simon1,2020.1.2,Win32,60,,,m,1,0.398,0,37,37,13,1
,,,,,,,,,,,,Images/CongruentLeft.jpeg,Congruent Left,z,,,,,,,,,,2021-02-12_20h58.39.709,Tse_Altarriba_Simon1,2020.1.2,Win32,60,,,z,1,0.403,0,38,38,5,1
,,,,,,,,,,,,Images/CongruentRight.jpeg,Congruent Right,m,,,,,,,,,,2021-02-12_20h58.39.709,Tse_Altarriba_Simon1,2020.1.2,Win32,60,,,m,1,0.365,0,39,39,15,1
,,,,,,,,,,,,Images/IncongruentRight.jpeg,Incongruent Right,m,,,,,,,,,,2021-02-12_20h58.39.709,Tse_Altarriba_Simon1,2020.1.2,Win32,60,,,m,1,0.475,0,40,40,33,1
,,,,,,,,,,,,Images/IncongruentRight.jpeg,Incongruent Right,m,,,,,,,,,,2021-02-12_20h58.39.709,Tse_Altarriba_Simon1,2020.1.2,Win32,60,,,m,1,0.46,0,41,41,39,1
,,,,,,,,,,,,Images/CongruentRight.jpeg,Congruent Right,m,,,,,,,,,,2021-02-12_20h58.39.709,Tse_Altarriba_Simon1,2020.1.2,Win32,60,,,m,1,0.346,0,42,42,16,1
,,,,,,,,,,,,Images/IncongruentLeft.jpeg,Incongruent Left,z,,,,,,,,,,2021-02-12_20h58.39.709,Tse_Altarriba_Simon1,2020.1.2,Win32,60,,,m,0,0.33,0,43,43,29,1
,,,,,,,,,,,,Images/IncongruentLeft.jpeg,Incongruent Left,z,,,,,,,,,,2021-02-12_20h58.39.709,Tse_Altarriba_Simon1,2020.1.2,Win32,60,,,z,1,0.433,0,44,44,24,1
,,,,,,,,,,,,Images/IncongruentLeft.jpeg,Incongruent Left,z,,,,,,,,,,2021-02-12_20h58.39.709,Tse_Altarriba_Simon1,2020.1.2,Win32,60,,,z,1,0.34,0,45,45,22,1
,,,,,,,,,,,,Images/IncongruentLeft.jpeg,Incongruent Left,z,,,,,,,,,,2021-02-12_20h58.39.709,Tse_Altarriba_Simon1,2020.1.2,Win32,60,,,z,1,0.38,0,46,46,26,1
,,,,,,,,,,,,Images/CongruentRight.jpeg,Congruent Right,m,,,,,,,,,,2021-02-12_20h58.39.709,Tse_Altarriba_Simon1,2020.1.2,Win32,60,,,m,1,0.519,0,47,47,19,1
