Space1.keys,Space1.rt,Space2.keys,Space2.rt,response.keys,response.corr,Practice_loop.thisRepN,Practice_loop.thisTrialN,Practice_loop.thisN,Practice_loop.thisIndex,Practice_loop.ran,ImageFile,Condition,CorrAns,Your initials,What is your age?,What is your gender?,What year are you in?,Are you Dyslexic? (Y/N),Are you bi/multilingual? (Y/N),What is your first language?,"What is your second language? (if you are monollingual, leave blank)",What other languages do you speak?,date,expName,psychopyVersion,OS,frameRate,Space3.keys,Space3.rt,key_resp_2.keys,key_resp_2.corr,trials.thisRepN,trials.thisTrialN,trials.thisN,trials.thisIndex,trials.ran
space,3.8302,space,13.8312,,0,0,0,0,4,1,Images/IncongruentLeft.jpeg,Incongruent Left,z,,k,,,,,,,,2021-06-17_13h59.02.242,Tse_Altarriba_Simon1,2020.1.2,Win32,60,,,,,,,,,
,,,,,0,0,1,1,1,1,Images/CongruentLeft.jpeg,Congruent Left,z,,k,,,,,,,,2021-06-17_13h59.02.242,Tse_Altarriba_Simon1,2020.1.2,Win32,60,,,,,,,,,
,,,,,0,0,2,2,7,1,Images/IncongruentRight.jpeg,Incongruent Right,m,,k,,,,,,,,2021-06-17_13h59.02.242,Tse_Altarriba_Simon1,2020.1.2,Win32,60,,,,,,,,,
,,,,,0,0,3,3,0,1,Images/CongruentLeft.jpeg,Congruent Left,z,,k,,,,,,,,2021-06-17_13h59.02.242,Tse_Altarriba_Simon1,2020.1.2,Win32,60,,,,,,,,,
,,,,,0,0,4,4,2,1,Images/CongruentRight.jpeg,Congruent Right,m,,k,,,,,,,,2021-06-17_13h59.02.242,Tse_Altarriba_Simon1,2020.1.2,Win32,60,,,,,,,,,
,,,,,0,0,5,5,9,1,Images/NeutralLeft.jpeg,Neutral Left,z,,k,,,,,,,,2021-06-17_13h59.02.242,Tse_Altarriba_Simon1,2020.1.2,Win32,60,,,,,,,,,
,,,,,0,0,6,6,11,1,Images/NeurtalRight.jpeg,Neutral Right,m,,k,,,,,,,,2021-06-17_13h59.02.242,Tse_Altarriba_Simon1,2020.1.2,Win32,60,,,,,,,,,
,,,,,0,0,7,7,5,1,Images/IncongruentLeft.jpeg,Incongruent Left,z,,k,,,,,,,,2021-06-17_13h59.02.242,Tse_Altarriba_Simon1,2020.1.2,Win32,60,,,,,,,,,
,,,,,0,0,8,8,3,1,Images/CongruentRight.jpeg,Congruent Right,m,,k,,,,,,,,2021-06-17_13h59.02.242,Tse_Altarriba_Simon1,2020.1.2,Win32,60,,,,,,,,,
,,,,,0,0,9,9,6,1,Images/IncongruentRight.jpeg,Incongruent Right,m,,k,,,,,,,,2021-06-17_13h59.02.242,Tse_Altarriba_Simon1,2020.1.2,Win32,60,,,,,,,,,
,,,,,0,0,10,10,10,1,Images/NeurtalRight.jpeg,Neutral Right,m,,k,,,,,,,,2021-06-17_13h59.02.242,Tse_Altarriba_Simon1,2020.1.2,Win32,60,,,,,,,,,
,,,,,0,0,11,11,8,1,Images/NeutralLeft.jpeg,Neutral Left,z,,k,,,,,,,,2021-06-17_13h59.02.242,Tse_Altarriba_Simon1,2020.1.2,Win32,60,,,,,,,,,
,,,,,,,,,,,Images/IncongruentRight.jpeg,Incongruent Right,m,,k,,,,,,,,2021-06-17_13h59.02.242,Tse_Altarriba_Simon1,2020.1.2,Win32,60,space,1.8974,,0,0,0,0,30,1
,,,,,,,,,,,Images/IncongruentLeft.jpeg,Incongruent Left,z,,k,,,,,,,,2021-06-17_13h59.02.242,Tse_Altarriba_Simon1,2020.1.2,Win32,60,,,,0,0,1,1,29,1
,,,,,,,,,,,Images/NeurtalRight.jpeg,Neutral Right,m,,k,,,,,,,,2021-06-17_13h59.02.242,Tse_Altarriba_Simon1,2020.1.2,Win32,60,,,,0,0,2,2,50,1
,,,,,,,,,,,Images/IncongruentLeft.jpeg,Incongruent Left,z,,k,,,,,,,,2021-06-17_13h59.02.242,Tse_Altarriba_Simon1,2020.1.2,Win32,60,,,,0,0,3,3,25,1
,,,,,,,,,,,Images/NeurtalRight.jpeg,Neutral Right,m,,k,,,,,,,,2021-06-17_13h59.02.242,Tse_Altarriba_Simon1,2020.1.2,Win32,60,,,,0,0,4,4,53,1
,,,,,,,,,,,Images/CongruentLeft.jpeg,Congruent Left,z,,k,,,,,,,,2021-06-17_13h59.02.242,Tse_Altarriba_Simon1,2020.1.2,Win32,60,,,,0,0,5,5,3,1
,,,,,,,,,,,Images/CongruentLeft.jpeg,Congruent Left,z,,k,,,,,,,,2021-06-17_13h59.02.242,Tse_Altarriba_Simon1,2020.1.2,Win32,60,,,,0,0,6,6,8,1
,,,,,,,,,,,Images/CongruentRight.jpeg,Congruent Right,m,,k,,,,,,,,2021-06-17_13h59.02.242,Tse_Altarriba_Simon1,2020.1.2,Win32,60,,,,0,0,7,7,10,1
,,,,,,,,,,,Images/NeutralLeft.jpeg,Neutral Left,z,,k,,,,,,,,2021-06-17_13h59.02.242,Tse_Altarriba_Simon1,2020.1.2,Win32,60,,,,0,0,8,8,44,1
,,,,,,,,,,,Images/NeurtalRight.jpeg,Neutral Right,m,,k,,,,,,,,2021-06-17_13h59.02.242,Tse_Altarriba_Simon1,2020.1.2,Win32,60,,,,0,0,9,9,55,1
,,,,,,,,,,,Images/IncongruentLeft.jpeg,Incongruent Left,z,,k,,,,,,,,2021-06-17_13h59.02.242,Tse_Altarriba_Simon1,2020.1.2,Win32,60,,,,0,0,10,10,22,1
,,,,,,,,,,,Images/IncongruentRight.jpeg,Incongruent Right,m,,k,,,,,,,,2021-06-17_13h59.02.242,Tse_Altarriba_Simon1,2020.1.2,Win32,60,,,,0,0,11,11,38,1
,,,,,,,,,,,Images/IncongruentRight.jpeg,Incongruent Right,m,,k,,,,,,,,2021-06-17_13h59.02.242,Tse_Altarriba_Simon1,2020.1.2,Win32,60,,,,0,0,12,12,37,1
,,,,,,,,,,,Images/NeurtalRight.jpeg,Neutral Right,m,,k,,,,,,,,2021-06-17_13h59.02.242,Tse_Altarriba_Simon1,2020.1.2,Win32,60,,,,0,0,13,13,51,1
,,,,,,,,,,,Images/CongruentLeft.jpeg,Congruent Left,z,,k,,,,,,,,2021-06-17_13h59.02.242,Tse_Altarriba_Simon1,2020.1.2,Win32,60,,,,0,0,14,14,6,1
,,,,,,,,,,,Images/IncongruentRight.jpeg,Incongruent Right,m,,k,,,,,,,,2021-06-17_13h59.02.242,Tse_Altarriba_Simon1,2020.1.2,Win32,60,,,,0,0,15,15,31,1
,,,,,,,,,,,Images/CongruentLeft.jpeg,Congruent Left,z,,k,,,,,,,,2021-06-17_13h59.02.242,Tse_Altarriba_Simon1,2020.1.2,Win32,60,,,,0,0,16,16,4,1
,,,,,,,,,,,Images/NeutralLeft.jpeg,Neutral Left,z,,k,,,,,,,,2021-06-17_13h59.02.242,Tse_Altarriba_Simon1,2020.1.2,Win32,60,,,,0,0,17,17,49,1
,,,,,,,,,,,Images/CongruentLeft.jpeg,Congruent Left,z,,k,,,,,,,,2021-06-17_13h59.02.242,Tse_Altarriba_Simon1,2020.1.2,Win32,60,,,,0,0,18,18,5,1
,,,,,,,,,,,Images/NeutralLeft.jpeg,Neutral Left,z,,k,,,,,,,,2021-06-17_13h59.02.242,Tse_Altarriba_Simon1,2020.1.2,Win32,60,,,,0,0,19,19,45,1
,,,,,,,,,,,Images/NeurtalRight.jpeg,Neutral Right,m,,k,,,,,,,,2021-06-17_13h59.02.242,Tse_Altarriba_Simon1,2020.1.2,Win32,60,,,,0,0,20,20,57,1
,,,,,,,,,,,Images/NeutralLeft.jpeg,Neutral Left,z,,k,,,,,,,,2021-06-17_13h59.02.242,Tse_Altarriba_Simon1,2020.1.2,Win32,60,,,,0,0,21,21,41,1
,,,,,,,,,,,Images/CongruentRight.jpeg,Congruent Right,m,,k,,,,,,,,2021-06-17_13h59.02.242,Tse_Altarriba_Simon1,2020.1.2,Win32,60,,,,0,0,22,22,13,1
,,,,,,,,,,,Images/CongruentLeft.jpeg,Congruent Left,z,,k,,,,,,,,2021-06-17_13h59.02.242,Tse_Altarriba_Simon1,2020.1.2,Win32,60,,,,0,0,23,23,1,1
,,,,,,,,,,,Images/NeurtalRight.jpeg,Neutral Right,m,,k,,,,,,,,2021-06-17_13h59.02.242,Tse_Altarriba_Simon1,2020.1.2,Win32,60,,,,0,0,24,24,58,1
,,,,,,,,,,,Images/IncongruentRight.jpeg,Incongruent Right,m,,k,,,,,,,,2021-06-17_13h59.02.242,Tse_Altarriba_Simon1,2020.1.2,Win32,60,,,,0,0,25,25,33,1
,,,,,,,,,,,Images/IncongruentLeft.jpeg,Incongruent Left,z,,k,,,,,,,,2021-06-17_13h59.02.242,Tse_Altarriba_Simon1,2020.1.2,Win32,60,,,,0,0,26,26,26,1
,,,,,,,,,,,Images/NeutralLeft.jpeg,Neutral Left,z,,k,,,,,,,,2021-06-17_13h59.02.242,Tse_Altarriba_Simon1,2020.1.2,Win32,60,,,,0,0,27,27,43,1
,,,,,,,,,,,Images/IncongruentLeft.jpeg,Incongruent Left,z,,k,,,,,,,,2021-06-17_13h59.02.242,Tse_Altarriba_Simon1,2020.1.2,Win32,60,,,,0,0,28,28,27,1
,,,,,,,,,,,Images/NeutralLeft.jpeg,Neutral Left,z,,k,,,,,,,,2021-06-17_13h59.02.242,Tse_Altarriba_Simon1,2020.1.2,Win32,60,,,,0,0,29,29,47,1
,,,,,,,,,,,Images/CongruentLeft.jpeg,Congruent Left,z,,k,,,,,,,,2021-06-17_13h59.02.242,Tse_Altarriba_Simon1,2020.1.2,Win32,60,,,,0,0,30,30,7,1
,,,,,,,,,,,Images/IncongruentRight.jpeg,Incongruent Right,m,,k,,,,,,,,2021-06-17_13h59.02.242,Tse_Altarriba_Simon1,2020.1.2,Win32,60,,,,0,0,31,31,36,1
,,,,,,,,,,,Images/NeurtalRight.jpeg,Neutral Right,m,,k,,,,,,,,2021-06-17_13h59.02.242,Tse_Altarriba_Simon1,2020.1.2,Win32,60,,,,0,0,32,32,56,1
,,,,,,,,,,,Images/CongruentLeft.jpeg,Congruent Left,z,,k,,,,,,,,2021-06-17_13h59.02.242,Tse_Altarriba_Simon1,2020.1.2,Win32,60,,,,0,0,33,33,0,1
,,,,,,,,,,,Images/CongruentLeft.jpeg,Congruent Left,z,,k,,,,,,,,2021-06-17_13h59.02.242,Tse_Altarriba_Simon1,2020.1.2,Win32,60,,,,0,0,34,34,9,1
,,,,,,,,,,,Images/IncongruentRight.jpeg,Incongruent Right,m,,k,,,,,,,,2021-06-17_13h59.02.242,Tse_Altarriba_Simon1,2020.1.2,Win32,60,,,,0,0,35,35,34,1
,,,,,,,,,,,Images/CongruentRight.jpeg,Congruent Right,m,,k,,,,,,,,2021-06-17_13h59.02.242,Tse_Altarriba_Simon1,2020.1.2,Win32,60,,,,0,0,36,36,14,1
,,,,,,,,,,,Images/CongruentRight.jpeg,Congruent Right,m,,k,,,,,,,,2021-06-17_13h59.02.242,Tse_Altarriba_Simon1,2020.1.2,Win32,60,,,,0,0,37,37,16,1
,,,,,,,,,,,Images/CongruentLeft.jpeg,Congruent Left,z,,k,,,,,,,,2021-06-17_13h59.02.242,Tse_Altarriba_Simon1,2020.1.2,Win32,60,,,,0,0,38,38,2,1
,,,,,,,,,,,Images/IncongruentLeft.jpeg,Incongruent Left,z,,k,,,,,,,,2021-06-17_13h59.02.242,Tse_Altarriba_Simon1,2020.1.2,Win32,60,,,,0,0,39,39,24,1
,,,,,,,,,,,Images/NeutralLeft.jpeg,Neutral Left,z,,k,,,,,,,,2021-06-17_13h59.02.242,Tse_Altarriba_Simon1,2020.1.2,Win32,60,,,,0,0,40,40,40,1
,,,,,,,,,,,Images/NeutralLeft.jpeg,Neutral Left,z,,k,,,,,,,,2021-06-17_13h59.02.242,Tse_Altarriba_Simon1,2020.1.2,Win32,60,,,,0,0,41,41,48,1
,,,,,,,,,,,Images/IncongruentRight.jpeg,Incongruent Right,m,,k,,,,,,,,2021-06-17_13h59.02.242,Tse_Altarriba_Simon1,2020.1.2,Win32,60,,,,0,0,42,42,39,1
,,,,,,,,,,,Images/IncongruentLeft.jpeg,Incongruent Left,z,,k,,,,,,,,2021-06-17_13h59.02.242,Tse_Altarriba_Simon1,2020.1.2,Win32,60,,,,0,0,43,43,20,1
,,,,,,,,,,,Images/CongruentRight.jpeg,Congruent Right,m,,k,,,,,,,,2021-06-17_13h59.02.242,Tse_Altarriba_Simon1,2020.1.2,Win32,60,,,,0,0,44,44,11,1
,,,,,,,,,,,Images/CongruentRight.jpeg,Congruent Right,m,,k,,,,,,,,2021-06-17_13h59.02.242,Tse_Altarriba_Simon1,2020.1.2,Win32,60,,,,0,0,45,45,15,1
,,,,,,,,,,,Images/IncongruentLeft.jpeg,Incongruent Left,z,,k,,,,,,,,2021-06-17_13h59.02.242,Tse_Altarriba_Simon1,2020.1.2,Win32,60,,,,0,0,46,46,23,1
,,,,,,,,,,,Images/NeurtalRight.jpeg,Neutral Right,m,,k,,,,,,,,2021-06-17_13h59.02.242,Tse_Altarriba_Simon1,2020.1.2,Win32,60,,,,0,0,47,47,54,1
,,,,,,,,,,,Images/NeutralLeft.jpeg,Neutral Left,z,,k,,,,,,,,2021-06-17_13h59.02.242,Tse_Altarriba_Simon1,2020.1.2,Win32,60,,,,0,0,48,48,42,1
,,,,,,,,,,,Images/NeutralLeft.jpeg,Neutral Left,z,,k,,,,,,,,2021-06-17_13h59.02.242,Tse_Altarriba_Simon1,2020.1.2,Win32,60,,,,0,0,49,49,46,1
,,,,,,,,,,,Images/IncongruentLeft.jpeg,Incongruent Left,z,,k,,,,,,,,2021-06-17_13h59.02.242,Tse_Altarriba_Simon1,2020.1.2,Win32,60,,,,0,0,50,50,28,1
,,,,,,,,,,,Images/CongruentRight.jpeg,Congruent Right,m,,k,,,,,,,,2021-06-17_13h59.02.242,Tse_Altarriba_Simon1,2020.1.2,Win32,60,,,,0,0,51,51,17,1
,,,,,,,,,,,Images/IncongruentRight.jpeg,Incongruent Right,m,,k,,,,,,,,2021-06-17_13h59.02.242,Tse_Altarriba_Simon1,2020.1.2,Win32,60,,,,0,0,52,52,35,1
,,,,,,,,,,,Images/IncongruentLeft.jpeg,Incongruent Left,z,,k,,,,,,,,2021-06-17_13h59.02.242,Tse_Altarriba_Simon1,2020.1.2,Win32,60,,,,0,0,53,53,21,1
,,,,,,,,,,,Images/CongruentRight.jpeg,Congruent Right,m,,k,,,,,,,,2021-06-17_13h59.02.242,Tse_Altarriba_Simon1,2020.1.2,Win32,60,,,,0,0,54,54,19,1
,,,,,,,,,,,Images/NeurtalRight.jpeg,Neutral Right,m,,k,,,,,,,,2021-06-17_13h59.02.242,Tse_Altarriba_Simon1,2020.1.2,Win32,60,,,,0,0,55,55,52,1
,,,,,,,,,,,Images/CongruentRight.jpeg,Congruent Right,m,,k,,,,,,,,2021-06-17_13h59.02.242,Tse_Altarriba_Simon1,2020.1.2,Win32,60,,,,0,0,56,56,18,1
,,,,,,,,,,,Images/CongruentRight.jpeg,Congruent Right,m,,k,,,,,,,,2021-06-17_13h59.02.242,Tse_Altarriba_Simon1,2020.1.2,Win32,60,,,,0,0,57,57,12,1
,,,,,,,,,,,Images/NeurtalRight.jpeg,Neutral Right,m,,k,,,,,,,,2021-06-17_13h59.02.242,Tse_Altarriba_Simon1,2020.1.2,Win32,60,,,,0,0,58,58,59,1
,,,,,,,,,,,Images/IncongruentRight.jpeg,Incongruent Right,m,,k,,,,,,,,2021-06-17_13h59.02.242,Tse_Altarriba_Simon1,2020.1.2,Win32,60,,,,0,0,59,59,32,1
