Space1.keys,Space1.rt,Space2.keys,Space2.rt,response.keys,response.corr,response.rt,Practice_loop.thisRepN,Practice_loop.thisTrialN,Practice_loop.thisN,Practice_loop.thisIndex,Practice_loop.ran,ImageFile,Condition,CorrAns,Your initials,What is your age?,What is your gender?,What year are you in?,Are you Dyslexic? (Y/N),Are you bi/multilingual? (Y/N),What is your first language?,"What is your second language? (if you are monollingual, leave blank)",What other languages do you speak?,date,expName,psychopyVersion,OS,frameRate,Space3.keys,Space3.rt,key_resp_2.keys,key_resp_2.corr,key_resp_2.rt,trials.thisRepN,trials.thisTrialN,trials.thisN,trials.thisIndex,trials.ran,Space4.keys,Space4.rt,trials_2.thisRepN,trials_2.thisTrialN,trials_2.thisN,trials_2.thisIndex,trials_2.ran
space,4.78096,space,18.09057,z,1,0.664655,0,0,0,8,1,Images/NeutralLeft.jpeg,Neutral Left,z,MM,36,Male,"Thursday, May 6, 2021",N,N,Japanese,,English,2021-05-06_13h51.41.475,Tse_Altarriba_Simon1,2020.1.2,Win32,60,,,,,,,,,,,,,,,,,
,,,,m,1,0.543435,0,1,1,2,1,Images/CongruentRight.jpeg,Congruent Right,m,MM,36,Male,"Thursday, May 6, 2021",N,N,Japanese,,English,2021-05-06_13h51.41.475,Tse_Altarriba_Simon1,2020.1.2,Win32,60,,,,,,,,,,,,,,,,,
,,,,m,1,0.41161,0,2,2,10,1,Images/NeurtalRight.jpeg,Neutral Right,m,MM,36,Male,"Thursday, May 6, 2021",N,N,Japanese,,English,2021-05-06_13h51.41.475,Tse_Altarriba_Simon1,2020.1.2,Win32,60,,,,,,,,,,,,,,,,,
,,,,m,1,0.40198,0,3,3,11,1,Images/NeurtalRight.jpeg,Neutral Right,m,MM,36,Male,"Thursday, May 6, 2021",N,N,Japanese,,English,2021-05-06_13h51.41.475,Tse_Altarriba_Simon1,2020.1.2,Win32,60,,,,,,,,,,,,,,,,,
,,,,z,1,0.44518,0,4,4,5,1,Images/IncongruentLeft.jpeg,Incongruent Left,z,MM,36,Male,"Thursday, May 6, 2021",N,N,Japanese,,English,2021-05-06_13h51.41.475,Tse_Altarriba_Simon1,2020.1.2,Win32,60,,,,,,,,,,,,,,,,,
,,,,z,1,0.561075,0,5,5,0,1,Images/CongruentLeft.jpeg,Congruent Left,z,MM,36,Male,"Thursday, May 6, 2021",N,N,Japanese,,English,2021-05-06_13h51.41.475,Tse_Altarriba_Simon1,2020.1.2,Win32,60,,,,,,,,,,,,,,,,,
,,,,z,0,0.696445,0,6,6,6,1,Images/IncongruentRight.jpeg,Incongruent Right,m,MM,36,Male,"Thursday, May 6, 2021",N,N,Japanese,,English,2021-05-06_13h51.41.475,Tse_Altarriba_Simon1,2020.1.2,Win32,60,,,,,,,,,,,,,,,,,
,,,,z,0,0.76971,0,7,7,3,1,Images/CongruentRight.jpeg,Congruent Right,m,MM,36,Male,"Thursday, May 6, 2021",N,N,Japanese,,English,2021-05-06_13h51.41.475,Tse_Altarriba_Simon1,2020.1.2,Win32,60,,,,,,,,,,,,,,,,,
,,,,z,1,0.46234,0,8,8,9,1,Images/NeutralLeft.jpeg,Neutral Left,z,MM,36,Male,"Thursday, May 6, 2021",N,N,Japanese,,English,2021-05-06_13h51.41.475,Tse_Altarriba_Simon1,2020.1.2,Win32,60,,,,,,,,,,,,,,,,,
,,,,m,1,0.61938,0,9,9,7,1,Images/IncongruentRight.jpeg,Incongruent Right,m,MM,36,Male,"Thursday, May 6, 2021",N,N,Japanese,,English,2021-05-06_13h51.41.475,Tse_Altarriba_Simon1,2020.1.2,Win32,60,,,,,,,,,,,,,,,,,
,,,,z,1,0.417935,0,10,10,4,1,Images/IncongruentLeft.jpeg,Incongruent Left,z,MM,36,Male,"Thursday, May 6, 2021",N,N,Japanese,,English,2021-05-06_13h51.41.475,Tse_Altarriba_Simon1,2020.1.2,Win32,60,,,,,,,,,,,,,,,,,
,,,,z,1,0.45323,0,11,11,1,1,Images/CongruentLeft.jpeg,Congruent Left,z,MM,36,Male,"Thursday, May 6, 2021",N,N,Japanese,,English,2021-05-06_13h51.41.475,Tse_Altarriba_Simon1,2020.1.2,Win32,60,,,,,,,,,,,,,,,,,
,,,,,,,,,,,,Images/IncongruentLeft.jpeg,Incongruent Left,z,MM,36,Male,"Thursday, May 6, 2021",N,N,Japanese,,English,2021-05-06_13h51.41.475,Tse_Altarriba_Simon1,2020.1.2,Win32,60,space,4.91004,z,1,0.47288,0,0,0,24,1,,,,,,,
,,,,,,,,,,,,Images/IncongruentRight.jpeg,Incongruent Right,m,MM,36,Male,"Thursday, May 6, 2021",N,N,Japanese,,English,2021-05-06_13h51.41.475,Tse_Altarriba_Simon1,2020.1.2,Win32,60,,,m,1,0.36367,0,1,1,33,1,,,,,,,
,,,,,,,,,,,,Images/NeurtalRight.jpeg,Neutral Right,m,MM,36,Male,"Thursday, May 6, 2021",N,N,Japanese,,English,2021-05-06_13h51.41.475,Tse_Altarriba_Simon1,2020.1.2,Win32,60,,,m,1,0.43063,0,2,2,53,1,,,,,,,
,,,,,,,,,,,,Images/CongruentRight.jpeg,Congruent Right,m,MM,36,Male,"Thursday, May 6, 2021",N,N,Japanese,,English,2021-05-06_13h51.41.475,Tse_Altarriba_Simon1,2020.1.2,Win32,60,,,m,1,0.43635,0,3,3,16,1,,,,,,,
,,,,,,,,,,,,Images/NeutralLeft.jpeg,Neutral Left,z,MM,36,Male,"Thursday, May 6, 2021",N,N,Japanese,,English,2021-05-06_13h51.41.475,Tse_Altarriba_Simon1,2020.1.2,Win32,60,,,z,1,0.379945,0,4,4,47,1,,,,,,,
,,,,,,,,,,,,Images/IncongruentLeft.jpeg,Incongruent Left,z,MM,36,Male,"Thursday, May 6, 2021",N,N,Japanese,,English,2021-05-06_13h51.41.475,Tse_Altarriba_Simon1,2020.1.2,Win32,60,,,z,1,0.477555,0,5,5,23,1,,,,,,,
,,,,,,,,,,,,Images/IncongruentRight.jpeg,Incongruent Right,m,MM,36,Male,"Thursday, May 6, 2021",N,N,Japanese,,English,2021-05-06_13h51.41.475,Tse_Altarriba_Simon1,2020.1.2,Win32,60,,,m,1,0.441515,0,6,6,34,1,,,,,,,
,,,,,,,,,,,,Images/IncongruentLeft.jpeg,Incongruent Left,z,MM,36,Male,"Thursday, May 6, 2021",N,N,Japanese,,English,2021-05-06_13h51.41.475,Tse_Altarriba_Simon1,2020.1.2,Win32,60,,,z,1,0.418375,0,7,7,20,1,,,,,,,
,,,,,,,,,,,,Images/IncongruentLeft.jpeg,Incongruent Left,z,MM,36,Male,"Thursday, May 6, 2021",N,N,Japanese,,English,2021-05-06_13h51.41.475,Tse_Altarriba_Simon1,2020.1.2,Win32,60,,,z,1,0.722405,0,8,8,26,1,,,,,,,
,,,,,,,,,,,,Images/IncongruentLeft.jpeg,Incongruent Left,z,MM,36,Male,"Thursday, May 6, 2021",N,N,Japanese,,English,2021-05-06_13h51.41.475,Tse_Altarriba_Simon1,2020.1.2,Win32,60,,,z,1,0.43188,0,9,9,25,1,,,,,,,
,,,,,,,,,,,,Images/CongruentLeft.jpeg,Congruent Left,z,MM,36,Male,"Thursday, May 6, 2021",N,N,Japanese,,English,2021-05-06_13h51.41.475,Tse_Altarriba_Simon1,2020.1.2,Win32,60,,,z,1,0.40168,0,10,10,4,1,,,,,,,
,,,,,,,,,,,,Images/NeutralLeft.jpeg,Neutral Left,z,MM,36,Male,"Thursday, May 6, 2021",N,N,Japanese,,English,2021-05-06_13h51.41.475,Tse_Altarriba_Simon1,2020.1.2,Win32,60,,,z,1,0.570285,0,11,11,41,1,,,,,,,
,,,,,,,,,,,,Images/NeurtalRight.jpeg,Neutral Right,m,MM,36,Male,"Thursday, May 6, 2021",N,N,Japanese,,English,2021-05-06_13h51.41.475,Tse_Altarriba_Simon1,2020.1.2,Win32,60,,,m,1,0.40545,0,12,12,55,1,,,,,,,
,,,,,,,,,,,,Images/IncongruentRight.jpeg,Incongruent Right,m,MM,36,Male,"Thursday, May 6, 2021",N,N,Japanese,,English,2021-05-06_13h51.41.475,Tse_Altarriba_Simon1,2020.1.2,Win32,60,,,m,1,0.455405,0,13,13,30,1,,,,,,,
,,,,,,,,,,,,Images/CongruentRight.jpeg,Congruent Right,m,MM,36,Male,"Thursday, May 6, 2021",N,N,Japanese,,English,2021-05-06_13h51.41.475,Tse_Altarriba_Simon1,2020.1.2,Win32,60,,,m,1,0.419415,0,14,14,18,1,,,,,,,
,,,,,,,,,,,,Images/IncongruentRight.jpeg,Incongruent Right,m,MM,36,Male,"Thursday, May 6, 2021",N,N,Japanese,,English,2021-05-06_13h51.41.475,Tse_Altarriba_Simon1,2020.1.2,Win32,60,,,m,1,0.455735,0,15,15,32,1,,,,,,,
,,,,,,,,,,,,Images/CongruentRight.jpeg,Congruent Right,m,MM,36,Male,"Thursday, May 6, 2021",N,N,Japanese,,English,2021-05-06_13h51.41.475,Tse_Altarriba_Simon1,2020.1.2,Win32,60,,,m,1,0.479355,0,16,16,11,1,,,,,,,
,,,,,,,,,,,,Images/NeurtalRight.jpeg,Neutral Right,m,MM,36,Male,"Thursday, May 6, 2021",N,N,Japanese,,English,2021-05-06_13h51.41.475,Tse_Altarriba_Simon1,2020.1.2,Win32,60,,,m,1,0.476855,0,17,17,56,1,,,,,,,
,,,,,,,,,,,,Images/CongruentLeft.jpeg,Congruent Left,z,MM,36,Male,"Thursday, May 6, 2021",N,N,Japanese,,English,2021-05-06_13h51.41.475,Tse_Altarriba_Simon1,2020.1.2,Win32,60,,,z,1,0.41486,0,18,18,2,1,,,,,,,
,,,,,,,,,,,,Images/CongruentRight.jpeg,Congruent Right,m,MM,36,Male,"Thursday, May 6, 2021",N,N,Japanese,,English,2021-05-06_13h51.41.475,Tse_Altarriba_Simon1,2020.1.2,Win32,60,,,m,1,0.41433,0,19,19,12,1,,,,,,,
,,,,,,,,,,,,Images/IncongruentRight.jpeg,Incongruent Right,m,MM,36,Male,"Thursday, May 6, 2021",N,N,Japanese,,English,2021-05-06_13h51.41.475,Tse_Altarriba_Simon1,2020.1.2,Win32,60,,,m,1,0.41329,0,20,20,36,1,,,,,,,
,,,,,,,,,,,,Images/IncongruentLeft.jpeg,Incongruent Left,z,MM,36,Male,"Thursday, May 6, 2021",N,N,Japanese,,English,2021-05-06_13h51.41.475,Tse_Altarriba_Simon1,2020.1.2,Win32,60,,,z,1,0.43866,0,21,21,27,1,,,,,,,
,,,,,,,,,,,,Images/NeurtalRight.jpeg,Neutral Right,m,MM,36,Male,"Thursday, May 6, 2021",N,N,Japanese,,English,2021-05-06_13h51.41.475,Tse_Altarriba_Simon1,2020.1.2,Win32,60,,,m,1,0.500555,0,22,22,57,1,,,,,,,
,,,,,,,,,,,,Images/IncongruentRight.jpeg,Incongruent Right,m,MM,36,Male,"Thursday, May 6, 2021",N,N,Japanese,,English,2021-05-06_13h51.41.475,Tse_Altarriba_Simon1,2020.1.2,Win32,60,,,m,1,0.422685,0,23,23,39,1,,,,,,,
,,,,,,,,,,,,Images/NeutralLeft.jpeg,Neutral Left,z,MM,36,Male,"Thursday, May 6, 2021",N,N,Japanese,,English,2021-05-06_13h51.41.475,Tse_Altarriba_Simon1,2020.1.2,Win32,60,,,z,1,0.39589,0,24,24,40,1,,,,,,,
,,,,,,,,,,,,Images/NeutralLeft.jpeg,Neutral Left,z,MM,36,Male,"Thursday, May 6, 2021",N,N,Japanese,,English,2021-05-06_13h51.41.475,Tse_Altarriba_Simon1,2020.1.2,Win32,60,,,z,1,0.369755,0,25,25,48,1,,,,,,,
,,,,,,,,,,,,Images/CongruentLeft.jpeg,Congruent Left,z,MM,36,Male,"Thursday, May 6, 2021",N,N,Japanese,,English,2021-05-06_13h51.41.475,Tse_Altarriba_Simon1,2020.1.2,Win32,60,,,z,1,0.396385,0,26,26,1,1,,,,,,,
,,,,,,,,,,,,Images/CongruentRight.jpeg,Congruent Right,m,MM,36,Male,"Thursday, May 6, 2021",N,N,Japanese,,English,2021-05-06_13h51.41.475,Tse_Altarriba_Simon1,2020.1.2,Win32,60,,,m,1,0.412865,0,27,27,13,1,,,,,,,
,,,,,,,,,,,,Images/IncongruentRight.jpeg,Incongruent Right,m,MM,36,Male,"Thursday, May 6, 2021",N,N,Japanese,,English,2021-05-06_13h51.41.475,Tse_Altarriba_Simon1,2020.1.2,Win32,60,,,m,1,0.42011,0,28,28,38,1,,,,,,,
,,,,,,,,,,,,Images/NeurtalRight.jpeg,Neutral Right,m,MM,36,Male,"Thursday, May 6, 2021",N,N,Japanese,,English,2021-05-06_13h51.41.475,Tse_Altarriba_Simon1,2020.1.2,Win32,60,,,m,1,0.382855,0,29,29,50,1,,,,,,,
,,,,,,,,,,,,Images/NeurtalRight.jpeg,Neutral Right,m,MM,36,Male,"Thursday, May 6, 2021",N,N,Japanese,,English,2021-05-06_13h51.41.475,Tse_Altarriba_Simon1,2020.1.2,Win32,60,,,m,1,0.348875,0,30,30,52,1,,,,,,,
,,,,,,,,,,,,Images/CongruentRight.jpeg,Congruent Right,m,MM,36,Male,"Thursday, May 6, 2021",N,N,Japanese,,English,2021-05-06_13h51.41.475,Tse_Altarriba_Simon1,2020.1.2,Win32,60,,,m,1,0.35842,0,31,31,10,1,,,,,,,
,,,,,,,,,,,,Images/CongruentRight.jpeg,Congruent Right,m,MM,36,Male,"Thursday, May 6, 2021",N,N,Japanese,,English,2021-05-06_13h51.41.475,Tse_Altarriba_Simon1,2020.1.2,Win32,60,,,m,1,0.342395,0,32,32,17,1,,,,,,,
,,,,,,,,,,,,Images/CongruentLeft.jpeg,Congruent Left,z,MM,36,Male,"Thursday, May 6, 2021",N,N,Japanese,,English,2021-05-06_13h51.41.475,Tse_Altarriba_Simon1,2020.1.2,Win32,60,,,z,1,0.30783,0,33,33,0,1,,,,,,,
,,,,,,,,,,,,Images/NeutralLeft.jpeg,Neutral Left,z,MM,36,Male,"Thursday, May 6, 2021",N,N,Japanese,,English,2021-05-06_13h51.41.475,Tse_Altarriba_Simon1,2020.1.2,Win32,60,,,z,1,0.37598,0,34,34,45,1,,,,,,,
,,,,,,,,,,,,Images/CongruentRight.jpeg,Congruent Right,m,MM,36,Male,"Thursday, May 6, 2021",N,N,Japanese,,English,2021-05-06_13h51.41.475,Tse_Altarriba_Simon1,2020.1.2,Win32,60,,,m,1,0.42497,0,35,35,15,1,,,,,,,
,,,,,,,,,,,,Images/IncongruentRight.jpeg,Incongruent Right,m,MM,36,Male,"Thursday, May 6, 2021",N,N,Japanese,,English,2021-05-06_13h51.41.475,Tse_Altarriba_Simon1,2020.1.2,Win32,60,,,m,1,0.38136,0,36,36,37,1,,,,,,,
,,,,,,,,,,,,Images/CongruentRight.jpeg,Congruent Right,m,MM,36,Male,"Thursday, May 6, 2021",N,N,Japanese,,English,2021-05-06_13h51.41.475,Tse_Altarriba_Simon1,2020.1.2,Win32,60,,,m,1,0.37901,0,37,37,14,1,,,,,,,
,,,,,,,,,,,,Images/CongruentLeft.jpeg,Congruent Left,z,MM,36,Male,"Thursday, May 6, 2021",N,N,Japanese,,English,2021-05-06_13h51.41.475,Tse_Altarriba_Simon1,2020.1.2,Win32,60,,,z,1,0.353975,0,38,38,6,1,,,,,,,
,,,,,,,,,,,,Images/IncongruentLeft.jpeg,Incongruent Left,z,MM,36,Male,"Thursday, May 6, 2021",N,N,Japanese,,English,2021-05-06_13h51.41.475,Tse_Altarriba_Simon1,2020.1.2,Win32,60,,,z,1,0.403795,0,39,39,29,1,,,,,,,
,,,,,,,,,,,,Images/CongruentLeft.jpeg,Congruent Left,z,MM,36,Male,"Thursday, May 6, 2021",N,N,Japanese,,English,2021-05-06_13h51.41.475,Tse_Altarriba_Simon1,2020.1.2,Win32,60,,,z,1,0.358995,0,40,40,5,1,,,,,,,
,,,,,,,,,,,,Images/CongruentRight.jpeg,Congruent Right,m,MM,36,Male,"Thursday, May 6, 2021",N,N,Japanese,,English,2021-05-06_13h51.41.475,Tse_Altarriba_Simon1,2020.1.2,Win32,60,,,m,1,0.331095,0,41,41,19,1,,,,,,,
,,,,,,,,,,,,Images/NeutralLeft.jpeg,Neutral Left,z,MM,36,Male,"Thursday, May 6, 2021",N,N,Japanese,,English,2021-05-06_13h51.41.475,Tse_Altarriba_Simon1,2020.1.2,Win32,60,,,z,1,0.37807,0,42,42,49,1,,,,,,,
,,,,,,,,,,,,Images/NeurtalRight.jpeg,Neutral Right,m,MM,36,Male,"Thursday, May 6, 2021",N,N,Japanese,,English,2021-05-06_13h51.41.475,Tse_Altarriba_Simon1,2020.1.2,Win32,60,,,m,1,0.448445,0,43,43,59,1,,,,,,,
,,,,,,,,,,,,Images/NeurtalRight.jpeg,Neutral Right,m,MM,36,Male,"Thursday, May 6, 2021",N,N,Japanese,,English,2021-05-06_13h51.41.475,Tse_Altarriba_Simon1,2020.1.2,Win32,60,,,m,1,0.400485,0,44,44,58,1,,,,,,,
,,,,,,,,,,,,Images/CongruentLeft.jpeg,Congruent Left,z,MM,36,Male,"Thursday, May 6, 2021",N,N,Japanese,,English,2021-05-06_13h51.41.475,Tse_Altarriba_Simon1,2020.1.2,Win32,60,,,z,1,0.38959,0,45,45,7,1,,,,,,,
,,,,,,,,,,,,Images/IncongruentLeft.jpeg,Incongruent Left,z,MM,36,Male,"Thursday, May 6, 2021",N,N,Japanese,,English,2021-05-06_13h51.41.475,Tse_Altarriba_Simon1,2020.1.2,Win32,60,,,z,1,0.38003,0,46,46,28,1,,,,,,,
,,,,,,,,,,,,Images/NeurtalRight.jpeg,Neutral Right,m,MM,36,Male,"Thursday, May 6, 2021",N,N,Japanese,,English,2021-05-06_13h51.41.475,Tse_Altarriba_Simon1,2020.1.2,Win32,60,,,m,1,0.437785,0,47,47,54,1,,,,,,,
,,,,,,,,,,,,Images/IncongruentRight.jpeg,Incongruent Right,m,MM,36,Male,"Thursday, May 6, 2021",N,N,Japanese,,English,2021-05-06_13h51.41.475,Tse_Altarriba_Simon1,2020.1.2,Win32,60,,,m,1,0.389545,0,48,48,35,1,,,,,,,
,,,,,,,,,,,,Images/IncongruentRight.jpeg,Incongruent Right,m,MM,36,Male,"Thursday, May 6, 2021",N,N,Japanese,,English,2021-05-06_13h51.41.475,Tse_Altarriba_Simon1,2020.1.2,Win32,60,,,m,1,0.39707,0,49,49,31,1,,,,,,,
,,,,,,,,,,,,Images/IncongruentLeft.jpeg,Incongruent Left,z,MM,36,Male,"Thursday, May 6, 2021",N,N,Japanese,,English,2021-05-06_13h51.41.475,Tse_Altarriba_Simon1,2020.1.2,Win32,60,,,z,1,0.392115,0,50,50,21,1,,,,,,,
,,,,,,,,,,,,Images/NeutralLeft.jpeg,Neutral Left,z,MM,36,Male,"Thursday, May 6, 2021",N,N,Japanese,,English,2021-05-06_13h51.41.475,Tse_Altarriba_Simon1,2020.1.2,Win32,60,,,z,1,0.36175,0,51,51,42,1,,,,,,,
,,,,,,,,,,,,Images/CongruentLeft.jpeg,Congruent Left,z,MM,36,Male,"Thursday, May 6, 2021",N,N,Japanese,,English,2021-05-06_13h51.41.475,Tse_Altarriba_Simon1,2020.1.2,Win32,60,,,z,1,0.346395,0,52,52,8,1,,,,,,,
,,,,,,,,,,,,Images/NeutralLeft.jpeg,Neutral Left,z,MM,36,Male,"Thursday, May 6, 2021",N,N,Japanese,,English,2021-05-06_13h51.41.475,Tse_Altarriba_Simon1,2020.1.2,Win32,60,,,z,1,0.32988,0,53,53,44,1,,,,,,,
,,,,,,,,,,,,Images/CongruentLeft.jpeg,Congruent Left,z,MM,36,Male,"Thursday, May 6, 2021",N,N,Japanese,,English,2021-05-06_13h51.41.475,Tse_Altarriba_Simon1,2020.1.2,Win32,60,,,z,1,0.337895,0,54,54,9,1,,,,,,,
,,,,,,,,,,,,Images/NeurtalRight.jpeg,Neutral Right,m,MM,36,Male,"Thursday, May 6, 2021",N,N,Japanese,,English,2021-05-06_13h51.41.475,Tse_Altarriba_Simon1,2020.1.2,Win32,60,,,m,1,0.395155,0,55,55,51,1,,,,,,,
,,,,,,,,,,,,Images/NeutralLeft.jpeg,Neutral Left,z,MM,36,Male,"Thursday, May 6, 2021",N,N,Japanese,,English,2021-05-06_13h51.41.475,Tse_Altarriba_Simon1,2020.1.2,Win32,60,,,z,1,0.33608,0,56,56,43,1,,,,,,,
,,,,,,,,,,,,Images/IncongruentLeft.jpeg,Incongruent Left,z,MM,36,Male,"Thursday, May 6, 2021",N,N,Japanese,,English,2021-05-06_13h51.41.475,Tse_Altarriba_Simon1,2020.1.2,Win32,60,,,z,1,0.383725,0,57,57,22,1,,,,,,,
,,,,,,,,,,,,Images/CongruentLeft.jpeg,Congruent Left,z,MM,36,Male,"Thursday, May 6, 2021",N,N,Japanese,,English,2021-05-06_13h51.41.475,Tse_Altarriba_Simon1,2020.1.2,Win32,60,,,z,1,0.341525,0,58,58,3,1,,,,,,,
,,,,,,,,,,,,Images/NeutralLeft.jpeg,Neutral Left,z,MM,36,Male,"Thursday, May 6, 2021",N,N,Japanese,,English,2021-05-06_13h51.41.475,Tse_Altarriba_Simon1,2020.1.2,Win32,60,,,z,1,0.39101,0,59,59,46,1,,,,,,,
,,,,,,,,,,,,Images/IncongruentLeft.jpeg,Incongruent Left,z,MM,36,Male,"Thursday, May 6, 2021",N,N,Japanese,,English,2021-05-06_13h51.41.475,Tse_Altarriba_Simon1,2020.1.2,Win32,60,,,z,1,0.36221,,,,,,space,3.33175,0,0,0,26,1
,,,,,,,,,,,,Images/IncongruentRight.jpeg,Incongruent Right,m,MM,36,Male,"Thursday, May 6, 2021",N,N,Japanese,,English,2021-05-06_13h51.41.475,Tse_Altarriba_Simon1,2020.1.2,Win32,60,,,m,1,0.391395,,,,,,,,0,1,1,31,1
,,,,,,,,,,,,Images/IncongruentRight.jpeg,Incongruent Right,m,MM,36,Male,"Thursday, May 6, 2021",N,N,Japanese,,English,2021-05-06_13h51.41.475,Tse_Altarriba_Simon1,2020.1.2,Win32,60,,,m,1,0.344765,,,,,,,,0,2,2,35,1
,,,,,,,,,,,,Images/CongruentRight.jpeg,Congruent Right,m,MM,36,Male,"Thursday, May 6, 2021",N,N,Japanese,,English,2021-05-06_13h51.41.475,Tse_Altarriba_Simon1,2020.1.2,Win32,60,,,m,1,0.37914,,,,,,,,0,3,3,12,1
,,,,,,,,,,,,Images/NeutralLeft.jpeg,Neutral Left,z,MM,36,Male,"Thursday, May 6, 2021",N,N,Japanese,,English,2021-05-06_13h51.41.475,Tse_Altarriba_Simon1,2020.1.2,Win32,60,,,z,1,0.33654,,,,,,,,0,4,4,49,1
,,,,,,,,,,,,Images/NeurtalRight.jpeg,Neutral Right,m,MM,36,Male,"Thursday, May 6, 2021",N,N,Japanese,,English,2021-05-06_13h51.41.475,Tse_Altarriba_Simon1,2020.1.2,Win32,60,,,m,1,0.37426,,,,,,,,0,5,5,56,1
,,,,,,,,,,,,Images/CongruentRight.jpeg,Congruent Right,m,MM,36,Male,"Thursday, May 6, 2021",N,N,Japanese,,English,2021-05-06_13h51.41.475,Tse_Altarriba_Simon1,2020.1.2,Win32,60,,,m,1,0.32185,,,,,,,,0,6,6,17,1
,,,,,,,,,,,,Images/IncongruentLeft.jpeg,Incongruent Left,z,MM,36,Male,"Thursday, May 6, 2021",N,N,Japanese,,English,2021-05-06_13h51.41.475,Tse_Altarriba_Simon1,2020.1.2,Win32,60,,,z,1,0.37066,,,,,,,,0,7,7,25,1
,,,,,,,,,,,,Images/NeutralLeft.jpeg,Neutral Left,z,MM,36,Male,"Thursday, May 6, 2021",N,N,Japanese,,English,2021-05-06_13h51.41.475,Tse_Altarriba_Simon1,2020.1.2,Win32,60,,,z,1,0.342005,,,,,,,,0,8,8,42,1
,,,,,,,,,,,,Images/CongruentRight.jpeg,Congruent Right,m,MM,36,Male,"Thursday, May 6, 2021",N,N,Japanese,,English,2021-05-06_13h51.41.475,Tse_Altarriba_Simon1,2020.1.2,Win32,60,,,z,0,0.371045,,,,,,,,0,9,9,16,1
,,,,,,,,,,,,Images/CongruentLeft.jpeg,Congruent Left,z,MM,36,Male,"Thursday, May 6, 2021",N,N,Japanese,,English,2021-05-06_13h51.41.475,Tse_Altarriba_Simon1,2020.1.2,Win32,60,,,z,1,0.437995,,,,,,,,0,10,10,8,1
,,,,,,,,,,,,Images/NeurtalRight.jpeg,Neutral Right,m,MM,36,Male,"Thursday, May 6, 2021",N,N,Japanese,,English,2021-05-06_13h51.41.475,Tse_Altarriba_Simon1,2020.1.2,Win32,60,,,m,1,0.408595,,,,,,,,0,11,11,58,1
,,,,,,,,,,,,Images/CongruentRight.jpeg,Congruent Right,m,MM,36,Male,"Thursday, May 6, 2021",N,N,Japanese,,English,2021-05-06_13h51.41.475,Tse_Altarriba_Simon1,2020.1.2,Win32,60,,,m,1,0.39305,,,,,,,,0,12,12,18,1
,,,,,,,,,,,,Images/IncongruentLeft.jpeg,Incongruent Left,z,MM,36,Male,"Thursday, May 6, 2021",N,N,Japanese,,English,2021-05-06_13h51.41.475,Tse_Altarriba_Simon1,2020.1.2,Win32,60,,,z,1,0.376325,,,,,,,,0,13,13,23,1
,,,,,,,,,,,,Images/NeutralLeft.jpeg,Neutral Left,z,MM,36,Male,"Thursday, May 6, 2021",N,N,Japanese,,English,2021-05-06_13h51.41.475,Tse_Altarriba_Simon1,2020.1.2,Win32,60,,,z,1,0.417535,,,,,,,,0,14,14,46,1
,,,,,,,,,,,,Images/CongruentLeft.jpeg,Congruent Left,z,MM,36,Male,"Thursday, May 6, 2021",N,N,Japanese,,English,2021-05-06_13h51.41.475,Tse_Altarriba_Simon1,2020.1.2,Win32,60,,,z,1,0.382715,,,,,,,,0,15,15,9,1
,,,,,,,,,,,,Images/NeutralLeft.jpeg,Neutral Left,z,MM,36,Male,"Thursday, May 6, 2021",N,N,Japanese,,English,2021-05-06_13h51.41.475,Tse_Altarriba_Simon1,2020.1.2,Win32,60,,,z,1,0.337085,,,,,,,,0,16,16,45,1
,,,,,,,,,,,,Images/NeutralLeft.jpeg,Neutral Left,z,MM,36,Male,"Thursday, May 6, 2021",N,N,Japanese,,English,2021-05-06_13h51.41.475,Tse_Altarriba_Simon1,2020.1.2,Win32,60,,,z,1,0.374635,,,,,,,,0,17,17,40,1
,,,,,,,,,,,,Images/NeutralLeft.jpeg,Neutral Left,z,MM,36,Male,"Thursday, May 6, 2021",N,N,Japanese,,English,2021-05-06_13h51.41.475,Tse_Altarriba_Simon1,2020.1.2,Win32,60,,,z,1,0.319385,,,,,,,,0,18,18,48,1
,,,,,,,,,,,,Images/NeurtalRight.jpeg,Neutral Right,m,MM,36,Male,"Thursday, May 6, 2021",N,N,Japanese,,English,2021-05-06_13h51.41.475,Tse_Altarriba_Simon1,2020.1.2,Win32,60,,,m,1,0.36522,,,,,,,,0,19,19,55,1
,,,,,,,,,,,,Images/IncongruentRight.jpeg,Incongruent Right,m,MM,36,Male,"Thursday, May 6, 2021",N,N,Japanese,,English,2021-05-06_13h51.41.475,Tse_Altarriba_Simon1,2020.1.2,Win32,60,,,m,1,0.488105,,,,,,,,0,20,20,32,1
,,,,,,,,,,,,Images/IncongruentRight.jpeg,Incongruent Right,m,MM,36,Male,"Thursday, May 6, 2021",N,N,Japanese,,English,2021-05-06_13h51.41.475,Tse_Altarriba_Simon1,2020.1.2,Win32,60,,,m,1,0.31972,,,,,,,,0,21,21,38,1
,,,,,,,,,,,,Images/CongruentLeft.jpeg,Congruent Left,z,MM,36,Male,"Thursday, May 6, 2021",N,N,Japanese,,English,2021-05-06_13h51.41.475,Tse_Altarriba_Simon1,2020.1.2,Win32,60,,,z,1,0.406515,,,,,,,,0,22,22,0,1
,,,,,,,,,,,,Images/NeurtalRight.jpeg,Neutral Right,m,MM,36,Male,"Thursday, May 6, 2021",N,N,Japanese,,English,2021-05-06_13h51.41.475,Tse_Altarriba_Simon1,2020.1.2,Win32,60,,,z,0,0.38797,,,,,,,,0,23,23,52,1
,,,,,,,,,,,,Images/NeurtalRight.jpeg,Neutral Right,m,MM,36,Male,"Thursday, May 6, 2021",N,N,Japanese,,English,2021-05-06_13h51.41.475,Tse_Altarriba_Simon1,2020.1.2,Win32,60,,,m,1,0.353085,,,,,,,,0,24,24,51,1
,,,,,,,,,,,,Images/IncongruentRight.jpeg,Incongruent Right,m,MM,36,Male,"Thursday, May 6, 2021",N,N,Japanese,,English,2021-05-06_13h51.41.475,Tse_Altarriba_Simon1,2020.1.2,Win32,60,,,m,1,0.403145,,,,,,,,0,25,25,36,1
,,,,,,,,,,,,Images/NeurtalRight.jpeg,Neutral Right,m,MM,36,Male,"Thursday, May 6, 2021",N,N,Japanese,,English,2021-05-06_13h51.41.475,Tse_Altarriba_Simon1,2020.1.2,Win32,60,,,m,1,0.346425,,,,,,,,0,26,26,54,1
,,,,,,,,,,,,Images/CongruentRight.jpeg,Congruent Right,m,MM,36,Male,"Thursday, May 6, 2021",N,N,Japanese,,English,2021-05-06_13h51.41.475,Tse_Altarriba_Simon1,2020.1.2,Win32,60,,,m,1,0.33858,,,,,,,,0,27,27,14,1
,,,,,,,,,,,,Images/CongruentRight.jpeg,Congruent Right,m,MM,36,Male,"Thursday, May 6, 2021",N,N,Japanese,,English,2021-05-06_13h51.41.475,Tse_Altarriba_Simon1,2020.1.2,Win32,60,,,m,1,0.303395,,,,,,,,0,28,28,15,1
,,,,,,,,,,,,Images/IncongruentLeft.jpeg,Incongruent Left,z,MM,36,Male,"Thursday, May 6, 2021",N,N,Japanese,,English,2021-05-06_13h51.41.475,Tse_Altarriba_Simon1,2020.1.2,Win32,60,,,z,1,0.38895,,,,,,,,0,29,29,24,1
,,,,,,,,,,,,Images/NeurtalRight.jpeg,Neutral Right,m,MM,36,Male,"Thursday, May 6, 2021",N,N,Japanese,,English,2021-05-06_13h51.41.475,Tse_Altarriba_Simon1,2020.1.2,Win32,60,,,m,1,0.35473,,,,,,,,0,30,30,59,1
,,,,,,,,,,,,Images/IncongruentLeft.jpeg,Incongruent Left,z,MM,36,Male,"Thursday, May 6, 2021",N,N,Japanese,,English,2021-05-06_13h51.41.475,Tse_Altarriba_Simon1,2020.1.2,Win32,60,,,z,1,0.371235,,,,,,,,0,31,31,21,1
,,,,,,,,,,,,Images/IncongruentLeft.jpeg,Incongruent Left,z,MM,36,Male,"Thursday, May 6, 2021",N,N,Japanese,,English,2021-05-06_13h51.41.475,Tse_Altarriba_Simon1,2020.1.2,Win32,60,,,z,1,0.33609,,,,,,,,0,32,32,20,1
,,,,,,,,,,,,Images/IncongruentLeft.jpeg,Incongruent Left,z,MM,36,Male,"Thursday, May 6, 2021",N,N,Japanese,,English,2021-05-06_13h51.41.475,Tse_Altarriba_Simon1,2020.1.2,Win32,60,,,z,1,0.323045,,,,,,,,0,33,33,27,1
,,,,,,,,,,,,Images/CongruentLeft.jpeg,Congruent Left,z,MM,36,Male,"Thursday, May 6, 2021",N,N,Japanese,,English,2021-05-06_13h51.41.475,Tse_Altarriba_Simon1,2020.1.2,Win32,60,,,z,1,0.359025,,,,,,,,0,34,34,4,1
,,,,,,,,,,,,Images/NeurtalRight.jpeg,Neutral Right,m,MM,36,Male,"Thursday, May 6, 2021",N,N,Japanese,,English,2021-05-06_13h51.41.475,Tse_Altarriba_Simon1,2020.1.2,Win32,60,,,m,1,0.35418,,,,,,,,0,35,35,53,1
,,,,,,,,,,,,Images/IncongruentRight.jpeg,Incongruent Right,m,MM,36,Male,"Thursday, May 6, 2021",N,N,Japanese,,English,2021-05-06_13h51.41.475,Tse_Altarriba_Simon1,2020.1.2,Win32,60,,,m,1,0.38019,,,,,,,,0,36,36,34,1
,,,,,,,,,,,,Images/CongruentLeft.jpeg,Congruent Left,z,MM,36,Male,"Thursday, May 6, 2021",N,N,Japanese,,English,2021-05-06_13h51.41.475,Tse_Altarriba_Simon1,2020.1.2,Win32,60,,,z,1,0.270765,,,,,,,,0,37,37,3,1
,,,,,,,,,,,,Images/CongruentLeft.jpeg,Congruent Left,z,MM,36,Male,"Thursday, May 6, 2021",N,N,Japanese,,English,2021-05-06_13h51.41.475,Tse_Altarriba_Simon1,2020.1.2,Win32,60,,,z,1,0.30344,,,,,,,,0,38,38,5,1
,,,,,,,,,,,,Images/CongruentLeft.jpeg,Congruent Left,z,MM,36,Male,"Thursday, May 6, 2021",N,N,Japanese,,English,2021-05-06_13h51.41.475,Tse_Altarriba_Simon1,2020.1.2,Win32,60,,,z,1,0.28929,,,,,,,,0,39,39,6,1
,,,,,,,,,,,,Images/NeurtalRight.jpeg,Neutral Right,m,MM,36,Male,"Thursday, May 6, 2021",N,N,Japanese,,English,2021-05-06_13h51.41.475,Tse_Altarriba_Simon1,2020.1.2,Win32,60,,,m,1,0.35706,,,,,,,,0,40,40,57,1
,,,,,,,,,,,,Images/IncongruentLeft.jpeg,Incongruent Left,z,MM,36,Male,"Thursday, May 6, 2021",N,N,Japanese,,English,2021-05-06_13h51.41.475,Tse_Altarriba_Simon1,2020.1.2,Win32,60,,,z,1,0.3791,,,,,,,,0,41,41,29,1
,,,,,,,,,,,,Images/IncongruentRight.jpeg,Incongruent Right,m,MM,36,Male,"Thursday, May 6, 2021",N,N,Japanese,,English,2021-05-06_13h51.41.475,Tse_Altarriba_Simon1,2020.1.2,Win32,60,,,m,1,0.40949,,,,,,,,0,42,42,30,1
,,,,,,,,,,,,Images/IncongruentRight.jpeg,Incongruent Right,m,MM,36,Male,"Thursday, May 6, 2021",N,N,Japanese,,English,2021-05-06_13h51.41.475,Tse_Altarriba_Simon1,2020.1.2,Win32,60,,,m,1,0.357925,,,,,,,,0,43,43,33,1
,,,,,,,,,,,,Images/CongruentRight.jpeg,Congruent Right,m,MM,36,Male,"Thursday, May 6, 2021",N,N,Japanese,,English,2021-05-06_13h51.41.475,Tse_Altarriba_Simon1,2020.1.2,Win32,60,,,m,1,0.362925,,,,,,,,0,44,44,19,1
,,,,,,,,,,,,Images/CongruentRight.jpeg,Congruent Right,m,MM,36,Male,"Thursday, May 6, 2021",N,N,Japanese,,English,2021-05-06_13h51.41.475,Tse_Altarriba_Simon1,2020.1.2,Win32,60,,,m,1,0.31758,,,,,,,,0,45,45,10,1
,,,,,,,,,,,,Images/CongruentLeft.jpeg,Congruent Left,z,MM,36,Male,"Thursday, May 6, 2021",N,N,Japanese,,English,2021-05-06_13h51.41.475,Tse_Altarriba_Simon1,2020.1.2,Win32,60,,,z,1,0.321935,,,,,,,,0,46,46,2,1
,,,,,,,,,,,,Images/IncongruentRight.jpeg,Incongruent Right,m,MM,36,Male,"Thursday, May 6, 2021",N,N,Japanese,,English,2021-05-06_13h51.41.475,Tse_Altarriba_Simon1,2020.1.2,Win32,60,,,m,1,0.410665,,,,,,,,0,47,47,39,1
,,,,,,,,,,,,Images/NeutralLeft.jpeg,Neutral Left,z,MM,36,Male,"Thursday, May 6, 2021",N,N,Japanese,,English,2021-05-06_13h51.41.475,Tse_Altarriba_Simon1,2020.1.2,Win32,60,,,z,1,0.33671,,,,,,,,0,48,48,43,1
,,,,,,,,,,,,Images/IncongruentLeft.jpeg,Incongruent Left,z,MM,36,Male,"Thursday, May 6, 2021",N,N,Japanese,,English,2021-05-06_13h51.41.475,Tse_Altarriba_Simon1,2020.1.2,Win32,60,,,z,1,0.387145,,,,,,,,0,49,49,22,1
,,,,,,,,,,,,Images/IncongruentRight.jpeg,Incongruent Right,m,MM,36,Male,"Thursday, May 6, 2021",N,N,Japanese,,English,2021-05-06_13h51.41.475,Tse_Altarriba_Simon1,2020.1.2,Win32,60,,,m,1,0.40705,,,,,,,,0,50,50,37,1
,,,,,,,,,,,,Images/IncongruentLeft.jpeg,Incongruent Left,z,MM,36,Male,"Thursday, May 6, 2021",N,N,Japanese,,English,2021-05-06_13h51.41.475,Tse_Altarriba_Simon1,2020.1.2,Win32,60,,,z,1,0.35542,,,,,,,,0,51,51,28,1
,,,,,,,,,,,,Images/CongruentRight.jpeg,Congruent Right,m,MM,36,Male,"Thursday, May 6, 2021",N,N,Japanese,,English,2021-05-06_13h51.41.475,Tse_Altarriba_Simon1,2020.1.2,Win32,60,,,m,1,0.33705,,,,,,,,0,52,52,11,1
,,,,,,,,,,,,Images/NeutralLeft.jpeg,Neutral Left,z,MM,36,Male,"Thursday, May 6, 2021",N,N,Japanese,,English,2021-05-06_13h51.41.475,Tse_Altarriba_Simon1,2020.1.2,Win32,60,,,z,1,0.373325,,,,,,,,0,53,53,47,1
,,,,,,,,,,,,Images/CongruentRight.jpeg,Congruent Right,m,MM,36,Male,"Thursday, May 6, 2021",N,N,Japanese,,English,2021-05-06_13h51.41.475,Tse_Altarriba_Simon1,2020.1.2,Win32,60,,,m,1,0.406,,,,,,,,0,54,54,13,1
,,,,,,,,,,,,Images/NeutralLeft.jpeg,Neutral Left,z,MM,36,Male,"Thursday, May 6, 2021",N,N,Japanese,,English,2021-05-06_13h51.41.475,Tse_Altarriba_Simon1,2020.1.2,Win32,60,,,z,1,0.338545,,,,,,,,0,55,55,41,1
,,,,,,,,,,,,Images/NeurtalRight.jpeg,Neutral Right,m,MM,36,Male,"Thursday, May 6, 2021",N,N,Japanese,,English,2021-05-06_13h51.41.475,Tse_Altarriba_Simon1,2020.1.2,Win32,60,,,m,1,0.335385,,,,,,,,0,56,56,50,1
,,,,,,,,,,,,Images/CongruentLeft.jpeg,Congruent Left,z,MM,36,Male,"Thursday, May 6, 2021",N,N,Japanese,,English,2021-05-06_13h51.41.475,Tse_Altarriba_Simon1,2020.1.2,Win32,60,,,z,1,0.351915,,,,,,,,0,57,57,1,1
,,,,,,,,,,,,Images/CongruentLeft.jpeg,Congruent Left,z,MM,36,Male,"Thursday, May 6, 2021",N,N,Japanese,,English,2021-05-06_13h51.41.475,Tse_Altarriba_Simon1,2020.1.2,Win32,60,,,z,1,0.32195,,,,,,,,0,58,58,7,1
,,,,,,,,,,,,Images/NeutralLeft.jpeg,Neutral Left,z,MM,36,Male,"Thursday, May 6, 2021",N,N,Japanese,,English,2021-05-06_13h51.41.475,Tse_Altarriba_Simon1,2020.1.2,Win32,60,,,z,1,0.308315,,,,,,,,0,59,59,44,1
