Space1.keys,Space1.rt,Space2.keys,Space2.rt,response.keys,response.corr,response.rt,Practice_loop.thisRepN,Practice_loop.thisTrialN,Practice_loop.thisN,Practice_loop.thisIndex,Practice_loop.ran,ImageFile,Condition,CorrAns,Your initials,What is your age?,What is your gender?,What year are you in?,Are you Dyslexic? (Y/N),Are you bi/multilingual? (Y/N),What is your first language?,"What is your second language? (if you are monollingual, leave blank)",What other languages do you speak?,date,expName,psychopyVersion,OS,frameRate,Space3.keys,Space3.rt,key_resp_2.keys,key_resp_2.corr,key_resp_2.rt,trials.thisRepN,trials.thisTrialN,trials.thisN,trials.thisIndex,trials.ran,Space4.keys,Space4.rt,trials_2.thisRepN,trials_2.thisTrialN,trials_2.thisN,trials_2.thisIndex,trials_2.ran
space,3.93789,space,24.967535,z,1,0.743645,0,0,0,5,1,Images/IncongruentLeft.jpeg,Incongruent Left,z,marcia,54,female,phd,n,y,portuguese,english,,2021-04-24_11h10.05.873,Tse_Altarriba_Simon1,2020.1.2,Win32,60,,,,,,,,,,,,,,,,,
,,,,m,1,0.633365,0,1,1,11,1,Images/NeurtalRight.jpeg,Neutral Right,m,marcia,54,female,phd,n,y,portuguese,english,,2021-04-24_11h10.05.873,Tse_Altarriba_Simon1,2020.1.2,Win32,60,,,,,,,,,,,,,,,,,
,,,,m,1,0.56338,0,2,2,3,1,Images/CongruentRight.jpeg,Congruent Right,m,marcia,54,female,phd,n,y,portuguese,english,,2021-04-24_11h10.05.873,Tse_Altarriba_Simon1,2020.1.2,Win32,60,,,,,,,,,,,,,,,,,
,,,,z,1,0.358085,0,3,3,1,1,Images/CongruentLeft.jpeg,Congruent Left,z,marcia,54,female,phd,n,y,portuguese,english,,2021-04-24_11h10.05.873,Tse_Altarriba_Simon1,2020.1.2,Win32,60,,,,,,,,,,,,,,,,,
,,,,z,0,0.83432,0,4,4,7,1,Images/IncongruentRight.jpeg,Incongruent Right,m,marcia,54,female,phd,n,y,portuguese,english,,2021-04-24_11h10.05.873,Tse_Altarriba_Simon1,2020.1.2,Win32,60,,,,,,,,,,,,,,,,,
,,,,m,1,0.74371,0,5,5,2,1,Images/CongruentRight.jpeg,Congruent Right,m,marcia,54,female,phd,n,y,portuguese,english,,2021-04-24_11h10.05.873,Tse_Altarriba_Simon1,2020.1.2,Win32,60,,,,,,,,,,,,,,,,,
,,,,z,1,0.96768,0,6,6,4,1,Images/IncongruentLeft.jpeg,Incongruent Left,z,marcia,54,female,phd,n,y,portuguese,english,,2021-04-24_11h10.05.873,Tse_Altarriba_Simon1,2020.1.2,Win32,60,,,,,,,,,,,,,,,,,
,,,,m,1,0.595585,0,7,7,10,1,Images/NeurtalRight.jpeg,Neutral Right,m,marcia,54,female,phd,n,y,portuguese,english,,2021-04-24_11h10.05.873,Tse_Altarriba_Simon1,2020.1.2,Win32,60,,,,,,,,,,,,,,,,,
,,,,z,1,1.30112,0,8,8,9,1,Images/NeutralLeft.jpeg,Neutral Left,z,marcia,54,female,phd,n,y,portuguese,english,,2021-04-24_11h10.05.873,Tse_Altarriba_Simon1,2020.1.2,Win32,60,,,,,,,,,,,,,,,,,
,,,,z,1,0.56703,0,9,9,0,1,Images/CongruentLeft.jpeg,Congruent Left,z,marcia,54,female,phd,n,y,portuguese,english,,2021-04-24_11h10.05.873,Tse_Altarriba_Simon1,2020.1.2,Win32,60,,,,,,,,,,,,,,,,,
,,,,m,1,0.88935,0,10,10,6,1,Images/IncongruentRight.jpeg,Incongruent Right,m,marcia,54,female,phd,n,y,portuguese,english,,2021-04-24_11h10.05.873,Tse_Altarriba_Simon1,2020.1.2,Win32,60,,,,,,,,,,,,,,,,,
,,,,z,1,0.670075,0,11,11,8,1,Images/NeutralLeft.jpeg,Neutral Left,z,marcia,54,female,phd,n,y,portuguese,english,,2021-04-24_11h10.05.873,Tse_Altarriba_Simon1,2020.1.2,Win32,60,,,,,,,,,,,,,,,,,
,,,,,,,,,,,,Images/IncongruentRight.jpeg,Incongruent Right,m,marcia,54,female,phd,n,y,portuguese,english,,2021-04-24_11h10.05.873,Tse_Altarriba_Simon1,2020.1.2,Win32,60,space,8.587535,z,0,0.533755,0,0,0,35,1,,,,,,,
,,,,,,,,,,,,Images/IncongruentLeft.jpeg,Incongruent Left,z,marcia,54,female,phd,n,y,portuguese,english,,2021-04-24_11h10.05.873,Tse_Altarriba_Simon1,2020.1.2,Win32,60,,,m,0,0.56312,0,1,1,21,1,,,,,,,
,,,,,,,,,,,,Images/NeurtalRight.jpeg,Neutral Right,m,marcia,54,female,phd,n,y,portuguese,english,,2021-04-24_11h10.05.873,Tse_Altarriba_Simon1,2020.1.2,Win32,60,,,z,0,0.69322,0,2,2,58,1,,,,,,,
,,,,,,,,,,,,Images/NeutralLeft.jpeg,Neutral Left,z,marcia,54,female,phd,n,y,portuguese,english,,2021-04-24_11h10.05.873,Tse_Altarriba_Simon1,2020.1.2,Win32,60,,,m,0,0.59362,0,3,3,48,1,,,,,,,
,,,,,,,,,,,,Images/NeutralLeft.jpeg,Neutral Left,z,marcia,54,female,phd,n,y,portuguese,english,,2021-04-24_11h10.05.873,Tse_Altarriba_Simon1,2020.1.2,Win32,60,,,m,0,0.519835,0,4,4,42,1,,,,,,,
,,,,,,,,,,,,Images/CongruentRight.jpeg,Congruent Right,m,marcia,54,female,phd,n,y,portuguese,english,,2021-04-24_11h10.05.873,Tse_Altarriba_Simon1,2020.1.2,Win32,60,,,z,0,0.50224,0,5,5,16,1,,,,,,,
,,,,,,,,,,,,Images/IncongruentRight.jpeg,Incongruent Right,m,marcia,54,female,phd,n,y,portuguese,english,,2021-04-24_11h10.05.873,Tse_Altarriba_Simon1,2020.1.2,Win32,60,,,z,0,0.55192,0,6,6,36,1,,,,,,,
,,,,,,,,,,,,Images/CongruentRight.jpeg,Congruent Right,m,marcia,54,female,phd,n,y,portuguese,english,,2021-04-24_11h10.05.873,Tse_Altarriba_Simon1,2020.1.2,Win32,60,,,z,0,0.58911,0,7,7,17,1,,,,,,,
,,,,,,,,,,,,Images/CongruentRight.jpeg,Congruent Right,m,marcia,54,female,phd,n,y,portuguese,english,,2021-04-24_11h10.05.873,Tse_Altarriba_Simon1,2020.1.2,Win32,60,,,z,0,0.660675,0,8,8,10,1,,,,,,,
,,,,,,,,,,,,Images/NeutralLeft.jpeg,Neutral Left,z,marcia,54,female,phd,n,y,portuguese,english,,2021-04-24_11h10.05.873,Tse_Altarriba_Simon1,2020.1.2,Win32,60,,,m,0,0.590405,0,9,9,49,1,,,,,,,
,,,,,,,,,,,,Images/IncongruentLeft.jpeg,Incongruent Left,z,marcia,54,female,phd,n,y,portuguese,english,,2021-04-24_11h10.05.873,Tse_Altarriba_Simon1,2020.1.2,Win32,60,,,m,0,0.50086,0,10,10,24,1,,,,,,,
,,,,,,,,,,,,Images/IncongruentRight.jpeg,Incongruent Right,m,marcia,54,female,phd,n,y,portuguese,english,,2021-04-24_11h10.05.873,Tse_Altarriba_Simon1,2020.1.2,Win32,60,,,z,0,0.467785,0,11,11,34,1,,,,,,,
,,,,,,,,,,,,Images/CongruentRight.jpeg,Congruent Right,m,marcia,54,female,phd,n,y,portuguese,english,,2021-04-24_11h10.05.873,Tse_Altarriba_Simon1,2020.1.2,Win32,60,,,z,0,0.94635,0,12,12,18,1,,,,,,,
,,,,,,,,,,,,Images/CongruentLeft.jpeg,Congruent Left,z,marcia,54,female,phd,n,y,portuguese,english,,2021-04-24_11h10.05.873,Tse_Altarriba_Simon1,2020.1.2,Win32,60,,,m,0,0.585975,0,13,13,9,1,,,,,,,
,,,,,,,,,,,,Images/CongruentLeft.jpeg,Congruent Left,z,marcia,54,female,phd,n,y,portuguese,english,,2021-04-24_11h10.05.873,Tse_Altarriba_Simon1,2020.1.2,Win32,60,,,m,0,0.550175,0,14,14,8,1,,,,,,,
,,,,,,,,,,,,Images/CongruentLeft.jpeg,Congruent Left,z,marcia,54,female,phd,n,y,portuguese,english,,2021-04-24_11h10.05.873,Tse_Altarriba_Simon1,2020.1.2,Win32,60,,,m,0,0.518095,0,15,15,0,1,,,,,,,
,,,,,,,,,,,,Images/NeutralLeft.jpeg,Neutral Left,z,marcia,54,female,phd,n,y,portuguese,english,,2021-04-24_11h10.05.873,Tse_Altarriba_Simon1,2020.1.2,Win32,60,,,m,0,0.503885,0,16,16,47,1,,,,,,,
,,,,,,,,,,,,Images/IncongruentRight.jpeg,Incongruent Right,m,marcia,54,female,phd,n,y,portuguese,english,,2021-04-24_11h10.05.873,Tse_Altarriba_Simon1,2020.1.2,Win32,60,,,z,0,0.47071,0,17,17,38,1,,,,,,,
,,,,,,,,,,,,Images/CongruentRight.jpeg,Congruent Right,m,marcia,54,female,phd,n,y,portuguese,english,,2021-04-24_11h10.05.873,Tse_Altarriba_Simon1,2020.1.2,Win32,60,,,z,0,0.534145,0,18,18,14,1,,,,,,,
,,,,,,,,,,,,Images/IncongruentRight.jpeg,Incongruent Right,m,marcia,54,female,phd,n,y,portuguese,english,,2021-04-24_11h10.05.873,Tse_Altarriba_Simon1,2020.1.2,Win32,60,,,z,0,0.52273,0,19,19,31,1,,,,,,,
,,,,,,,,,,,,Images/CongruentRight.jpeg,Congruent Right,m,marcia,54,female,phd,n,y,portuguese,english,,2021-04-24_11h10.05.873,Tse_Altarriba_Simon1,2020.1.2,Win32,60,,,z,0,0.53369,0,20,20,15,1,,,,,,,
,,,,,,,,,,,,Images/IncongruentLeft.jpeg,Incongruent Left,z,marcia,54,female,phd,n,y,portuguese,english,,2021-04-24_11h10.05.873,Tse_Altarriba_Simon1,2020.1.2,Win32,60,,,m,0,0.516895,0,21,21,26,1,,,,,,,
,,,,,,,,,,,,Images/NeurtalRight.jpeg,Neutral Right,m,marcia,54,female,phd,n,y,portuguese,english,,2021-04-24_11h10.05.873,Tse_Altarriba_Simon1,2020.1.2,Win32,60,,,z,0,0.580065,0,22,22,55,1,,,,,,,
,,,,,,,,,,,,Images/CongruentLeft.jpeg,Congruent Left,z,marcia,54,female,phd,n,y,portuguese,english,,2021-04-24_11h10.05.873,Tse_Altarriba_Simon1,2020.1.2,Win32,60,,,m,0,0.507265,0,23,23,1,1,,,,,,,
,,,,,,,,,,,,Images/NeutralLeft.jpeg,Neutral Left,z,marcia,54,female,phd,n,y,portuguese,english,,2021-04-24_11h10.05.873,Tse_Altarriba_Simon1,2020.1.2,Win32,60,,,m,0,0.683205,0,24,24,41,1,,,,,,,
,,,,,,,,,,,,Images/NeurtalRight.jpeg,Neutral Right,m,marcia,54,female,phd,n,y,portuguese,english,,2021-04-24_11h10.05.873,Tse_Altarriba_Simon1,2020.1.2,Win32,60,,,z,0,0.57144,0,25,25,54,1,,,,,,,
,,,,,,,,,,,,Images/NeurtalRight.jpeg,Neutral Right,m,marcia,54,female,phd,n,y,portuguese,english,,2021-04-24_11h10.05.873,Tse_Altarriba_Simon1,2020.1.2,Win32,60,,,z,0,0.47089,0,26,26,51,1,,,,,,,
,,,,,,,,,,,,Images/NeurtalRight.jpeg,Neutral Right,m,marcia,54,female,phd,n,y,portuguese,english,,2021-04-24_11h10.05.873,Tse_Altarriba_Simon1,2020.1.2,Win32,60,,,z,0,0.474175,0,27,27,50,1,,,,,,,
,,,,,,,,,,,,Images/CongruentRight.jpeg,Congruent Right,m,marcia,54,female,phd,n,y,portuguese,english,,2021-04-24_11h10.05.873,Tse_Altarriba_Simon1,2020.1.2,Win32,60,,,z,0,0.657005,0,28,28,19,1,,,,,,,
,,,,,,,,,,,,Images/NeutralLeft.jpeg,Neutral Left,z,marcia,54,female,phd,n,y,portuguese,english,,2021-04-24_11h10.05.873,Tse_Altarriba_Simon1,2020.1.2,Win32,60,,,m,0,0.62806,0,29,29,43,1,,,,,,,
,,,,,,,,,,,,Images/NeurtalRight.jpeg,Neutral Right,m,marcia,54,female,phd,n,y,portuguese,english,,2021-04-24_11h10.05.873,Tse_Altarriba_Simon1,2020.1.2,Win32,60,,,z,0,0.577425,0,30,30,57,1,,,,,,,
,,,,,,,,,,,,Images/IncongruentLeft.jpeg,Incongruent Left,z,marcia,54,female,phd,n,y,portuguese,english,,2021-04-24_11h10.05.873,Tse_Altarriba_Simon1,2020.1.2,Win32,60,,,m,0,0.623805,0,31,31,25,1,,,,,,,
,,,,,,,,,,,,Images/NeutralLeft.jpeg,Neutral Left,z,marcia,54,female,phd,n,y,portuguese,english,,2021-04-24_11h10.05.873,Tse_Altarriba_Simon1,2020.1.2,Win32,60,,,m,0,0.54641,0,32,32,44,1,,,,,,,
,,,,,,,,,,,,Images/NeutralLeft.jpeg,Neutral Left,z,marcia,54,female,phd,n,y,portuguese,english,,2021-04-24_11h10.05.873,Tse_Altarriba_Simon1,2020.1.2,Win32,60,,,m,0,0.453475,0,33,33,46,1,,,,,,,
,,,,,,,,,,,,Images/CongruentLeft.jpeg,Congruent Left,z,marcia,54,female,phd,n,y,portuguese,english,,2021-04-24_11h10.05.873,Tse_Altarriba_Simon1,2020.1.2,Win32,60,,,m,0,0.60995,0,34,34,2,1,,,,,,,
,,,,,,,,,,,,Images/NeurtalRight.jpeg,Neutral Right,m,marcia,54,female,phd,n,y,portuguese,english,,2021-04-24_11h10.05.873,Tse_Altarriba_Simon1,2020.1.2,Win32,60,,,z,0,0.59613,0,35,35,59,1,,,,,,,
,,,,,,,,,,,,Images/NeurtalRight.jpeg,Neutral Right,m,marcia,54,female,phd,n,y,portuguese,english,,2021-04-24_11h10.05.873,Tse_Altarriba_Simon1,2020.1.2,Win32,60,,,z,0,0.53891,0,36,36,53,1,,,,,,,
,,,,,,,,,,,,Images/CongruentRight.jpeg,Congruent Right,m,marcia,54,female,phd,n,y,portuguese,english,,2021-04-24_11h10.05.873,Tse_Altarriba_Simon1,2020.1.2,Win32,60,,,z,0,0.48664,0,37,37,11,1,,,,,,,
,,,,,,,,,,,,Images/CongruentLeft.jpeg,Congruent Left,z,marcia,54,female,phd,n,y,portuguese,english,,2021-04-24_11h10.05.873,Tse_Altarriba_Simon1,2020.1.2,Win32,60,,,m,0,0.58759,0,38,38,7,1,,,,,,,
,,,,,,,,,,,,Images/IncongruentLeft.jpeg,Incongruent Left,z,marcia,54,female,phd,n,y,portuguese,english,,2021-04-24_11h10.05.873,Tse_Altarriba_Simon1,2020.1.2,Win32,60,,,m,0,0.684175,0,39,39,29,1,,,,,,,
,,,,,,,,,,,,Images/NeutralLeft.jpeg,Neutral Left,z,marcia,54,female,phd,n,y,portuguese,english,,2021-04-24_11h10.05.873,Tse_Altarriba_Simon1,2020.1.2,Win32,60,,,m,0,0.46002,0,40,40,40,1,,,,,,,
,,,,,,,,,,,,Images/IncongruentRight.jpeg,Incongruent Right,m,marcia,54,female,phd,n,y,portuguese,english,,2021-04-24_11h10.05.873,Tse_Altarriba_Simon1,2020.1.2,Win32,60,,,z,0,0.50263,0,41,41,39,1,,,,,,,
,,,,,,,,,,,,Images/NeurtalRight.jpeg,Neutral Right,m,marcia,54,female,phd,n,y,portuguese,english,,2021-04-24_11h10.05.873,Tse_Altarriba_Simon1,2020.1.2,Win32,60,,,z,0,0.450935,0,42,42,56,1,,,,,,,
,,,,,,,,,,,,Images/IncongruentRight.jpeg,Incongruent Right,m,marcia,54,female,phd,n,y,portuguese,english,,2021-04-24_11h10.05.873,Tse_Altarriba_Simon1,2020.1.2,Win32,60,,,z,0,0.66147,0,43,43,30,1,,,,,,,
,,,,,,,,,,,,Images/CongruentLeft.jpeg,Congruent Left,z,marcia,54,female,phd,n,y,portuguese,english,,2021-04-24_11h10.05.873,Tse_Altarriba_Simon1,2020.1.2,Win32,60,,,m,0,0.61773,0,44,44,3,1,,,,,,,
,,,,,,,,,,,,Images/IncongruentRight.jpeg,Incongruent Right,m,marcia,54,female,phd,n,y,portuguese,english,,2021-04-24_11h10.05.873,Tse_Altarriba_Simon1,2020.1.2,Win32,60,,,z,0,0.622235,0,45,45,33,1,,,,,,,
,,,,,,,,,,,,Images/IncongruentRight.jpeg,Incongruent Right,m,marcia,54,female,phd,n,y,portuguese,english,,2021-04-24_11h10.05.873,Tse_Altarriba_Simon1,2020.1.2,Win32,60,,,z,0,0.590395,0,46,46,37,1,,,,,,,
,,,,,,,,,,,,Images/IncongruentRight.jpeg,Incongruent Right,m,marcia,54,female,phd,n,y,portuguese,english,,2021-04-24_11h10.05.873,Tse_Altarriba_Simon1,2020.1.2,Win32,60,,,z,0,0.501105,0,47,47,32,1,,,,,,,
,,,,,,,,,,,,Images/IncongruentLeft.jpeg,Incongruent Left,z,marcia,54,female,phd,n,y,portuguese,english,,2021-04-24_11h10.05.873,Tse_Altarriba_Simon1,2020.1.2,Win32,60,,,m,0,0.534395,0,48,48,23,1,,,,,,,
,,,,,,,,,,,,Images/IncongruentLeft.jpeg,Incongruent Left,z,marcia,54,female,phd,n,y,portuguese,english,,2021-04-24_11h10.05.873,Tse_Altarriba_Simon1,2020.1.2,Win32,60,,,m,0,0.608225,0,49,49,27,1,,,,,,,
,,,,,,,,,,,,Images/NeurtalRight.jpeg,Neutral Right,m,marcia,54,female,phd,n,y,portuguese,english,,2021-04-24_11h10.05.873,Tse_Altarriba_Simon1,2020.1.2,Win32,60,,,z,0,0.613155,0,50,50,52,1,,,,,,,
,,,,,,,,,,,,Images/CongruentRight.jpeg,Congruent Right,m,marcia,54,female,phd,n,y,portuguese,english,,2021-04-24_11h10.05.873,Tse_Altarriba_Simon1,2020.1.2,Win32,60,,,z,0,0.95791,0,51,51,13,1,,,,,,,
,,,,,,,,,,,,Images/IncongruentLeft.jpeg,Incongruent Left,z,marcia,54,female,phd,n,y,portuguese,english,,2021-04-24_11h10.05.873,Tse_Altarriba_Simon1,2020.1.2,Win32,60,,,m,0,0.46205,0,52,52,28,1,,,,,,,
,,,,,,,,,,,,Images/CongruentRight.jpeg,Congruent Right,m,marcia,54,female,phd,n,y,portuguese,english,,2021-04-24_11h10.05.873,Tse_Altarriba_Simon1,2020.1.2,Win32,60,,,z,0,0.562935,0,53,53,12,1,,,,,,,
,,,,,,,,,,,,Images/CongruentLeft.jpeg,Congruent Left,z,marcia,54,female,phd,n,y,portuguese,english,,2021-04-24_11h10.05.873,Tse_Altarriba_Simon1,2020.1.2,Win32,60,,,m,0,0.684945,0,54,54,5,1,,,,,,,
,,,,,,,,,,,,Images/IncongruentLeft.jpeg,Incongruent Left,z,marcia,54,female,phd,n,y,portuguese,english,,2021-04-24_11h10.05.873,Tse_Altarriba_Simon1,2020.1.2,Win32,60,,,m,0,0.604165,0,55,55,20,1,,,,,,,
,,,,,,,,,,,,Images/CongruentLeft.jpeg,Congruent Left,z,marcia,54,female,phd,n,y,portuguese,english,,2021-04-24_11h10.05.873,Tse_Altarriba_Simon1,2020.1.2,Win32,60,,,z,1,0.5389,0,56,56,4,1,,,,,,,
,,,,,,,,,,,,Images/NeutralLeft.jpeg,Neutral Left,z,marcia,54,female,phd,n,y,portuguese,english,,2021-04-24_11h10.05.873,Tse_Altarriba_Simon1,2020.1.2,Win32,60,,,m,0,1.33342,0,57,57,45,1,,,,,,,
,,,,,,,,,,,,Images/IncongruentLeft.jpeg,Incongruent Left,z,marcia,54,female,phd,n,y,portuguese,english,,2021-04-24_11h10.05.873,Tse_Altarriba_Simon1,2020.1.2,Win32,60,,,m,0,0.878905,0,58,58,22,1,,,,,,,
,,,,,,,,,,,,Images/CongruentLeft.jpeg,Congruent Left,z,marcia,54,female,phd,n,y,portuguese,english,,2021-04-24_11h10.05.873,Tse_Altarriba_Simon1,2020.1.2,Win32,60,,,m,0,0.51972,0,59,59,6,1,,,,,,,
,,,,,,,,,,,,Images/CongruentRight.jpeg,Congruent Right,m,marcia,54,female,phd,n,y,portuguese,english,,2021-04-24_11h10.05.873,Tse_Altarriba_Simon1,2020.1.2,Win32,60,,,z,0,0.534435,,,,,,space,3.77864,0,0,0,13,1
,,,,,,,,,,,,Images/NeutralLeft.jpeg,Neutral Left,z,marcia,54,female,phd,n,y,portuguese,english,,2021-04-24_11h10.05.873,Tse_Altarriba_Simon1,2020.1.2,Win32,60,,,m,0,0.704235,,,,,,,,0,1,1,41,1
,,,,,,,,,,,,Images/CongruentLeft.jpeg,Congruent Left,z,marcia,54,female,phd,n,y,portuguese,english,,2021-04-24_11h10.05.873,Tse_Altarriba_Simon1,2020.1.2,Win32,60,,,m,0,0.5243,,,,,,,,0,2,2,9,1
,,,,,,,,,,,,Images/NeurtalRight.jpeg,Neutral Right,m,marcia,54,female,phd,n,y,portuguese,english,,2021-04-24_11h10.05.873,Tse_Altarriba_Simon1,2020.1.2,Win32,60,,,z,0,0.68415,,,,,,,,0,3,3,57,1
,,,,,,,,,,,,Images/IncongruentLeft.jpeg,Incongruent Left,z,marcia,54,female,phd,n,y,portuguese,english,,2021-04-24_11h10.05.873,Tse_Altarriba_Simon1,2020.1.2,Win32,60,,,m,0,0.644705,,,,,,,,0,4,4,22,1
,,,,,,,,,,,,Images/NeurtalRight.jpeg,Neutral Right,m,marcia,54,female,phd,n,y,portuguese,english,,2021-04-24_11h10.05.873,Tse_Altarriba_Simon1,2020.1.2,Win32,60,,,z,0,0.63962,,,,,,,,0,5,5,59,1
,,,,,,,,,,,,Images/NeutralLeft.jpeg,Neutral Left,z,marcia,54,female,phd,n,y,portuguese,english,,2021-04-24_11h10.05.873,Tse_Altarriba_Simon1,2020.1.2,Win32,60,,,m,0,0.59451,,,,,,,,0,6,6,47,1
,,,,,,,,,,,,Images/IncongruentLeft.jpeg,Incongruent Left,z,marcia,54,female,phd,n,y,portuguese,english,,2021-04-24_11h10.05.873,Tse_Altarriba_Simon1,2020.1.2,Win32,60,,,m,0,0.774475,,,,,,,,0,7,7,28,1
,,,,,,,,,,,,Images/NeurtalRight.jpeg,Neutral Right,m,marcia,54,female,phd,n,y,portuguese,english,,2021-04-24_11h10.05.873,Tse_Altarriba_Simon1,2020.1.2,Win32,60,,,z,0,1.0394,,,,,,,,0,8,8,54,1
,,,,,,,,,,,,Images/NeutralLeft.jpeg,Neutral Left,z,marcia,54,female,phd,n,y,portuguese,english,,2021-04-24_11h10.05.873,Tse_Altarriba_Simon1,2020.1.2,Win32,60,,,m,0,0.60564,,,,,,,,0,9,9,43,1
,,,,,,,,,,,,Images/NeurtalRight.jpeg,Neutral Right,m,marcia,54,female,phd,n,y,portuguese,english,,2021-04-24_11h10.05.873,Tse_Altarriba_Simon1,2020.1.2,Win32,60,,,z,0,0.606825,,,,,,,,0,10,10,50,1
,,,,,,,,,,,,Images/IncongruentRight.jpeg,Incongruent Right,m,marcia,54,female,phd,n,y,portuguese,english,,2021-04-24_11h10.05.873,Tse_Altarriba_Simon1,2020.1.2,Win32,60,,,z,0,0.75351,,,,,,,,0,11,11,39,1
,,,,,,,,,,,,Images/CongruentRight.jpeg,Congruent Right,m,marcia,54,female,phd,n,y,portuguese,english,,2021-04-24_11h10.05.873,Tse_Altarriba_Simon1,2020.1.2,Win32,60,,,z,0,0.600385,,,,,,,,0,12,12,15,1
,,,,,,,,,,,,Images/CongruentLeft.jpeg,Congruent Left,z,marcia,54,female,phd,n,y,portuguese,english,,2021-04-24_11h10.05.873,Tse_Altarriba_Simon1,2020.1.2,Win32,60,,,m,0,0.51881,,,,,,,,0,13,13,7,1
,,,,,,,,,,,,Images/CongruentLeft.jpeg,Congruent Left,z,marcia,54,female,phd,n,y,portuguese,english,,2021-04-24_11h10.05.873,Tse_Altarriba_Simon1,2020.1.2,Win32,60,,,m,0,0.643005,,,,,,,,0,14,14,8,1
,,,,,,,,,,,,Images/IncongruentRight.jpeg,Incongruent Right,m,marcia,54,female,phd,n,y,portuguese,english,,2021-04-24_11h10.05.873,Tse_Altarriba_Simon1,2020.1.2,Win32,60,,,z,0,0.624345,,,,,,,,0,15,15,33,1
,,,,,,,,,,,,Images/CongruentRight.jpeg,Congruent Right,m,marcia,54,female,phd,n,y,portuguese,english,,2021-04-24_11h10.05.873,Tse_Altarriba_Simon1,2020.1.2,Win32,60,,,z,0,0.52346,,,,,,,,0,16,16,10,1
,,,,,,,,,,,,Images/NeutralLeft.jpeg,Neutral Left,z,marcia,54,female,phd,n,y,portuguese,english,,2021-04-24_11h10.05.873,Tse_Altarriba_Simon1,2020.1.2,Win32,60,,,m,0,0.588175,,,,,,,,0,17,17,40,1
,,,,,,,,,,,,Images/NeurtalRight.jpeg,Neutral Right,m,marcia,54,female,phd,n,y,portuguese,english,,2021-04-24_11h10.05.873,Tse_Altarriba_Simon1,2020.1.2,Win32,60,,,z,0,0.576035,,,,,,,,0,18,18,55,1
,,,,,,,,,,,,Images/NeutralLeft.jpeg,Neutral Left,z,marcia,54,female,phd,n,y,portuguese,english,,2021-04-24_11h10.05.873,Tse_Altarriba_Simon1,2020.1.2,Win32,60,,,m,0,0.52229,,,,,,,,0,19,19,46,1
,,,,,,,,,,,,Images/IncongruentLeft.jpeg,Incongruent Left,z,marcia,54,female,phd,n,y,portuguese,english,,2021-04-24_11h10.05.873,Tse_Altarriba_Simon1,2020.1.2,Win32,60,,,m,0,0.60502,,,,,,,,0,20,20,26,1
,,,,,,,,,,,,Images/CongruentRight.jpeg,Congruent Right,m,marcia,54,female,phd,n,y,portuguese,english,,2021-04-24_11h10.05.873,Tse_Altarriba_Simon1,2020.1.2,Win32,60,,,z,0,0.53437,,,,,,,,0,21,21,18,1
,,,,,,,,,,,,Images/CongruentLeft.jpeg,Congruent Left,z,marcia,54,female,phd,n,y,portuguese,english,,2021-04-24_11h10.05.873,Tse_Altarriba_Simon1,2020.1.2,Win32,60,,,m,0,0.541025,,,,,,,,0,22,22,2,1
,,,,,,,,,,,,Images/CongruentRight.jpeg,Congruent Right,m,marcia,54,female,phd,n,y,portuguese,english,,2021-04-24_11h10.05.873,Tse_Altarriba_Simon1,2020.1.2,Win32,60,,,z,0,1.35684,,,,,,,,0,23,23,17,1
,,,,,,,,,,,,Images/CongruentRight.jpeg,Congruent Right,m,marcia,54,female,phd,n,y,portuguese,english,,2021-04-24_11h10.05.873,Tse_Altarriba_Simon1,2020.1.2,Win32,60,,,z,0,0.580365,,,,,,,,0,24,24,14,1
,,,,,,,,,,,,Images/CongruentRight.jpeg,Congruent Right,m,marcia,54,female,phd,n,y,portuguese,english,,2021-04-24_11h10.05.873,Tse_Altarriba_Simon1,2020.1.2,Win32,60,,,z,0,0.52878,,,,,,,,0,25,25,16,1
,,,,,,,,,,,,Images/NeutralLeft.jpeg,Neutral Left,z,marcia,54,female,phd,n,y,portuguese,english,,2021-04-24_11h10.05.873,Tse_Altarriba_Simon1,2020.1.2,Win32,60,,,m,0,0.62131,,,,,,,,0,26,26,42,1
,,,,,,,,,,,,Images/IncongruentLeft.jpeg,Incongruent Left,z,marcia,54,female,phd,n,y,portuguese,english,,2021-04-24_11h10.05.873,Tse_Altarriba_Simon1,2020.1.2,Win32,60,,,m,0,0.67053,,,,,,,,0,27,27,21,1
,,,,,,,,,,,,Images/NeurtalRight.jpeg,Neutral Right,m,marcia,54,female,phd,n,y,portuguese,english,,2021-04-24_11h10.05.873,Tse_Altarriba_Simon1,2020.1.2,Win32,60,,,z,0,0.58381,,,,,,,,0,28,28,53,1
,,,,,,,,,,,,Images/IncongruentRight.jpeg,Incongruent Right,m,marcia,54,female,phd,n,y,portuguese,english,,2021-04-24_11h10.05.873,Tse_Altarriba_Simon1,2020.1.2,Win32,60,,,z,0,0.91827,,,,,,,,0,29,29,35,1
,,,,,,,,,,,,Images/NeutralLeft.jpeg,Neutral Left,z,marcia,54,female,phd,n,y,portuguese,english,,2021-04-24_11h10.05.873,Tse_Altarriba_Simon1,2020.1.2,Win32,60,,,m,0,0.59062,,,,,,,,0,30,30,44,1
,,,,,,,,,,,,Images/CongruentLeft.jpeg,Congruent Left,z,marcia,54,female,phd,n,y,portuguese,english,,2021-04-24_11h10.05.873,Tse_Altarriba_Simon1,2020.1.2,Win32,60,,,m,0,0.546905,,,,,,,,0,31,31,0,1
,,,,,,,,,,,,Images/IncongruentLeft.jpeg,Incongruent Left,z,marcia,54,female,phd,n,y,portuguese,english,,2021-04-24_11h10.05.873,Tse_Altarriba_Simon1,2020.1.2,Win32,60,,,m,0,0.47292,,,,,,,,0,32,32,27,1
,,,,,,,,,,,,Images/NeutralLeft.jpeg,Neutral Left,z,marcia,54,female,phd,n,y,portuguese,english,,2021-04-24_11h10.05.873,Tse_Altarriba_Simon1,2020.1.2,Win32,60,,,m,0,0.65075,,,,,,,,0,33,33,48,1
,,,,,,,,,,,,Images/CongruentLeft.jpeg,Congruent Left,z,marcia,54,female,phd,n,y,portuguese,english,,2021-04-24_11h10.05.873,Tse_Altarriba_Simon1,2020.1.2,Win32,60,,,m,0,0.567645,,,,,,,,0,34,34,5,1
,,,,,,,,,,,,Images/IncongruentRight.jpeg,Incongruent Right,m,marcia,54,female,phd,n,y,portuguese,english,,2021-04-24_11h10.05.873,Tse_Altarriba_Simon1,2020.1.2,Win32,60,,,z,0,0.474675,,,,,,,,0,35,35,36,1
,,,,,,,,,,,,Images/IncongruentRight.jpeg,Incongruent Right,m,marcia,54,female,phd,n,y,portuguese,english,,2021-04-24_11h10.05.873,Tse_Altarriba_Simon1,2020.1.2,Win32,60,,,z,0,0.40933,,,,,,,,0,36,36,34,1
,,,,,,,,,,,,Images/IncongruentLeft.jpeg,Incongruent Left,z,marcia,54,female,phd,n,y,portuguese,english,,2021-04-24_11h10.05.873,Tse_Altarriba_Simon1,2020.1.2,Win32,60,,,m,0,0.529765,,,,,,,,0,37,37,29,1
,,,,,,,,,,,,Images/NeurtalRight.jpeg,Neutral Right,m,marcia,54,female,phd,n,y,portuguese,english,,2021-04-24_11h10.05.873,Tse_Altarriba_Simon1,2020.1.2,Win32,60,,,z,0,0.710765,,,,,,,,0,38,38,56,1
,,,,,,,,,,,,Images/NeutralLeft.jpeg,Neutral Left,z,marcia,54,female,phd,n,y,portuguese,english,,2021-04-24_11h10.05.873,Tse_Altarriba_Simon1,2020.1.2,Win32,60,,,m,0,0.55372,,,,,,,,0,39,39,49,1
,,,,,,,,,,,,Images/CongruentLeft.jpeg,Congruent Left,z,marcia,54,female,phd,n,y,portuguese,english,,2021-04-24_11h10.05.873,Tse_Altarriba_Simon1,2020.1.2,Win32,60,,,m,0,0.63402,,,,,,,,0,40,40,6,1
,,,,,,,,,,,,Images/IncongruentLeft.jpeg,Incongruent Left,z,marcia,54,female,phd,n,y,portuguese,english,,2021-04-24_11h10.05.873,Tse_Altarriba_Simon1,2020.1.2,Win32,60,,,m,0,0.445385,,,,,,,,0,41,41,20,1
,,,,,,,,,,,,Images/IncongruentLeft.jpeg,Incongruent Left,z,marcia,54,female,phd,n,y,portuguese,english,,2021-04-24_11h10.05.873,Tse_Altarriba_Simon1,2020.1.2,Win32,60,,,m,0,0.462,,,,,,,,0,42,42,23,1
,,,,,,,,,,,,Images/IncongruentRight.jpeg,Incongruent Right,m,marcia,54,female,phd,n,y,portuguese,english,,2021-04-24_11h10.05.873,Tse_Altarriba_Simon1,2020.1.2,Win32,60,,,z,0,0.537135,,,,,,,,0,43,43,30,1
,,,,,,,,,,,,Images/CongruentLeft.jpeg,Congruent Left,z,marcia,54,female,phd,n,y,portuguese,english,,2021-04-24_11h10.05.873,Tse_Altarriba_Simon1,2020.1.2,Win32,60,,,m,0,0.79508,,,,,,,,0,44,44,4,1
,,,,,,,,,,,,Images/IncongruentRight.jpeg,Incongruent Right,m,marcia,54,female,phd,n,y,portuguese,english,,2021-04-24_11h10.05.873,Tse_Altarriba_Simon1,2020.1.2,Win32,60,,,z,0,0.505045,,,,,,,,0,45,45,32,1
,,,,,,,,,,,,Images/NeurtalRight.jpeg,Neutral Right,m,marcia,54,female,phd,n,y,portuguese,english,,2021-04-24_11h10.05.873,Tse_Altarriba_Simon1,2020.1.2,Win32,60,,,z,0,0.57375,,,,,,,,0,46,46,52,1
,,,,,,,,,,,,Images/IncongruentRight.jpeg,Incongruent Right,m,marcia,54,female,phd,n,y,portuguese,english,,2021-04-24_11h10.05.873,Tse_Altarriba_Simon1,2020.1.2,Win32,60,,,z,0,0.39242,,,,,,,,0,47,47,31,1
,,,,,,,,,,,,Images/IncongruentRight.jpeg,Incongruent Right,m,marcia,54,female,phd,n,y,portuguese,english,,2021-04-24_11h10.05.873,Tse_Altarriba_Simon1,2020.1.2,Win32,60,,,z,0,0.471165,,,,,,,,0,48,48,38,1
,,,,,,,,,,,,Images/NeutralLeft.jpeg,Neutral Left,z,marcia,54,female,phd,n,y,portuguese,english,,2021-04-24_11h10.05.873,Tse_Altarriba_Simon1,2020.1.2,Win32,60,,,m,0,0.52026,,,,,,,,0,49,49,45,1
,,,,,,,,,,,,Images/CongruentLeft.jpeg,Congruent Left,z,marcia,54,female,phd,n,y,portuguese,english,,2021-04-24_11h10.05.873,Tse_Altarriba_Simon1,2020.1.2,Win32,60,,,m,0,0.650415,,,,,,,,0,50,50,3,1
,,,,,,,,,,,,Images/IncongruentRight.jpeg,Incongruent Right,m,marcia,54,female,phd,n,y,portuguese,english,,2021-04-24_11h10.05.873,Tse_Altarriba_Simon1,2020.1.2,Win32,60,,,z,0,0.593355,,,,,,,,0,51,51,37,1
,,,,,,,,,,,,Images/CongruentRight.jpeg,Congruent Right,m,marcia,54,female,phd,n,y,portuguese,english,,2021-04-24_11h10.05.873,Tse_Altarriba_Simon1,2020.1.2,Win32,60,,,z,0,1.051895,,,,,,,,0,52,52,12,1
,,,,,,,,,,,,Images/CongruentLeft.jpeg,Congruent Left,z,marcia,54,female,phd,n,y,portuguese,english,,2021-04-24_11h10.05.873,Tse_Altarriba_Simon1,2020.1.2,Win32,60,,,m,0,0.50849,,,,,,,,0,53,53,1,1
,,,,,,,,,,,,Images/CongruentRight.jpeg,Congruent Right,m,marcia,54,female,phd,n,y,portuguese,english,,2021-04-24_11h10.05.873,Tse_Altarriba_Simon1,2020.1.2,Win32,60,,,z,0,0.78456,,,,,,,,0,54,54,19,1
,,,,,,,,,,,,Images/CongruentRight.jpeg,Congruent Right,m,marcia,54,female,phd,n,y,portuguese,english,,2021-04-24_11h10.05.873,Tse_Altarriba_Simon1,2020.1.2,Win32,60,,,z,0,0.52353,,,,,,,,0,55,55,11,1
,,,,,,,,,,,,Images/IncongruentLeft.jpeg,Incongruent Left,z,marcia,54,female,phd,n,y,portuguese,english,,2021-04-24_11h10.05.873,Tse_Altarriba_Simon1,2020.1.2,Win32,60,,,m,0,0.46705,,,,,,,,0,56,56,24,1
,,,,,,,,,,,,Images/NeurtalRight.jpeg,Neutral Right,m,marcia,54,female,phd,n,y,portuguese,english,,2021-04-24_11h10.05.873,Tse_Altarriba_Simon1,2020.1.2,Win32,60,,,z,0,0.640565,,,,,,,,0,57,57,51,1
,,,,,,,,,,,,Images/NeurtalRight.jpeg,Neutral Right,m,marcia,54,female,phd,n,y,portuguese,english,,2021-04-24_11h10.05.873,Tse_Altarriba_Simon1,2020.1.2,Win32,60,,,z,0,0.477815,,,,,,,,0,58,58,58,1
,,,,,,,,,,,,Images/IncongruentLeft.jpeg,Incongruent Left,z,marcia,54,female,phd,n,y,portuguese,english,,2021-04-24_11h10.05.873,Tse_Altarriba_Simon1,2020.1.2,Win32,60,,,m,0,0.503595,,,,,,,,0,59,59,25,1
