Space1.keys,Space1.rt,Space2.keys,Space2.rt,response.keys,response.corr,response.rt,Practice_loop.thisRepN,Practice_loop.thisTrialN,Practice_loop.thisN,Practice_loop.thisIndex,Practice_loop.ran,ImageFile,Condition,CorrAns,Your initials,What is your age?,What is your gender?,What year are you in?,Are you Dyslexic? (Y/N),Are you bi/multilingual? (Y/N),What is your first language?,"What is your second language? (if you are monollingual, leave blank)",What other languages do you speak?,date,expName,psychopyVersion,OS,frameRate
space,2.568,space,23.299,m,1,2.472,0,0,0,6,1,Images/IncongruentRight.jpeg,Incongruent Right,m,SY,26,F,2021,N,Y,Chinese,English,no,2021-06-14_13h02.55.588,Tse_Altarriba_Simon1,2020.1.2,MacIntel,60
,,,,z,1,0.866,0,1,1,8,1,Images/NeutralLeft.jpeg,Neutral Left,z,SY,26,F,2021,N,Y,Chinese,English,no,2021-06-14_13h02.55.588,Tse_Altarriba_Simon1,2020.1.2,MacIntel,60
,,,,m,1,0.801,0,2,2,2,1,Images/CongruentRight.jpeg,Congruent Right,m,SY,26,F,2021,N,Y,Chinese,English,no,2021-06-14_13h02.55.588,Tse_Altarriba_Simon1,2020.1.2,MacIntel,60
,,,,m,1,0.757,0,3,3,10,1,Images/NeurtalRight.jpeg,Neutral Right,m,SY,26,F,2021,N,Y,Chinese,English,no,2021-06-14_13h02.55.588,Tse_Altarriba_Simon1,2020.1.2,MacIntel,60
,,,,z,1,0.632,0,4,4,9,1,Images/NeutralLeft.jpeg,Neutral Left,z,SY,26,F,2021,N,Y,Chinese,English,no,2021-06-14_13h02.55.588,Tse_Altarriba_Simon1,2020.1.2,MacIntel,60
