Space1.keys,Space1.rt,Space2.keys,Space2.rt,response.keys,response.corr,response.rt,Practice_loop.thisRepN,Practice_loop.thisTrialN,Practice_loop.thisN,Practice_loop.thisIndex,Practice_loop.ran,ImageFile,Condition,CorrAns,Your initials,What is your age?,What is your gender?,What year are you in?,Are you Dyslexic? (Y/N),Are you bi/multilingual? (Y/N),What is your first language?,"What is your second language? (if you are monollingual, leave blank)",What other languages do you speak?,date,expName,psychopyVersion,OS,frameRate,Space3.keys,Space3.rt,key_resp_2.keys,key_resp_2.corr,key_resp_2.rt,trials.thisRepN,trials.thisTrialN,trials.thisN,trials.thisIndex,trials.ran,Space4.keys,Space4.rt,trials_2.thisRepN,trials_2.thisTrialN,trials_2.thisN,trials_2.thisIndex,trials_2.ran
space,3.2837,space,1.3934,m,0,0.6939,0,0,0,0,1,Images/CongruentLeft.jpeg,Congruent Left,z,JS,23,Female,2nd,n,n,korean,,,2021-08-23_15h09.05.537,Tse_Altarriba_Simon1,2020.1.2,Win32,60,,,,,,,,,,,,,,,,,
,,,,z,1,0.7049,0,1,1,8,1,Images/NeutralLeft.jpeg,Neutral Left,z,JS,23,Female,2nd,n,n,korean,,,2021-08-23_15h09.05.537,Tse_Altarriba_Simon1,2020.1.2,Win32,60,,,,,,,,,,,,,,,,,
,,,,z,1,0.7281,0,2,2,9,1,Images/NeutralLeft.jpeg,Neutral Left,z,JS,23,Female,2nd,n,n,korean,,,2021-08-23_15h09.05.537,Tse_Altarriba_Simon1,2020.1.2,Win32,60,,,,,,,,,,,,,,,,,
,,,,m,1,0.4994,0,3,3,10,1,Images/NeurtalRight.jpeg,Neutral Right,m,JS,23,Female,2nd,n,n,korean,,,2021-08-23_15h09.05.537,Tse_Altarriba_Simon1,2020.1.2,Win32,60,,,,,,,,,,,,,,,,,
,,,,m,1,0.8162,0,4,4,2,1,Images/CongruentRight.jpeg,Congruent Right,m,JS,23,Female,2nd,n,n,korean,,,2021-08-23_15h09.05.537,Tse_Altarriba_Simon1,2020.1.2,Win32,60,,,,,,,,,,,,,,,,,
,,,,z,1,0.5646,0,5,5,4,1,Images/IncongruentLeft.jpeg,Incongruent Left,z,JS,23,Female,2nd,n,n,korean,,,2021-08-23_15h09.05.537,Tse_Altarriba_Simon1,2020.1.2,Win32,60,,,,,,,,,,,,,,,,,
,,,,z,1,0.4525,0,6,6,1,1,Images/CongruentLeft.jpeg,Congruent Left,z,JS,23,Female,2nd,n,n,korean,,,2021-08-23_15h09.05.537,Tse_Altarriba_Simon1,2020.1.2,Win32,60,,,,,,,,,,,,,,,,,
,,,,m,1,0.617,0,7,7,7,1,Images/IncongruentRight.jpeg,Incongruent Right,m,JS,23,Female,2nd,n,n,korean,,,2021-08-23_15h09.05.537,Tse_Altarriba_Simon1,2020.1.2,Win32,60,,,,,,,,,,,,,,,,,
,,,,m,1,1.0099,0,8,8,6,1,Images/IncongruentRight.jpeg,Incongruent Right,m,JS,23,Female,2nd,n,n,korean,,,2021-08-23_15h09.05.537,Tse_Altarriba_Simon1,2020.1.2,Win32,60,,,,,,,,,,,,,,,,,
,,,,m,1,0.5249,0,9,9,11,1,Images/NeurtalRight.jpeg,Neutral Right,m,JS,23,Female,2nd,n,n,korean,,,2021-08-23_15h09.05.537,Tse_Altarriba_Simon1,2020.1.2,Win32,60,,,,,,,,,,,,,,,,,
,,,,z,1,0.5276,0,10,10,5,1,Images/IncongruentLeft.jpeg,Incongruent Left,z,JS,23,Female,2nd,n,n,korean,,,2021-08-23_15h09.05.537,Tse_Altarriba_Simon1,2020.1.2,Win32,60,,,,,,,,,,,,,,,,,
,,,,m,1,0.4398,0,11,11,3,1,Images/CongruentRight.jpeg,Congruent Right,m,JS,23,Female,2nd,n,n,korean,,,2021-08-23_15h09.05.537,Tse_Altarriba_Simon1,2020.1.2,Win32,60,,,,,,,,,,,,,,,,,
,,,,,,,,,,,,Images/IncongruentRight.jpeg,Incongruent Right,m,JS,23,Female,2nd,n,n,korean,,,2021-08-23_15h09.05.537,Tse_Altarriba_Simon1,2020.1.2,Win32,60,space,1.9719,z,0,0.5384,0,0,0,33,1,,,,,,,
,,,,,,,,,,,,Images/CongruentLeft.jpeg,Congruent Left,z,JS,23,Female,2nd,n,n,korean,,,2021-08-23_15h09.05.537,Tse_Altarriba_Simon1,2020.1.2,Win32,60,,,m,0,0.6848,0,1,1,3,1,,,,,,,
,,,,,,,,,,,,Images/NeurtalRight.jpeg,Neutral Right,m,JS,23,Female,2nd,n,n,korean,,,2021-08-23_15h09.05.537,Tse_Altarriba_Simon1,2020.1.2,Win32,60,,,z,0,3.4537,0,2,2,50,1,,,,,,,
,,,,,,,,,,,,Images/CongruentLeft.jpeg,Congruent Left,z,JS,23,Female,2nd,n,n,korean,,,2021-08-23_15h09.05.537,Tse_Altarriba_Simon1,2020.1.2,Win32,60,,,z,1,0.776,0,3,3,4,1,,,,,,,
,,,,,,,,,,,,Images/CongruentRight.jpeg,Congruent Right,m,JS,23,Female,2nd,n,n,korean,,,2021-08-23_15h09.05.537,Tse_Altarriba_Simon1,2020.1.2,Win32,60,,,m,1,0.5592,0,4,4,12,1,,,,,,,
,,,,,,,,,,,,Images/CongruentRight.jpeg,Congruent Right,m,JS,23,Female,2nd,n,n,korean,,,2021-08-23_15h09.05.537,Tse_Altarriba_Simon1,2020.1.2,Win32,60,,,m,1,0.605,0,5,5,14,1,,,,,,,
,,,,,,,,,,,,Images/NeutralLeft.jpeg,Neutral Left,z,JS,23,Female,2nd,n,n,korean,,,2021-08-23_15h09.05.537,Tse_Altarriba_Simon1,2020.1.2,Win32,60,,,z,1,0.4248,0,6,6,43,1,,,,,,,
,,,,,,,,,,,,Images/NeutralLeft.jpeg,Neutral Left,z,JS,23,Female,2nd,n,n,korean,,,2021-08-23_15h09.05.537,Tse_Altarriba_Simon1,2020.1.2,Win32,60,,,z,1,0.5848,0,7,7,49,1,,,,,,,
,,,,,,,,,,,,Images/CongruentRight.jpeg,Congruent Right,m,JS,23,Female,2nd,n,n,korean,,,2021-08-23_15h09.05.537,Tse_Altarriba_Simon1,2020.1.2,Win32,60,,,m,1,0.4349,0,8,8,13,1,,,,,,,
,,,,,,,,,,,,Images/NeutralLeft.jpeg,Neutral Left,z,JS,23,Female,2nd,n,n,korean,,,2021-08-23_15h09.05.537,Tse_Altarriba_Simon1,2020.1.2,Win32,60,,,z,1,0.4512,0,9,9,44,1,,,,,,,
,,,,,,,,,,,,Images/IncongruentLeft.jpeg,Incongruent Left,z,JS,23,Female,2nd,n,n,korean,,,2021-08-23_15h09.05.537,Tse_Altarriba_Simon1,2020.1.2,Win32,60,,,z,1,0.5887,0,10,10,24,1,,,,,,,
,,,,,,,,,,,,Images/IncongruentLeft.jpeg,Incongruent Left,z,JS,23,Female,2nd,n,n,korean,,,2021-08-23_15h09.05.537,Tse_Altarriba_Simon1,2020.1.2,Win32,60,,,z,1,0.5038,0,11,11,25,1,,,,,,,
,,,,,,,,,,,,Images/IncongruentLeft.jpeg,Incongruent Left,z,JS,23,Female,2nd,n,n,korean,,,2021-08-23_15h09.05.537,Tse_Altarriba_Simon1,2020.1.2,Win32,60,,,z,1,0.4342,0,12,12,27,1,,,,,,,
,,,,,,,,,,,,Images/IncongruentRight.jpeg,Incongruent Right,m,JS,23,Female,2nd,n,n,korean,,,2021-08-23_15h09.05.537,Tse_Altarriba_Simon1,2020.1.2,Win32,60,,,m,1,0.5341,0,13,13,39,1,,,,,,,
,,,,,,,,,,,,Images/NeurtalRight.jpeg,Neutral Right,m,JS,23,Female,2nd,n,n,korean,,,2021-08-23_15h09.05.537,Tse_Altarriba_Simon1,2020.1.2,Win32,60,,,m,1,0.5351,0,14,14,57,1,,,,,,,
,,,,,,,,,,,,Images/IncongruentRight.jpeg,Incongruent Right,m,JS,23,Female,2nd,n,n,korean,,,2021-08-23_15h09.05.537,Tse_Altarriba_Simon1,2020.1.2,Win32,60,,,m,1,0.7409,0,15,15,30,1,,,,,,,
,,,,,,,,,,,,Images/NeurtalRight.jpeg,Neutral Right,m,JS,23,Female,2nd,n,n,korean,,,2021-08-23_15h09.05.537,Tse_Altarriba_Simon1,2020.1.2,Win32,60,,,m,1,0.6044,0,16,16,51,1,,,,,,,
,,,,,,,,,,,,Images/CongruentRight.jpeg,Congruent Right,m,JS,23,Female,2nd,n,n,korean,,,2021-08-23_15h09.05.537,Tse_Altarriba_Simon1,2020.1.2,Win32,60,,,m,1,0.6566,0,17,17,18,1,,,,,,,
,,,,,,,,,,,,Images/NeurtalRight.jpeg,Neutral Right,m,JS,23,Female,2nd,n,n,korean,,,2021-08-23_15h09.05.537,Tse_Altarriba_Simon1,2020.1.2,Win32,60,,,m,1,0.4872,0,18,18,58,1,,,,,,,
,,,,,,,,,,,,Images/NeutralLeft.jpeg,Neutral Left,z,JS,23,Female,2nd,n,n,korean,,,2021-08-23_15h09.05.537,Tse_Altarriba_Simon1,2020.1.2,Win32,60,,,z,1,0.5005,0,19,19,47,1,,,,,,,
,,,,,,,,,,,,Images/IncongruentLeft.jpeg,Incongruent Left,z,JS,23,Female,2nd,n,n,korean,,,2021-08-23_15h09.05.537,Tse_Altarriba_Simon1,2020.1.2,Win32,60,,,z,1,0.4872,0,20,20,29,1,,,,,,,
,,,,,,,,,,,,Images/IncongruentRight.jpeg,Incongruent Right,m,JS,23,Female,2nd,n,n,korean,,,2021-08-23_15h09.05.537,Tse_Altarriba_Simon1,2020.1.2,Win32,60,,,m,1,0.5501,0,21,21,32,1,,,,,,,
,,,,,,,,,,,,Images/IncongruentLeft.jpeg,Incongruent Left,z,JS,23,Female,2nd,n,n,korean,,,2021-08-23_15h09.05.537,Tse_Altarriba_Simon1,2020.1.2,Win32,60,,,z,1,0.5217,0,22,22,28,1,,,,,,,
,,,,,,,,,,,,Images/NeurtalRight.jpeg,Neutral Right,m,JS,23,Female,2nd,n,n,korean,,,2021-08-23_15h09.05.537,Tse_Altarriba_Simon1,2020.1.2,Win32,60,,,m,1,1.0444,0,23,23,54,1,,,,,,,
,,,,,,,,,,,,Images/NeurtalRight.jpeg,Neutral Right,m,JS,23,Female,2nd,n,n,korean,,,2021-08-23_15h09.05.537,Tse_Altarriba_Simon1,2020.1.2,Win32,60,,,m,1,0.5666,0,24,24,55,1,,,,,,,
,,,,,,,,,,,,Images/CongruentRight.jpeg,Congruent Right,m,JS,23,Female,2nd,n,n,korean,,,2021-08-23_15h09.05.537,Tse_Altarriba_Simon1,2020.1.2,Win32,60,,,m,1,0.6169,0,25,25,16,1,,,,,,,
,,,,,,,,,,,,Images/CongruentLeft.jpeg,Congruent Left,z,JS,23,Female,2nd,n,n,korean,,,2021-08-23_15h09.05.537,Tse_Altarriba_Simon1,2020.1.2,Win32,60,,,z,1,0.4938,0,26,26,5,1,,,,,,,
,,,,,,,,,,,,Images/IncongruentRight.jpeg,Incongruent Right,m,JS,23,Female,2nd,n,n,korean,,,2021-08-23_15h09.05.537,Tse_Altarriba_Simon1,2020.1.2,Win32,60,,,m,1,0.4844,0,27,27,34,1,,,,,,,
,,,,,,,,,,,,Images/IncongruentLeft.jpeg,Incongruent Left,z,JS,23,Female,2nd,n,n,korean,,,2021-08-23_15h09.05.537,Tse_Altarriba_Simon1,2020.1.2,Win32,60,,,z,1,0.6339,0,28,28,26,1,,,,,,,
,,,,,,,,,,,,Images/NeutralLeft.jpeg,Neutral Left,z,JS,23,Female,2nd,n,n,korean,,,2021-08-23_15h09.05.537,Tse_Altarriba_Simon1,2020.1.2,Win32,60,,,z,1,0.5409,0,29,29,46,1,,,,,,,
,,,,,,,,,,,,Images/NeurtalRight.jpeg,Neutral Right,m,JS,23,Female,2nd,n,n,korean,,,2021-08-23_15h09.05.537,Tse_Altarriba_Simon1,2020.1.2,Win32,60,,,m,1,0.7595,0,30,30,56,1,,,,,,,
,,,,,,,,,,,,Images/IncongruentLeft.jpeg,Incongruent Left,z,JS,23,Female,2nd,n,n,korean,,,2021-08-23_15h09.05.537,Tse_Altarriba_Simon1,2020.1.2,Win32,60,,,z,1,0.8135,0,31,31,22,1,,,,,,,
,,,,,,,,,,,,Images/IncongruentLeft.jpeg,Incongruent Left,z,JS,23,Female,2nd,n,n,korean,,,2021-08-23_15h09.05.537,Tse_Altarriba_Simon1,2020.1.2,Win32,60,,,z,1,0.4781,0,32,32,23,1,,,,,,,
,,,,,,,,,,,,Images/IncongruentRight.jpeg,Incongruent Right,m,JS,23,Female,2nd,n,n,korean,,,2021-08-23_15h09.05.537,Tse_Altarriba_Simon1,2020.1.2,Win32,60,,,m,1,0.5148,0,33,33,36,1,,,,,,,
,,,,,,,,,,,,Images/IncongruentLeft.jpeg,Incongruent Left,z,JS,23,Female,2nd,n,n,korean,,,2021-08-23_15h09.05.537,Tse_Altarriba_Simon1,2020.1.2,Win32,60,,,z,1,0.9033,0,34,34,20,1,,,,,,,
,,,,,,,,,,,,Images/NeurtalRight.jpeg,Neutral Right,m,JS,23,Female,2nd,n,n,korean,,,2021-08-23_15h09.05.537,Tse_Altarriba_Simon1,2020.1.2,Win32,60,,,m,1,0.583,0,35,35,52,1,,,,,,,
,,,,,,,,,,,,Images/CongruentLeft.jpeg,Congruent Left,z,JS,23,Female,2nd,n,n,korean,,,2021-08-23_15h09.05.537,Tse_Altarriba_Simon1,2020.1.2,Win32,60,,,z,1,0.5075,0,36,36,6,1,,,,,,,
,,,,,,,,,,,,Images/NeutralLeft.jpeg,Neutral Left,z,JS,23,Female,2nd,n,n,korean,,,2021-08-23_15h09.05.537,Tse_Altarriba_Simon1,2020.1.2,Win32,60,,,z,1,0.6129,0,37,37,40,1,,,,,,,
,,,,,,,,,,,,Images/CongruentLeft.jpeg,Congruent Left,z,JS,23,Female,2nd,n,n,korean,,,2021-08-23_15h09.05.537,Tse_Altarriba_Simon1,2020.1.2,Win32,60,,,z,1,0.5654,0,38,38,9,1,,,,,,,
,,,,,,,,,,,,Images/CongruentLeft.jpeg,Congruent Left,z,JS,23,Female,2nd,n,n,korean,,,2021-08-23_15h09.05.537,Tse_Altarriba_Simon1,2020.1.2,Win32,60,,,z,1,0.4822,0,39,39,7,1,,,,,,,
,,,,,,,,,,,,Images/CongruentLeft.jpeg,Congruent Left,z,JS,23,Female,2nd,n,n,korean,,,2021-08-23_15h09.05.537,Tse_Altarriba_Simon1,2020.1.2,Win32,60,,,,0,,0,40,40,0,1,,,,,,,
,,,,,,,,,,,,Images/CongruentLeft.jpeg,Congruent Left,z,JS,23,Female,2nd,n,n,korean,,,2021-08-23_15h09.05.537,Tse_Altarriba_Simon1,2020.1.2,Win32,60,,,,0,,0,41,41,8,1,,,,,,,
,,,,,,,,,,,,Images/NeurtalRight.jpeg,Neutral Right,m,JS,23,Female,2nd,n,n,korean,,,2021-08-23_15h09.05.537,Tse_Altarriba_Simon1,2020.1.2,Win32,60,,,,0,,0,42,42,53,1,,,,,,,
,,,,,,,,,,,,Images/CongruentRight.jpeg,Congruent Right,m,JS,23,Female,2nd,n,n,korean,,,2021-08-23_15h09.05.537,Tse_Altarriba_Simon1,2020.1.2,Win32,60,,,,0,,0,43,43,11,1,,,,,,,
,,,,,,,,,,,,Images/NeutralLeft.jpeg,Neutral Left,z,JS,23,Female,2nd,n,n,korean,,,2021-08-23_15h09.05.537,Tse_Altarriba_Simon1,2020.1.2,Win32,60,,,,0,,0,44,44,41,1,,,,,,,
,,,,,,,,,,,,Images/CongruentLeft.jpeg,Congruent Left,z,JS,23,Female,2nd,n,n,korean,,,2021-08-23_15h09.05.537,Tse_Altarriba_Simon1,2020.1.2,Win32,60,,,,0,,0,45,45,2,1,,,,,,,
,,,,,,,,,,,,Images/IncongruentRight.jpeg,Incongruent Right,m,JS,23,Female,2nd,n,n,korean,,,2021-08-23_15h09.05.537,Tse_Altarriba_Simon1,2020.1.2,Win32,60,,,,0,,0,46,46,35,1,,,,,,,
,,,,,,,,,,,,Images/IncongruentRight.jpeg,Incongruent Right,m,JS,23,Female,2nd,n,n,korean,,,2021-08-23_15h09.05.537,Tse_Altarriba_Simon1,2020.1.2,Win32,60,,,,0,,0,47,47,38,1,,,,,,,
,,,,,,,,,,,,Images/NeutralLeft.jpeg,Neutral Left,z,JS,23,Female,2nd,n,n,korean,,,2021-08-23_15h09.05.537,Tse_Altarriba_Simon1,2020.1.2,Win32,60,,,,0,,0,48,48,42,1,,,,,,,
,,,,,,,,,,,,Images/NeutralLeft.jpeg,Neutral Left,z,JS,23,Female,2nd,n,n,korean,,,2021-08-23_15h09.05.537,Tse_Altarriba_Simon1,2020.1.2,Win32,60,,,,0,,0,49,49,48,1,,,,,,,
,,,,,,,,,,,,Images/NeutralLeft.jpeg,Neutral Left,z,JS,23,Female,2nd,n,n,korean,,,2021-08-23_15h09.05.537,Tse_Altarriba_Simon1,2020.1.2,Win32,60,,,,0,,0,50,50,45,1,,,,,,,
,,,,,,,,,,,,Images/CongruentRight.jpeg,Congruent Right,m,JS,23,Female,2nd,n,n,korean,,,2021-08-23_15h09.05.537,Tse_Altarriba_Simon1,2020.1.2,Win32,60,,,,0,,0,51,51,17,1,,,,,,,
,,,,,,,,,,,,Images/IncongruentRight.jpeg,Incongruent Right,m,JS,23,Female,2nd,n,n,korean,,,2021-08-23_15h09.05.537,Tse_Altarriba_Simon1,2020.1.2,Win32,60,,,,0,,0,52,52,37,1,,,,,,,
,,,,,,,,,,,,Images/CongruentLeft.jpeg,Congruent Left,z,JS,23,Female,2nd,n,n,korean,,,2021-08-23_15h09.05.537,Tse_Altarriba_Simon1,2020.1.2,Win32,60,,,,0,,0,53,53,1,1,,,,,,,
,,,,,,,,,,,,Images/IncongruentRight.jpeg,Incongruent Right,m,JS,23,Female,2nd,n,n,korean,,,2021-08-23_15h09.05.537,Tse_Altarriba_Simon1,2020.1.2,Win32,60,,,,0,,0,54,54,31,1,,,,,,,
,,,,,,,,,,,,Images/CongruentRight.jpeg,Congruent Right,m,JS,23,Female,2nd,n,n,korean,,,2021-08-23_15h09.05.537,Tse_Altarriba_Simon1,2020.1.2,Win32,60,,,,0,,0,55,55,19,1,,,,,,,
,,,,,,,,,,,,Images/CongruentRight.jpeg,Congruent Right,m,JS,23,Female,2nd,n,n,korean,,,2021-08-23_15h09.05.537,Tse_Altarriba_Simon1,2020.1.2,Win32,60,,,,0,,0,56,56,15,1,,,,,,,
,,,,,,,,,,,,Images/NeurtalRight.jpeg,Neutral Right,m,JS,23,Female,2nd,n,n,korean,,,2021-08-23_15h09.05.537,Tse_Altarriba_Simon1,2020.1.2,Win32,60,,,,0,,0,57,57,59,1,,,,,,,
,,,,,,,,,,,,Images/CongruentRight.jpeg,Congruent Right,m,JS,23,Female,2nd,n,n,korean,,,2021-08-23_15h09.05.537,Tse_Altarriba_Simon1,2020.1.2,Win32,60,,,,0,,0,58,58,10,1,,,,,,,
,,,,,,,,,,,,Images/IncongruentLeft.jpeg,Incongruent Left,z,JS,23,Female,2nd,n,n,korean,,,2021-08-23_15h09.05.537,Tse_Altarriba_Simon1,2020.1.2,Win32,60,,,,0,,0,59,59,21,1,,,,,,,
,,,,,,,,,,,,Images/CongruentRight.jpeg,Congruent Right,m,JS,23,Female,2nd,n,n,korean,,,2021-08-23_15h09.05.537,Tse_Altarriba_Simon1,2020.1.2,Win32,60,,,m,1,1.1383,,,,,,space,30.5042,0,0,0,15,1
,,,,,,,,,,,,Images/CongruentRight.jpeg,Congruent Right,m,JS,23,Female,2nd,n,n,korean,,,2021-08-23_15h09.05.537,Tse_Altarriba_Simon1,2020.1.2,Win32,60,,,m,1,0.4606,,,,,,,,0,1,1,13,1
,,,,,,,,,,,,Images/IncongruentLeft.jpeg,Incongruent Left,z,JS,23,Female,2nd,n,n,korean,,,2021-08-23_15h09.05.537,Tse_Altarriba_Simon1,2020.1.2,Win32,60,,,z,1,0.5248,,,,,,,,0,2,2,28,1
,,,,,,,,,,,,Images/IncongruentRight.jpeg,Incongruent Right,m,JS,23,Female,2nd,n,n,korean,,,2021-08-23_15h09.05.537,Tse_Altarriba_Simon1,2020.1.2,Win32,60,,,m,1,0.5153,,,,,,,,0,3,3,33,1
,,,,,,,,,,,,Images/CongruentLeft.jpeg,Congruent Left,z,JS,23,Female,2nd,n,n,korean,,,2021-08-23_15h09.05.537,Tse_Altarriba_Simon1,2020.1.2,Win32,60,,,m,0,0.5153,,,,,,,,0,4,4,9,1
,,,,,,,,,,,,Images/CongruentLeft.jpeg,Congruent Left,z,JS,23,Female,2nd,n,n,korean,,,2021-08-23_15h09.05.537,Tse_Altarriba_Simon1,2020.1.2,Win32,60,,,z,1,0.4962,,,,,,,,0,5,5,6,1
,,,,,,,,,,,,Images/NeutralLeft.jpeg,Neutral Left,z,JS,23,Female,2nd,n,n,korean,,,2021-08-23_15h09.05.537,Tse_Altarriba_Simon1,2020.1.2,Win32,60,,,z,1,0.4971,,,,,,,,0,6,6,48,1
,,,,,,,,,,,,Images/CongruentLeft.jpeg,Congruent Left,z,JS,23,Female,2nd,n,n,korean,,,2021-08-23_15h09.05.537,Tse_Altarriba_Simon1,2020.1.2,Win32,60,,,z,1,0.4081,,,,,,,,0,7,7,7,1
,,,,,,,,,,,,Images/IncongruentRight.jpeg,Incongruent Right,m,JS,23,Female,2nd,n,n,korean,,,2021-08-23_15h09.05.537,Tse_Altarriba_Simon1,2020.1.2,Win32,60,,,m,1,0.4709,,,,,,,,0,8,8,37,1
,,,,,,,,,,,,Images/IncongruentLeft.jpeg,Incongruent Left,z,JS,23,Female,2nd,n,n,korean,,,2021-08-23_15h09.05.537,Tse_Altarriba_Simon1,2020.1.2,Win32,60,,,z,1,0.4778,,,,,,,,0,9,9,21,1
,,,,,,,,,,,,Images/IncongruentRight.jpeg,Incongruent Right,m,JS,23,Female,2nd,n,n,korean,,,2021-08-23_15h09.05.537,Tse_Altarriba_Simon1,2020.1.2,Win32,60,,,m,1,0.5169,,,,,,,,0,10,10,31,1
,,,,,,,,,,,,Images/CongruentRight.jpeg,Congruent Right,m,JS,23,Female,2nd,n,n,korean,,,2021-08-23_15h09.05.537,Tse_Altarriba_Simon1,2020.1.2,Win32,60,,,m,1,0.5516,,,,,,,,0,11,11,19,1
,,,,,,,,,,,,Images/CongruentRight.jpeg,Congruent Right,m,JS,23,Female,2nd,n,n,korean,,,2021-08-23_15h09.05.537,Tse_Altarriba_Simon1,2020.1.2,Win32,60,,,m,1,0.4563,,,,,,,,0,12,12,11,1
,,,,,,,,,,,,Images/IncongruentLeft.jpeg,Incongruent Left,z,JS,23,Female,2nd,n,n,korean,,,2021-08-23_15h09.05.537,Tse_Altarriba_Simon1,2020.1.2,Win32,60,,,z,1,0.5,,,,,,,,0,13,13,27,1
,,,,,,,,,,,,Images/NeurtalRight.jpeg,Neutral Right,m,JS,23,Female,2nd,n,n,korean,,,2021-08-23_15h09.05.537,Tse_Altarriba_Simon1,2020.1.2,Win32,60,,,m,1,0.5002,,,,,,,,0,14,14,53,1
,,,,,,,,,,,,Images/NeutralLeft.jpeg,Neutral Left,z,JS,23,Female,2nd,n,n,korean,,,2021-08-23_15h09.05.537,Tse_Altarriba_Simon1,2020.1.2,Win32,60,,,z,1,0.4135,,,,,,,,0,15,15,40,1
,,,,,,,,,,,,Images/NeutralLeft.jpeg,Neutral Left,z,JS,23,Female,2nd,n,n,korean,,,2021-08-23_15h09.05.537,Tse_Altarriba_Simon1,2020.1.2,Win32,60,,,z,1,0.5113,,,,,,,,0,16,16,44,1
,,,,,,,,,,,,Images/CongruentLeft.jpeg,Congruent Left,z,JS,23,Female,2nd,n,n,korean,,,2021-08-23_15h09.05.537,Tse_Altarriba_Simon1,2020.1.2,Win32,60,,,z,1,0.4922,,,,,,,,0,17,17,0,1
,,,,,,,,,,,,Images/NeurtalRight.jpeg,Neutral Right,m,JS,23,Female,2nd,n,n,korean,,,2021-08-23_15h09.05.537,Tse_Altarriba_Simon1,2020.1.2,Win32,60,,,m,1,0.5569,,,,,,,,0,18,18,56,1
,,,,,,,,,,,,Images/CongruentRight.jpeg,Congruent Right,m,JS,23,Female,2nd,n,n,korean,,,2021-08-23_15h09.05.537,Tse_Altarriba_Simon1,2020.1.2,Win32,60,,,m,1,0.6452,,,,,,,,0,19,19,12,1
,,,,,,,,,,,,Images/IncongruentLeft.jpeg,Incongruent Left,z,JS,23,Female,2nd,n,n,korean,,,2021-08-23_15h09.05.537,Tse_Altarriba_Simon1,2020.1.2,Win32,60,,,z,1,0.503,,,,,,,,0,20,20,25,1
,,,,,,,,,,,,Images/CongruentLeft.jpeg,Congruent Left,z,JS,23,Female,2nd,n,n,korean,,,2021-08-23_15h09.05.537,Tse_Altarriba_Simon1,2020.1.2,Win32,60,,,z,1,0.4525,,,,,,,,0,21,21,5,1
,,,,,,,,,,,,Images/IncongruentLeft.jpeg,Incongruent Left,z,JS,23,Female,2nd,n,n,korean,,,2021-08-23_15h09.05.537,Tse_Altarriba_Simon1,2020.1.2,Win32,60,,,z,1,0.4394,,,,,,,,0,22,22,22,1
,,,,,,,,,,,,Images/CongruentRight.jpeg,Congruent Right,m,JS,23,Female,2nd,n,n,korean,,,2021-08-23_15h09.05.537,Tse_Altarriba_Simon1,2020.1.2,Win32,60,,,m,1,0.4786,,,,,,,,0,23,23,16,1
,,,,,,,,,,,,Images/NeutralLeft.jpeg,Neutral Left,z,JS,23,Female,2nd,n,n,korean,,,2021-08-23_15h09.05.537,Tse_Altarriba_Simon1,2020.1.2,Win32,60,,,z,1,0.4708,,,,,,,,0,24,24,45,1
,,,,,,,,,,,,Images/NeurtalRight.jpeg,Neutral Right,m,JS,23,Female,2nd,n,n,korean,,,2021-08-23_15h09.05.537,Tse_Altarriba_Simon1,2020.1.2,Win32,60,,,m,1,0.5326,,,,,,,,0,25,25,52,1
,,,,,,,,,,,,Images/CongruentLeft.jpeg,Congruent Left,z,JS,23,Female,2nd,n,n,korean,,,2021-08-23_15h09.05.537,Tse_Altarriba_Simon1,2020.1.2,Win32,60,,,z,1,0.5441,,,,,,,,0,26,26,4,1
,,,,,,,,,,,,Images/CongruentLeft.jpeg,Congruent Left,z,JS,23,Female,2nd,n,n,korean,,,2021-08-23_15h09.05.537,Tse_Altarriba_Simon1,2020.1.2,Win32,60,,,z,1,0.3848,,,,,,,,0,27,27,3,1
,,,,,,,,,,,,Images/NeurtalRight.jpeg,Neutral Right,m,JS,23,Female,2nd,n,n,korean,,,2021-08-23_15h09.05.537,Tse_Altarriba_Simon1,2020.1.2,Win32,60,,,m,1,0.4821,,,,,,,,0,28,28,57,1
,,,,,,,,,,,,Images/IncongruentRight.jpeg,Incongruent Right,m,JS,23,Female,2nd,n,n,korean,,,2021-08-23_15h09.05.537,Tse_Altarriba_Simon1,2020.1.2,Win32,60,,,m,1,0.4333,,,,,,,,0,29,29,36,1
,,,,,,,,,,,,Images/IncongruentRight.jpeg,Incongruent Right,m,JS,23,Female,2nd,n,n,korean,,,2021-08-23_15h09.05.537,Tse_Altarriba_Simon1,2020.1.2,Win32,60,,,m,1,0.5502,,,,,,,,0,30,30,30,1
,,,,,,,,,,,,Images/IncongruentRight.jpeg,Incongruent Right,m,JS,23,Female,2nd,n,n,korean,,,2021-08-23_15h09.05.537,Tse_Altarriba_Simon1,2020.1.2,Win32,60,,,m,1,0.4096,,,,,,,,0,31,31,39,1
,,,,,,,,,,,,Images/NeurtalRight.jpeg,Neutral Right,m,JS,23,Female,2nd,n,n,korean,,,2021-08-23_15h09.05.537,Tse_Altarriba_Simon1,2020.1.2,Win32,60,,,m,1,0.442,,,,,,,,0,32,32,50,1
,,,,,,,,,,,,Images/CongruentLeft.jpeg,Congruent Left,z,JS,23,Female,2nd,n,n,korean,,,2021-08-23_15h09.05.537,Tse_Altarriba_Simon1,2020.1.2,Win32,60,,,z,1,0.5178,,,,,,,,0,33,33,8,1
,,,,,,,,,,,,Images/NeurtalRight.jpeg,Neutral Right,m,JS,23,Female,2nd,n,n,korean,,,2021-08-23_15h09.05.537,Tse_Altarriba_Simon1,2020.1.2,Win32,60,,,m,1,0.5149,,,,,,,,0,34,34,59,1
,,,,,,,,,,,,Images/IncongruentRight.jpeg,Incongruent Right,m,JS,23,Female,2nd,n,n,korean,,,2021-08-23_15h09.05.537,Tse_Altarriba_Simon1,2020.1.2,Win32,60,,,m,1,0.5282,,,,,,,,0,35,35,34,1
,,,,,,,,,,,,Images/IncongruentLeft.jpeg,Incongruent Left,z,JS,23,Female,2nd,n,n,korean,,,2021-08-23_15h09.05.537,Tse_Altarriba_Simon1,2020.1.2,Win32,60,,,z,1,0.4975,,,,,,,,0,36,36,23,1
,,,,,,,,,,,,Images/NeutralLeft.jpeg,Neutral Left,z,JS,23,Female,2nd,n,n,korean,,,2021-08-23_15h09.05.537,Tse_Altarriba_Simon1,2020.1.2,Win32,60,,,z,1,0.4142,,,,,,,,0,37,37,43,1
,,,,,,,,,,,,Images/NeurtalRight.jpeg,Neutral Right,m,JS,23,Female,2nd,n,n,korean,,,2021-08-23_15h09.05.537,Tse_Altarriba_Simon1,2020.1.2,Win32,60,,,m,1,0.4782,,,,,,,,0,38,38,55,1
,,,,,,,,,,,,Images/NeutralLeft.jpeg,Neutral Left,z,JS,23,Female,2nd,n,n,korean,,,2021-08-23_15h09.05.537,Tse_Altarriba_Simon1,2020.1.2,Win32,60,,,z,1,0.4753,,,,,,,,0,39,39,49,1
,,,,,,,,,,,,Images/CongruentRight.jpeg,Congruent Right,m,JS,23,Female,2nd,n,n,korean,,,2021-08-23_15h09.05.537,Tse_Altarriba_Simon1,2020.1.2,Win32,60,,,m,1,0.4243,,,,,,,,0,40,40,14,1
,,,,,,,,,,,,Images/IncongruentRight.jpeg,Incongruent Right,m,JS,23,Female,2nd,n,n,korean,,,2021-08-23_15h09.05.537,Tse_Altarriba_Simon1,2020.1.2,Win32,60,,,m,1,0.499,,,,,,,,0,41,41,32,1
,,,,,,,,,,,,Images/NeurtalRight.jpeg,Neutral Right,m,JS,23,Female,2nd,n,n,korean,,,2021-08-23_15h09.05.537,Tse_Altarriba_Simon1,2020.1.2,Win32,60,,,m,1,0.4021,,,,,,,,0,42,42,58,1
,,,,,,,,,,,,Images/IncongruentLeft.jpeg,Incongruent Left,z,JS,23,Female,2nd,n,n,korean,,,2021-08-23_15h09.05.537,Tse_Altarriba_Simon1,2020.1.2,Win32,60,,,z,1,0.4786,,,,,,,,0,43,43,26,1
,,,,,,,,,,,,Images/IncongruentLeft.jpeg,Incongruent Left,z,JS,23,Female,2nd,n,n,korean,,,2021-08-23_15h09.05.537,Tse_Altarriba_Simon1,2020.1.2,Win32,60,,,z,1,0.3966,,,,,,,,0,44,44,29,1
,,,,,,,,,,,,Images/NeutralLeft.jpeg,Neutral Left,z,JS,23,Female,2nd,n,n,korean,,,2021-08-23_15h09.05.537,Tse_Altarriba_Simon1,2020.1.2,Win32,60,,,z,1,0.3687,,,,,,,,0,45,45,46,1
,,,,,,,,,,,,Images/CongruentLeft.jpeg,Congruent Left,z,JS,23,Female,2nd,n,n,korean,,,2021-08-23_15h09.05.537,Tse_Altarriba_Simon1,2020.1.2,Win32,60,,,z,1,0.4137,,,,,,,,0,46,46,1,1
,,,,,,,,,,,,Images/CongruentRight.jpeg,Congruent Right,m,JS,23,Female,2nd,n,n,korean,,,2021-08-23_15h09.05.537,Tse_Altarriba_Simon1,2020.1.2,Win32,60,,,m,1,0.5268,,,,,,,,0,47,47,18,1
,,,,,,,,,,,,Images/NeurtalRight.jpeg,Neutral Right,m,JS,23,Female,2nd,n,n,korean,,,2021-08-23_15h09.05.537,Tse_Altarriba_Simon1,2020.1.2,Win32,60,,,m,1,0.3785,,,,,,,,0,48,48,54,1
,,,,,,,,,,,,Images/IncongruentLeft.jpeg,Incongruent Left,z,JS,23,Female,2nd,n,n,korean,,,2021-08-23_15h09.05.537,Tse_Altarriba_Simon1,2020.1.2,Win32,60,,,z,1,0.4947,,,,,,,,0,49,49,24,1
,,,,,,,,,,,,Images/CongruentLeft.jpeg,Congruent Left,z,JS,23,Female,2nd,n,n,korean,,,2021-08-23_15h09.05.537,Tse_Altarriba_Simon1,2020.1.2,Win32,60,,,z,1,0.4312,,,,,,,,0,50,50,2,1
,,,,,,,,,,,,Images/IncongruentLeft.jpeg,Incongruent Left,z,JS,23,Female,2nd,n,n,korean,,,2021-08-23_15h09.05.537,Tse_Altarriba_Simon1,2020.1.2,Win32,60,,,z,1,0.394,,,,,,,,0,51,51,20,1
,,,,,,,,,,,,Images/NeutralLeft.jpeg,Neutral Left,z,JS,23,Female,2nd,n,n,korean,,,2021-08-23_15h09.05.537,Tse_Altarriba_Simon1,2020.1.2,Win32,60,,,z,1,0.3429,,,,,,,,0,52,52,41,1
,,,,,,,,,,,,Images/NeutralLeft.jpeg,Neutral Left,z,JS,23,Female,2nd,n,n,korean,,,2021-08-23_15h09.05.537,Tse_Altarriba_Simon1,2020.1.2,Win32,60,,,z,1,0.3276,,,,,,,,0,53,53,47,1
,,,,,,,,,,,,Images/CongruentRight.jpeg,Congruent Right,m,JS,23,Female,2nd,n,n,korean,,,2021-08-23_15h09.05.537,Tse_Altarriba_Simon1,2020.1.2,Win32,60,,,m,1,0.4865,,,,,,,,0,54,54,10,1
,,,,,,,,,,,,Images/NeurtalRight.jpeg,Neutral Right,m,JS,23,Female,2nd,n,n,korean,,,2021-08-23_15h09.05.537,Tse_Altarriba_Simon1,2020.1.2,Win32,60,,,m,1,0.4203,,,,,,,,0,55,55,51,1
,,,,,,,,,,,,Images/IncongruentRight.jpeg,Incongruent Right,m,JS,23,Female,2nd,n,n,korean,,,2021-08-23_15h09.05.537,Tse_Altarriba_Simon1,2020.1.2,Win32,60,,,m,1,0.388,,,,,,,,0,56,56,38,1
,,,,,,,,,,,,Images/CongruentRight.jpeg,Congruent Right,m,JS,23,Female,2nd,n,n,korean,,,2021-08-23_15h09.05.537,Tse_Altarriba_Simon1,2020.1.2,Win32,60,,,m,1,0.4152,,,,,,,,0,57,57,17,1
,,,,,,,,,,,,Images/NeutralLeft.jpeg,Neutral Left,z,JS,23,Female,2nd,n,n,korean,,,2021-08-23_15h09.05.537,Tse_Altarriba_Simon1,2020.1.2,Win32,60,,,z,1,0.4843,,,,,,,,0,58,58,42,1
,,,,,,,,,,,,Images/IncongruentRight.jpeg,Incongruent Right,m,JS,23,Female,2nd,n,n,korean,,,2021-08-23_15h09.05.537,Tse_Altarriba_Simon1,2020.1.2,Win32,60,,,m,1,0.5491,,,,,,,,0,59,59,35,1
