Space1.keys,Space1.rt,Space2.keys,Space2.rt,response.keys,response.corr,Practice_loop.thisRepN,Practice_loop.thisTrialN,Practice_loop.thisN,Practice_loop.thisIndex,Practice_loop.ran,ImageFile,Condition,CorrAns,Your initials,What is your age?,What is your gender?,What year are you in?,Are you Dyslexic? (Y/N),Are you bi/multilingual? (Y/N),What is your first language?,"What is your second language? (if you are monollingual, leave blank)",What other languages do you speak?,date,expName,psychopyVersion,OS,frameRate,response.rt,Space3.keys,Space3.rt,key_resp_2.keys,key_resp_2.corr,key_resp_2.rt,trials.thisRepN,trials.thisTrialN,trials.thisN,trials.thisIndex,trials.ran,Space4.keys,Space4.rt,trials_2.thisRepN,trials_2.thisTrialN,trials_2.thisN,trials_2.thisIndex,trials_2.ran
space,5.343,space,23.185,,0,0,0,0,7,1,Images/IncongruentRight.jpeg,Incongruent Right,m,LUHAN CHEN,25,女,2021,N,Y,,,,2021-08-17_01h13.07.286,Tse_Altarriba_Simon1,2020.1.2,MacIntel,60,,,,,,,,,,,,,,,,,,
,,,,z,1,0,1,1,5,1,Images/IncongruentLeft.jpeg,Incongruent Left,z,LUHAN CHEN,25,女,2021,N,Y,,,,2021-08-17_01h13.07.286,Tse_Altarriba_Simon1,2020.1.2,MacIntel,60,1.238,,,,,,,,,,,,,,,,,
,,,,z,1,0,2,2,0,1,Images/CongruentLeft.jpeg,Congruent Left,z,LUHAN CHEN,25,女,2021,N,Y,,,,2021-08-17_01h13.07.286,Tse_Altarriba_Simon1,2020.1.2,MacIntel,60,0.765,,,,,,,,,,,,,,,,,
,,,,m,1,0,3,3,11,1,Images/NeurtalRight.jpeg,Neutral Right,m,LUHAN CHEN,25,女,2021,N,Y,,,,2021-08-17_01h13.07.286,Tse_Altarriba_Simon1,2020.1.2,MacIntel,60,0.539,,,,,,,,,,,,,,,,,
,,,,z,1,0,4,4,1,1,Images/CongruentLeft.jpeg,Congruent Left,z,LUHAN CHEN,25,女,2021,N,Y,,,,2021-08-17_01h13.07.286,Tse_Altarriba_Simon1,2020.1.2,MacIntel,60,0.442,,,,,,,,,,,,,,,,,
,,,,z,1,0,5,5,4,1,Images/IncongruentLeft.jpeg,Incongruent Left,z,LUHAN CHEN,25,女,2021,N,Y,,,,2021-08-17_01h13.07.286,Tse_Altarriba_Simon1,2020.1.2,MacIntel,60,0.665,,,,,,,,,,,,,,,,,
,,,,z,1,0,6,6,9,1,Images/NeutralLeft.jpeg,Neutral Left,z,LUHAN CHEN,25,女,2021,N,Y,,,,2021-08-17_01h13.07.286,Tse_Altarriba_Simon1,2020.1.2,MacIntel,60,0.593,,,,,,,,,,,,,,,,,
,,,,m,1,0,7,7,2,1,Images/CongruentRight.jpeg,Congruent Right,m,LUHAN CHEN,25,女,2021,N,Y,,,,2021-08-17_01h13.07.286,Tse_Altarriba_Simon1,2020.1.2,MacIntel,60,0.583,,,,,,,,,,,,,,,,,
,,,,m,1,0,8,8,3,1,Images/CongruentRight.jpeg,Congruent Right,m,LUHAN CHEN,25,女,2021,N,Y,,,,2021-08-17_01h13.07.286,Tse_Altarriba_Simon1,2020.1.2,MacIntel,60,0.474,,,,,,,,,,,,,,,,,
,,,,m,1,0,9,9,6,1,Images/IncongruentRight.jpeg,Incongruent Right,m,LUHAN CHEN,25,女,2021,N,Y,,,,2021-08-17_01h13.07.286,Tse_Altarriba_Simon1,2020.1.2,MacIntel,60,0.589,,,,,,,,,,,,,,,,,
,,,,m,1,0,10,10,10,1,Images/NeurtalRight.jpeg,Neutral Right,m,LUHAN CHEN,25,女,2021,N,Y,,,,2021-08-17_01h13.07.286,Tse_Altarriba_Simon1,2020.1.2,MacIntel,60,0.538,,,,,,,,,,,,,,,,,
,,,,z,1,0,11,11,8,1,Images/NeutralLeft.jpeg,Neutral Left,z,LUHAN CHEN,25,女,2021,N,Y,,,,2021-08-17_01h13.07.286,Tse_Altarriba_Simon1,2020.1.2,MacIntel,60,0.601,,,,,,,,,,,,,,,,,
,,,,,,,,,,,Images/CongruentRight.jpeg,Congruent Right,m,LUHAN CHEN,25,女,2021,N,Y,,,,2021-08-17_01h13.07.286,Tse_Altarriba_Simon1,2020.1.2,MacIntel,60,,space,10.29,m,1,0.544,0,0,0,17,1,,,,,,,
,,,,,,,,,,,Images/IncongruentRight.jpeg,Incongruent Right,m,LUHAN CHEN,25,女,2021,N,Y,,,,2021-08-17_01h13.07.286,Tse_Altarriba_Simon1,2020.1.2,MacIntel,60,,,,m,1,0.585,0,1,1,30,1,,,,,,,
,,,,,,,,,,,Images/IncongruentRight.jpeg,Incongruent Right,m,LUHAN CHEN,25,女,2021,N,Y,,,,2021-08-17_01h13.07.286,Tse_Altarriba_Simon1,2020.1.2,MacIntel,60,,,,m,1,0.513,0,2,2,34,1,,,,,,,
,,,,,,,,,,,Images/CongruentLeft.jpeg,Congruent Left,z,LUHAN CHEN,25,女,2021,N,Y,,,,2021-08-17_01h13.07.286,Tse_Altarriba_Simon1,2020.1.2,MacIntel,60,,,,z,1,0.367,0,3,3,7,1,,,,,,,
,,,,,,,,,,,Images/CongruentRight.jpeg,Congruent Right,m,LUHAN CHEN,25,女,2021,N,Y,,,,2021-08-17_01h13.07.286,Tse_Altarriba_Simon1,2020.1.2,MacIntel,60,,,,m,1,0.602,0,4,4,10,1,,,,,,,
,,,,,,,,,,,Images/IncongruentRight.jpeg,Incongruent Right,m,LUHAN CHEN,25,女,2021,N,Y,,,,2021-08-17_01h13.07.286,Tse_Altarriba_Simon1,2020.1.2,MacIntel,60,,,,m,1,0.564,0,5,5,32,1,,,,,,,
,,,,,,,,,,,Images/NeutralLeft.jpeg,Neutral Left,z,LUHAN CHEN,25,女,2021,N,Y,,,,2021-08-17_01h13.07.286,Tse_Altarriba_Simon1,2020.1.2,MacIntel,60,,,,z,1,0.502,0,6,6,44,1,,,,,,,
,,,,,,,,,,,Images/CongruentLeft.jpeg,Congruent Left,z,LUHAN CHEN,25,女,2021,N,Y,,,,2021-08-17_01h13.07.286,Tse_Altarriba_Simon1,2020.1.2,MacIntel,60,,,,z,1,0.514,0,7,7,6,1,,,,,,,
,,,,,,,,,,,Images/NeutralLeft.jpeg,Neutral Left,z,LUHAN CHEN,25,女,2021,N,Y,,,,2021-08-17_01h13.07.286,Tse_Altarriba_Simon1,2020.1.2,MacIntel,60,,,,z,1,0.638,0,8,8,41,1,,,,,,,
,,,,,,,,,,,Images/NeutralLeft.jpeg,Neutral Left,z,LUHAN CHEN,25,女,2021,N,Y,,,,2021-08-17_01h13.07.286,Tse_Altarriba_Simon1,2020.1.2,MacIntel,60,,,,z,1,0.48,0,9,9,48,1,,,,,,,
,,,,,,,,,,,Images/IncongruentLeft.jpeg,Incongruent Left,z,LUHAN CHEN,25,女,2021,N,Y,,,,2021-08-17_01h13.07.286,Tse_Altarriba_Simon1,2020.1.2,MacIntel,60,,,,z,1,0.567,0,10,10,20,1,,,,,,,
,,,,,,,,,,,Images/NeutralLeft.jpeg,Neutral Left,z,LUHAN CHEN,25,女,2021,N,Y,,,,2021-08-17_01h13.07.286,Tse_Altarriba_Simon1,2020.1.2,MacIntel,60,,,,z,1,0.451,0,11,11,49,1,,,,,,,
,,,,,,,,,,,Images/IncongruentLeft.jpeg,Incongruent Left,z,LUHAN CHEN,25,女,2021,N,Y,,,,2021-08-17_01h13.07.286,Tse_Altarriba_Simon1,2020.1.2,MacIntel,60,,,,z,1,0.506,0,12,12,21,1,,,,,,,
,,,,,,,,,,,Images/IncongruentLeft.jpeg,Incongruent Left,z,LUHAN CHEN,25,女,2021,N,Y,,,,2021-08-17_01h13.07.286,Tse_Altarriba_Simon1,2020.1.2,MacIntel,60,,,,z,1,0.458,0,13,13,28,1,,,,,,,
,,,,,,,,,,,Images/CongruentLeft.jpeg,Congruent Left,z,LUHAN CHEN,25,女,2021,N,Y,,,,2021-08-17_01h13.07.286,Tse_Altarriba_Simon1,2020.1.2,MacIntel,60,,,,z,1,0.466,0,14,14,8,1,,,,,,,
,,,,,,,,,,,Images/IncongruentLeft.jpeg,Incongruent Left,z,LUHAN CHEN,25,女,2021,N,Y,,,,2021-08-17_01h13.07.286,Tse_Altarriba_Simon1,2020.1.2,MacIntel,60,,,,z,1,0.437,0,15,15,26,1,,,,,,,
,,,,,,,,,,,Images/NeurtalRight.jpeg,Neutral Right,m,LUHAN CHEN,25,女,2021,N,Y,,,,2021-08-17_01h13.07.286,Tse_Altarriba_Simon1,2020.1.2,MacIntel,60,,,,m,1,0.507,0,16,16,51,1,,,,,,,
,,,,,,,,,,,Images/NeutralLeft.jpeg,Neutral Left,z,LUHAN CHEN,25,女,2021,N,Y,,,,2021-08-17_01h13.07.286,Tse_Altarriba_Simon1,2020.1.2,MacIntel,60,,,,z,1,0.469,0,17,17,40,1,,,,,,,
,,,,,,,,,,,Images/IncongruentRight.jpeg,Incongruent Right,m,LUHAN CHEN,25,女,2021,N,Y,,,,2021-08-17_01h13.07.286,Tse_Altarriba_Simon1,2020.1.2,MacIntel,60,,,,m,1,0.61,0,18,18,31,1,,,,,,,
,,,,,,,,,,,Images/CongruentLeft.jpeg,Congruent Left,z,LUHAN CHEN,25,女,2021,N,Y,,,,2021-08-17_01h13.07.286,Tse_Altarriba_Simon1,2020.1.2,MacIntel,60,,,,z,1,0.493,0,19,19,3,1,,,,,,,
,,,,,,,,,,,Images/CongruentLeft.jpeg,Congruent Left,z,LUHAN CHEN,25,女,2021,N,Y,,,,2021-08-17_01h13.07.286,Tse_Altarriba_Simon1,2020.1.2,MacIntel,60,,,,z,1,0.587,0,20,20,9,1,,,,,,,
,,,,,,,,,,,Images/IncongruentRight.jpeg,Incongruent Right,m,LUHAN CHEN,25,女,2021,N,Y,,,,2021-08-17_01h13.07.286,Tse_Altarriba_Simon1,2020.1.2,MacIntel,60,,,,m,1,0.532,0,21,21,37,1,,,,,,,
,,,,,,,,,,,Images/NeurtalRight.jpeg,Neutral Right,m,LUHAN CHEN,25,女,2021,N,Y,,,,2021-08-17_01h13.07.286,Tse_Altarriba_Simon1,2020.1.2,MacIntel,60,,,,m,1,0.585,0,22,22,55,1,,,,,,,
,,,,,,,,,,,Images/CongruentRight.jpeg,Congruent Right,m,LUHAN CHEN,25,女,2021,N,Y,,,,2021-08-17_01h13.07.286,Tse_Altarriba_Simon1,2020.1.2,MacIntel,60,,,,m,1,0.5,0,23,23,11,1,,,,,,,
,,,,,,,,,,,Images/IncongruentRight.jpeg,Incongruent Right,m,LUHAN CHEN,25,女,2021,N,Y,,,,2021-08-17_01h13.07.286,Tse_Altarriba_Simon1,2020.1.2,MacIntel,60,,,,m,1,0.58,0,24,24,39,1,,,,,,,
,,,,,,,,,,,Images/NeutralLeft.jpeg,Neutral Left,z,LUHAN CHEN,25,女,2021,N,Y,,,,2021-08-17_01h13.07.286,Tse_Altarriba_Simon1,2020.1.2,MacIntel,60,,,,z,1,0.484,0,25,25,43,1,,,,,,,
,,,,,,,,,,,Images/CongruentLeft.jpeg,Congruent Left,z,LUHAN CHEN,25,女,2021,N,Y,,,,2021-08-17_01h13.07.286,Tse_Altarriba_Simon1,2020.1.2,MacIntel,60,,,,z,1,0.52,0,26,26,1,1,,,,,,,
,,,,,,,,,,,Images/NeurtalRight.jpeg,Neutral Right,m,LUHAN CHEN,25,女,2021,N,Y,,,,2021-08-17_01h13.07.286,Tse_Altarriba_Simon1,2020.1.2,MacIntel,60,,,,m,1,0.51,0,27,27,58,1,,,,,,,
,,,,,,,,,,,Images/CongruentRight.jpeg,Congruent Right,m,LUHAN CHEN,25,女,2021,N,Y,,,,2021-08-17_01h13.07.286,Tse_Altarriba_Simon1,2020.1.2,MacIntel,60,,,,m,1,0.476,0,28,28,12,1,,,,,,,
,,,,,,,,,,,Images/CongruentRight.jpeg,Congruent Right,m,LUHAN CHEN,25,女,2021,N,Y,,,,2021-08-17_01h13.07.286,Tse_Altarriba_Simon1,2020.1.2,MacIntel,60,,,,m,1,0.416,0,29,29,14,1,,,,,,,
,,,,,,,,,,,Images/NeurtalRight.jpeg,Neutral Right,m,LUHAN CHEN,25,女,2021,N,Y,,,,2021-08-17_01h13.07.286,Tse_Altarriba_Simon1,2020.1.2,MacIntel,60,,,,m,1,0.504,0,30,30,59,1,,,,,,,
,,,,,,,,,,,Images/NeurtalRight.jpeg,Neutral Right,m,LUHAN CHEN,25,女,2021,N,Y,,,,2021-08-17_01h13.07.286,Tse_Altarriba_Simon1,2020.1.2,MacIntel,60,,,,m,1,0.413,0,31,31,57,1,,,,,,,
,,,,,,,,,,,Images/CongruentLeft.jpeg,Congruent Left,z,LUHAN CHEN,25,女,2021,N,Y,,,,2021-08-17_01h13.07.286,Tse_Altarriba_Simon1,2020.1.2,MacIntel,60,,,,z,1,0.368,0,32,32,5,1,,,,,,,
,,,,,,,,,,,Images/NeutralLeft.jpeg,Neutral Left,z,LUHAN CHEN,25,女,2021,N,Y,,,,2021-08-17_01h13.07.286,Tse_Altarriba_Simon1,2020.1.2,MacIntel,60,,,,z,1,0.472,0,33,33,42,1,,,,,,,
,,,,,,,,,,,Images/NeurtalRight.jpeg,Neutral Right,m,LUHAN CHEN,25,女,2021,N,Y,,,,2021-08-17_01h13.07.286,Tse_Altarriba_Simon1,2020.1.2,MacIntel,60,,,,m,1,0.552,0,34,34,54,1,,,,,,,
,,,,,,,,,,,Images/IncongruentLeft.jpeg,Incongruent Left,z,LUHAN CHEN,25,女,2021,N,Y,,,,2021-08-17_01h13.07.286,Tse_Altarriba_Simon1,2020.1.2,MacIntel,60,,,,z,1,0.54,0,35,35,25,1,,,,,,,
,,,,,,,,,,,Images/NeurtalRight.jpeg,Neutral Right,m,LUHAN CHEN,25,女,2021,N,Y,,,,2021-08-17_01h13.07.286,Tse_Altarriba_Simon1,2020.1.2,MacIntel,60,,,,m,1,0.55,0,36,36,53,1,,,,,,,
,,,,,,,,,,,Images/CongruentLeft.jpeg,Congruent Left,z,LUHAN CHEN,25,女,2021,N,Y,,,,2021-08-17_01h13.07.286,Tse_Altarriba_Simon1,2020.1.2,MacIntel,60,,,,z,1,0.443,0,37,37,4,1,,,,,,,
,,,,,,,,,,,Images/NeurtalRight.jpeg,Neutral Right,m,LUHAN CHEN,25,女,2021,N,Y,,,,2021-08-17_01h13.07.286,Tse_Altarriba_Simon1,2020.1.2,MacIntel,60,,,,m,1,0.4,0,38,38,50,1,,,,,,,
,,,,,,,,,,,Images/CongruentLeft.jpeg,Congruent Left,z,LUHAN CHEN,25,女,2021,N,Y,,,,2021-08-17_01h13.07.286,Tse_Altarriba_Simon1,2020.1.2,MacIntel,60,,,,z,1,0.369,0,39,39,0,1,,,,,,,
,,,,,,,,,,,Images/IncongruentLeft.jpeg,Incongruent Left,z,LUHAN CHEN,25,女,2021,N,Y,,,,2021-08-17_01h13.07.286,Tse_Altarriba_Simon1,2020.1.2,MacIntel,60,,,,z,1,0.614,0,40,40,23,1,,,,,,,
,,,,,,,,,,,Images/IncongruentLeft.jpeg,Incongruent Left,z,LUHAN CHEN,25,女,2021,N,Y,,,,2021-08-17_01h13.07.286,Tse_Altarriba_Simon1,2020.1.2,MacIntel,60,,,,z,1,0.558,0,41,41,27,1,,,,,,,
,,,,,,,,,,,Images/NeutralLeft.jpeg,Neutral Left,z,LUHAN CHEN,25,女,2021,N,Y,,,,2021-08-17_01h13.07.286,Tse_Altarriba_Simon1,2020.1.2,MacIntel,60,,,,z,1,0.599,0,42,42,47,1,,,,,,,
,,,,,,,,,,,Images/CongruentLeft.jpeg,Congruent Left,z,LUHAN CHEN,25,女,2021,N,Y,,,,2021-08-17_01h13.07.286,Tse_Altarriba_Simon1,2020.1.2,MacIntel,60,,,,z,1,0.553,0,43,43,2,1,,,,,,,
,,,,,,,,,,,Images/CongruentRight.jpeg,Congruent Right,m,LUHAN CHEN,25,女,2021,N,Y,,,,2021-08-17_01h13.07.286,Tse_Altarriba_Simon1,2020.1.2,MacIntel,60,,,,m,1,0.542,0,44,44,19,1,,,,,,,
,,,,,,,,,,,Images/CongruentRight.jpeg,Congruent Right,m,LUHAN CHEN,25,女,2021,N,Y,,,,2021-08-17_01h13.07.286,Tse_Altarriba_Simon1,2020.1.2,MacIntel,60,,,,m,1,0.622,0,45,45,16,1,,,,,,,
,,,,,,,,,,,Images/NeurtalRight.jpeg,Neutral Right,m,LUHAN CHEN,25,女,2021,N,Y,,,,2021-08-17_01h13.07.286,Tse_Altarriba_Simon1,2020.1.2,MacIntel,60,,,,m,1,0.43,0,46,46,52,1,,,,,,,
,,,,,,,,,,,Images/CongruentRight.jpeg,Congruent Right,m,LUHAN CHEN,25,女,2021,N,Y,,,,2021-08-17_01h13.07.286,Tse_Altarriba_Simon1,2020.1.2,MacIntel,60,,,,m,1,0.517,0,47,47,13,1,,,,,,,
,,,,,,,,,,,Images/IncongruentLeft.jpeg,Incongruent Left,z,LUHAN CHEN,25,女,2021,N,Y,,,,2021-08-17_01h13.07.286,Tse_Altarriba_Simon1,2020.1.2,MacIntel,60,,,,z,1,0.561,0,48,48,29,1,,,,,,,
,,,,,,,,,,,Images/IncongruentLeft.jpeg,Incongruent Left,z,LUHAN CHEN,25,女,2021,N,Y,,,,2021-08-17_01h13.07.286,Tse_Altarriba_Simon1,2020.1.2,MacIntel,60,,,,z,1,0.529,0,49,49,22,1,,,,,,,
,,,,,,,,,,,Images/NeutralLeft.jpeg,Neutral Left,z,LUHAN CHEN,25,女,2021,N,Y,,,,2021-08-17_01h13.07.286,Tse_Altarriba_Simon1,2020.1.2,MacIntel,60,,,,z,1,0.425,0,50,50,45,1,,,,,,,
,,,,,,,,,,,Images/IncongruentRight.jpeg,Incongruent Right,m,LUHAN CHEN,25,女,2021,N,Y,,,,2021-08-17_01h13.07.286,Tse_Altarriba_Simon1,2020.1.2,MacIntel,60,,,,m,1,0.495,0,51,51,38,1,,,,,,,
,,,,,,,,,,,Images/CongruentRight.jpeg,Congruent Right,m,LUHAN CHEN,25,女,2021,N,Y,,,,2021-08-17_01h13.07.286,Tse_Altarriba_Simon1,2020.1.2,MacIntel,60,,,,m,1,0.423,0,52,52,18,1,,,,,,,
,,,,,,,,,,,Images/IncongruentRight.jpeg,Incongruent Right,m,LUHAN CHEN,25,女,2021,N,Y,,,,2021-08-17_01h13.07.286,Tse_Altarriba_Simon1,2020.1.2,MacIntel,60,,,,m,1,0.599,0,53,53,36,1,,,,,,,
,,,,,,,,,,,Images/CongruentRight.jpeg,Congruent Right,m,LUHAN CHEN,25,女,2021,N,Y,,,,2021-08-17_01h13.07.286,Tse_Altarriba_Simon1,2020.1.2,MacIntel,60,,,,m,1,0.502,0,54,54,15,1,,,,,,,
,,,,,,,,,,,Images/IncongruentRight.jpeg,Incongruent Right,m,LUHAN CHEN,25,女,2021,N,Y,,,,2021-08-17_01h13.07.286,Tse_Altarriba_Simon1,2020.1.2,MacIntel,60,,,,m,1,0.427,0,55,55,33,1,,,,,,,
,,,,,,,,,,,Images/NeurtalRight.jpeg,Neutral Right,m,LUHAN CHEN,25,女,2021,N,Y,,,,2021-08-17_01h13.07.286,Tse_Altarriba_Simon1,2020.1.2,MacIntel,60,,,,m,1,0.591,0,56,56,56,1,,,,,,,
,,,,,,,,,,,Images/NeutralLeft.jpeg,Neutral Left,z,LUHAN CHEN,25,女,2021,N,Y,,,,2021-08-17_01h13.07.286,Tse_Altarriba_Simon1,2020.1.2,MacIntel,60,,,,z,1,0.541,0,57,57,46,1,,,,,,,
,,,,,,,,,,,Images/IncongruentLeft.jpeg,Incongruent Left,z,LUHAN CHEN,25,女,2021,N,Y,,,,2021-08-17_01h13.07.286,Tse_Altarriba_Simon1,2020.1.2,MacIntel,60,,,,z,1,0.566,0,58,58,24,1,,,,,,,
,,,,,,,,,,,Images/IncongruentRight.jpeg,Incongruent Right,m,LUHAN CHEN,25,女,2021,N,Y,,,,2021-08-17_01h13.07.286,Tse_Altarriba_Simon1,2020.1.2,MacIntel,60,,,,m,1,0.532,0,59,59,35,1,,,,,,,
,,,,,,,,,,,Images/IncongruentLeft.jpeg,Incongruent Left,z,LUHAN CHEN,25,女,2021,N,Y,,,,2021-08-17_01h13.07.286,Tse_Altarriba_Simon1,2020.1.2,MacIntel,60,,,,z,1,0.641,,,,,,space,2.328,0,0,0,24,1
,,,,,,,,,,,Images/NeutralLeft.jpeg,Neutral Left,z,LUHAN CHEN,25,女,2021,N,Y,,,,2021-08-17_01h13.07.286,Tse_Altarriba_Simon1,2020.1.2,MacIntel,60,,,,z,1,0.466,,,,,,,,0,1,1,41,1
,,,,,,,,,,,Images/CongruentRight.jpeg,Congruent Right,m,LUHAN CHEN,25,女,2021,N,Y,,,,2021-08-17_01h13.07.286,Tse_Altarriba_Simon1,2020.1.2,MacIntel,60,,,,m,1,0.449,,,,,,,,0,2,2,16,1
,,,,,,,,,,,Images/CongruentRight.jpeg,Congruent Right,m,LUHAN CHEN,25,女,2021,N,Y,,,,2021-08-17_01h13.07.286,Tse_Altarriba_Simon1,2020.1.2,MacIntel,60,,,,m,1,0.482,,,,,,,,0,3,3,10,1
,,,,,,,,,,,Images/IncongruentLeft.jpeg,Incongruent Left,z,LUHAN CHEN,25,女,2021,N,Y,,,,2021-08-17_01h13.07.286,Tse_Altarriba_Simon1,2020.1.2,MacIntel,60,,,,z,1,0.54,,,,,,,,0,4,4,26,1
,,,,,,,,,,,Images/CongruentLeft.jpeg,Congruent Left,z,LUHAN CHEN,25,女,2021,N,Y,,,,2021-08-17_01h13.07.286,Tse_Altarriba_Simon1,2020.1.2,MacIntel,60,,,,z,1,0.477,,,,,,,,0,5,5,6,1
,,,,,,,,,,,Images/NeurtalRight.jpeg,Neutral Right,m,LUHAN CHEN,25,女,2021,N,Y,,,,2021-08-17_01h13.07.286,Tse_Altarriba_Simon1,2020.1.2,MacIntel,60,,,,m,1,0.431,,,,,,,,0,6,6,50,1
,,,,,,,,,,,Images/CongruentRight.jpeg,Congruent Right,m,LUHAN CHEN,25,女,2021,N,Y,,,,2021-08-17_01h13.07.286,Tse_Altarriba_Simon1,2020.1.2,MacIntel,60,,,,m,1,0.436,,,,,,,,0,7,7,14,1
,,,,,,,,,,,Images/CongruentRight.jpeg,Congruent Right,m,LUHAN CHEN,25,女,2021,N,Y,,,,2021-08-17_01h13.07.286,Tse_Altarriba_Simon1,2020.1.2,MacIntel,60,,,,m,1,0.413,,,,,,,,0,8,8,13,1
,,,,,,,,,,,Images/IncongruentLeft.jpeg,Incongruent Left,z,LUHAN CHEN,25,女,2021,N,Y,,,,2021-08-17_01h13.07.286,Tse_Altarriba_Simon1,2020.1.2,MacIntel,60,,,,z,1,0.491,,,,,,,,0,9,9,20,1
,,,,,,,,,,,Images/NeutralLeft.jpeg,Neutral Left,z,LUHAN CHEN,25,女,2021,N,Y,,,,2021-08-17_01h13.07.286,Tse_Altarriba_Simon1,2020.1.2,MacIntel,60,,,,z,1,0.483,,,,,,,,0,10,10,47,1
,,,,,,,,,,,Images/CongruentRight.jpeg,Congruent Right,m,LUHAN CHEN,25,女,2021,N,Y,,,,2021-08-17_01h13.07.286,Tse_Altarriba_Simon1,2020.1.2,MacIntel,60,,,,m,1,0.542,,,,,,,,0,11,11,17,1
,,,,,,,,,,,Images/NeutralLeft.jpeg,Neutral Left,z,LUHAN CHEN,25,女,2021,N,Y,,,,2021-08-17_01h13.07.286,Tse_Altarriba_Simon1,2020.1.2,MacIntel,60,,,,z,1,0.453,,,,,,,,0,12,12,40,1
,,,,,,,,,,,Images/IncongruentRight.jpeg,Incongruent Right,m,LUHAN CHEN,25,女,2021,N,Y,,,,2021-08-17_01h13.07.286,Tse_Altarriba_Simon1,2020.1.2,MacIntel,60,,,,m,1,0.56,,,,,,,,0,13,13,33,1
,,,,,,,,,,,Images/NeurtalRight.jpeg,Neutral Right,m,LUHAN CHEN,25,女,2021,N,Y,,,,2021-08-17_01h13.07.286,Tse_Altarriba_Simon1,2020.1.2,MacIntel,60,,,,m,1,0.429,,,,,,,,0,14,14,53,1
,,,,,,,,,,,Images/NeurtalRight.jpeg,Neutral Right,m,LUHAN CHEN,25,女,2021,N,Y,,,,2021-08-17_01h13.07.286,Tse_Altarriba_Simon1,2020.1.2,MacIntel,60,,,,m,1,0.396,,,,,,,,0,15,15,52,1
,,,,,,,,,,,Images/CongruentRight.jpeg,Congruent Right,m,LUHAN CHEN,25,女,2021,N,Y,,,,2021-08-17_01h13.07.286,Tse_Altarriba_Simon1,2020.1.2,MacIntel,60,,,,m,1,0.385,,,,,,,,0,16,16,19,1
,,,,,,,,,,,Images/IncongruentLeft.jpeg,Incongruent Left,z,LUHAN CHEN,25,女,2021,N,Y,,,,2021-08-17_01h13.07.286,Tse_Altarriba_Simon1,2020.1.2,MacIntel,60,,,,m,0,0.283,,,,,,,,0,17,17,29,1
,,,,,,,,,,,Images/NeurtalRight.jpeg,Neutral Right,m,LUHAN CHEN,25,女,2021,N,Y,,,,2021-08-17_01h13.07.286,Tse_Altarriba_Simon1,2020.1.2,MacIntel,60,,,,m,1,0.609,,,,,,,,0,18,18,51,1
,,,,,,,,,,,Images/NeutralLeft.jpeg,Neutral Left,z,LUHAN CHEN,25,女,2021,N,Y,,,,2021-08-17_01h13.07.286,Tse_Altarriba_Simon1,2020.1.2,MacIntel,60,,,,z,1,0.431,,,,,,,,0,19,19,42,1
,,,,,,,,,,,Images/IncongruentRight.jpeg,Incongruent Right,m,LUHAN CHEN,25,女,2021,N,Y,,,,2021-08-17_01h13.07.286,Tse_Altarriba_Simon1,2020.1.2,MacIntel,60,,,,m,1,0.545,,,,,,,,0,20,20,31,1
,,,,,,,,,,,Images/IncongruentRight.jpeg,Incongruent Right,m,LUHAN CHEN,25,女,2021,N,Y,,,,2021-08-17_01h13.07.286,Tse_Altarriba_Simon1,2020.1.2,MacIntel,60,,,,m,1,0.579,,,,,,,,0,21,21,35,1
,,,,,,,,,,,Images/IncongruentLeft.jpeg,Incongruent Left,z,LUHAN CHEN,25,女,2021,N,Y,,,,2021-08-17_01h13.07.286,Tse_Altarriba_Simon1,2020.1.2,MacIntel,60,,,,z,1,0.523,,,,,,,,0,22,22,23,1
,,,,,,,,,,,Images/IncongruentRight.jpeg,Incongruent Right,m,LUHAN CHEN,25,女,2021,N,Y,,,,2021-08-17_01h13.07.286,Tse_Altarriba_Simon1,2020.1.2,MacIntel,60,,,,m,1,0.585,,,,,,,,0,23,23,30,1
,,,,,,,,,,,Images/NeutralLeft.jpeg,Neutral Left,z,LUHAN CHEN,25,女,2021,N,Y,,,,2021-08-17_01h13.07.286,Tse_Altarriba_Simon1,2020.1.2,MacIntel,60,,,,z,1,0.532,,,,,,,,0,24,24,45,1
,,,,,,,,,,,Images/CongruentRight.jpeg,Congruent Right,m,LUHAN CHEN,25,女,2021,N,Y,,,,2021-08-17_01h13.07.286,Tse_Altarriba_Simon1,2020.1.2,MacIntel,60,,,,m,1,0.474,,,,,,,,0,25,25,11,1
,,,,,,,,,,,Images/NeutralLeft.jpeg,Neutral Left,z,LUHAN CHEN,25,女,2021,N,Y,,,,2021-08-17_01h13.07.286,Tse_Altarriba_Simon1,2020.1.2,MacIntel,60,,,,z,1,0.54,,,,,,,,0,26,26,44,1
,,,,,,,,,,,Images/IncongruentRight.jpeg,Incongruent Right,m,LUHAN CHEN,25,女,2021,N,Y,,,,2021-08-17_01h13.07.286,Tse_Altarriba_Simon1,2020.1.2,MacIntel,60,,,,m,1,0.613,,,,,,,,0,27,27,37,1
,,,,,,,,,,,Images/CongruentLeft.jpeg,Congruent Left,z,LUHAN CHEN,25,女,2021,N,Y,,,,2021-08-17_01h13.07.286,Tse_Altarriba_Simon1,2020.1.2,MacIntel,60,,,,z,1,0.478,,,,,,,,0,28,28,2,1
,,,,,,,,,,,Images/NeutralLeft.jpeg,Neutral Left,z,LUHAN CHEN,25,女,2021,N,Y,,,,2021-08-17_01h13.07.286,Tse_Altarriba_Simon1,2020.1.2,MacIntel,60,,,,z,1,0.721,,,,,,,,0,29,29,46,1
,,,,,,,,,,,Images/IncongruentRight.jpeg,Incongruent Right,m,LUHAN CHEN,25,女,2021,N,Y,,,,2021-08-17_01h13.07.286,Tse_Altarriba_Simon1,2020.1.2,MacIntel,60,,,,m,1,0.568,,,,,,,,0,30,30,32,1
,,,,,,,,,,,Images/CongruentLeft.jpeg,Congruent Left,z,LUHAN CHEN,25,女,2021,N,Y,,,,2021-08-17_01h13.07.286,Tse_Altarriba_Simon1,2020.1.2,MacIntel,60,,,,z,1,0.508,,,,,,,,0,31,31,5,1
,,,,,,,,,,,Images/NeurtalRight.jpeg,Neutral Right,m,LUHAN CHEN,25,女,2021,N,Y,,,,2021-08-17_01h13.07.286,Tse_Altarriba_Simon1,2020.1.2,MacIntel,60,,,,m,1,0.533,,,,,,,,0,32,32,54,1
,,,,,,,,,,,Images/CongruentRight.jpeg,Congruent Right,m,LUHAN CHEN,25,女,2021,N,Y,,,,2021-08-17_01h13.07.286,Tse_Altarriba_Simon1,2020.1.2,MacIntel,60,,,,m,1,0.576,,,,,,,,0,33,33,15,1
,,,,,,,,,,,Images/CongruentLeft.jpeg,Congruent Left,z,LUHAN CHEN,25,女,2021,N,Y,,,,2021-08-17_01h13.07.286,Tse_Altarriba_Simon1,2020.1.2,MacIntel,60,,,,z,1,0.427,,,,,,,,0,34,34,1,1
,,,,,,,,,,,Images/IncongruentLeft.jpeg,Incongruent Left,z,LUHAN CHEN,25,女,2021,N,Y,,,,2021-08-17_01h13.07.286,Tse_Altarriba_Simon1,2020.1.2,MacIntel,60,,,,z,1,0.732,,,,,,,,0,35,35,22,1
,,,,,,,,,,,Images/NeurtalRight.jpeg,Neutral Right,m,LUHAN CHEN,25,女,2021,N,Y,,,,2021-08-17_01h13.07.286,Tse_Altarriba_Simon1,2020.1.2,MacIntel,60,,,,m,1,0.652,,,,,,,,0,36,36,58,1
,,,,,,,,,,,Images/NeutralLeft.jpeg,Neutral Left,z,LUHAN CHEN,25,女,2021,N,Y,,,,2021-08-17_01h13.07.286,Tse_Altarriba_Simon1,2020.1.2,MacIntel,60,,,,z,1,0.562,,,,,,,,0,37,37,49,1
,,,,,,,,,,,Images/IncongruentLeft.jpeg,Incongruent Left,z,LUHAN CHEN,25,女,2021,N,Y,,,,2021-08-17_01h13.07.286,Tse_Altarriba_Simon1,2020.1.2,MacIntel,60,,,,z,1,0.69,,,,,,,,0,38,38,27,1
,,,,,,,,,,,Images/CongruentRight.jpeg,Congruent Right,m,LUHAN CHEN,25,女,2021,N,Y,,,,2021-08-17_01h13.07.286,Tse_Altarriba_Simon1,2020.1.2,MacIntel,60,,,,m,1,0.741,,,,,,,,0,39,39,18,1
,,,,,,,,,,,Images/IncongruentLeft.jpeg,Incongruent Left,z,LUHAN CHEN,25,女,2021,N,Y,,,,2021-08-17_01h13.07.286,Tse_Altarriba_Simon1,2020.1.2,MacIntel,60,,,,z,1,0.62,,,,,,,,0,40,40,21,1
,,,,,,,,,,,Images/CongruentLeft.jpeg,Congruent Left,z,LUHAN CHEN,25,女,2021,N,Y,,,,2021-08-17_01h13.07.286,Tse_Altarriba_Simon1,2020.1.2,MacIntel,60,,,,z,1,0.673,,,,,,,,0,41,41,4,1
,,,,,,,,,,,Images/CongruentLeft.jpeg,Congruent Left,z,LUHAN CHEN,25,女,2021,N,Y,,,,2021-08-17_01h13.07.286,Tse_Altarriba_Simon1,2020.1.2,MacIntel,60,,,,z,1,0.498,,,,,,,,0,42,42,7,1
,,,,,,,,,,,Images/NeutralLeft.jpeg,Neutral Left,z,LUHAN CHEN,25,女,2021,N,Y,,,,2021-08-17_01h13.07.286,Tse_Altarriba_Simon1,2020.1.2,MacIntel,60,,,,z,1,0.561,,,,,,,,0,43,43,48,1
,,,,,,,,,,,Images/IncongruentRight.jpeg,Incongruent Right,m,LUHAN CHEN,25,女,2021,N,Y,,,,2021-08-17_01h13.07.286,Tse_Altarriba_Simon1,2020.1.2,MacIntel,60,,,,m,1,0.572,,,,,,,,0,44,44,39,1
,,,,,,,,,,,Images/NeurtalRight.jpeg,Neutral Right,m,LUHAN CHEN,25,女,2021,N,Y,,,,2021-08-17_01h13.07.286,Tse_Altarriba_Simon1,2020.1.2,MacIntel,60,,,,m,1,0.522,,,,,,,,0,45,45,57,1
,,,,,,,,,,,Images/IncongruentRight.jpeg,Incongruent Right,m,LUHAN CHEN,25,女,2021,N,Y,,,,2021-08-17_01h13.07.286,Tse_Altarriba_Simon1,2020.1.2,MacIntel,60,,,,m,1,0.435,,,,,,,,0,46,46,38,1
,,,,,,,,,,,Images/IncongruentLeft.jpeg,Incongruent Left,z,LUHAN CHEN,25,女,2021,N,Y,,,,2021-08-17_01h13.07.286,Tse_Altarriba_Simon1,2020.1.2,MacIntel,60,,,,z,1,0.745,,,,,,,,0,47,47,28,1
,,,,,,,,,,,Images/CongruentLeft.jpeg,Congruent Left,z,LUHAN CHEN,25,女,2021,N,Y,,,,2021-08-17_01h13.07.286,Tse_Altarriba_Simon1,2020.1.2,MacIntel,60,,,,z,1,0.517,,,,,,,,0,48,48,3,1
,,,,,,,,,,,Images/NeurtalRight.jpeg,Neutral Right,m,LUHAN CHEN,25,女,2021,N,Y,,,,2021-08-17_01h13.07.286,Tse_Altarriba_Simon1,2020.1.2,MacIntel,60,,,,m,1,0.496,,,,,,,,0,49,49,55,1
,,,,,,,,,,,Images/CongruentRight.jpeg,Congruent Right,m,LUHAN CHEN,25,女,2021,N,Y,,,,2021-08-17_01h13.07.286,Tse_Altarriba_Simon1,2020.1.2,MacIntel,60,,,,m,1,0.57,,,,,,,,0,50,50,12,1
,,,,,,,,,,,Images/IncongruentLeft.jpeg,Incongruent Left,z,LUHAN CHEN,25,女,2021,N,Y,,,,2021-08-17_01h13.07.286,Tse_Altarriba_Simon1,2020.1.2,MacIntel,60,,,,z,1,0.588,,,,,,,,0,51,51,25,1
,,,,,,,,,,,Images/NeurtalRight.jpeg,Neutral Right,m,LUHAN CHEN,25,女,2021,N,Y,,,,2021-08-17_01h13.07.286,Tse_Altarriba_Simon1,2020.1.2,MacIntel,60,,,,m,1,0.502,,,,,,,,0,52,52,59,1
,,,,,,,,,,,Images/CongruentLeft.jpeg,Congruent Left,z,LUHAN CHEN,25,女,2021,N,Y,,,,2021-08-17_01h13.07.286,Tse_Altarriba_Simon1,2020.1.2,MacIntel,60,,,,z,1,0.507,,,,,,,,0,53,53,8,1
,,,,,,,,,,,Images/CongruentLeft.jpeg,Congruent Left,z,LUHAN CHEN,25,女,2021,N,Y,,,,2021-08-17_01h13.07.286,Tse_Altarriba_Simon1,2020.1.2,MacIntel,60,,,,z,1,0.518,,,,,,,,0,54,54,0,1
,,,,,,,,,,,Images/IncongruentRight.jpeg,Incongruent Right,m,LUHAN CHEN,25,女,2021,N,Y,,,,2021-08-17_01h13.07.286,Tse_Altarriba_Simon1,2020.1.2,MacIntel,60,,,,m,1,0.5,,,,,,,,0,55,55,36,1
,,,,,,,,,,,Images/CongruentLeft.jpeg,Congruent Left,z,LUHAN CHEN,25,女,2021,N,Y,,,,2021-08-17_01h13.07.286,Tse_Altarriba_Simon1,2020.1.2,MacIntel,60,,,,z,1,0.533,,,,,,,,0,56,56,9,1
,,,,,,,,,,,Images/NeutralLeft.jpeg,Neutral Left,z,LUHAN CHEN,25,女,2021,N,Y,,,,2021-08-17_01h13.07.286,Tse_Altarriba_Simon1,2020.1.2,MacIntel,60,,,,z,1,0.642,,,,,,,,0,57,57,43,1
,,,,,,,,,,,Images/NeurtalRight.jpeg,Neutral Right,m,LUHAN CHEN,25,女,2021,N,Y,,,,2021-08-17_01h13.07.286,Tse_Altarriba_Simon1,2020.1.2,MacIntel,60,,,,m,1,0.601,,,,,,,,0,58,58,56,1
,,,,,,,,,,,Images/IncongruentRight.jpeg,Incongruent Right,m,LUHAN CHEN,25,女,2021,N,Y,,,,2021-08-17_01h13.07.286,Tse_Altarriba_Simon1,2020.1.2,MacIntel,60,,,,m,1,0.537,,,,,,,,0,59,59,34,1
