Space1.keys,Space1.rt,Space2.keys,Space2.rt,response.keys,response.corr,response.rt,Practice_loop.thisRepN,Practice_loop.thisTrialN,Practice_loop.thisN,Practice_loop.thisIndex,Practice_loop.ran,ImageFile,Condition,CorrAns,Your initials,What is your age?,What is your gender?,What year are you in?,Are you Dyslexic? (Y/N),Are you bi/multilingual? (Y/N),What is your first language?,"What is your second language? (if you are monollingual, leave blank)",What other languages do you speak?,date,expName,psychopyVersion,OS,frameRate,Space3.keys,Space3.rt,key_resp_2.keys,key_resp_2.corr,key_resp_2.rt,trials.thisRepN,trials.thisTrialN,trials.thisN,trials.thisIndex,trials.ran,Space4.keys,Space4.rt,trials_2.thisRepN,trials_2.thisTrialN,trials_2.thisN,trials_2.thisIndex,trials_2.ran
space,3.2384,space,18.4831,m,1,1.0473,0,0,0,10,1,Images/NeurtalRight.jpeg,Neutral Right,m,YouweiZhao,24,Male,Master,N,Y,Mandarin,English,Japanese,2021-08-19_11h44.21.820,Tse_Altarriba_Simon1,2020.1.2,Win32,60,,,,,,,,,,,,,,,,,
,,,,z,1,0.3638,0,1,1,1,1,Images/CongruentLeft.jpeg,Congruent Left,z,YouweiZhao,24,Male,Master,N,Y,Mandarin,English,Japanese,2021-08-19_11h44.21.820,Tse_Altarriba_Simon1,2020.1.2,Win32,60,,,,,,,,,,,,,,,,,
,,,,z,1,0.5569,0,2,2,4,1,Images/IncongruentLeft.jpeg,Incongruent Left,z,YouweiZhao,24,Male,Master,N,Y,Mandarin,English,Japanese,2021-08-19_11h44.21.820,Tse_Altarriba_Simon1,2020.1.2,Win32,60,,,,,,,,,,,,,,,,,
,,,,m,1,0.4385,0,3,3,3,1,Images/CongruentRight.jpeg,Congruent Right,m,YouweiZhao,24,Male,Master,N,Y,Mandarin,English,Japanese,2021-08-19_11h44.21.820,Tse_Altarriba_Simon1,2020.1.2,Win32,60,,,,,,,,,,,,,,,,,
,,,,m,1,0.4582,0,4,4,11,1,Images/NeurtalRight.jpeg,Neutral Right,m,YouweiZhao,24,Male,Master,N,Y,Mandarin,English,Japanese,2021-08-19_11h44.21.820,Tse_Altarriba_Simon1,2020.1.2,Win32,60,,,,,,,,,,,,,,,,,
,,,,z,1,0.3087,0,5,5,9,1,Images/NeutralLeft.jpeg,Neutral Left,z,YouweiZhao,24,Male,Master,N,Y,Mandarin,English,Japanese,2021-08-19_11h44.21.820,Tse_Altarriba_Simon1,2020.1.2,Win32,60,,,,,,,,,,,,,,,,,
,,,,z,1,0.3043,0,6,6,0,1,Images/CongruentLeft.jpeg,Congruent Left,z,YouweiZhao,24,Male,Master,N,Y,Mandarin,English,Japanese,2021-08-19_11h44.21.820,Tse_Altarriba_Simon1,2020.1.2,Win32,60,,,,,,,,,,,,,,,,,
,,,,m,1,0.537,0,7,7,6,1,Images/IncongruentRight.jpeg,Incongruent Right,m,YouweiZhao,24,Male,Master,N,Y,Mandarin,English,Japanese,2021-08-19_11h44.21.820,Tse_Altarriba_Simon1,2020.1.2,Win32,60,,,,,,,,,,,,,,,,,
,,,,m,1,0.3405,0,8,8,2,1,Images/CongruentRight.jpeg,Congruent Right,m,YouweiZhao,24,Male,Master,N,Y,Mandarin,English,Japanese,2021-08-19_11h44.21.820,Tse_Altarriba_Simon1,2020.1.2,Win32,60,,,,,,,,,,,,,,,,,
,,,,m,1,0.4209,0,9,9,7,1,Images/IncongruentRight.jpeg,Incongruent Right,m,YouweiZhao,24,Male,Master,N,Y,Mandarin,English,Japanese,2021-08-19_11h44.21.820,Tse_Altarriba_Simon1,2020.1.2,Win32,60,,,,,,,,,,,,,,,,,
,,,,z,1,0.4043,0,10,10,5,1,Images/IncongruentLeft.jpeg,Incongruent Left,z,YouweiZhao,24,Male,Master,N,Y,Mandarin,English,Japanese,2021-08-19_11h44.21.820,Tse_Altarriba_Simon1,2020.1.2,Win32,60,,,,,,,,,,,,,,,,,
,,,,z,1,0.3888,0,11,11,8,1,Images/NeutralLeft.jpeg,Neutral Left,z,YouweiZhao,24,Male,Master,N,Y,Mandarin,English,Japanese,2021-08-19_11h44.21.820,Tse_Altarriba_Simon1,2020.1.2,Win32,60,,,,,,,,,,,,,,,,,
,,,,,,,,,,,,Images/IncongruentRight.jpeg,Incongruent Right,m,YouweiZhao,24,Male,Master,N,Y,Mandarin,English,Japanese,2021-08-19_11h44.21.820,Tse_Altarriba_Simon1,2020.1.2,Win32,60,space,11.9071,m,1,0.5112,0,0,0,37,1,,,,,,,
,,,,,,,,,,,,Images/NeurtalRight.jpeg,Neutral Right,m,YouweiZhao,24,Male,Master,N,Y,Mandarin,English,Japanese,2021-08-19_11h44.21.820,Tse_Altarriba_Simon1,2020.1.2,Win32,60,,,m,1,0.435,0,1,1,57,1,,,,,,,
,,,,,,,,,,,,Images/NeurtalRight.jpeg,Neutral Right,m,YouweiZhao,24,Male,Master,N,Y,Mandarin,English,Japanese,2021-08-19_11h44.21.820,Tse_Altarriba_Simon1,2020.1.2,Win32,60,,,m,1,0.3843,0,2,2,58,1,,,,,,,
,,,,,,,,,,,,Images/CongruentLeft.jpeg,Congruent Left,z,YouweiZhao,24,Male,Master,N,Y,Mandarin,English,Japanese,2021-08-19_11h44.21.820,Tse_Altarriba_Simon1,2020.1.2,Win32,60,,,z,1,0.3084,0,3,3,8,1,,,,,,,
,,,,,,,,,,,,Images/IncongruentLeft.jpeg,Incongruent Left,z,YouweiZhao,24,Male,Master,N,Y,Mandarin,English,Japanese,2021-08-19_11h44.21.820,Tse_Altarriba_Simon1,2020.1.2,Win32,60,,,z,1,0.4147,0,4,4,26,1,,,,,,,
,,,,,,,,,,,,Images/IncongruentRight.jpeg,Incongruent Right,m,YouweiZhao,24,Male,Master,N,Y,Mandarin,English,Japanese,2021-08-19_11h44.21.820,Tse_Altarriba_Simon1,2020.1.2,Win32,60,,,m,1,0.3847,0,5,5,31,1,,,,,,,
,,,,,,,,,,,,Images/CongruentLeft.jpeg,Congruent Left,z,YouweiZhao,24,Male,Master,N,Y,Mandarin,English,Japanese,2021-08-19_11h44.21.820,Tse_Altarriba_Simon1,2020.1.2,Win32,60,,,z,1,0.3004,0,6,6,2,1,,,,,,,
,,,,,,,,,,,,Images/NeutralLeft.jpeg,Neutral Left,z,YouweiZhao,24,Male,Master,N,Y,Mandarin,English,Japanese,2021-08-19_11h44.21.820,Tse_Altarriba_Simon1,2020.1.2,Win32,60,,,z,1,0.3469,0,7,7,49,1,,,,,,,
,,,,,,,,,,,,Images/NeurtalRight.jpeg,Neutral Right,m,YouweiZhao,24,Male,Master,N,Y,Mandarin,English,Japanese,2021-08-19_11h44.21.820,Tse_Altarriba_Simon1,2020.1.2,Win32,60,,,m,1,0.3661,0,8,8,54,1,,,,,,,
,,,,,,,,,,,,Images/IncongruentRight.jpeg,Incongruent Right,m,YouweiZhao,24,Male,Master,N,Y,Mandarin,English,Japanese,2021-08-19_11h44.21.820,Tse_Altarriba_Simon1,2020.1.2,Win32,60,,,m,1,0.3694,0,9,9,32,1,,,,,,,
,,,,,,,,,,,,Images/IncongruentRight.jpeg,Incongruent Right,m,YouweiZhao,24,Male,Master,N,Y,Mandarin,English,Japanese,2021-08-19_11h44.21.820,Tse_Altarriba_Simon1,2020.1.2,Win32,60,,,m,1,0.3718,0,10,10,39,1,,,,,,,
,,,,,,,,,,,,Images/IncongruentLeft.jpeg,Incongruent Left,z,YouweiZhao,24,Male,Master,N,Y,Mandarin,English,Japanese,2021-08-19_11h44.21.820,Tse_Altarriba_Simon1,2020.1.2,Win32,60,,,z,1,0.354,0,11,11,25,1,,,,,,,
,,,,,,,,,,,,Images/IncongruentLeft.jpeg,Incongruent Left,z,YouweiZhao,24,Male,Master,N,Y,Mandarin,English,Japanese,2021-08-19_11h44.21.820,Tse_Altarriba_Simon1,2020.1.2,Win32,60,,,z,1,0.3888,0,12,12,29,1,,,,,,,
,,,,,,,,,,,,Images/IncongruentRight.jpeg,Incongruent Right,m,YouweiZhao,24,Male,Master,N,Y,Mandarin,English,Japanese,2021-08-19_11h44.21.820,Tse_Altarriba_Simon1,2020.1.2,Win32,60,,,m,1,0.4098,0,13,13,30,1,,,,,,,
,,,,,,,,,,,,Images/NeutralLeft.jpeg,Neutral Left,z,YouweiZhao,24,Male,Master,N,Y,Mandarin,English,Japanese,2021-08-19_11h44.21.820,Tse_Altarriba_Simon1,2020.1.2,Win32,60,,,z,1,0.3205,0,14,14,45,1,,,,,,,
,,,,,,,,,,,,Images/CongruentLeft.jpeg,Congruent Left,z,YouweiZhao,24,Male,Master,N,Y,Mandarin,English,Japanese,2021-08-19_11h44.21.820,Tse_Altarriba_Simon1,2020.1.2,Win32,60,,,z,1,0.4211,0,15,15,9,1,,,,,,,
,,,,,,,,,,,,Images/NeutralLeft.jpeg,Neutral Left,z,YouweiZhao,24,Male,Master,N,Y,Mandarin,English,Japanese,2021-08-19_11h44.21.820,Tse_Altarriba_Simon1,2020.1.2,Win32,60,,,z,1,0.3689,0,16,16,44,1,,,,,,,
,,,,,,,,,,,,Images/CongruentRight.jpeg,Congruent Right,m,YouweiZhao,24,Male,Master,N,Y,Mandarin,English,Japanese,2021-08-19_11h44.21.820,Tse_Altarriba_Simon1,2020.1.2,Win32,60,,,m,1,0.3609,0,17,17,19,1,,,,,,,
,,,,,,,,,,,,Images/IncongruentLeft.jpeg,Incongruent Left,z,YouweiZhao,24,Male,Master,N,Y,Mandarin,English,Japanese,2021-08-19_11h44.21.820,Tse_Altarriba_Simon1,2020.1.2,Win32,60,,,z,1,0.3291,0,18,18,22,1,,,,,,,
,,,,,,,,,,,,Images/CongruentRight.jpeg,Congruent Right,m,YouweiZhao,24,Male,Master,N,Y,Mandarin,English,Japanese,2021-08-19_11h44.21.820,Tse_Altarriba_Simon1,2020.1.2,Win32,60,,,m,1,0.3772,0,19,19,13,1,,,,,,,
,,,,,,,,,,,,Images/NeurtalRight.jpeg,Neutral Right,m,YouweiZhao,24,Male,Master,N,Y,Mandarin,English,Japanese,2021-08-19_11h44.21.820,Tse_Altarriba_Simon1,2020.1.2,Win32,60,,,m,1,0.3903,0,20,20,50,1,,,,,,,
,,,,,,,,,,,,Images/NeurtalRight.jpeg,Neutral Right,m,YouweiZhao,24,Male,Master,N,Y,Mandarin,English,Japanese,2021-08-19_11h44.21.820,Tse_Altarriba_Simon1,2020.1.2,Win32,60,,,m,1,0.3772,0,21,21,51,1,,,,,,,
,,,,,,,,,,,,Images/CongruentLeft.jpeg,Congruent Left,z,YouweiZhao,24,Male,Master,N,Y,Mandarin,English,Japanese,2021-08-19_11h44.21.820,Tse_Altarriba_Simon1,2020.1.2,Win32,60,,,z,1,0.3288,0,22,22,3,1,,,,,,,
,,,,,,,,,,,,Images/CongruentRight.jpeg,Congruent Right,m,YouweiZhao,24,Male,Master,N,Y,Mandarin,English,Japanese,2021-08-19_11h44.21.820,Tse_Altarriba_Simon1,2020.1.2,Win32,60,,,m,1,0.3939,0,23,23,12,1,,,,,,,
,,,,,,,,,,,,Images/IncongruentRight.jpeg,Incongruent Right,m,YouweiZhao,24,Male,Master,N,Y,Mandarin,English,Japanese,2021-08-19_11h44.21.820,Tse_Altarriba_Simon1,2020.1.2,Win32,60,,,m,1,0.4041,0,24,24,33,1,,,,,,,
,,,,,,,,,,,,Images/IncongruentLeft.jpeg,Incongruent Left,z,YouweiZhao,24,Male,Master,N,Y,Mandarin,English,Japanese,2021-08-19_11h44.21.820,Tse_Altarriba_Simon1,2020.1.2,Win32,60,,,z,1,0.3728,0,25,25,20,1,,,,,,,
,,,,,,,,,,,,Images/NeutralLeft.jpeg,Neutral Left,z,YouweiZhao,24,Male,Master,N,Y,Mandarin,English,Japanese,2021-08-19_11h44.21.820,Tse_Altarriba_Simon1,2020.1.2,Win32,60,,,z,1,0.3316,0,26,26,47,1,,,,,,,
,,,,,,,,,,,,Images/NeutralLeft.jpeg,Neutral Left,z,YouweiZhao,24,Male,Master,N,Y,Mandarin,English,Japanese,2021-08-19_11h44.21.820,Tse_Altarriba_Simon1,2020.1.2,Win32,60,,,z,1,0.3166,0,27,27,42,1,,,,,,,
,,,,,,,,,,,,Images/CongruentRight.jpeg,Congruent Right,m,YouweiZhao,24,Male,Master,N,Y,Mandarin,English,Japanese,2021-08-19_11h44.21.820,Tse_Altarriba_Simon1,2020.1.2,Win32,60,,,m,1,0.3417,0,28,28,11,1,,,,,,,
,,,,,,,,,,,,Images/CongruentLeft.jpeg,Congruent Left,z,YouweiZhao,24,Male,Master,N,Y,Mandarin,English,Japanese,2021-08-19_11h44.21.820,Tse_Altarriba_Simon1,2020.1.2,Win32,60,,,z,1,0.3066,0,29,29,7,1,,,,,,,
,,,,,,,,,,,,Images/CongruentLeft.jpeg,Congruent Left,z,YouweiZhao,24,Male,Master,N,Y,Mandarin,English,Japanese,2021-08-19_11h44.21.820,Tse_Altarriba_Simon1,2020.1.2,Win32,60,,,z,1,0.3366,0,30,30,5,1,,,,,,,
,,,,,,,,,,,,Images/IncongruentLeft.jpeg,Incongruent Left,z,YouweiZhao,24,Male,Master,N,Y,Mandarin,English,Japanese,2021-08-19_11h44.21.820,Tse_Altarriba_Simon1,2020.1.2,Win32,60,,,z,1,0.3472,0,31,31,21,1,,,,,,,
,,,,,,,,,,,,Images/NeutralLeft.jpeg,Neutral Left,z,YouweiZhao,24,Male,Master,N,Y,Mandarin,English,Japanese,2021-08-19_11h44.21.820,Tse_Altarriba_Simon1,2020.1.2,Win32,60,,,z,1,0.3088,0,32,32,43,1,,,,,,,
,,,,,,,,,,,,Images/CongruentLeft.jpeg,Congruent Left,z,YouweiZhao,24,Male,Master,N,Y,Mandarin,English,Japanese,2021-08-19_11h44.21.820,Tse_Altarriba_Simon1,2020.1.2,Win32,60,,,z,1,0.3027,0,33,33,4,1,,,,,,,
,,,,,,,,,,,,Images/CongruentRight.jpeg,Congruent Right,m,YouweiZhao,24,Male,Master,N,Y,Mandarin,English,Japanese,2021-08-19_11h44.21.820,Tse_Altarriba_Simon1,2020.1.2,Win32,60,,,m,1,0.3352,0,34,34,14,1,,,,,,,
,,,,,,,,,,,,Images/NeurtalRight.jpeg,Neutral Right,m,YouweiZhao,24,Male,Master,N,Y,Mandarin,English,Japanese,2021-08-19_11h44.21.820,Tse_Altarriba_Simon1,2020.1.2,Win32,60,,,m,1,0.3753,0,35,35,53,1,,,,,,,
,,,,,,,,,,,,Images/CongruentRight.jpeg,Congruent Right,m,YouweiZhao,24,Male,Master,N,Y,Mandarin,English,Japanese,2021-08-19_11h44.21.820,Tse_Altarriba_Simon1,2020.1.2,Win32,60,,,m,1,0.4165,0,36,36,16,1,,,,,,,
,,,,,,,,,,,,Images/NeutralLeft.jpeg,Neutral Left,z,YouweiZhao,24,Male,Master,N,Y,Mandarin,English,Japanese,2021-08-19_11h44.21.820,Tse_Altarriba_Simon1,2020.1.2,Win32,60,,,z,1,0.3424,0,37,37,48,1,,,,,,,
,,,,,,,,,,,,Images/NeutralLeft.jpeg,Neutral Left,z,YouweiZhao,24,Male,Master,N,Y,Mandarin,English,Japanese,2021-08-19_11h44.21.820,Tse_Altarriba_Simon1,2020.1.2,Win32,60,,,z,1,0.2917,0,38,38,41,1,,,,,,,
,,,,,,,,,,,,Images/CongruentLeft.jpeg,Congruent Left,z,YouweiZhao,24,Male,Master,N,Y,Mandarin,English,Japanese,2021-08-19_11h44.21.820,Tse_Altarriba_Simon1,2020.1.2,Win32,60,,,z,1,0.3345,0,39,39,1,1,,,,,,,
,,,,,,,,,,,,Images/NeurtalRight.jpeg,Neutral Right,m,YouweiZhao,24,Male,Master,N,Y,Mandarin,English,Japanese,2021-08-19_11h44.21.820,Tse_Altarriba_Simon1,2020.1.2,Win32,60,,,m,1,0.3711,0,40,40,52,1,,,,,,,
,,,,,,,,,,,,Images/IncongruentRight.jpeg,Incongruent Right,m,YouweiZhao,24,Male,Master,N,Y,Mandarin,English,Japanese,2021-08-19_11h44.21.820,Tse_Altarriba_Simon1,2020.1.2,Win32,60,,,m,1,0.3958,0,41,41,38,1,,,,,,,
,,,,,,,,,,,,Images/IncongruentLeft.jpeg,Incongruent Left,z,YouweiZhao,24,Male,Master,N,Y,Mandarin,English,Japanese,2021-08-19_11h44.21.820,Tse_Altarriba_Simon1,2020.1.2,Win32,60,,,z,1,0.3473,0,42,42,28,1,,,,,,,
,,,,,,,,,,,,Images/NeurtalRight.jpeg,Neutral Right,m,YouweiZhao,24,Male,Master,N,Y,Mandarin,English,Japanese,2021-08-19_11h44.21.820,Tse_Altarriba_Simon1,2020.1.2,Win32,60,,,m,1,0.414,0,43,43,55,1,,,,,,,
,,,,,,,,,,,,Images/NeurtalRight.jpeg,Neutral Right,m,YouweiZhao,24,Male,Master,N,Y,Mandarin,English,Japanese,2021-08-19_11h44.21.820,Tse_Altarriba_Simon1,2020.1.2,Win32,60,,,m,1,0.3751,0,44,44,56,1,,,,,,,
,,,,,,,,,,,,Images/NeurtalRight.jpeg,Neutral Right,m,YouweiZhao,24,Male,Master,N,Y,Mandarin,English,Japanese,2021-08-19_11h44.21.820,Tse_Altarriba_Simon1,2020.1.2,Win32,60,,,m,1,0.3634,0,45,45,59,1,,,,,,,
,,,,,,,,,,,,Images/IncongruentLeft.jpeg,Incongruent Left,z,YouweiZhao,24,Male,Master,N,Y,Mandarin,English,Japanese,2021-08-19_11h44.21.820,Tse_Altarriba_Simon1,2020.1.2,Win32,60,,,z,1,0.3715,0,46,46,23,1,,,,,,,
,,,,,,,,,,,,Images/CongruentLeft.jpeg,Congruent Left,z,YouweiZhao,24,Male,Master,N,Y,Mandarin,English,Japanese,2021-08-19_11h44.21.820,Tse_Altarriba_Simon1,2020.1.2,Win32,60,,,z,1,0.3539,0,47,47,6,1,,,,,,,
,,,,,,,,,,,,Images/CongruentLeft.jpeg,Congruent Left,z,YouweiZhao,24,Male,Master,N,Y,Mandarin,English,Japanese,2021-08-19_11h44.21.820,Tse_Altarriba_Simon1,2020.1.2,Win32,60,,,z,1,0.3265,0,48,48,0,1,,,,,,,
,,,,,,,,,,,,Images/CongruentRight.jpeg,Congruent Right,m,YouweiZhao,24,Male,Master,N,Y,Mandarin,English,Japanese,2021-08-19_11h44.21.820,Tse_Altarriba_Simon1,2020.1.2,Win32,60,,,m,1,0.3685,0,49,49,18,1,,,,,,,
,,,,,,,,,,,,Images/CongruentRight.jpeg,Congruent Right,m,YouweiZhao,24,Male,Master,N,Y,Mandarin,English,Japanese,2021-08-19_11h44.21.820,Tse_Altarriba_Simon1,2020.1.2,Win32,60,,,m,1,0.3435,0,50,50,15,1,,,,,,,
,,,,,,,,,,,,Images/IncongruentLeft.jpeg,Incongruent Left,z,YouweiZhao,24,Male,Master,N,Y,Mandarin,English,Japanese,2021-08-19_11h44.21.820,Tse_Altarriba_Simon1,2020.1.2,Win32,60,,,z,1,0.3627,0,51,51,24,1,,,,,,,
,,,,,,,,,,,,Images/CongruentRight.jpeg,Congruent Right,m,YouweiZhao,24,Male,Master,N,Y,Mandarin,English,Japanese,2021-08-19_11h44.21.820,Tse_Altarriba_Simon1,2020.1.2,Win32,60,,,m,1,0.3645,0,52,52,10,1,,,,,,,
,,,,,,,,,,,,Images/IncongruentRight.jpeg,Incongruent Right,m,YouweiZhao,24,Male,Master,N,Y,Mandarin,English,Japanese,2021-08-19_11h44.21.820,Tse_Altarriba_Simon1,2020.1.2,Win32,60,,,z,0,0.2857,0,53,53,35,1,,,,,,,
,,,,,,,,,,,,Images/IncongruentRight.jpeg,Incongruent Right,m,YouweiZhao,24,Male,Master,N,Y,Mandarin,English,Japanese,2021-08-19_11h44.21.820,Tse_Altarriba_Simon1,2020.1.2,Win32,60,,,m,1,0.3889,0,54,54,34,1,,,,,,,
,,,,,,,,,,,,Images/NeutralLeft.jpeg,Neutral Left,z,YouweiZhao,24,Male,Master,N,Y,Mandarin,English,Japanese,2021-08-19_11h44.21.820,Tse_Altarriba_Simon1,2020.1.2,Win32,60,,,z,1,0.3751,0,55,55,40,1,,,,,,,
,,,,,,,,,,,,Images/IncongruentRight.jpeg,Incongruent Right,m,YouweiZhao,24,Male,Master,N,Y,Mandarin,English,Japanese,2021-08-19_11h44.21.820,Tse_Altarriba_Simon1,2020.1.2,Win32,60,,,m,1,0.4216,0,56,56,36,1,,,,,,,
,,,,,,,,,,,,Images/CongruentRight.jpeg,Congruent Right,m,YouweiZhao,24,Male,Master,N,Y,Mandarin,English,Japanese,2021-08-19_11h44.21.820,Tse_Altarriba_Simon1,2020.1.2,Win32,60,,,m,1,0.4144,0,57,57,17,1,,,,,,,
,,,,,,,,,,,,Images/NeutralLeft.jpeg,Neutral Left,z,YouweiZhao,24,Male,Master,N,Y,Mandarin,English,Japanese,2021-08-19_11h44.21.820,Tse_Altarriba_Simon1,2020.1.2,Win32,60,,,z,1,0.3342,0,58,58,46,1,,,,,,,
,,,,,,,,,,,,Images/IncongruentLeft.jpeg,Incongruent Left,z,YouweiZhao,24,Male,Master,N,Y,Mandarin,English,Japanese,2021-08-19_11h44.21.820,Tse_Altarriba_Simon1,2020.1.2,Win32,60,,,z,1,0.4006,0,59,59,27,1,,,,,,,
,,,,,,,,,,,,Images/IncongruentLeft.jpeg,Incongruent Left,z,YouweiZhao,24,Male,Master,N,Y,Mandarin,English,Japanese,2021-08-19_11h44.21.820,Tse_Altarriba_Simon1,2020.1.2,Win32,60,,,z,1,0.4029,,,,,,space,3.4137,0,0,0,29,1
,,,,,,,,,,,,Images/NeurtalRight.jpeg,Neutral Right,m,YouweiZhao,24,Male,Master,N,Y,Mandarin,English,Japanese,2021-08-19_11h44.21.820,Tse_Altarriba_Simon1,2020.1.2,Win32,60,,,m,1,0.3973,,,,,,,,0,1,1,55,1
,,,,,,,,,,,,Images/NeurtalRight.jpeg,Neutral Right,m,YouweiZhao,24,Male,Master,N,Y,Mandarin,English,Japanese,2021-08-19_11h44.21.820,Tse_Altarriba_Simon1,2020.1.2,Win32,60,,,m,1,0.3546,,,,,,,,0,2,2,52,1
,,,,,,,,,,,,Images/CongruentRight.jpeg,Congruent Right,m,YouweiZhao,24,Male,Master,N,Y,Mandarin,English,Japanese,2021-08-19_11h44.21.820,Tse_Altarriba_Simon1,2020.1.2,Win32,60,,,m,1,0.4335,,,,,,,,0,3,3,11,1
,,,,,,,,,,,,Images/IncongruentRight.jpeg,Incongruent Right,m,YouweiZhao,24,Male,Master,N,Y,Mandarin,English,Japanese,2021-08-19_11h44.21.820,Tse_Altarriba_Simon1,2020.1.2,Win32,60,,,m,1,0.4325,,,,,,,,0,4,4,30,1
,,,,,,,,,,,,Images/CongruentRight.jpeg,Congruent Right,m,YouweiZhao,24,Male,Master,N,Y,Mandarin,English,Japanese,2021-08-19_11h44.21.820,Tse_Altarriba_Simon1,2020.1.2,Win32,60,,,m,1,0.3135,,,,,,,,0,5,5,16,1
,,,,,,,,,,,,Images/IncongruentRight.jpeg,Incongruent Right,m,YouweiZhao,24,Male,Master,N,Y,Mandarin,English,Japanese,2021-08-19_11h44.21.820,Tse_Altarriba_Simon1,2020.1.2,Win32,60,,,m,1,0.3755,,,,,,,,0,6,6,37,1
,,,,,,,,,,,,Images/CongruentLeft.jpeg,Congruent Left,z,YouweiZhao,24,Male,Master,N,Y,Mandarin,English,Japanese,2021-08-19_11h44.21.820,Tse_Altarriba_Simon1,2020.1.2,Win32,60,,,z,1,0.3369,,,,,,,,0,7,7,0,1
,,,,,,,,,,,,Images/NeutralLeft.jpeg,Neutral Left,z,YouweiZhao,24,Male,Master,N,Y,Mandarin,English,Japanese,2021-08-19_11h44.21.820,Tse_Altarriba_Simon1,2020.1.2,Win32,60,,,z,1,0.3612,,,,,,,,0,8,8,40,1
,,,,,,,,,,,,Images/CongruentLeft.jpeg,Congruent Left,z,YouweiZhao,24,Male,Master,N,Y,Mandarin,English,Japanese,2021-08-19_11h44.21.820,Tse_Altarriba_Simon1,2020.1.2,Win32,60,,,z,1,0.3169,,,,,,,,0,9,9,7,1
,,,,,,,,,,,,Images/IncongruentLeft.jpeg,Incongruent Left,z,YouweiZhao,24,Male,Master,N,Y,Mandarin,English,Japanese,2021-08-19_11h44.21.820,Tse_Altarriba_Simon1,2020.1.2,Win32,60,,,z,1,0.3958,,,,,,,,0,10,10,21,1
,,,,,,,,,,,,Images/NeutralLeft.jpeg,Neutral Left,z,YouweiZhao,24,Male,Master,N,Y,Mandarin,English,Japanese,2021-08-19_11h44.21.820,Tse_Altarriba_Simon1,2020.1.2,Win32,60,,,z,1,0.375,,,,,,,,0,11,11,45,1
,,,,,,,,,,,,Images/CongruentRight.jpeg,Congruent Right,m,YouweiZhao,24,Male,Master,N,Y,Mandarin,English,Japanese,2021-08-19_11h44.21.820,Tse_Altarriba_Simon1,2020.1.2,Win32,60,,,m,1,0.3149,,,,,,,,0,12,12,17,1
,,,,,,,,,,,,Images/NeurtalRight.jpeg,Neutral Right,m,YouweiZhao,24,Male,Master,N,Y,Mandarin,English,Japanese,2021-08-19_11h44.21.820,Tse_Altarriba_Simon1,2020.1.2,Win32,60,,,m,1,0.418,,,,,,,,0,13,13,59,1
,,,,,,,,,,,,Images/NeutralLeft.jpeg,Neutral Left,z,YouweiZhao,24,Male,Master,N,Y,Mandarin,English,Japanese,2021-08-19_11h44.21.820,Tse_Altarriba_Simon1,2020.1.2,Win32,60,,,z,1,0.3543,,,,,,,,0,14,14,49,1
,,,,,,,,,,,,Images/IncongruentLeft.jpeg,Incongruent Left,z,YouweiZhao,24,Male,Master,N,Y,Mandarin,English,Japanese,2021-08-19_11h44.21.820,Tse_Altarriba_Simon1,2020.1.2,Win32,60,,,z,1,0.4114,,,,,,,,0,15,15,24,1
,,,,,,,,,,,,Images/NeurtalRight.jpeg,Neutral Right,m,YouweiZhao,24,Male,Master,N,Y,Mandarin,English,Japanese,2021-08-19_11h44.21.820,Tse_Altarriba_Simon1,2020.1.2,Win32,60,,,m,1,0.3823,,,,,,,,0,16,16,53,1
,,,,,,,,,,,,Images/NeutralLeft.jpeg,Neutral Left,z,YouweiZhao,24,Male,Master,N,Y,Mandarin,English,Japanese,2021-08-19_11h44.21.820,Tse_Altarriba_Simon1,2020.1.2,Win32,60,,,z,1,0.3471,,,,,,,,0,17,17,46,1
,,,,,,,,,,,,Images/NeutralLeft.jpeg,Neutral Left,z,YouweiZhao,24,Male,Master,N,Y,Mandarin,English,Japanese,2021-08-19_11h44.21.820,Tse_Altarriba_Simon1,2020.1.2,Win32,60,,,z,1,0.3612,,,,,,,,0,18,18,43,1
,,,,,,,,,,,,Images/CongruentLeft.jpeg,Congruent Left,z,YouweiZhao,24,Male,Master,N,Y,Mandarin,English,Japanese,2021-08-19_11h44.21.820,Tse_Altarriba_Simon1,2020.1.2,Win32,60,,,z,1,0.3542,,,,,,,,0,19,19,3,1
,,,,,,,,,,,,Images/NeutralLeft.jpeg,Neutral Left,z,YouweiZhao,24,Male,Master,N,Y,Mandarin,English,Japanese,2021-08-19_11h44.21.820,Tse_Altarriba_Simon1,2020.1.2,Win32,60,,,z,1,0.3511,,,,,,,,0,20,20,42,1
,,,,,,,,,,,,Images/CongruentLeft.jpeg,Congruent Left,z,YouweiZhao,24,Male,Master,N,Y,Mandarin,English,Japanese,2021-08-19_11h44.21.820,Tse_Altarriba_Simon1,2020.1.2,Win32,60,,,z,1,0.3454,,,,,,,,0,21,21,9,1
,,,,,,,,,,,,Images/IncongruentRight.jpeg,Incongruent Right,m,YouweiZhao,24,Male,Master,N,Y,Mandarin,English,Japanese,2021-08-19_11h44.21.820,Tse_Altarriba_Simon1,2020.1.2,Win32,60,,,m,1,0.4722,,,,,,,,0,22,22,36,1
,,,,,,,,,,,,Images/NeurtalRight.jpeg,Neutral Right,m,YouweiZhao,24,Male,Master,N,Y,Mandarin,English,Japanese,2021-08-19_11h44.21.820,Tse_Altarriba_Simon1,2020.1.2,Win32,60,,,m,1,0.3509,,,,,,,,0,23,23,54,1
,,,,,,,,,,,,Images/CongruentLeft.jpeg,Congruent Left,z,YouweiZhao,24,Male,Master,N,Y,Mandarin,English,Japanese,2021-08-19_11h44.21.820,Tse_Altarriba_Simon1,2020.1.2,Win32,60,,,z,1,0.3683,,,,,,,,0,24,24,2,1
,,,,,,,,,,,,Images/CongruentRight.jpeg,Congruent Right,m,YouweiZhao,24,Male,Master,N,Y,Mandarin,English,Japanese,2021-08-19_11h44.21.820,Tse_Altarriba_Simon1,2020.1.2,Win32,60,,,m,1,0.4168,,,,,,,,0,25,25,18,1
,,,,,,,,,,,,Images/IncongruentLeft.jpeg,Incongruent Left,z,YouweiZhao,24,Male,Master,N,Y,Mandarin,English,Japanese,2021-08-19_11h44.21.820,Tse_Altarriba_Simon1,2020.1.2,Win32,60,,,z,1,0.4051,,,,,,,,0,26,26,26,1
,,,,,,,,,,,,Images/IncongruentLeft.jpeg,Incongruent Left,z,YouweiZhao,24,Male,Master,N,Y,Mandarin,English,Japanese,2021-08-19_11h44.21.820,Tse_Altarriba_Simon1,2020.1.2,Win32,60,,,z,1,0.3419,,,,,,,,0,27,27,25,1
,,,,,,,,,,,,Images/NeurtalRight.jpeg,Neutral Right,m,YouweiZhao,24,Male,Master,N,Y,Mandarin,English,Japanese,2021-08-19_11h44.21.820,Tse_Altarriba_Simon1,2020.1.2,Win32,60,,,m,1,0.4654,,,,,,,,0,28,28,57,1
,,,,,,,,,,,,Images/CongruentRight.jpeg,Congruent Right,m,YouweiZhao,24,Male,Master,N,Y,Mandarin,English,Japanese,2021-08-19_11h44.21.820,Tse_Altarriba_Simon1,2020.1.2,Win32,60,,,m,1,0.3751,,,,,,,,0,29,29,14,1
,,,,,,,,,,,,Images/IncongruentLeft.jpeg,Incongruent Left,z,YouweiZhao,24,Male,Master,N,Y,Mandarin,English,Japanese,2021-08-19_11h44.21.820,Tse_Altarriba_Simon1,2020.1.2,Win32,60,,,z,1,0.3683,,,,,,,,0,30,30,22,1
,,,,,,,,,,,,Images/CongruentRight.jpeg,Congruent Right,m,YouweiZhao,24,Male,Master,N,Y,Mandarin,English,Japanese,2021-08-19_11h44.21.820,Tse_Altarriba_Simon1,2020.1.2,Win32,60,,,m,1,0.303,,,,,,,,0,31,31,15,1
,,,,,,,,,,,,Images/IncongruentRight.jpeg,Incongruent Right,m,YouweiZhao,24,Male,Master,N,Y,Mandarin,English,Japanese,2021-08-19_11h44.21.820,Tse_Altarriba_Simon1,2020.1.2,Win32,60,,,m,1,0.369,,,,,,,,0,32,32,38,1
,,,,,,,,,,,,Images/IncongruentLeft.jpeg,Incongruent Left,z,YouweiZhao,24,Male,Master,N,Y,Mandarin,English,Japanese,2021-08-19_11h44.21.820,Tse_Altarriba_Simon1,2020.1.2,Win32,60,,,z,1,0.3404,,,,,,,,0,33,33,27,1
,,,,,,,,,,,,Images/IncongruentLeft.jpeg,Incongruent Left,z,YouweiZhao,24,Male,Master,N,Y,Mandarin,English,Japanese,2021-08-19_11h44.21.820,Tse_Altarriba_Simon1,2020.1.2,Win32,60,,,z,1,0.3401,,,,,,,,0,34,34,23,1
,,,,,,,,,,,,Images/IncongruentLeft.jpeg,Incongruent Left,z,YouweiZhao,24,Male,Master,N,Y,Mandarin,English,Japanese,2021-08-19_11h44.21.820,Tse_Altarriba_Simon1,2020.1.2,Win32,60,,,z,1,0.3558,,,,,,,,0,35,35,28,1
,,,,,,,,,,,,Images/IncongruentRight.jpeg,Incongruent Right,m,YouweiZhao,24,Male,Master,N,Y,Mandarin,English,Japanese,2021-08-19_11h44.21.820,Tse_Altarriba_Simon1,2020.1.2,Win32,60,,,m,1,0.5907,,,,,,,,0,36,36,33,1
,,,,,,,,,,,,Images/CongruentRight.jpeg,Congruent Right,m,YouweiZhao,24,Male,Master,N,Y,Mandarin,English,Japanese,2021-08-19_11h44.21.820,Tse_Altarriba_Simon1,2020.1.2,Win32,60,,,m,1,0.42,,,,,,,,0,37,37,19,1
,,,,,,,,,,,,Images/NeurtalRight.jpeg,Neutral Right,m,YouweiZhao,24,Male,Master,N,Y,Mandarin,English,Japanese,2021-08-19_11h44.21.820,Tse_Altarriba_Simon1,2020.1.2,Win32,60,,,m,1,0.3989,,,,,,,,0,38,38,56,1
,,,,,,,,,,,,Images/NeutralLeft.jpeg,Neutral Left,z,YouweiZhao,24,Male,Master,N,Y,Mandarin,English,Japanese,2021-08-19_11h44.21.820,Tse_Altarriba_Simon1,2020.1.2,Win32,60,,,z,1,0.3424,,,,,,,,0,39,39,41,1
,,,,,,,,,,,,Images/IncongruentRight.jpeg,Incongruent Right,m,YouweiZhao,24,Male,Master,N,Y,Mandarin,English,Japanese,2021-08-19_11h44.21.820,Tse_Altarriba_Simon1,2020.1.2,Win32,60,,,m,1,0.4114,,,,,,,,0,40,40,34,1
,,,,,,,,,,,,Images/CongruentLeft.jpeg,Congruent Left,z,YouweiZhao,24,Male,Master,N,Y,Mandarin,English,Japanese,2021-08-19_11h44.21.820,Tse_Altarriba_Simon1,2020.1.2,Win32,60,,,z,1,0.3174,,,,,,,,0,41,41,1,1
,,,,,,,,,,,,Images/CongruentRight.jpeg,Congruent Right,m,YouweiZhao,24,Male,Master,N,Y,Mandarin,English,Japanese,2021-08-19_11h44.21.820,Tse_Altarriba_Simon1,2020.1.2,Win32,60,,,m,1,0.3485,,,,,,,,0,42,42,10,1
,,,,,,,,,,,,Images/CongruentLeft.jpeg,Congruent Left,z,YouweiZhao,24,Male,Master,N,Y,Mandarin,English,Japanese,2021-08-19_11h44.21.820,Tse_Altarriba_Simon1,2020.1.2,Win32,60,,,z,1,0.3006,,,,,,,,0,43,43,6,1
,,,,,,,,,,,,Images/CongruentLeft.jpeg,Congruent Left,z,YouweiZhao,24,Male,Master,N,Y,Mandarin,English,Japanese,2021-08-19_11h44.21.820,Tse_Altarriba_Simon1,2020.1.2,Win32,60,,,z,1,0.3215,,,,,,,,0,44,44,5,1
,,,,,,,,,,,,Images/NeurtalRight.jpeg,Neutral Right,m,YouweiZhao,24,Male,Master,N,Y,Mandarin,English,Japanese,2021-08-19_11h44.21.820,Tse_Altarriba_Simon1,2020.1.2,Win32,60,,,m,1,0.3859,,,,,,,,0,45,45,50,1
,,,,,,,,,,,,Images/IncongruentRight.jpeg,Incongruent Right,m,YouweiZhao,24,Male,Master,N,Y,Mandarin,English,Japanese,2021-08-19_11h44.21.820,Tse_Altarriba_Simon1,2020.1.2,Win32,60,,,z,0,0.2848,,,,,,,,0,46,46,35,1
,,,,,,,,,,,,Images/CongruentLeft.jpeg,Congruent Left,z,YouweiZhao,24,Male,Master,N,Y,Mandarin,English,Japanese,2021-08-19_11h44.21.820,Tse_Altarriba_Simon1,2020.1.2,Win32,60,,,z,1,0.3901,,,,,,,,0,47,47,4,1
,,,,,,,,,,,,Images/NeutralLeft.jpeg,Neutral Left,z,YouweiZhao,24,Male,Master,N,Y,Mandarin,English,Japanese,2021-08-19_11h44.21.820,Tse_Altarriba_Simon1,2020.1.2,Win32,60,,,z,1,0.338,,,,,,,,0,48,48,44,1
,,,,,,,,,,,,Images/CongruentLeft.jpeg,Congruent Left,z,YouweiZhao,24,Male,Master,N,Y,Mandarin,English,Japanese,2021-08-19_11h44.21.820,Tse_Altarriba_Simon1,2020.1.2,Win32,60,,,z,1,0.3361,,,,,,,,0,49,49,8,1
,,,,,,,,,,,,Images/CongruentRight.jpeg,Congruent Right,m,YouweiZhao,24,Male,Master,N,Y,Mandarin,English,Japanese,2021-08-19_11h44.21.820,Tse_Altarriba_Simon1,2020.1.2,Win32,60,,,m,1,0.3753,,,,,,,,0,50,50,13,1
,,,,,,,,,,,,Images/IncongruentRight.jpeg,Incongruent Right,m,YouweiZhao,24,Male,Master,N,Y,Mandarin,English,Japanese,2021-08-19_11h44.21.820,Tse_Altarriba_Simon1,2020.1.2,Win32,60,,,m,1,0.4307,,,,,,,,0,51,51,31,1
,,,,,,,,,,,,Images/IncongruentLeft.jpeg,Incongruent Left,z,YouweiZhao,24,Male,Master,N,Y,Mandarin,English,Japanese,2021-08-19_11h44.21.820,Tse_Altarriba_Simon1,2020.1.2,Win32,60,,,z,1,0.3702,,,,,,,,0,52,52,20,1
,,,,,,,,,,,,Images/NeutralLeft.jpeg,Neutral Left,z,YouweiZhao,24,Male,Master,N,Y,Mandarin,English,Japanese,2021-08-19_11h44.21.820,Tse_Altarriba_Simon1,2020.1.2,Win32,60,,,z,1,0.3545,,,,,,,,0,53,53,48,1
,,,,,,,,,,,,Images/CongruentRight.jpeg,Congruent Right,m,YouweiZhao,24,Male,Master,N,Y,Mandarin,English,Japanese,2021-08-19_11h44.21.820,Tse_Altarriba_Simon1,2020.1.2,Win32,60,,,m,1,0.3836,,,,,,,,0,54,54,12,1
,,,,,,,,,,,,Images/NeurtalRight.jpeg,Neutral Right,m,YouweiZhao,24,Male,Master,N,Y,Mandarin,English,Japanese,2021-08-19_11h44.21.820,Tse_Altarriba_Simon1,2020.1.2,Win32,60,,,m,1,0.3597,,,,,,,,0,55,55,58,1
,,,,,,,,,,,,Images/IncongruentRight.jpeg,Incongruent Right,m,YouweiZhao,24,Male,Master,N,Y,Mandarin,English,Japanese,2021-08-19_11h44.21.820,Tse_Altarriba_Simon1,2020.1.2,Win32,60,,,m,1,0.3573,,,,,,,,0,56,56,39,1
,,,,,,,,,,,,Images/NeurtalRight.jpeg,Neutral Right,m,YouweiZhao,24,Male,Master,N,Y,Mandarin,English,Japanese,2021-08-19_11h44.21.820,Tse_Altarriba_Simon1,2020.1.2,Win32,60,,,m,1,0.3728,,,,,,,,0,57,57,51,1
,,,,,,,,,,,,Images/IncongruentRight.jpeg,Incongruent Right,m,YouweiZhao,24,Male,Master,N,Y,Mandarin,English,Japanese,2021-08-19_11h44.21.820,Tse_Altarriba_Simon1,2020.1.2,Win32,60,,,m,1,0.3896,,,,,,,,0,58,58,32,1
,,,,,,,,,,,,Images/NeutralLeft.jpeg,Neutral Left,z,YouweiZhao,24,Male,Master,N,Y,Mandarin,English,Japanese,2021-08-19_11h44.21.820,Tse_Altarriba_Simon1,2020.1.2,Win32,60,,,z,1,0.4204,,,,,,,,0,59,59,47,1
