Space1.keys,Space1.rt,Space2.keys,Space2.rt,response.keys,response.corr,response.rt,Practice_loop.thisRepN,Practice_loop.thisTrialN,Practice_loop.thisN,Practice_loop.thisIndex,Practice_loop.ran,ImageFile,Condition,CorrAns,Participant,Your initials,What is your age (in whole years),What year are you in?,What is your first language?,"What is your second language? (if you are monollingual, leave blank)","Do you speak more than 2 languages? (if yes, which ones?)",date,expName,psychopyVersion,OS,frameRate
space,2,space,0.837,z,1,1.609,0,0,0,0,1,Images/CongruentLeft.jpeg,Congruent Left,z,,,,,,,,2021-02-08_12h08.21.896,Tse_Altarriba_Simon1,2020.1.2,MacIntel,60
,,,,m,0,0.558,0,1,1,9,1,Images/NeutralLeft.jpeg,Neutral Left,z,,,,,,,,2021-02-08_12h08.21.896,Tse_Altarriba_Simon1,2020.1.2,MacIntel,60
,,,,m,0,0.363,0,2,2,1,1,Images/CongruentLeft.jpeg,Congruent Left,z,,,,,,,,2021-02-08_12h08.21.896,Tse_Altarriba_Simon1,2020.1.2,MacIntel,60
,,,,m,1,0.416,0,3,3,2,1,Images/CongruentRight.jpeg,Congruent Right,m,,,,,,,,2021-02-08_12h08.21.896,Tse_Altarriba_Simon1,2020.1.2,MacIntel,60
,,,,z,0,0.372,0,4,4,7,1,Images/IncongruentRight.jpeg,Incongruent Right,m,,,,,,,,2021-02-08_12h08.21.896,Tse_Altarriba_Simon1,2020.1.2,MacIntel,60
