Space1.keys,Space1.rt,Space2.keys,Space2.rt,response.keys,response.corr,response.rt,Practice_loop.thisRepN,Practice_loop.thisTrialN,Practice_loop.thisN,Practice_loop.thisIndex,Practice_loop.ran,ImageFile,Condition,CorrAns,Your initials,What is your age?,What is your gender?,What year are you in?,Are you Dyslexic? (Y/N),Are you bi/multilingual? (Y/N),What is your first language?,"What is your second language? (if you are monollingual, leave blank)",What other languages do you speak?,date,expName,psychopyVersion,OS,frameRate
space,7.10515,space,18.5908,m,1,0.6359,0,0,0,3,1,Images/CongruentRight.jpeg,Congruent Right,m,,,,,,,,,,2021-05-19_16h56.59.976,Tse_Altarriba_Simon1,2020.1.2,Win32,60
,,,,m,1,0.75079,0,1,1,10,1,Images/NeurtalRight.jpeg,Neutral Right,m,,,,,,,,,,2021-05-19_16h56.59.976,Tse_Altarriba_Simon1,2020.1.2,Win32,60
,,,,m,1,1.001905,0,2,2,11,1,Images/NeurtalRight.jpeg,Neutral Right,m,,,,,,,,,,2021-05-19_16h56.59.976,Tse_Altarriba_Simon1,2020.1.2,Win32,60
,,,,m,1,0.4759,0,3,3,2,1,Images/CongruentRight.jpeg,Congruent Right,m,,,,,,,,,,2021-05-19_16h56.59.976,Tse_Altarriba_Simon1,2020.1.2,Win32,60
,,,,z,1,0.59901,0,4,4,4,1,Images/IncongruentLeft.jpeg,Incongruent Left,z,,,,,,,,,,2021-05-19_16h56.59.976,Tse_Altarriba_Simon1,2020.1.2,Win32,60
,,,,m,0,1.347085,0,5,5,5,1,Images/IncongruentLeft.jpeg,Incongruent Left,z,,,,,,,,,,2021-05-19_16h56.59.976,Tse_Altarriba_Simon1,2020.1.2,Win32,60
,,,,z,1,0.511655,0,6,6,9,1,Images/NeutralLeft.jpeg,Neutral Left,z,,,,,,,,,,2021-05-19_16h56.59.976,Tse_Altarriba_Simon1,2020.1.2,Win32,60
,,,,z,1,0.553665,0,7,7,8,1,Images/NeutralLeft.jpeg,Neutral Left,z,,,,,,,,,,2021-05-19_16h56.59.976,Tse_Altarriba_Simon1,2020.1.2,Win32,60
,,,,m,1,0.43242,0,8,8,7,1,Images/IncongruentRight.jpeg,Incongruent Right,m,,,,,,,,,,2021-05-19_16h56.59.976,Tse_Altarriba_Simon1,2020.1.2,Win32,60
,,,,z,1,0.441085,0,9,9,1,1,Images/CongruentLeft.jpeg,Congruent Left,z,,,,,,,,,,2021-05-19_16h56.59.976,Tse_Altarriba_Simon1,2020.1.2,Win32,60
,,,,z,0,0.67938,0,10,10,6,1,Images/IncongruentRight.jpeg,Incongruent Right,m,,,,,,,,,,2021-05-19_16h56.59.976,Tse_Altarriba_Simon1,2020.1.2,Win32,60
,,,,z,1,0.493105,0,11,11,0,1,Images/CongruentLeft.jpeg,Congruent Left,z,,,,,,,,,,2021-05-19_16h56.59.976,Tse_Altarriba_Simon1,2020.1.2,Win32,60
