﻿targetx,targety,targetcolour,corrAns,Condition,practice_trials.thisRepN,practice_trials.thisTrialN,practice_trials.thisN,practice_trials.thisIndex,Instr.started,Instr.stopped,begin_response.keys,begin_response.rt,begin_response.started,begin_response.stopped,blank.started,blank.stopped,Fixation1.started,Fixation1.stopped,Response.keys,Response.corr,Response.rt,Response.started,Response.stopped,Target.started,Target.stopped,session,participant,date,expName,psychopyVersion,frameRate,
,,,,,,,,,12.602033896953799,None,space,1.8582327229669318,12.602033896953799,None,,,,,,,,,,,,001,eeeee,2019_Nov_18_1506,SimonTask,3.2.4,60.167368977788435,
-6,0,red,z,congruent,0,0,0,0,,,,,,,14.518553704954684,None,15.684651397983544,None,z,1,9.833340074983425,15.684651397983544,None,15.684651397983544,None,001,eeeee,2019_Nov_18_1506,SimonTask,3.2.4,60.167368977788435,
6,0,green,m,congruent,0,1,1,1,,,,,,,25.536549233016558,None,26.719572061905637,None,m,1,0.34113385796081275,26.719572061905637,None,26.719572061905637,None,001,eeeee,2019_Nov_18_1506,SimonTask,3.2.4,60.167368977788435,
,,,,,,,,,,,,,,,27.08579177793581,None,,,,,,,,,,,,,,,,
