﻿targetx,targety,targetcolour,corrAns,Condition,practice_trials.thisRepN,practice_trials.thisTrialN,practice_trials.thisN,practice_trials.thisIndex,Instr.started,Instr.stopped,begin_response.keys,begin_response.rt,begin_response.started,begin_response.stopped,blank.started,blank.stopped,Fixation1.started,Fixation1.stopped,Response.keys,Response.corr,Response.rt,Response.started,Response.stopped,Target.started,Target.stopped,session,participant,date,expName,psychopyVersion,frameRate,
,,,,,,,,,9.2843388679903,None,space,0.45611708518117666,9.2843388679903,None,,,,,,,,,,,,001,liory,2019_Dec_11_1338,SimonTask,3.2.4,60.53625674046224,
-6,0,red,z,congruent,0,0,0,0,,,,,,,9.783802999882028,None,10.967711701989174,None,m,0,1.8894243820104748,10.967711701989174,None,10.967711701989174,None,001,liory,2019_Dec_11_1338,SimonTask,3.2.4,60.53625674046224,
6,0,green,m,congruent,0,1,1,1,,,,,,,12.884764151880518,None,14.068147477926686,None,m,1,0.3910067069809884,14.068147477926686,None,14.068147477926686,None,001,liory,2019_Dec_11_1338,SimonTask,3.2.4,60.53625674046224,
-6,0,green,m,incongruent,0,2,2,2,,,,,,,14.485147773986682,None,15.66812586877495,None,m,1,0.2429429031908512,15.66812586877495,None,15.66812586877495,None,001,liory,2019_Dec_11_1338,SimonTask,3.2.4,60.53625674046224,
,,,,,,,,,,,,,,,15.93497284478508,None,,,,,,,,,,,,,,,,
