﻿targetx,targety,targetcolour,corrAns,Condition,practice_trials.thisRepN,practice_trials.thisTrialN,practice_trials.thisN,practice_trials.thisIndex,Instr.started,Instr.stopped,begin_response.keys,begin_response.rt,begin_response.started,begin_response.stopped,blank.started,blank.stopped,Fixation1.started,Fixation1.stopped,Response.keys,Response.corr,Response.rt,Response.started,Response.stopped,Target.started,Target.stopped,session,participant,date,expName,psychopyVersion,frameRate,
,,,,,,,,,12.288861826062202,None,space,5.783335126005113,12.288861826062202,None,,,,,,,,,,,,001,Liory,2019_Dec_11_1336,SimonTask,3.2.4,60.01607959694632,
-6,0,red,z,congruent,0,0,0,0,,,,,,,18.107572578126565,None,19.274143028073013,None,m,0,5.612677827943116,19.274143028073013,None,19.274143028073013,None,001,Liory,2019_Dec_11_1336,SimonTask,3.2.4,60.01607959694632,
6,0,green,m,congruent,0,1,1,1,,,,,,,24.90866393316537,None,26.091897857142612,None,z,0,0.45276621798984706,26.091897857142612,None,26.091897857142612,None,001,Liory,2019_Dec_11_1336,SimonTask,3.2.4,60.01607959694632,
,,,,,,,,,,,,,,,26.574990045046434,None,,,,,,,,,,,,,,,,
