targetx,targety,corrAns,Condition,targetcolour,Simon_trials.thisRepN,Simon_trials.thisTrialN,Simon_trials.thisN,Simon_trials.thisIndex,Response.keys,Response.corr,Response.rt,date,frameRate,expName,session,participant,
-10,0,m,congruent,green,0,0,0,1,m,1,1.99048495293,2017_Dec_08_1257,59.9494597221,SimonTask,003,liory,
10,0,m,incongruent,green,0,1,1,3,m,1,0.867207050323,2017_Dec_08_1257,59.9494597221,SimonTask,003,liory,
10,0,z,congruent,red,0,2,2,2,z,1,0.986963033676,2017_Dec_08_1257,59.9494597221,SimonTask,003,liory,
-10,0,z,incongruent,red,0,3,3,0,z,1,0.750360965729,2017_Dec_08_1257,59.9494597221,SimonTask,003,liory,
