﻿targetx,targety,targetcolour,corrAns,Condition,practice_trials.thisRepN,practice_trials.thisTrialN,practice_trials.thisN,practice_trials.thisIndex,Instr.started,Instr.stopped,begin_response.keys,begin_response.rt,begin_response.started,begin_response.stopped,blank.started,blank.stopped,Fixation1.started,Fixation1.stopped,Response.keys,Response.corr,Response.rt,Response.started,Response.stopped,Target.started,Target.stopped,session,participant,date,expName,psychopyVersion,frameRate,
,,,,,,,,,9.491336018079892,None,space,0.27975034806877375,9.491336018079892,None,,,,,,,,,,,,001,liory,2019_Dec_11_1343,SimonTask,3.2.4,59.89901623965625,
-4,0,red,z,congruent,0,0,0,0,,,,,,,9.807447033934295,None,10.990597357042134,None,m,0,1.5623090870212764,10.990597357042134,None,10.990597357042134,None,001,liory,2019_Dec_11_1343,SimonTask,3.2.4,59.89901623965625,
4,0,green,m,congruent,0,1,1,1,,,,,,,12.574383116094396,None,13.759001393103972,None,m,1,0.42502179997973144,13.759001393103972,None,13.759001393103972,None,001,liory,2019_Dec_11_1343,SimonTask,3.2.4,59.89901623965625,
-4,0,green,m,incongruent,0,2,2,2,,,,,,,14.209216959076002,None,15.392979779047891,None,m,1,0.2980100838467479,15.392979779047891,None,15.392979779047891,None,001,liory,2019_Dec_11_1343,SimonTask,3.2.4,59.89901623965625,
-4,0,red,z,congruent,0,3,3,3,,,,,,,15.70940643013455,None,16.909770915983245,None,m,0,0.25091303000226617,16.909770915983245,None,16.909770915983245,None,001,liory,2019_Dec_11_1343,SimonTask,3.2.4,59.89901623965625,
,,,,,,,,,,,,,,,17.192687622038648,None,,,,,,,,,,,,,,,,
