﻿targetx,targety,targetcolour,corrAns,Condition,practice_trials.thisRepN,practice_trials.thisTrialN,practice_trials.thisN,practice_trials.thisIndex,Instr.started,Instr.stopped,begin_response.keys,begin_response.rt,begin_response.started,begin_response.stopped,blank.started,blank.stopped,Fixation1.started,Fixation1.stopped,Response.keys,Response.corr,Response.rt,Response.started,Response.stopped,Target.started,Target.stopped,session,participant,date,expName,psychopyVersion,frameRate,
,,,,,,,,,10.654163433006033,None,space,0.8642008961178362,10.654163433006033,None,,,,,,,,,,,,001,liory,2019_Dec_11_1343,SimonTask,3.2.4,59.963734215854316,
-4,0,red,z,congruent,0,0,0,0,,,,,,,11.554244603961706,None,12.720598777988926,None,z,1,4.795818345155567,12.720598777988926,None,12.720598777988926,None,001,liory,2019_Dec_11_1343,SimonTask,3.2.4,59.963734215854316,
4,0,green,m,congruent,0,1,1,1,,,,,,,17.538238728884608,None,18.721378437941894,None,m,1,0.2652846220880747,18.721378437941894,None,18.721378437941894,None,001,liory,2019_Dec_11_1343,SimonTask,3.2.4,59.963734215854316,
,,,,,,,,,,,,,,,19.003639433998615,None,,,,,,,,,,,,,,,,
