targetx,targety,corrAns,Condition,targetcolour,Simon_trials.thisRepN,Simon_trials.thisTrialN,Simon_trials.thisN,Simon_trials.thisIndex,Response.keys,Response.corr,Response.rt,date,frameRate,expName,session,participant,
-10,0,m,congruent,green,0,0,0,1,z,0,6.60531306267,2017_Dec_08_1251,60.0657897563,SimonTask,001,liory1,
10,0,z,congruent,red,0,1,1,2,z,1,1.08679294586,2017_Dec_08_1251,60.0657897563,SimonTask,001,liory1,
-10,0,z,incongruent,red,0,2,2,0,z,1,0.720348834991,2017_Dec_08_1251,60.0657897563,SimonTask,001,liory1,
10,0,m,incongruent,green,0,3,3,3,m,1,0.487076997757,2017_Dec_08_1251,60.0657897563,SimonTask,001,liory1,
