targetx,targety,corrAns,Condition,targetcolour,Simon_trials.thisRepN,Simon_trials.thisTrialN,Simon_trials.thisN,Simon_trials.thisIndex,Response.keys,Response.corr,Response.rt,date,frameRate,expName,session,participant,
10,0,m,incongruent,green,0,0,0,3,m,1,5.3904671669,2017_Dec_08_1303,60.0384481601,SimonTask,001,ss,
-10,0,z,incongruent,red,0,1,1,0,z,1,0.62001991272,2017_Dec_08_1303,60.0384481601,SimonTask,001,ss,
10,0,z,congruent,red,0,2,2,2,z,1,0.900573015213,2017_Dec_08_1303,60.0384481601,SimonTask,001,ss,
-10,0,m,congruent,green,0,3,3,1,m,1,0.703809976578,2017_Dec_08_1303,60.0384481601,SimonTask,001,ss,
